"Variant1","Variant2","Observed","Expected","log10_OE","P_perm","Significance","Variant_Type"
"9752C>T","4856T>C",1065,1065.00280636109,-1.14439955650529e-06,1,"Not Significant","synonymous"
"9752C>T","4107C>T",1062,1062.00561272217,-2.29526160612589e-06,1,"Not Significant","synonymous"
"9752C>T","11632C>T",1057,1056.01122544434,0.000406452516240286,0.011,"Significant","synonymous"
"9752C>T","9138C>T",1063,1062.00561272217,0.000406452516240382,0.006,"Significant","synonymous"
"9752C>T","11215C>T",1058,1058.00935453695,-3.8398920776821e-06,1,"Not Significant","synonymous"
"9752C>T","6848C>T",1056,1056.01122544434,-4.61659339245597e-06,1,"Not Significant","synonymous"
"9752C>T","10933C>A",1049,1049.01777362021,-7.35836013981247e-06,1,"Not Significant","synonymous"
"9752C>T","8740C>T",1051,1051.01590271282,-6.57127323761813e-06,1,"Not Significant","synonymous"
"9752C>T","6236C>T",999,998.065481758653,0.000406452516240382,0.07,"Not Significant","synonymous"
"9752C>T","7978C>T",1037,1037.02899906455,-1.21446071576865e-05,1,"Not Significant","synonymous"
"9752C>T","12813C>T",1043,1043.02338634238,-9.73772347204379e-06,1,"Not Significant","synonymous"
"9752C>T","9314C>T",1018,1018.04677268475,-1.99534894460326e-05,1,"Not Significant","synonymous"
"9752C>T","11509C>T",1041,1041.02525724977,-1.05369367291131e-05,1,"Not Significant","synonymous"
"9752C>T","5255C>T",981,981.081384471469,-3.60278907607379e-05,1,"Not Significant","synonymous"
"9752C>T","10095C>T",960,959.10196445276,0.000406452516240382,0.118,"Not Significant","synonymous"
"9752C>T","6563C>T",1026,1026.03928905519,-1.66303052403466e-05,1,"Not Significant","synonymous"
"9752C>T","7663C>T",1053,1053.01403180543,-5.78717480089586e-06,1,"Not Significant","synonymous"
"9752C>T","6617C>T",1009,1008.0561272217,0.000406452516240382,0.058,"Not Significant","synonymous"
"9752C>T","10067C>T",996,995.068288119738,0.000406452516240382,0.057,"Not Significant","synonymous"
"9752C>T","13380C>T",1021,1021.04396632367,-1.87011955432399e-05,1,"Not Significant","synonymous"
"9752C>T","4599C>T",1002,1002.06173994387,-2.6758972950811e-05,1,"Not Significant","synonymous"
"9752C>T","6122C>T",1004,1004.05986903648,-2.58964312666934e-05,1,"Not Significant","synonymous"
"9752C>T","14872C>T",1010,1009.05519176801,0.000406452516240382,0.066,"Not Significant","synonymous"
"9752C>T","15616C>T",944,943.11693171188,0.000406452516240382,0.112,"Not Significant","synonymous"
"9752C>T","7849C>T",1033,1032.03367633302,0.000406452516240382,0.033,"Significant","synonymous"
"9752C>T","11677C>T",595,595.442469597755,-0.000322841495446374,1,"Not Significant","synonymous"
"9752C>T","5237G>A",983,983.079513564079,-3.51280829654857e-05,1,"Not Significant","synonymous"
"9752C>T","6053C>T",987,986.076707202993,0.000406452516240382,0.091,"Not Significant","synonymous"
"9752C>T","15430C>T",977,976.086061739944,0.000406452516240382,0.076,"Not Significant","synonymous"
"9752C>T","4832C>T",732,732.314312441534,-0.000186441066495651,1,"Not Significant","synonymous"
"9752C>T","14097C>T",992,991.072029934518,0.000406452516240382,0.067,"Not Significant","synonymous"
"9752C>T","15608C>T",766,765.283442469598,0.000406452516240382,0.297,"Not Significant","synonymous"
"9752C>T","9027C>T",809,808.243217960711,0.000406452516240382,0.241,"Not Significant","synonymous"
"9752C>T","11638C>T",743,742.304957904584,0.000406452516240286,0.3,"Not Significant","synonymous"
"9752C>T","8616G>A",741,740.306828811974,0.000406452516240382,0.32,"Not Significant","synonymous"
"9752C>T","7909C>T",921,920.138447146866,0.000406452516240382,0.124,"Not Significant","synonymous"
"9752C>T","5375C>T",808,807.244153414406,0.000406452516240382,0.25,"Not Significant","synonymous"
"9752C>T","9162C>T",673,672.370439663237,0.000406452516240382,0.354,"Not Significant","synonymous"
"9752C>T","13116C>T",583,582.45463049579,0.000406452516240286,0.438,"Not Significant","synonymous"
"9752C>T","9118C>T",609,608.430308699719,0.000406452516240286,0.423,"Not Significant","synonymous"
"9752C>T","3522C>T",602,601.436856875585,0.000406452516240286,0.445,"Not Significant","synonymous"
"9752C>T","9512C>T",589,588.44901777362,0.000406452516240382,0.469,"Not Significant","synonymous"
"9752C>T","7031C>T",645,644.396632366698,0.000406452516240286,0.43,"Not Significant","synonymous"
"9752C>T","5342C>T",633,632.407857811038,0.000406452516240382,0.419,"Not Significant","synonymous"
"9752C>T","4652C>T",637,636.404115996258,0.000406452516240382,0.417,"Not Significant","synonymous"
"9752C>T","6875C>T",875,875.180542563143,-8.9600629527002e-05,1,"Not Significant","synonymous"
"9752C>T","12022C>T",676,675.367633302151,0.000406452516240382,0.387,"Not Significant","synonymous"
"9752C>T","7858C>T",940,939.12067352666,0.000406452516240382,0.139,"Not Significant","synonymous"
"9752C>T","9168C>T",802,801.249766136576,0.000406452516240286,0.228,"Not Significant","synonymous"
"9752C>T","5478C>T",625,624.415341440599,0.000406452516240382,0.41,"Not Significant","synonymous"
"9752C>T","10762G>A",884,883.173058933583,0.000406452516240382,0.159,"Not Significant","synonymous"
"9752C>T","10961C>T",653,652.389148737137,0.000406452516240382,0.404,"Not Significant","synonymous"
"9752C>T","15400C>T",709,709.33582787652,-0.000205661019768259,1,"Not Significant","synonymous"
"9752C>T","6164C>T",864,863.191768007484,0.000406452516240382,0.209,"Not Significant","synonymous"
"9752C>T","7337G>A",787,786.263797942002,0.000406452516240382,0.271,"Not Significant","synonymous"
"9752C>T","10560C>T",613,612.426566884939,0.000406452516240286,0.44,"Not Significant","synonymous"
"9752C>T","3474C>T",871,871.184284377923,-9.18774086636023e-05,1,"Not Significant","synonymous"
"9752C>T","13440C>T",754,754.293732460243,-0.000169153243173717,1,"Not Significant","synonymous"
"9752C>T","4221C>T",666,666.376052385407,-0.000245152230007476,1,"Not Significant","synonymous"
"9752C>T","11761C>T",868,867.188026192703,0.000406452516240382,0.19,"Not Significant","synonymous"
"9752C>T","3525C>A",841,840.21328344247,0.000406452516240382,0.206,"Not Significant","synonymous"
"9752C>T","7400C>T",620,619.420018709074,0.000406452516240286,0.408,"Not Significant","synonymous"
"9752C>T","15271C>T",763,763.285313376988,-0.000162368104569007,1,"Not Significant","synonymous"
"9752C>T","14947C>T",794,793.257249766137,0.000406452516240382,0.239,"Not Significant","synonymous"
"9752C>T","12774C>T",841,841.212347988775,-0.00010964318549694,1,"Not Significant","synonymous"
"9752C>T","14980C>T",808,807.244153414406,0.000406452516240382,0.253,"Not Significant","synonymous"
"9752C>T","4194C>T",783,782.267539756782,0.000406452516240382,0.258,"Not Significant","synonymous"
"9752C>T","13848C>T",746,746.301216089804,-0.000175321826489554,1,"Not Significant","synonymous"
"9752C>T","13725C>T",805,804.246959775491,0.000406452516240286,0.226,"Not Significant","synonymous"
"9752C>T","13623C>T",723,722.323666978484,0.000406452516240478,0.352,"Not Significant","synonymous"
"9752C>T","7588G>A",499,498.533208606174,0.000406452516240382,1,"Not Significant","synonymous"
"9752C>T","4161C>T",777,776.273152478952,0.000406452516240382,0.301,"Not Significant","synonymous"
"9752C>T","9209G>A",801,800.250701590271,0.000406452516240382,0.255,"Not Significant","synonymous"
"9752C>T","3525C>T",689,688.355472404116,0.000406452516240382,0.359,"Not Significant","synonymous"
"9752C>T","12636C>T",470,469.56033676333,0.000406452516240286,1,"Not Significant","synonymous"
"9752C>T","3636C>T",741,740.306828811974,0.000406452516240382,0.324,"Not Significant","synonymous"
"9752C>T","10646G>A",734,733.313376987839,0.000406452516240286,0.321,"Not Significant","synonymous"
"9752C>T","8464C>T",807,806.245088868101,0.000406452516240382,0.248,"Not Significant","synonymous"
"9752C>T","14239C>T",809,808.243217960711,0.000406452516240382,0.229,"Not Significant","synonymous"
"9752C>T","11977C>T",985,985.077642656688,-3.42319273590643e-05,1,"Not Significant","synonymous"
"9752C>T","11102C>T",724,723.32273152479,0.000406452516240382,0.343,"Not Significant","synonymous"
"9752C>T","15490C>T",753,753.294667913938,-0.000169917152833062,1,"Not Significant","synonymous"
"9752C>T","15448C>T",1035,1034.03180542563,0.000406452516240382,0.028,"Significant","synonymous"
"9752C>T","10592C>T",769,768.280636108513,0.000406452516240382,0.273,"Not Significant","synonymous"
"9752C>T","9569C>T",669,669.373246024322,-0.000242232416762883,1,"Not Significant","synonymous"
"9752C>T","8841C>T",734,734.312441534144,-0.000184826651883969,1,"Not Significant","synonymous"
"9752C>T","13377C>T",679,678.364826941066,0.000406452516240286,0.377,"Not Significant","synonymous"
"9752C>T","12112C>T",748,748.299345182414,-0.000173767318764703,1,"Not Significant","synonymous"
"9752C>T","12867C>T",740,739.307764265669,0.000406452516240286,0.296,"Not Significant","synonymous"
"9752C>T","4245C>T",683,682.361085126286,0.000406452516240286,0.39,"Not Significant","synonymous"
"9752C>T","12381A>T",701,700.344246959775,0.000406452516240382,0.323,"Not Significant","synonymous"
"9752C>T","9776C>T",830,829.223573433115,0.000406452516240382,0.207,"Not Significant","synonymous"
"9752C>T","8173C>T",684,683.360149672591,0.000406452516240382,0.356,"Not Significant","synonymous"
"9752C>T","3951C>T",645,644.396632366698,0.000406452516240286,0.395,"Not Significant","synonymous"
"9752C>T","10874C>T",630,629.410664172123,0.000406452516240478,0.388,"Not Significant","synonymous"
"9752C>T","9806C>T",672,671.371375116932,0.000406452516240286,0.359,"Not Significant","synonymous"
"9752C>T","15265C>T",613,612.426566884939,0.000406452516240286,0.407,"Not Significant","synonymous"
"9752C>T","8209C>T",678,677.365762394761,0.000406452516240382,0.352,"Not Significant","synonymous"
"9752C>T","3757C>T",612,611.427502338634,0.000406452516240382,0.432,"Not Significant","synonymous"
"4856T>C","4107C>T",1062,1060.01683816651,0.000811752740377953,0,"Significant","synonymous"
"4856T>C","11632C>T",1056,1054.03367633302,0.000809431408591703,0,"Significant","synonymous"
"4856T>C","9138C>T",1062,1060.01683816651,0.000811752740377953,0,"Significant","synonymous"
"4856T>C","11215C>T",1056,1056.02806361085,-1.15413914669512e-05,1,"Not Significant","synonymous"
"4856T>C","6848C>T",1054,1054.03367633302,-1.38759126739094e-05,1,"Not Significant","synonymous"
"4856T>C","10933C>A",1047,1047.05332086062,-2.21168728711481e-05,1,"Not Significant","synonymous"
"4856T>C","8740C>T",1049,1049.04770813845,-1.97511059377525e-05,1,"Not Significant","synonymous"
"4856T>C","6236C>T",999,996.196445275959,0.00122050051822454,0,"Significant","synonymous"
"4856T>C","7978C>T",1035,1035.08699719364,-3.65032012778634e-05,1,"Not Significant","synonymous"
"4856T>C","12813C>T",1041,1041.07015902713,-2.92686374825713e-05,1,"Not Significant","synonymous"
"4856T>C","9314C>T",1016,1016.14031805426,-5.99755403013743e-05,1,"Not Significant","synonymous"
"4856T>C","11509C>T",1039,1039.0757717493,-3.16708881036626e-05,1,"Not Significant","synonymous"
"4856T>C","5255C>T",979,979.244153414406,-0.000108295465587255,1,"Not Significant","synonymous"
"4856T>C","10095C>T",957,957.305893358279,-0.000138794744500263,1,"Not Significant","synonymous"
"4856T>C","6563C>T",1024,1024.11786716558,-4.99864392416661e-05,1,"Not Significant","synonymous"
"4856T>C","7663C>T",1051,1051.04209541628,-1.73943300610349e-05,1,"Not Significant","synonymous"
"4856T>C","6617C>T",1007,1006.16838166511,0.000358804834931992,0.181,"Not Significant","synonymous"
"4856T>C","10067C>T",993,993.204864359214,-8.9589410092994e-05,1,"Not Significant","synonymous"
"4856T>C","13380C>T",1020,1019.131898971,0.00036977648144816,0.151,"Not Significant","synonymous"
"4856T>C","4599C>T",1002,1000.18521983162,0.000787289029033286,0.011,"Significant","synonymous"
"4856T>C","6122C>T",1003,1002.17960710945,0.000355371782135038,0.136,"Not Significant","synonymous"
"4856T>C","14872C>T",1008,1007.16557530402,0.000359658845088449,0.152,"Not Significant","synonymous"
"4856T>C","15616C>T",941,941.350795135641,-0.000161870352587445,1,"Not Significant","synonymous"
"4856T>C","7849C>T",1030,1030.10102899906,-4.25962962238033e-05,1,"Not Significant","synonymous"
"4856T>C","11677C>T",596,594.327408793265,0.00122050051822435,0.09,"Not Significant","synonymous"
"4856T>C","5237G>A",981,981.238540692236,-0.000105590533168432,1,"Not Significant","synonymous"
"4856T>C","6053C>T",984,984.23012160898,-0.000101553720070689,1,"Not Significant","synonymous"
"4856T>C","15430C>T",974,974.258185219831,-0.000115106321932901,1,"Not Significant","synonymous"
"4856T>C","4832C>T",730,730.942937324602,-0.000560614002447391,0.567,"Not Significant","synonymous"
"4856T>C","14097C>T",989,989.216089803555,-9.48800387746687e-05,1,"Not Significant","synonymous"
"4856T>C","15608C>T",763,763.850327408793,-0.000483731159498853,0.553,"Not Significant","synonymous"
"4856T>C","9027C>T",809,806.729653882133,0.00122050051822445,0.012,"Significant","synonymous"
"4856T>C","11638C>T",740,740.914873713751,-0.000536593511374474,0.561,"Not Significant","synonymous"
"4856T>C","8616G>A",741,738.920486435921,0.00122050051822445,0.038,"Significant","synonymous"
"4856T>C","7909C>T",918,918.415341440599,-0.000196448477381848,1,"Not Significant","synonymous"
"4856T>C","5375C>T",806,805.732460243218,0.000144181548728995,1,"Not Significant","synonymous"
"4856T>C","9162C>T",673,671.11131898971,0.00122050051822445,0.063,"Not Significant","synonymous"
"4856T>C","13116C>T",582,581.363891487371,0.00047493040909887,0.599,"Not Significant","synonymous"
"4856T>C","9118C>T",608,607.290926099158,0.00050678715808409,0.581,"Not Significant","synonymous"
"4856T>C","3522C>T",602,600.310570626754,0.00122050051822435,0.087,"Not Significant","synonymous"
"4856T>C","9512C>T",589,587.347053320861,0.00122050051822435,0.101,"Not Significant","synonymous"
"4856T>C","7031C>T",644,643.189897100094,0.000546653242768877,0.578,"Not Significant","synonymous"
"4856T>C","5342C>T",633,631.223573433115,0.00122050051822445,0.071,"Not Significant","synonymous"
"4856T>C","4652C>T",636,635.212347988775,0.000538183831287856,0.582,"Not Significant","synonymous"
"4856T>C","6875C>T",876,873.541627689429,0.00122050051822445,0.007,"Significant","synonymous"
"4856T>C","12022C>T",674,674.102899906455,-6.62988880915249e-05,1,"Not Significant","synonymous"
"4856T>C","7858C>T",937,937.362020579981,-0.000167762193695804,1,"Not Significant","synonymous"
"4856T>C","9168C>T",799,799.749298409729,-0.000407088451947535,0.588,"Not Significant","synonymous"
"4856T>C","5478C>T",623,623.246024321796,-0.00017147016668104,1,"Not Significant","synonymous"
"4856T>C","10762G>A",881,881.519176800748,-0.000255856082800587,0.672,"Not Significant","synonymous"
"4856T>C","10961C>T",651,651.167446211413,-0.00011169218865742,1,"Not Significant","synonymous"
"4856T>C","15400C>T",707,708.00748362956,-0.000618434403951195,0.342,"Not Significant","synonymous"
"4856T>C","6164C>T",863,861.575304022451,0.000717553754540846,0.108,"Not Significant","synonymous"
"4856T>C","7337G>A",784,784.791393826006,-0.000438169156401458,0.574,"Not Significant","synonymous"
"4856T>C","10560C>T",613,611.279700654818,0.00122050051822435,0.075,"Not Significant","synonymous"
"4856T>C","3474C>T",869,869.55285313377,-0.000276207965676166,0.633,"Not Significant","synonymous"
"4856T>C","13440C>T",752,752.88119738073,-0.000508610519321351,0.529,"Not Significant","synonymous"
"4856T>C","4221C>T",667,665.128157156221,0.00122050051822445,0.042,"Significant","synonymous"
"4856T>C","11761C>T",865,865.56407857811,-0.00028311719345306,0.644,"Not Significant","synonymous"
"4856T>C","3525C>A",839,838.639850327409,0.000186465549012602,1,"Not Significant","synonymous"
"4856T>C","7400C>T",617,618.260056127222,-0.000886024946787463,0.24,"Not Significant","synonymous"
"4856T>C","15271C>T",762,761.855940130964,8.21132821351287e-05,1,"Not Significant","synonymous"
"4856T>C","14947C>T",791,791.77174929841,-0.000423518411195039,0.579,"Not Significant","synonymous"
"4856T>C","12774C>T",841,839.637043966324,0.000704404816487119,0.112,"Not Significant","synonymous"
"4856T>C","14980C>T",805,805.732460243218,-0.000394979888493008,0.598,"Not Significant","synonymous"
"4856T>C","4194C>T",780,780.802619270346,-0.000446658849238361,0.56,"Not Significant","synonymous"
"4856T>C","13848C>T",745,744.903648269411,5.61714511186673e-05,1,"Not Significant","synonymous"
"4856T>C","13725C>T",803,802.740879326473,0.000140165429036903,1,"Not Significant","synonymous"
"4856T>C","13623C>T",721,720.971000935454,1.74679431228459e-05,1,"Not Significant","synonymous"
"4856T>C","7588G>A",498,497.599625818522,0.000349297654552147,1,"Not Significant","synonymous"
"4856T>C","4161C>T",775,774.819457436857,0.000101184223620613,1,"Not Significant","synonymous"
"4856T>C","9209G>A",800,798.752104770814,0.000677971425930497,0.156,"Not Significant","synonymous"
"4856T>C","3525C>T",688,687.066417212348,0.000589716846109969,0.545,"Not Significant","synonymous"
"4856T>C","12636C>T",470,468.681010289991,0.00122050051822435,0.279,"Not Significant","synonymous"
"4856T>C","3636C>T",740,738.920486435921,0.000634012269872574,0.215,"Not Significant","synonymous"
"4856T>C","10646G>A",732,731.940130963517,3.55216605458667e-05,1,"Not Significant","synonymous"
"4856T>C","8464C>T",806,804.735266604303,0.000682007601244726,0.145,"Not Significant","synonymous"
"4856T>C","14239C>T",807,806.729653882133,0.0001455136280227,1,"Not Significant","synonymous"
"4856T>C","11977C>T",985,983.232927970065,0.000779816074625049,0.018,"Significant","synonymous"
"4856T>C","11102C>T",723,721.968194574368,0.000620231615608471,0.245,"Not Significant","synonymous"
"4856T>C","15490C>T",751,751.884003741815,-0.000510908347381061,0.541,"Not Significant","synonymous"
"4856T>C","15448C>T",1033,1032.09541627689,0.000380472244908619,0.091,"Not Significant","synonymous"
"4856T>C","10592C>T",768,766.841908325538,0.000655380748305477,0.195,"Not Significant","synonymous"
"4856T>C","9569C>T",668,668.119738072965,-7.78397070561427e-05,1,"Not Significant","synonymous"
"4856T>C","8841C>T",732,732.937324602432,-0.000555757507578424,0.547,"Not Significant","synonymous"
"4856T>C","13377C>T",676,677.094480823199,-0.000702577820641075,0.32,"Not Significant","synonymous"
"4856T>C","12112C>T",748,746.89803554724,0.000640280683219429,0.205,"Not Significant","synonymous"
"4856T>C","12867C>T",738,737.923292797007,4.51426102899489e-05,1,"Not Significant","synonymous"
"4856T>C","4245C>T",680,681.083255378859,-0.00069129045707159,0.337,"Not Significant","synonymous"
"4856T>C","12381A>T",701,699.032740879327,0.00122050051822435,0.035,"Significant","synonymous"
"4856T>C","9776C>T",828,827.670720299345,0.00017274492703076,1,"Not Significant","synonymous"
"4856T>C","8173C>T",682,682.080449017774,-5.12265454126902e-05,1,"Not Significant","synonymous"
"4856T>C","3951C>T",642,643.189897100094,-0.000804186048189804,0.272,"Not Significant","synonymous"
"4856T>C","10874C>T",628,628.23199251637,-0.000160405198160966,1,"Not Significant","synonymous"
"4856T>C","9806C>T",669,670.114125350795,-0.000722654767777387,0.299,"Not Significant","synonymous"
"4856T>C","15265C>T",612,611.279700654818,0.000511448145370623,0.583,"Not Significant","synonymous"
"4856T>C","8209C>T",676,676.097287184284,-6.24974072028653e-05,1,"Not Significant","synonymous"
"4856T>C","3757C>T",610,610.282507015903,-0.000201086616569584,1,"Not Significant","synonymous"
"4107C>T","11632C>T",1054,1051.06735266604,0.0012100642545827,0,"Significant","synonymous"
"4107C>T","9138C>T",1059,1057.03367633302,0.000807136269669384,0,"Significant","synonymous"
"4107C>T","11215C>T",1054,1053.0561272217,0.000389091454523965,0.051,"Not Significant","synonymous"
"4107C>T","6848C>T",1051,1051.06735266604,-2.78305937027768e-05,1,"Not Significant","synonymous"
"4107C>T","10933C>A",1044,1044.10664172123,-4.43597182133647e-05,1,"Not Significant","synonymous"
"4107C>T","8740C>T",1046,1046.09541627689,-3.96146009836209e-05,1,"Not Significant","synonymous"
"4107C>T","6236C>T",997,993.392890551918,0.00157411077115451,0,"Significant","synonymous"
"4107C>T","7978C>T",1033,1032.17399438728,0.000347408692662739,0.18,"Not Significant","synonymous"
"4107C>T","12813C>T",1040,1038.14031805426,0.000777281318018133,0.011,"Significant","synonymous"
"4107C>T","9314C>T",1013,1013.28063610851,-0.000120297960664699,1,"Not Significant","synonymous"
"4107C>T","11509C>T",1036,1036.1515434986,-6.35228688102674e-05,1,"Not Significant","synonymous"
"4107C>T","5255C>T",976,976.488306828812,-0.000217229434776545,1,"Not Significant","synonymous"
"4107C>T","10095C>T",955,954.611786716558,0.000176579229659157,1,"Not Significant","synonymous"
"4107C>T","6563C>T",1022,1021.23573433115,0.00032489288689694,0.212,"Not Significant","synonymous"
"4107C>T","7663C>T",1048,1048.08419083255,-3.48875433386574e-05,1,"Not Significant","synonymous"
"4107C>T","6617C>T",1004,1003.33676333022,0.000286987257571245,0.291,"Not Significant","synonymous"
"4107C>T","10067C>T",990,990.409728718428,-0.000179703140667547,1,"Not Significant","synonymous"
"4107C>T","13380C>T",1018,1016.263797942,0.000741322887527244,0.028,"Significant","synonymous"
"4107C>T","4599C>T",999,997.370439663237,0.000708995891045367,0.048,"Significant","synonymous"
"4107C>T","6122C>T",1001,999.359214218896,0.000712456408292155,0.046,"Significant","synonymous"
"4107C>T","14872C>T",1005,1004.33115060804,0.000289128659346333,0.276,"Not Significant","synonymous"
"4107C>T","15616C>T",938,938.701590271282,-0.000324715233523209,0.632,"Not Significant","synonymous"
"4107C>T","7849C>T",1028,1027.20205799813,0.000337233825117583,0.172,"Not Significant","synonymous"
"4107C>T","11677C>T",596,592.65481758653,0.00244444068548086,0.004,"Significant","synonymous"
"4107C>T","5237G>A",980,978.477081384471,0.000675417946634491,0.078,"Not Significant","synonymous"
"4107C>T","6053C>T",982,981.460243217961,0.000238775802794166,0.364,"Not Significant","synonymous"
"4107C>T","15430C>T",974,971.516370439663,0.00110883384532353,0.008,"Significant","synonymous"
"4107C>T","4832C>T",727,728.885874649205,-0.00112512309660869,0.188,"Not Significant","synonymous"
"4107C>T","14097C>T",987,986.43217960711,0.000249921200939293,0.383,"Not Significant","synonymous"
"4107C>T","15608C>T",762,761.700654817587,0.000170642392477782,1,"Not Significant","synonymous"
"4107C>T","9027C>T",809,804.459307764266,0.00244444068548096,0,"Significant","synonymous"
"4107C>T","11638C>T",738,738.829747427502,-0.000488011252052459,0.646,"Not Significant","synonymous"
"4107C>T","8616G>A",739,736.840972871843,0.00127067110097869,0.079,"Not Significant","synonymous"
"4107C>T","7909C>T",917,915.830682881197,0.000554146158653434,0.201,"Not Significant","synonymous"
"4107C>T","5375C>T",804,803.464920486436,0.000289128659346333,0.651,"Not Significant","synonymous"
"4107C>T","9162C>T",671,669.22263797942,0.00115189663049623,0.213,"Not Significant","synonymous"
"4107C>T","13116C>T",581,579.727782974743,0.000952018316797686,0.43,"Not Significant","synonymous"
"4107C>T","9118C>T",607,605.581852198316,0.00101583912786333,0.41,"Not Significant","synonymous"
"4107C>T","3522C>T",602,598.621141253508,0.00244444068548086,0.004,"Significant","synonymous"
"4107C>T","9512C>T",589,585.694106641721,0.00244444068548076,0.009,"Significant","synonymous"
"4107C>T","7031C>T",644,641.379794200187,0.00177059341002526,0.04,"Significant","synonymous"
"4107C>T","5342C>T",632,629.44714686623,0.0017578089505109,0.041,"Significant","synonymous"
"4107C>T","4652C>T",634,633.424695977549,0.000394266231863463,0.702,"Not Significant","synonymous"
"4107C>T","6875C>T",873,871.083255378859,0.00095457822297012,0.079,"Not Significant","synonymous"
"4107C>T","12022C>T",671,672.205799812909,-0.000779735087162491,0.446,"Not Significant","synonymous"
"4107C>T","7858C>T",936,934.724041159963,0.000592435823887764,0.176,"Not Significant","synonymous"
"4107C>T","9168C>T",797,797.498596819457,-0.000271606202569893,1,"Not Significant","synonymous"
"4107C>T","5478C>T",620,621.492048643592,-0.00104388716033994,0.406,"Not Significant","synonymous"
"4107C>T","10762G>A",880,879.038353601497,0.000474847822576719,0.597,"Not Significant","synonymous"
"4107C>T","10961C>T",650,649.334892422825,0.000444616053262859,0.681,"Not Significant","synonymous"
"4107C>T","15400C>T",706,706.014967259121,-9.20698179028603e-06,1,"Not Significant","synonymous"
"4107C>T","6164C>T",863,859.150608044902,0.00194149392179731,0.003,"Significant","synonymous"
"4107C>T","7337G>A",781,782.582787652011,-0.000879257796282949,0.203,"Not Significant","synonymous"
"4107C>T","10560C>T",613,609.559401309635,0.00244444068548076,0.005,"Significant","synonymous"
"4107C>T","3474C>T",867,867.10570626754,-5.29467708756462e-05,1,"Not Significant","synonymous"
"4107C>T","13440C>T",750,750.762394761459,-0.000441247552006871,0.664,"Not Significant","synonymous"
"4107C>T","4221C>T",663,663.256314312442,-0.000167864826294551,1,"Not Significant","synonymous"
"4107C>T","11761C>T",862,863.128157156221,-0.000568018666297769,0.364,"Not Significant","synonymous"
"4107C>T","3525C>A",837,836.279700654818,0.000373902880829033,0.61,"Not Significant","synonymous"
"4107C>T","7400C>T",615,616.520112254443,-0.00107213303735575,0.251,"Not Significant","synonymous"
"4107C>T","15271C>T",760,759.711880261927,0.000164674390582669,1,"Not Significant","synonymous"
"4107C>T","14947C>T",788,789.543498596819,-0.000849844252059538,0.202,"Not Significant","synonymous"
"4107C>T","12774C>T",841,837.274087932647,0.00192834498374373,0.001,"Significant","synonymous"
"4107C>T","14980C>T",804,803.464920486436,0.000289128659346333,0.609,"Not Significant","synonymous"
"4107C>T","4194C>T",780,778.605238540692,0.000777281318018229,0.35,"Not Significant","synonymous"
"4107C>T","13848C>T",742,742.807296538821,-0.000472255850890386,0.667,"Not Significant","synonymous"
"4107C>T","13725C>T",800,800.481758652947,-0.000261452690443658,1,"Not Significant","synonymous"
"4107C>T","13623C>T",718,718.942001870907,-0.000569412366749092,0.656,"Not Significant","synonymous"
"4107C>T","7588G>A",498,496.199251637044,0.00157323782180861,0.232,"Not Significant","synonymous"
"4107C>T","4161C>T",773,772.638914873714,0.000202915802891825,1,"Not Significant","synonymous"
"4107C>T","9209G>A",799,796.504209541628,0.00135870391523479,0.045,"Significant","synonymous"
"4107C>T","3525C>T",686,685.132834424696,0.000549334484607003,0.674,"Not Significant","synonymous"
"4107C>T","12636C>T",470,467.362020579981,0.00244444068548067,0.035,"Significant","synonymous"
"4107C>T","3636C>T",739,736.840972871843,0.00127067110097869,0.08,"Not Significant","synonymous"
"4107C>T","10646G>A",730,729.880261927035,7.12408898667016e-05,1,"Not Significant","synonymous"
"4107C>T","8464C>T",803,802.470533208606,0.000286451242091769,0.613,"Not Significant","synonymous"
"4107C>T","14239C>T",805,804.459307764266,0.000291799441077453,0.635,"Not Significant","synonymous"
"4107C>T","11977C>T",982,980.465855940131,0.000679013531219637,0.064,"Not Significant","synonymous"
"4107C>T","11102C>T",721,719.936389148737,0.000641139207763278,0.391,"Not Significant","synonymous"
"4107C>T","15490C>T",750,749.76800748363,0.000134358207407304,1,"Not Significant","synonymous"
"4107C>T","15448C>T",1030,1029.19083255379,0.000341315597716832,0.197,"Not Significant","synonymous"
"4107C>T","10592C>T",766,764.683816651076,0.000746870516654087,0.338,"Not Significant","synonymous"
"4107C>T","9569C>T",665,666.239476145931,-0.000808716712240463,0.434,"Not Significant","synonymous"
"4107C>T","8841C>T",730,730.874649204864,-0.000520038278257667,0.667,"Not Significant","synonymous"
"4107C>T","13377C>T",675,675.188961646399,-0.000121560763995509,1,"Not Significant","synonymous"
"4107C>T","12112C>T",746,744.796071094481,0.000701450458683462,0.363,"Not Significant","synonymous"
"4107C>T","12867C>T",737,735.846585594013,0.000680208813556425,0.382,"Not Significant","synonymous"
"4107C>T","4245C>T",678,679.166510757718,-0.000746569128987899,0.418,"Not Significant","synonymous"
"4107C>T","12381A>T",698,697.065481758653,0.000581845341983584,0.666,"Not Significant","synonymous"
"4107C>T","9776C>T",827,825.34144059869,0.00087185786195392,0.115,"Not Significant","synonymous"
"4107C>T","8173C>T",681,680.160898035547,0.000535450878150202,0.625,"Not Significant","synonymous"
"4107C>T","3951C>T",641,641.379794200187,-0.000257244430969052,1,"Not Significant","synonymous"
"4107C>T","10874C>T",627,626.463985032741,0.000371432062615975,0.691,"Not Significant","synonymous"
"4107C>T","9806C>T",667,668.22825070159,-0.00079899845179487,0.429,"Not Significant","synonymous"
"4107C>T","15265C>T",609,609.559401309635,-0.000398741200058462,0.714,"Not Significant","synonymous"
"4107C>T","8209C>T",674,674.194574368569,-0.00012535664626223,1,"Not Significant","synonymous"
"4107C>T","3757C>T",611,608.565014031806,0.00173422878247393,0.077,"Not Significant","synonymous"
"11632C>T","9138C>T",1053,1051.06735266604,0.000797824563541416,0.003,"Significant","synonymous"
"11632C>T","11215C>T",1048,1047.1122544434,0.000368040441574642,0.099,"Not Significant","synonymous"
"11632C>T","6848C>T",1045,1045.13470533209,-5.59789590017826e-05,1,"Not Significant","synonymous"
"11632C>T","10933C>A",1038,1038.21328344247,-8.92276561473149e-05,1,"Not Significant","synonymous"
"11632C>T","8740C>T",1040,1040.19083255379,-7.96826175881386e-05,1,"Not Significant","synonymous"
"11632C>T","6236C>T",993,987.785781103835,0.00228647817075035,0,"Significant","synonymous"
"11632C>T","7978C>T",1027,1026.34798877456,0.000275807986190836,0.302,"Not Significant","synonymous"
"11632C>T","12813C>T",1034,1032.28063610851,0.000722757993031983,0.032,"Significant","synonymous"
"11632C>T","9314C>T",1007,1007.56127221703,-0.000241995551456654,0.668,"Not Significant","synonymous"
"11632C>T","11509C>T",1030,1030.30308699719,-0.000127776356981744,1,"Not Significant","synonymous"
"11632C>T","5255C>T",970,970.976613657624,-0.000437035619353016,0.595,"Not Significant","synonymous"
"11632C>T","10095C>T",952,949.223573433115,0.0012684332462575,0.026,"Significant","synonymous"
"11632C>T","6563C>T",1017,1015.4714686623,0.000653227226818036,0.072,"Not Significant","synonymous"
"11632C>T","7663C>T",1043,1042.16838166511,0.000346415451354715,0.167,"Not Significant","synonymous"
"11632C>T","6617C>T",999,997.67352666043,0.000577039890423472,0.144,"Not Significant","synonymous"
"11632C>T","10067C>T",986,984.819457436857,0.000520294418864107,0.188,"Not Significant","synonymous"
"11632C>T","13380C>T",1012,1010.527595884,0.00063233460643806,0.087,"Not Significant","synonymous"
"11632C>T","4599C>T",993,991.740879326474,0.000551033376314647,0.155,"Not Significant","synonymous"
"11632C>T","6122C>T",993,993.718428437792,-0.000314095359774718,0.619,"Not Significant","synonymous"
"11632C>T","14872C>T",1000,998.66230121609,0.000581344118708997,0.142,"Not Significant","synonymous"
"11632C>T","15616C>T",933,933.403180542563,-0.000187632650217269,1,"Not Significant","synonymous"
"11632C>T","7849C>T",1023,1021.40411599626,0.00067803009389125,0.06,"Not Significant","synonymous"
"11632C>T","11677C>T",594,589.309635173059,0.00344290314230827,0.008,"Significant","synonymous"
"11632C>T","5237G>A",976,972.954162768943,0.00135743713670195,0.011,"Significant","synonymous"
"11632C>T","6053C>T",978,975.920486435921,0.000924420019316293,0.056,"Not Significant","synonymous"
"11632C>T","15430C>T",969,966.032740879327,0.00133193123334382,0.015,"Significant","synonymous"
"11632C>T","4832C>T",721,724.77174929841,-0.00226599202034686,0.03,"Significant","synonymous"
"11632C>T","14097C>T",982,980.864359214219,0.000502533534122652,0.24,"Not Significant","synonymous"
"11632C>T","15608C>T",758,757.401309635173,0.000343153900801264,0.75,"Not Significant","synonymous"
"11632C>T","9027C>T",808,799.918615528531,0.00436555706366505,0,"Significant","synonymous"
"11632C>T","11638C>T",733,734.659494855005,-0.000982121218095487,0.382,"Not Significant","synonymous"
"11632C>T","8616G>A",740,732.681945743686,0.00431622965299908,0,"Significant","synonymous"
"11632C>T","7909C>T",914,910.661365762395,0.00158928343833407,0.017,"Significant","synonymous"
"11632C>T","5375C>T",800,798.929840972872,0.000581344118709093,0.482,"Not Significant","synonymous"
"11632C>T","9162C>T",670,665.44527595884,0.00296245637820087,0.01,"Significant","synonymous"
"11632C>T","13116C>T",578,576.455565949486,0.00116200156286646,0.406,"Not Significant","synonymous"
"11632C>T","9118C>T",601,602.163704396632,-0.000840102728783975,0.561,"Not Significant","synonymous"
"11632C>T","3522C>T",600,595.242282507016,0.00345747702717018,0.007,"Significant","synonymous"
"11632C>T","9512C>T",587,582.388213283443,0.0034255243618639,0.012,"Significant","synonymous"
"11632C>T","7031C>T",639,637.759588400374,0.000843861424483859,0.573,"Not Significant","synonymous"
"11632C>T","5342C>T",631,625.89429373246,0.00352836712813036,0.005,"Significant","synonymous"
"11632C>T","4652C>T",628,629.849391955098,-0.00127707069680233,0.403,"Not Significant","synonymous"
"11632C>T","6875C>T",870,866.166510757717,0.0019178643518894,0.013,"Significant","synonymous"
"11632C>T","12022C>T",665,668.411599625819,-0.00222233273717928,0.069,"Not Significant","synonymous"
"11632C>T","7858C>T",932,929.448082319925,0.00119077665563426,0.052,"Not Significant","synonymous"
"11632C>T","9168C>T",791,792.997193638915,-0.00109516688513509,0.287,"Not Significant","synonymous"
"11632C>T","5478C>T",617,617.984097287184,-0.000692135409481633,0.782,"Not Significant","synonymous"
"11632C>T","10762G>A",877,874.076707202993,0.00145004625431898,0.036,"Significant","synonymous"
"11632C>T","10961C>T",651,645.66978484565,0.00357052519446919,0.004,"Significant","synonymous"
"11632C>T","15400C>T",701,702.029934518241,-0.000637612851064786,0.573,"Not Significant","synonymous"
"11632C>T","6164C>T",859,854.301216089804,0.00238213925370051,0.001,"Significant","synonymous"
"11632C>T","7337G>A",776,778.165575304022,-0.00121029319952424,0.211,"Not Significant","synonymous"
"11632C>T","10560C>T",612,606.11880261927,0.00419366552849721,0.003,"Significant","synonymous"
"11632C>T","3474C>T",861,862.21141253508,-0.000610615577560685,0.489,"Not Significant","synonymous"
"11632C>T","13440C>T",746,746.524789522919,-0.000305406255167612,0.756,"Not Significant","synonymous"
"11632C>T","4221C>T",660,659.512628624883,0.000320819526671303,1,"Not Significant","synonymous"
"11632C>T","11761C>T",858,858.256314312442,-0.000129719426434684,1,"Not Significant","synonymous"
"11632C>T","3525C>A",833,831.559401309635,0.000751723510227,0.489,"Not Significant","synonymous"
"11632C>T","7400C>T",610,613.040224508887,-0.00215913658613484,0.09,"Not Significant","synonymous"
"11632C>T","15271C>T",755,755.423760523854,-0.000243689045149917,1,"Not Significant","synonymous"
"11632C>T","14947C>T",783,785.086997193639,-0.00115602246780099,0.193,"Not Significant","synonymous"
"11632C>T","12774C>T",833,832.548175865295,0.000235627808489724,1,"Not Significant","synonymous"
"11632C>T","14980C>T",801,798.929840972872,0.00112387321100315,0.181,"Not Significant","synonymous"
"11632C>T","4194C>T",775,774.210477081385,0.000442658349718533,0.74,"Not Significant","synonymous"
"11632C>T","13848C>T",736,738.614593077643,-0.00154006957654797,0.115,"Not Significant","synonymous"
"11632C>T","13725C>T",794,795.963517305893,-0.00107266003942042,0.286,"Not Significant","synonymous"
"11632C>T","13623C>T",712,714.884003741815,-0.00175558575632247,0.126,"Not Significant","synonymous"
"11632C>T","7588G>A",498,493.398503274088,0.00403151503767853,0.011,"Significant","synonymous"
"11632C>T","4161C>T",770,768.277829747428,0.000972424272919263,0.325,"Not Significant","synonymous"
"11632C>T","9209G>A",793,792.008419083255,0.000543389134717847,0.745,"Not Significant","synonymous"
"11632C>T","3525C>T",686,681.265668849392,0.00300761170047709,0.002,"Significant","synonymous"
"11632C>T","12636C>T",470,464.724041159963,0.00490271790135066,0.001,"Significant","synonymous"
"11632C>T","3636C>T",734,732.681945743686,0.000780569838093919,0.544,"Not Significant","synonymous"
"11632C>T","10646G>A",727,725.760523854069,0.000741068844318928,0.485,"Not Significant","synonymous"
"11632C>T","8464C>T",801,797.941066417212,0.00166169926351881,0.042,"Significant","synonymous"
"11632C>T","14239C>T",801,799.918615528531,0.000586712373316988,0.487,"Not Significant","synonymous"
"11632C>T","11977C>T",977,974.931711880262,0.000920366678913523,0.059,"Not Significant","synonymous"
"11632C>T","11102C>T",716,715.872778297474,7.71740120603974e-05,1,"Not Significant","synonymous"
"11632C>T","15490C>T",746,745.536014967259,0.000270199504246478,1,"Not Significant","synonymous"
"11632C>T","15448C>T",1027,1023.38166510758,0.00153281170569322,0,"Significant","synonymous"
"11632C>T","10592C>T",763,760.367633302151,0.00150091605480099,0.113,"Not Significant","synonymous"
"11632C>T","9569C>T",659,662.478952291862,-0.00228667020546448,0.071,"Not Significant","synonymous"
"11632C>T","8841C>T",724,726.749298409729,-0.00164605498569605,0.116,"Not Significant","synonymous"
"11632C>T","13377C>T",669,671.377923292797,-0.00154093861132661,0.242,"Not Significant","synonymous"
"11632C>T","12112C>T",742,740.592142188962,0.000824805480912218,0.518,"Not Significant","synonymous"
"11632C>T","12867C>T",735,731.693171188026,0.00195833725457016,0.042,"Significant","synonymous"
"11632C>T","4245C>T",673,675.333021515435,-0.00150292155620384,0.237,"Not Significant","synonymous"
"11632C>T","12381A>T",695,693.130963517306,0.00116950452480681,0.351,"Not Significant","synonymous"
"11632C>T","9776C>T",823,820.682881197381,0.00122446073754753,0.156,"Not Significant","synonymous"
"11632C>T","8173C>T",674,676.321796071094,-0.00149348728344444,0.226,"Not Significant","synonymous"
"11632C>T","3951C>T",635,637.759588400374,-0.00188327144194015,0.13,"Not Significant","synonymous"
"11632C>T","10874C>T",621,622.927970065482,-0.00134623137564952,0.374,"Not Significant","synonymous"
"11632C>T","9806C>T",662,664.456501403181,-0.00160856571277336,0.233,"Not Significant","synonymous"
"11632C>T","15265C>T",604,606.11880261927,-0.00152081799593122,0.244,"Not Significant","synonymous"
"11632C>T","8209C>T",668,670.389148737138,-0.00155051349016574,0.239,"Not Significant","synonymous"
"11632C>T","3757C>T",605,605.130028063611,-9.33295917405724e-05,1,"Not Significant","synonymous"
"9138C>T","11215C>T",1054,1053.0561272217,0.000389091454523965,0.054,"Not Significant","synonymous"
"9138C>T","6848C>T",1051,1051.06735266604,-2.78305937027768e-05,1,"Not Significant","synonymous"
"9138C>T","10933C>A",1044,1044.10664172123,-4.43597182133647e-05,1,"Not Significant","synonymous"
"9138C>T","8740C>T",1046,1046.09541627689,-3.96146009836209e-05,1,"Not Significant","synonymous"
"9138C>T","6236C>T",997,993.392890551918,0.00157411077115451,0,"Significant","synonymous"
"9138C>T","7978C>T",1032,1032.17399438728,-7.32155357652497e-05,1,"Not Significant","synonymous"
"9138C>T","12813C>T",1039,1038.14031805426,0.000359489576415259,0.134,"Not Significant","synonymous"
"9138C>T","9314C>T",1013,1013.28063610851,-0.000120297960664699,1,"Not Significant","synonymous"
"9138C>T","11509C>T",1036,1036.1515434986,-6.35228688102674e-05,1,"Not Significant","synonymous"
"9138C>T","5255C>T",976,976.488306828812,-0.000217229434776545,1,"Not Significant","synonymous"
"9138C>T","10095C>T",956,954.611786716558,0.000631099922012855,0.143,"Not Significant","synonymous"
"9138C>T","6563C>T",1021,1021.23573433115,-0.000100260824886737,1,"Not Significant","synonymous"
"9138C>T","7663C>T",1048,1048.08419083255,-3.48875433386574e-05,1,"Not Significant","synonymous"
"9138C>T","6617C>T",1005,1003.33676333022,0.000719336205078393,0.038,"Significant","synonymous"
"9138C>T","10067C>T",991,990.409728718428,0.00025875674705779,0.328,"Not Significant","synonymous"
"9138C>T","13380C>T",1017,1016.263797942,0.00031449780953192,0.237,"Not Significant","synonymous"
"9138C>T","4599C>T",998,997.370439663237,0.000274048952434175,0.332,"Not Significant","synonymous"
"9138C>T","6122C>T",1000,999.359214218896,0.000278378928973622,0.32,"Not Significant","synonymous"
"9138C>T","14872C>T",1006,1004.33115060804,0.000721047622747155,0.032,"Significant","synonymous"
"9138C>T","15616C>T",939,938.701590271282,0.000138038653523203,1,"Not Significant","synonymous"
"9138C>T","7849C>T",1028,1027.20205799813,0.000337233825117583,0.165,"Not Significant","synonymous"
"9138C>T","11677C>T",595,592.65481758653,0.0017151466737941,0.095,"Not Significant","synonymous"
"9138C>T","5237G>A",978,978.477081384471,-0.000211802958258827,1,"Not Significant","synonymous"
"9138C>T","6053C>T",982,981.460243217961,0.000238775802794166,0.375,"Not Significant","synonymous"
"9138C>T","15430C>T",972,971.516370439663,0.000216141892982685,1,"Not Significant","synonymous"
"9138C>T","4832C>T",727,728.885874649205,-0.00112512309660869,0.204,"Not Significant","synonymous"
"9138C>T","14097C>T",987,986.43217960711,0.000249921200939293,0.365,"Not Significant","synonymous"
"9138C>T","15608C>T",761,761.700654817587,-0.000399672176549822,0.691,"Not Significant","synonymous"
"9138C>T","9027C>T",807,804.459307764266,0.00136945379527926,0.046,"Significant","synonymous"
"9138C>T","11638C>T",738,738.829747427502,-0.000488011252052459,0.688,"Not Significant","synonymous"
"9138C>T","8616G>A",738,736.840972871843,0.000682594529194599,0.381,"Not Significant","synonymous"
"9138C>T","7909C>T",919,915.830682881197,0.0015003218747435,0.005,"Significant","synonymous"
"9138C>T","5375C>T",803,803.464920486436,-0.000251374810423894,1,"Not Significant","synonymous"
"9138C>T","9162C>T",673,669.22263797942,0.00244444068548086,0.002,"Significant","synonymous"
"9138C>T","13116C>T",581,579.727782974743,0.000952018316797686,0.416,"Not Significant","synonymous"
"9138C>T","9118C>T",606,605.581852198316,0.000299772218892129,1,"Not Significant","synonymous"
"9138C>T","3522C>T",601,598.621141253508,0.00172242143039597,0.109,"Not Significant","synonymous"
"9138C>T","9512C>T",588,585.694106641721,0.00170647197451774,0.094,"Not Significant","synonymous"
"9138C>T","7031C>T",644,641.379794200187,0.00177059341002526,0.036,"Significant","synonymous"
"9138C>T","5342C>T",632,629.44714686623,0.0017578089505109,0.061,"Not Significant","synonymous"
"9138C>T","4652C>T",633,633.424695977549,-0.000291281632514074,1,"Not Significant","synonymous"
"9138C>T","6875C>T",873,871.083255378859,0.00095457822297012,0.071,"Not Significant","synonymous"
"9138C>T","12022C>T",672,672.205799812909,-0.000132982202329394,1,"Not Significant","synonymous"
"9138C>T","7858C>T",938,934.724041159963,0.00151942546484688,0.003,"Significant","synonymous"
"9138C>T","9168C>T",798,797.498596819457,0.000272963752047142,0.633,"Not Significant","synonymous"
"9138C>T","5478C>T",621,621.492048643592,-0.000343976482013717,1,"Not Significant","synonymous"
"9138C>T","10762G>A",879,879.038353601497,-1.89492538199335e-05,1,"Not Significant","synonymous"
"9138C>T","10961C>T",652,649.334892422825,0.00177885514232728,0.031,"Significant","synonymous"
"9138C>T","15400C>T",705,706.014967259121,-0.000624791042195257,0.461,"Not Significant","synonymous"
"9138C>T","6164C>T",862,859.150608044902,0.00143796403130056,0.017,"Significant","synonymous"
"9138C>T","7337G>A",782,782.582787652011,-0.000323538613735304,0.714,"Not Significant","synonymous"
"9138C>T","10560C>T",613,609.559401309635,0.00244444068548076,0.006,"Significant","synonymous"
"9138C>T","3474C>T",866,867.10570626754,-0.000554152229739237,0.327,"Not Significant","synonymous"
"9138C>T","13440C>T",749,750.762394761459,-0.00102069324424036,0.199,"Not Significant","synonymous"
"9138C>T","4221C>T",663,663.256314312442,-0.000167864826294551,1,"Not Significant","synonymous"
"9138C>T","11761C>T",863,863.128157156221,-6.448877580102e-05,1,"Not Significant","synonymous"
"9138C>T","3525C>A",839,836.279700654818,0.00141040571626923,0.014,"Significant","synonymous"
"9138C>T","7400C>T",615,616.520112254443,-0.00107213303735575,0.251,"Not Significant","synonymous"
"9138C>T","15271C>T",760,759.711880261927,0.000164674390582669,1,"Not Significant","synonymous"
"9138C>T","14947C>T",789,789.543498596819,-0.000299058532194641,0.709,"Not Significant","synonymous"
"9138C>T","12774C>T",838,837.274087932647,0.000376367816108168,0.627,"Not Significant","synonymous"
"9138C>T","14980C>T",803,803.464920486436,-0.000251374810423894,1,"Not Significant","synonymous"
"9138C>T","4194C>T",779,778.605238540692,0.000220136300102342,1,"Not Significant","synonymous"
"9138C>T","13848C>T",742,742.807296538821,-0.000472255850890386,0.676,"Not Significant","synonymous"
"9138C>T","13725C>T",801,800.481758652947,0.000281076401850314,0.627,"Not Significant","synonymous"
"9138C>T","13623C>T",719,718.942001870907,3.50337738330477e-05,1,"Not Significant","synonymous"
"9138C>T","7588G>A",498,496.199251637044,0.00157323782180861,0.217,"Not Significant","synonymous"
"9138C>T","4161C>T",772,772.638914873714,-0.000359277779696829,0.683,"Not Significant","synonymous"
"9138C>T","9209G>A",799,796.504209541628,0.00135870391523479,0.035,"Significant","synonymous"
"9138C>T","3525C>T",686,685.132834424696,0.000549334484607003,0.715,"Not Significant","synonymous"
"9138C>T","12636C>T",469,467.362020579981,0.00151942546484668,0.242,"Not Significant","synonymous"
"9138C>T","3636C>T",739,736.840972871843,0.00127067110097869,0.072,"Not Significant","synonymous"
"9138C>T","10646G>A",729,729.880261927035,-0.000524090912614553,0.666,"Not Significant","synonymous"
"9138C>T","8464C>T",804,802.470533208606,0.000826954711861968,0.15,"Not Significant","synonymous"
"9138C>T","14239C>T",808,804.459307764266,0.00190727984779486,0.008,"Significant","synonymous"
"9138C>T","11977C>T",982,980.465855940131,0.000679013531219637,0.052,"Not Significant","synonymous"
"9138C>T","11102C>T",722,719.936389148737,0.00124307205797327,0.088,"Not Significant","synonymous"
"9138C>T","15490C>T",748,749.76800748363,-0.00102530731983125,0.188,"Not Significant","synonymous"
"9138C>T","15448C>T",1031,1029.19083255379,0.000762756176061185,0.016,"Significant","synonymous"
"9138C>T","10592C>T",768,764.683816651076,0.00187932091556196,0.006,"Significant","synonymous"
"9138C>T","9569C>T",665,666.239476145931,-0.000808716712240463,0.409,"Not Significant","synonymous"
"9138C>T","8841C>T",729,730.874649204864,-0.00111537008073885,0.192,"Not Significant","synonymous"
"9138C>T","13377C>T",675,675.188961646399,-0.000121560763995509,1,"Not Significant","synonymous"
"9138C>T","12112C>T",744,744.796071094481,-0.000464441468106517,0.677,"Not Significant","synonymous"
"9138C>T","12867C>T",737,735.846585594013,0.000680208813556425,0.388,"Not Significant","synonymous"
"9138C>T","4245C>T",678,679.166510757718,-0.000746569128987899,0.416,"Not Significant","synonymous"
"9138C>T","12381A>T",698,697.065481758653,0.000581845341983584,0.675,"Not Significant","synonymous"
"9138C>T","9776C>T",826,825.34144059869,0.0003463956297895,0.619,"Not Significant","synonymous"
"9138C>T","8173C>T",681,680.160898035547,0.000535450878150202,0.69,"Not Significant","synonymous"
"9138C>T","3951C>T",640,641.379794200187,-0.000935299965899229,0.41,"Not Significant","synonymous"
"9138C>T","10874C>T",625,626.463985032741,-0.00101609142402507,0.404,"Not Significant","synonymous"
"9138C>T","9806C>T",667,668.22825070159,-0.00079899845179487,0.437,"Not Significant","synonymous"
"9138C>T","15265C>T",609,609.559401309635,-0.000398741200058462,0.672,"Not Significant","synonymous"
"9138C>T","8209C>T",674,674.194574368569,-0.00012535664626223,1,"Not Significant","synonymous"
"9138C>T","3757C>T",609,608.565014031806,0.000310311172795289,1,"Not Significant","synonymous"
"11215C>T","6848C>T",1049,1047.1122544434,0.000782245987424533,0.004,"Significant","synonymous"
"11215C>T","10933C>A",1042,1040.17773620206,0.000760164994860643,0.007,"Significant","synonymous"
"11215C>T","8740C>T",1045,1042.15902712816,0.00118229573064546,0.001,"Significant","synonymous"
"11215C>T","6236C>T",989,989.65481758653,-0.000287451527509877,0.666,"Not Significant","synonymous"
"11215C>T","7978C>T",1028,1028.28999064546,-0.00012249375188906,1,"Not Significant","synonymous"
"11215C>T","12813C>T",1037,1034.23386342376,0.00116000282409047,0.002,"Significant","synonymous"
"11215C>T","9314C>T",1013,1009.46772684752,0.0015170064551469,0,"Significant","synonymous"
"11215C>T","11509C>T",1034,1032.25257249766,0.000734564895711052,0.026,"Significant","synonymous"
"11215C>T","5255C>T",976,972.813844714687,0.00142007498103499,0.011,"Significant","synonymous"
"11215C>T","10095C>T",954,951.019644527596,0.00135888676581952,0.019,"Significant","synonymous"
"11215C>T","6563C>T",1019,1017.39289055192,0.000685485510441156,0.051,"Not Significant","synonymous"
"11215C>T","7663C>T",1046,1044.14031805426,0.000772818756020538,0.009,"Significant","synonymous"
"11215C>T","6617C>T",1002,999.561272217025,0.00105830039560927,0.019,"Significant","synonymous"
"11215C>T","10067C>T",988,986.682881197381,0.000579351265222333,0.146,"Not Significant","synonymous"
"11215C>T","13380C>T",1013,1012.43966323667,0.000240294662879471,0.369,"Not Significant","synonymous"
"11215C>T","4599C>T",996,993.617399438728,0.00104015050457352,0.022,"Significant","synonymous"
"11215C>T","6122C>T",997,995.598690364827,0.000610841656441042,0.114,"Not Significant","synonymous"
"11215C>T","14872C>T",1003,1000.55191768007,0.00106130433906847,0.014,"Significant","synonymous"
"11215C>T","15616C>T",938,935.169317118803,0.0013125891822884,0.015,"Significant","synonymous"
"11215C>T","7849C>T",1024,1023.33676333022,0.00028138022148437,0.309,"Not Significant","synonymous"
"11215C>T","11677C>T",594,590.424695977549,0.00262193034224964,0.031,"Significant","synonymous"
"11215C>T","5237G>A",975,974.795135640786,9.12623684883358e-05,1,"Not Significant","synonymous"
"11215C>T","6053C>T",979,977.767072029935,0.000547284234794096,0.157,"Not Significant","synonymous"
"11215C>T","15430C>T",971,967.860617399439,0.00140641129052463,0.011,"Significant","synonymous"
"11215C>T","4832C>T",728,726.143124415342,0.0011091497732021,0.318,"Not Significant","synonymous"
"11215C>T","14097C>T",984,982.720299345182,0.00056517137845584,0.169,"Not Significant","synonymous"
"11215C>T","15608C>T",758,758.834424695978,-0.000477818899257309,0.732,"Not Significant","synonymous"
"11215C>T","9027C>T",804,801.43217960711,0.00138927223747183,0.073,"Not Significant","synonymous"
"11215C>T","11638C>T",736,736.049579045837,-2.92543217834242e-05,1,"Not Significant","synonymous"
"11215C>T","8616G>A",734,734.068288119738,-4.04029619646257e-05,1,"Not Significant","synonymous"
"11215C>T","7909C>T",915,912.384471468662,0.00124320897089228,0.041,"Significant","synonymous"
"11215C>T","5375C>T",804,800.44153414406,0.00192643307515784,0.014,"Significant","synonymous"
"11215C>T","9162C>T",670,666.704396632367,0.00214148357814228,0.052,"Not Significant","synonymous"
"11215C>T","13116C>T",575,577.546304957905,-0.00191896496809024,0.107,"Not Significant","synonymous"
"11215C>T","9118C>T",602,603.303086997194,-0.000939056273757535,0.534,"Not Significant","synonymous"
"11215C>T","3522C>T",597,596.368568755846,0.00045958497283752,0.738,"Not Significant","synonymous"
"11215C>T","9512C>T",584,583.490177736202,0.000379297426590725,0.784,"Not Significant","synonymous"
"11215C>T","7031C>T",640,638.966323666978,0.000702004449912313,0.528,"Not Significant","synonymous"
"11215C>T","5342C>T",631,627.078578110383,0.0027073943280719,0.016,"Significant","synonymous"
"11215C>T","4652C>T",634,631.041159962582,0.0020315706476749,0.115,"Not Significant","synonymous"
"11215C>T","6875C>T",870,867.805425631431,0.00109689155183064,0.101,"Not Significant","synonymous"
"11215C>T","12022C>T",673,669.676333021515,0.0021501133836337,0.04,"Significant","synonymous"
"11215C>T","7858C>T",935,931.206735266604,0.00176550237411201,0.008,"Significant","synonymous"
"11215C>T","9168C>T",796,794.497661365762,0.000820444554798504,0.287,"Not Significant","synonymous"
"11215C>T","5478C>T",621,619.153414405987,0.00129332793379779,0.322,"Not Significant","synonymous"
"11215C>T","10762G>A",878,875.730589335828,0.00112399599432242,0.081,"Not Significant","synonymous"
"11215C>T","10961C>T",651,646.891487371375,0.00274955239441068,0.013,"Significant","synonymous"
"11215C>T","15400C>T",704,703.358278765201,0.000396055524329885,0.743,"Not Significant","synonymous"
"11215C>T","6164C>T",859,855.917680074836,0.0015611664536418,0.017,"Significant","synonymous"
"11215C>T","7337G>A",783,779.637979420019,0.00186877480017159,0.024,"Significant","synonymous"
"11215C>T","10560C>T",609,607.265668849392,0.00123856321575313,0.338,"Not Significant","synonymous"
"11215C>T","3474C>T",865,863.842843779233,0.000581367633539926,0.414,"Not Significant","synonymous"
"11215C>T","13440C>T",747,747.937324602432,-0.000544604712496411,0.712,"Not Significant","synonymous"
"11215C>T","4221C>T",663,660.760523854069,0.00146943958951695,0.199,"Not Significant","synonymous"
"11215C>T","11761C>T",861,859.880261927034,0.000565171378455936,0.399,"Not Significant","synonymous"
"11215C>T","3525C>A",837,833.132834424696,0.00201120729664061,0.006,"Significant","synonymous"
"11215C>T","7400C>T",616,614.200187090739,0.00127076776746436,0.358,"Not Significant","synonymous"
"11215C>T","15271C>T",760,756.853133769878,0.00180197880639423,0.027,"Significant","synonymous"
"11215C>T","14947C>T",787,786.572497661366,0.000235975033261254,1,"Not Significant","synonymous"
"11215C>T","12774C>T",837,834.123479887746,0.00149511159490328,0.033,"Significant","synonymous"
"11215C>T","14980C>T",802,800.44153414406,0.000844752610870218,0.274,"Not Significant","synonymous"
"11215C>T","4194C>T",776,775.67539756782,0.000181704301538069,1,"Not Significant","synonymous"
"11215C>T","13848C>T",743,740.012160898036,0.00174995704646932,0.064,"Not Significant","synonymous"
"11215C>T","13725C>T",798,797.469597754911,0.000288756084153939,0.72,"Not Significant","synonymous"
"11215C>T","13623C>T",717,716.236669784846,0.000462603474562346,0.742,"Not Significant","synonymous"
"11215C>T","7588G>A",496,494.33208606174,0.00146287596810031,0.351,"Not Significant","synonymous"
"11215C>T","4161C>T",770,769.731524789523,0.000151451472860647,1,"Not Significant","synonymous"
"11215C>T","9209G>A",794,793.507015902713,0.000269731444151524,1,"Not Significant","synonymous"
"11215C>T","3525C>T",682,682.55472404116,-0.000353102149853806,0.768,"Not Significant","synonymous"
"11215C>T","12636C>T",466,465.603367633302,0.000369803855575637,1,"Not Significant","synonymous"
"11215C>T","3636C>T",735,734.068288119738,0.000550876206159691,0.72,"Not Significant","synonymous"
"11215C>T","10646G>A",731,727.133769878391,0.00230306214308263,0.008,"Significant","synonymous"
"11215C>T","8464C>T",804,799.45088868101,0.0024642591276736,0.005,"Significant","synonymous"
"11215C>T","14239C>T",806,801.43217960711,0.00246826529411101,0.004,"Significant","synonymous"
"11215C>T","11977C>T",979,976.776426566885,0.000987521963219545,0.029,"Significant","synonymous"
"11215C>T","11102C>T",718,717.227315247895,0.000467623146446428,0.734,"Not Significant","synonymous"
"11215C>T","15490C>T",750,746.946679139382,0.00177166262321881,0.049,"Significant","synonymous"
"11215C>T","15448C>T",1026,1025.31805425631,0.000288756084153939,0.28,"Not Significant","synonymous"
"11215C>T","10592C>T",765,761.806361085126,0.0018168404534794,0.034,"Significant","synonymous"
"11215C>T","9569C>T",664,663.732460243218,0.000175021768484123,1,"Not Significant","synonymous"
"11215C>T","8841C>T",730,728.124415341441,0.00111726613755384,0.31,"Not Significant","synonymous"
"11215C>T","13377C>T",675,672.648269410664,0.00151574365181607,0.188,"Not Significant","synonymous"
"11215C>T","12112C>T",745,741.993451824135,0.00175620015011918,0.047,"Significant","synonymous"
"11215C>T","12867C>T",735,733.077642656688,0.00113736445451163,0.281,"Not Significant","synonymous"
"11215C>T","4245C>T",678,676.610851262863,0.000890735286823677,0.537,"Not Significant","synonymous"
"11215C>T","12381A>T",697,694.442469597755,0.0015965052326436,0.086,"Not Significant","synonymous"
"11215C>T","9776C>T",826,822.23573433115,0.0019837000456011,0.009,"Significant","synonymous"
"11215C>T","8173C>T",680,677.601496725912,0.00153455608741294,0.197,"Not Significant","synonymous"
"11215C>T","3951C>T",642,638.966323666978,0.00205705853487819,0.053,"Not Significant","synonymous"
"11215C>T","10874C>T",627,624.106641721235,0.00200873647842744,0.113,"Not Significant","synonymous"
"11215C>T","9806C>T",666,665.713751169317,0.000186701217768807,1,"Not Significant","synonymous"
"11215C>T","15265C>T",609,607.265668849392,0.00123856321575313,0.361,"Not Significant","synonymous"
"11215C>T","8209C>T",673,671.657623947615,0.00086711545820642,0.508,"Not Significant","synonymous"
"11215C>T","3757C>T",608,606.275023386342,0.00123390222846655,0.34,"Not Significant","synonymous"
"6848C>T","10933C>A",1041,1038.21328344247,0.00116414834194971,0.001,"Significant","synonymous"
"6848C>T","8740C>T",1044,1040.19083255379,0.00158747674987471,0,"Significant","synonymous"
"6848C>T","6236C>T",987,987.785781103835,-0.000345617654993792,0.631,"Not Significant","synonymous"
"6848C>T","7978C>T",1030,1026.34798877456,0.00154258909408477,0,"Significant","synonymous"
"6848C>T","12813C>T",1034,1032.28063610851,0.000722757993031983,0.034,"Significant","synonymous"
"6848C>T","9314C>T",1012,1007.56127221703,0.0019090463987054,0,"Significant","synonymous"
"6848C>T","11509C>T",1033,1030.30308699719,0.00113532045746647,0.002,"Significant","synonymous"
"6848C>T","5255C>T",977,970.976613657624,0.00268579383317487,0,"Significant","synonymous"
"6848C>T","10095C>T",951,949.223573433115,0.000812001799197188,0.138,"Not Significant","synonymous"
"6848C>T","6563C>T",1018,1015.4714686623,0.00108005230481332,0.008,"Significant","synonymous"
"6848C>T","7663C>T",1042,1042.16838166511,-7.01740116704416e-05,1,"Not Significant","synonymous"
"6848C>T","6617C>T",999,997.67352666043,0.000577039890423472,0.141,"Not Significant","synonymous"
"6848C>T","10067C>T",988,984.819457436857,0.00140032406528096,0.005,"Significant","synonymous"
"6848C>T","13380C>T",1012,1010.527595884,0.00063233460643806,0.111,"Not Significant","synonymous"
"6848C>T","4599C>T",995,991.740879326474,0.00142486562665882,0.002,"Significant","synonymous"
"6848C>T","6122C>T",996,993.718428437792,0.00099599456854271,0.028,"Significant","synonymous"
"6848C>T","14872C>T",1000,998.66230121609,0.000581344118708997,0.134,"Not Significant","synonymous"
"6848C>T","15616C>T",936,933.403180542563,0.00120657234138784,0.045,"Significant","synonymous"
"6848C>T","7849C>T",1023,1021.40411599626,0.00067803009389125,0.052,"Not Significant","synonymous"
"6848C>T","11677C>T",588,589.309635173059,-0.000966215762746054,0.578,"Not Significant","synonymous"
"6848C>T","5237G>A",973,972.954162768943,2.04597383621423e-05,1,"Not Significant","synonymous"
"6848C>T","6053C>T",977,975.920486435921,0.000480128950488039,0.244,"Not Significant","synonymous"
"6848C>T","15430C>T",968,966.032740879327,0.000883511490972252,0.094,"Not Significant","synonymous"
"6848C>T","4832C>T",725,724.77174929841,0.000136749831217464,1,"Not Significant","synonymous"
"6848C>T","14097C>T",983,980.864359214219,0.000944563579308594,0.047,"Significant","synonymous"
"6848C>T","15608C>T",758,757.401309635173,0.000343153900801264,0.755,"Not Significant","synonymous"
"6848C>T","9027C>T",802,799.918615528531,0.00112856457324277,0.177,"Not Significant","synonymous"
"6848C>T","11638C>T",737,734.659494855005,0.00138139199982773,0.201,"Not Significant","synonymous"
"6848C>T","8616G>A",731,732.681945743686,-0.000998113120115909,0.345,"Not Significant","synonymous"
"6848C>T","7909C>T",913,910.661365762395,0.00111386523880168,0.077,"Not Significant","synonymous"
"6848C>T","5375C>T",806,798.929840972872,0.00382639893185575,0,"Significant","synonymous"
"6848C>T","9162C>T",669,665.44527595884,0.00231377144519769,0.039,"Significant","synonymous"
"6848C>T","13116C>T",576,576.455565949486,-0.000343353434450309,1,"Not Significant","synonymous"
"6848C>T","9118C>T",602,602.163704396632,-0.000118083473699048,1,"Not Significant","synonymous"
"6848C>T","3522C>T",594,595.242282507016,-0.00090732837527911,0.578,"Not Significant","synonymous"
"6848C>T","9512C>T",581,582.388213283443,-0.00103644449541909,0.579,"Not Significant","synonymous"
"6848C>T","7031C>T",636,637.759588400374,-0.00119988108550207,0.368,"Not Significant","synonymous"
"6848C>T","5342C>T",630,625.89429373246,0.00283955733757786,0.02,"Significant","synonymous"
"6848C>T","4652C>T",630,629.849391955098,0.000103835019583043,1,"Not Significant","synonymous"
"6848C>T","6875C>T",870,866.166510757717,0.0019178643518894,0.006,"Significant","synonymous"
"6848C>T","12022C>T",670,668.411599625819,0.0010308246605421,0.374,"Not Significant","synonymous"
"6848C>T","7858C>T",935,929.448082319925,0.00258647517417058,0,"Significant","synonymous"
"6848C>T","9168C>T",799,792.997193638915,0.00327512893117923,0,"Significant","synonymous"
"6848C>T","5478C>T",619,617.984097287184,0.00071334957739442,0.57,"Not Significant","synonymous"
"6848C>T","10762G>A",875,874.076707202993,0.000458505910591811,0.733,"Not Significant","synonymous"
"6848C>T","10961C>T",649,645.66978484565,0.0022342334266467,0.069,"Not Significant","synonymous"
"6848C>T","15400C>T",704,702.029934518241,0.0012170283243885,0.369,"Not Significant","synonymous"
"6848C>T","6164C>T",856,854.301216089804,0.000862740099611618,0.278,"Not Significant","synonymous"
"6848C>T","7337G>A",781,778.165575304022,0.00157901941958733,0.096,"Not Significant","synonymous"
"6848C>T","10560C>T",611,606.11880261927,0.00348345362549037,0.001,"Significant","synonymous"
"6848C>T","3474C>T",865,862.21141253508,0.00140234043359856,0.076,"Not Significant","synonymous"
"6848C>T","13440C>T",749,746.524789522919,0.00143758397162983,0.197,"Not Significant","synonymous"
"6848C>T","4221C>T",661,659.512628624883,0.000978343470442773,0.555,"Not Significant","synonymous"
"6848C>T","11761C>T",862,858.256314312442,0.00189025854957244,0.013,"Significant","synonymous"
"6848C>T","3525C>A",835,831.559401309635,0.0017931975870414,0.031,"Significant","synonymous"
"6848C>T","7400C>T",615,613.040224508887,0.00138614417851428,0.372,"Not Significant","synonymous"
"6848C>T","15271C>T",760,755.423760523854,0.00262295160645286,0.006,"Significant","synonymous"
"6848C>T","14947C>T",792,785.086997193639,0.00380739706374848,0,"Significant","synonymous"
"6848C>T","12774C>T",834,832.548175865295,0.00075667703944078,0.458,"Not Significant","synonymous"
"6848C>T","14980C>T",800,798.929840972872,0.000581344118709093,0.477,"Not Significant","synonymous"
"6848C>T","4194C>T",776,774.210477081385,0.00100267710159667,0.31,"Not Significant","synonymous"
"6848C>T","13848C>T",743,738.614593077643,0.00257092984652787,0.01,"Significant","synonymous"
"6848C>T","13725C>T",800,795.963517305893,0.0021968245254265,0.016,"Significant","synonymous"
"6848C>T","13623C>T",716,714.884003741815,0.000677442914676337,0.529,"Not Significant","synonymous"
"6848C>T","7588G>A",492,493.398503274088,-0.00123272495467758,0.549,"Not Significant","synonymous"
"6848C>T","4161C>T",771,768.277829747428,0.00153607715139424,0.09,"Not Significant","synonymous"
"6848C>T","9209G>A",795,792.008419083255,0.00163733047358414,0.08,"Not Significant","synonymous"
"6848C>T","3525C>T",684,681.265668849392,0.00173959771384182,0.128,"Not Significant","synonymous"
"6848C>T","12636C>T",466,464.724041159963,0.00119077665563416,0.595,"Not Significant","synonymous"
"6848C>T","3636C>T",736,732.681945743686,0.00196232425952211,0.049,"Significant","synonymous"
"6848C>T","10646G>A",728,725.760523854069,0.00133803729831817,0.195,"Not Significant","synonymous"
"6848C>T","8464C>T",801,797.941066417212,0.00166169926351881,0.049,"Significant","synonymous"
"6848C>T","14239C>T",805,799.918615528531,0.00275007665694759,0.004,"Significant","synonymous"
"6848C>T","11977C>T",979,974.931711880262,0.00180849476327812,0.003,"Significant","synonymous"
"6848C>T","11102C>T",721,715.872778297474,0.00309941642363348,0.002,"Significant","synonymous"
"6848C>T","15490C>T",749,745.536014967259,0.00201318973104394,0.053,"Not Significant","synonymous"
"6848C>T","15448C>T",1026,1023.38166510758,0.00110972888421257,0.006,"Significant","synonymous"
"6848C>T","10592C>T",763,760.367633302151,0.00150091605480099,0.086,"Not Significant","synonymous"
"6848C>T","9569C>T",668,662.478952291862,0.00360437767607045,0.001,"Significant","synonymous"
"6848C>T","8841C>T",731,726.749298409729,0.00253275577501687,0.014,"Significant","synonymous"
"6848C>T","13377C>T",679,671.377923292797,0.00490271790135104,0,"Significant","synonymous"
"6848C>T","12112C>T",749,740.592142188962,0.00490271790135104,0,"Significant","synonymous"
"6848C>T","12867C>T",736,731.693171188026,0.00254881250787403,0.014,"Significant","synonymous"
"6848C>T","4245C>T",680,675.333021515435,0.00299092692605496,0.01,"Significant","synonymous"
"6848C>T","12381A>T",695,693.130963517306,0.00116950452480681,0.342,"Not Significant","synonymous"
"6848C>T","9776C>T",826,820.682881197381,0.00280467284565972,0.001,"Significant","synonymous"
"6848C>T","8173C>T",683,676.321796071094,0.00426731986276749,0,"Significant","synonymous"
"6848C>T","3951C>T",644,637.759588400374,0.00422887062589535,0,"Significant","synonymous"
"6848C>T","10874C>T",629,622.927970065482,0.0042128138930383,0,"Significant","synonymous"
"6848C>T","9806C>T",670,664.456501403181,0.00360824754835234,0.001,"Significant","synonymous"
"6848C>T","15265C>T",611,606.11880261927,0.00348345362549037,0.013,"Significant","synonymous"
"6848C>T","8209C>T",673,670.389148737138,0.00168808825826493,0.139,"Not Significant","synonymous"
"6848C>T","3757C>T",608,605.130028063611,0.00205487502852514,0.149,"Not Significant","synonymous"
"10933C>A","8740C>T",1041,1033.3021515435,0.00322339583165555,0,"Significant","synonymous"
"10933C>A","6236C>T",980,981.244153414406,-0.000551006394647418,0.414,"Not Significant","synonymous"
"10933C>A","7978C>T",1027,1019.55098222638,0.00316149622367886,0,"Significant","synonymous"
"10933C>A","12813C>T",1028,1025.44434050514,0.00108102213185346,0.007,"Significant","synonymous"
"10933C>A","9314C>T",1011,1000.88868101029,0.00436537772341416,0,"Significant","synonymous"
"10933C>A","11509C>T",1026,1023.47988774556,0.00106804795113169,0.012,"Significant","synonymous"
"10933C>A","5255C>T",972,964.546304957904,0.00334318327816458,0,"Significant","synonymous"
"10933C>A","10095C>T",944,942.937324602432,0.000489167397340485,0.446,"Not Significant","synonymous"
"10933C>A","6563C>T",1013,1008.74649204864,0.00182740790184203,0,"Significant","synonymous"
"10933C>A","7663C>T",1036,1035.26660430309,0.000307550671526369,0.222,"Not Significant","synonymous"
"10933C>A","6617C>T",996,991.066417212348,0.00215657832562794,0.001,"Significant","synonymous"
"10933C>A","10067C>T",982,978.297474275023,0.00164055550209065,0.005,"Significant","synonymous"
"10933C>A","13380C>T",1003,1003.83536014967,-0.00036155663943579,0.636,"Not Significant","synonymous"
"10933C>A","4599C>T",989,985.173058933583,0.00168376471560107,0.003,"Significant","synonymous"
"10933C>A","6122C>T",990,987.137511693171,0.00125753897988215,0.015,"Significant","synonymous"
"10933C>A","14872C>T",997,992.048643592142,0.00216219066785292,0,"Significant","synonymous"
"10933C>A","15616C>T",935,927.221702525725,0.00362802271328841,0,"Significant","synonymous"
"10933C>A","7849C>T",1017,1014.63985032741,0.00100903754196387,0.028,"Significant","synonymous"
"10933C>A","11677C>T",582,585.406922357343,-0.00253486895150747,0.146,"Not Significant","synonymous"
"10933C>A","5237G>A",967,966.510757717493,0.000219781790500048,1,"Not Significant","synonymous"
"10933C>A","6053C>T",975,969.457436856875,0.0024758691677398,0,"Significant","synonymous"
"10933C>A","15430C>T",962,959.635173058934,0.00106891445787974,0.076,"Not Significant","synonymous"
"10933C>A","4832C>T",721,719.971936389149,0.000619696217140962,0.613,"Not Significant","synonymous"
"10933C>A","14097C>T",980,974.368568755847,0.00250280967715589,0,"Significant","synonymous"
"10933C>A","15608C>T",754,752.385406922357,0.000930982376009985,0.432,"Not Significant","synonymous"
"10933C>A","9027C>T",796,794.621141253508,0.000752952264236535,0.583,"Not Significant","synonymous"
"10933C>A","11638C>T",728,729.794200187091,-0.00106902830869803,0.456,"Not Significant","synonymous"
"10933C>A","8616G>A",729,727.829747427502,0.000697726477486345,0.625,"Not Significant","synonymous"
"10933C>A","7909C>T",909,904.630495790458,0.00209265916395826,0.012,"Significant","synonymous"
"10933C>A","5375C>T",805,793.638914873714,0.00617292573212158,0,"Significant","synonymous"
"10933C>A","9162C>T",663,661.038353601497,0.001286870319636,0.494,"Not Significant","synonymous"
"10933C>A","13116C>T",575,572.637979420019,0.00178769606945602,0.345,"Not Significant","synonymous"
"10933C>A","9118C>T",603,598.175865294668,0.0034884256461153,0.025,"Significant","synonymous"
"10933C>A","3522C>T",594,591.300280636108,0.00197835986220863,0.256,"Not Significant","synonymous"
"10933C>A","9512C>T",581,578.531337698784,0.00184924374206878,0.358,"Not Significant","synonymous"
"10933C>A","7031C>T",637,633.536014967259,0.00236812383892227,0.173,"Not Significant","synonymous"
"10933C>A","5342C>T",626,621.749298409729,0.00295902933191411,0.065,"Not Significant","synonymous"
"10933C>A","4652C>T",627,625.678203928906,0.000916514634205776,0.625,"Not Significant","synonymous"
"10933C>A","6875C>T",862,860.430308699719,0.0007915657954719,0.368,"Not Significant","synonymous"
"10933C>A","12022C>T",667,663.985032740879,0.00196754411375278,0.151,"Not Significant","synonymous"
"10933C>A","7858C>T",926,923.292797006548,0.00127153922107545,0.065,"Not Significant","synonymous"
"10933C>A","9168C>T",794,787.745556594949,0.00343454028177228,0.005,"Significant","synonymous"
"10933C>A","5478C>T",613,613.891487371375,-0.0006311366868201,0.823,"Not Significant","synonymous"
"10933C>A","10762G>A",869,868.288119738073,0.000355917574433285,0.745,"Not Significant","synonymous"
"10933C>A","10961C>T",644,641.393826005613,0.00176109222357786,0.238,"Not Significant","synonymous"
"10933C>A","15400C>T",702,697.380729653882,0.00286716954956957,0.022,"Significant","synonymous"
"10933C>A","6164C>T",852,848.643592142189,0.00171425842664662,0.072,"Not Significant","synonymous"
"10933C>A","7337G>A",782,773.012160898036,0.00502042683962274,0,"Significant","synonymous"
"10933C>A","10560C>T",607,602.104770813845,0.00351662269568191,0.027,"Significant","synonymous"
"10933C>A","3474C>T",863,856.501403180543,0.00328271692148189,0.002,"Significant","synonymous"
"10933C>A","13440C>T",751,741.580916744621,0.00548139151381938,0,"Significant","synonymous"
"10933C>A","4221C>T",663,655.144995322731,0.00517610062706333,0,"Significant","synonymous"
"10933C>A","11761C>T",857,852.572497661366,0.00224950288554596,0.017,"Significant","synonymous"
"10933C>A","3525C>A",833,826.052385406922,0.00363741174771494,0,"Significant","synonymous"
"10933C>A","7400C>T",615,608.980355472404,0.0042718324160021,0.003,"Significant","synonymous"
"10933C>A","15271C>T",760,750.420954162769,0.00550863984394066,0,"Significant","synonymous"
"10933C>A","14947C>T",787,779.887745556595,0.00394263607080778,0,"Significant","synonymous"
"10933C>A","12774C>T",829,827.034611786716,0.00103084518946394,0.4,"Not Significant","synonymous"
"10933C>A","14980C>T",795,793.638914873714,0.000744174020724042,0.594,"Not Significant","synonymous"
"10933C>A","4194C>T",777,769.083255378859,0.00444766288181032,0,"Significant","synonymous"
"10933C>A","13848C>T",735,733.723105706267,0.000755143407636002,0.628,"Not Significant","synonymous"
"10933C>A","13725C>T",798,790.692235734331,0.0039954171217003,0,"Significant","synonymous"
"10933C>A","13623C>T",712,710.149672591207,0.00113010248116543,0.464,"Not Significant","synonymous"
"10933C>A","7588G>A",487,490.130963517306,-0.00278317826991498,0.173,"Not Significant","synonymous"
"10933C>A","4161C>T",766,763.189897100094,0.00159615697052947,0.19,"Not Significant","synonymous"
"10933C>A","9209G>A",794,786.763330215154,0.00397639248169808,0,"Significant","synonymous"
"10933C>A","3525C>T",678,676.753975678204,0.000798878098277385,0.637,"Not Significant","synonymous"
"10933C>A","12636C>T",462,461.646398503274,0.000332523759247939,1,"Not Significant","synonymous"
"10933C>A","3636C>T",738,727.829747427502,0.00602655998255257,0,"Significant","synonymous"
"10933C>A","10646G>A",723,720.954162768943,0.00123064351730012,0.353,"Not Significant","synonymous"
"10933C>A","8464C>T",796,792.656688493919,0.00182793915443835,0.103,"Not Significant","synonymous"
"10933C>A","14239C>T",801,794.621141253508,0.00347240061080489,0.002,"Significant","synonymous"
"10933C>A","11977C>T",973,968.475210477081,0.00202433146598051,0,"Significant","synonymous"
"10933C>A","11102C>T",719,711.131898971001,0.00477873032457493,0,"Significant","synonymous"
"10933C>A","15490C>T",746,740.598690364827,0.00315588774173431,0.011,"Significant","synonymous"
"10933C>A","15448C>T",1017,1016.604303087,0.000169009268648078,1,"Not Significant","synonymous"
"10933C>A","10592C>T",761,755.33208606174,0.00324672310798132,0.007,"Significant","synonymous"
"10933C>A","9569C>T",664,658.091674462114,0.00388168280603051,0.007,"Significant","synonymous"
"10933C>A","8841C>T",727,721.936389148737,0.00303547791368249,0.013,"Significant","synonymous"
"10933C>A","13377C>T",677,666.931711880262,0.00650730054348163,0,"Significant","synonymous"
"10933C>A","12112C>T",744,735.687558465856,0.00487952398525157,0,"Significant","synonymous"
"10933C>A","12867C>T",734,726.847521047708,0.00425274632393371,0,"Significant","synonymous"
"10933C>A","4245C>T",677,670.860617399439,0.00395637114245106,0.004,"Significant","synonymous"
"10933C>A","12381A>T",689,688.540692235734,0.00028961007980707,1,"Not Significant","synonymous"
"10933C>A","9776C>T",823,815.247895229186,0.00411014897503547,0,"Significant","synonymous"
"10933C>A","8173C>T",681,671.842843779233,0.00587941633150807,0,"Significant","synonymous"
"10933C>A","3951C>T",640,633.536014967259,0.00440866548745862,0.003,"Significant","synonymous"
"10933C>A","10874C>T",626,618.802619270346,0.00502218989568717,0.001,"Significant","synonymous"
"10933C>A","9806C>T",666,660.056127221702,0.00389336225531522,0.011,"Significant","synonymous"
"10933C>A","15265C>T",607,602.104770813845,0.00351662269568191,0.027,"Significant","synonymous"
"10933C>A","8209C>T",673,665.949485500468,0.00457377649575284,0.002,"Significant","synonymous"
"10933C>A","3757C>T",608,601.12254443405,0.00494056326601292,0,"Significant","synonymous"
"8740C>T","6236C>T",982,983.1131898971,-0.000492035047974808,0.405,"Not Significant","synonymous"
"8740C>T","7978C>T",1025,1021.49298409729,0.00148847727039169,0.002,"Significant","synonymous"
"8740C>T","12813C>T",1031,1027.39756782039,0.00152013200833085,0.001,"Significant","synonymous"
"8740C>T","9314C>T",1010,1002.79513564079,0.00310915516727365,0,"Significant","synonymous"
"8740C>T","11509C>T",1028,1025.42937324602,0.00108736108680888,0.007,"Significant","synonymous"
"8740C>T","5255C>T",972,966.383536014967,0.00251674253038244,0,"Significant","synonymous"
"8740C>T","10095C>T",948,944.733395696913,0.00149906968955544,0.02,"Significant","synonymous"
"8740C>T","6563C>T",1011,1010.66791393826,0.000142677384780571,1,"Not Significant","synonymous"
"8740C>T","7663C>T",1038,1037.23854069224,0.000318708026968899,0.23,"Not Significant","synonymous"
"8740C>T","6617C>T",996,992.954162768943,0.00133013757784586,0.01,"Significant","synonymous"
"8740C>T","10067C>T",984,980.160898035547,0.00169772539870036,0.003,"Significant","synonymous"
"8740C>T","13380C>T",1006,1005.74742750234,0.000109050312272512,1,"Not Significant","synonymous"
"8740C>T","4599C>T",990,987.049579045837,0.00129622696818938,0.016,"Significant","synonymous"
"8740C>T","6122C>T",990,989.017773620206,0.000431098232099985,0.643,"Not Significant","synonymous"
"8740C>T","14872C>T",998,993.938260056127,0.00177113289578608,0.003,"Significant","synonymous"
"8740C>T","15616C>T",932,928.987839101964,0.00140588344697003,0.037,"Significant","synonymous"
"8740C>T","7849C>T",1018,1016.57249766137,0.000609421872177071,0.102,"Not Significant","synonymous"
"8740C>T","11677C>T",585,586.521983161834,-0.00112842826699808,0.488,"Not Significant","synonymous"
"8740C>T","5237G>A",968,968.351730589336,-0.000157775731890078,1,"Not Significant","synonymous"
"8740C>T","6053C>T",973,971.304022450889,0.0007576529897728,0.143,"Not Significant","synonymous"
"8740C>T","15430C>T",963,961.463049579046,0.00069368879681912,0.175,"Not Significant","synonymous"
"8740C>T","4832C>T",722,721.34331150608,0.000395188319568833,0.793,"Not Significant","synonymous"
"8740C>T","14097C>T",980,976.22450888681,0.00167636892937383,0.005,"Significant","synonymous"
"8740C>T","15608C>T",756,753.818521983162,0.00125499125966014,0.278,"Not Significant","synonymous"
"8740C>T","9027C>T",799,796.134705332086,0.00156022309277658,0.15,"Not Significant","synonymous"
"8740C>T","11638C>T",729,731.184284377923,-0.00129932005154273,0.264,"Not Significant","synonymous"
"8740C>T","8616G>A",729,729.216089803555,-0.000128714270295759,1,"Not Significant","synonymous"
"8740C>T","7909C>T",906,906.353601496726,-0.000169467128978069,1,"Not Significant","synonymous"
"8740C>T","5375C>T",803,795.150608044902,0.0042661498951521,0,"Significant","synonymous"
"8740C>T","9162C>T",668,662.297474275023,0.00372336364262605,0.004,"Significant","synonymous"
"8740C>T","13116C>T",576,573.728718428438,0.0017158940552554,0.362,"Not Significant","synonymous"
"8740C>T","9118C>T",603,599.315247895229,0.00266198489833329,0.097,"Not Significant","synonymous"
"8740C>T","3522C>T",591,592.426566884939,-0.0010470449855112,0.644,"Not Significant","synonymous"
"8740C>T","9512C>T",584,579.633302151543,0.003259517716355,0.048,"Significant","synonymous"
"8740C>T","7031C>T",637,634.742750233863,0.00154168309114011,0.32,"Not Significant","synonymous"
"8740C>T","5342C>T",629,622.933582787652,0.00420890081897097,0.001,"Significant","synonymous"
"8740C>T","4652C>T",628,626.869971936389,0.000782176792903313,0.61,"Not Significant","synonymous"
"8740C>T","6875C>T",865,862.069223573433,0.00147396668779108,0.113,"Not Significant","synonymous"
"8740C>T","12022C>T",666,665.249766136576,0.00048949861972284,0.806,"Not Significant","synonymous"
"8740C>T","7858C>T",925,925.051449953227,-2.41554696083071e-05,1,"Not Significant","synonymous"
"8740C>T","9168C>T",795,789.246024321796,0.00315472576336414,0.004,"Significant","synonymous"
"8740C>T","5478C>T",613,615.060804490178,-0.00145757743460218,0.318,"Not Significant","synonymous"
"8740C>T","10762G>A",870,869.942001870907,2.89529966032553e-05,1,"Not Significant","synonymous"
"8740C>T","10961C>T",647,642.615528531338,0.00295306478468377,0.044,"Significant","synonymous"
"8740C>T","15400C>T",705,698.709073900842,0.00389273366338068,0,"Significant","synonymous"
"8740C>T","6164C>T",852,850.260056127222,0.000887817678864531,0.345,"Not Significant","synonymous"
"8740C>T","7337G>A",781,774.484565014032,0.00363826690929305,0,"Significant","synonymous"
"8740C>T","10560C>T",609,603.251637043966,0.00411878350551732,0.006,"Significant","synonymous"
"8740C>T","3474C>T",860,858.132834424696,0.000943931702058122,0.316,"Not Significant","synonymous"
"8740C>T","13440C>T",749,742.993451824135,0.00349683146133549,0.003,"Significant","synonymous"
"8740C>T","4221C>T",658,656.392890551918,0.00106202508846413,0.458,"Not Significant","synonymous"
"8740C>T","11761C>T",857,854.196445275959,0.00142306213776385,0.109,"Not Significant","synonymous"
"8740C>T","3525C>A",829,827.625818521983,0.000720500143419058,0.541,"Not Significant","synonymous"
"8740C>T","7400C>T",613,610.140318054256,0.00203075041121857,0.204,"Not Significant","synonymous"
"8740C>T","15271C>T",760,751.850327408793,0.00468219909615857,0.001,"Significant","synonymous"
"8740C>T","14947C>T",789,781.373246024322,0.00421846617338128,0,"Significant","synonymous"
"8740C>T","12774C>T",829,828.609915809167,0.000204404441681795,1,"Not Significant","synonymous"
"8740C>T","14980C>T",793,795.150608044902,-0.0011762080659244,0.274,"Not Significant","synonymous"
"8740C>T","4194C>T",775,770.548175865295,0.00250190583942436,0.026,"Significant","synonymous"
"8740C>T","13848C>T",734,735.12067352666,-0.000662576508270376,0.592,"Not Significant","synonymous"
"8740C>T","13725C>T",793,792.198316183349,0.000439272340792973,0.8,"Not Significant","synonymous"
"8740C>T","13623C>T",714,711.502338634238,0.0015218798727012,0.303,"Not Significant","synonymous"
"8740C>T","7588G>A",488,491.064546304958,-0.00271875822962093,0.13,"Not Significant","synonymous"
"8740C>T","4161C>T",763,764.643592142189,-0.000934515454975832,0.423,"Not Significant","synonymous"
"8740C>T","9209G>A",792,788.261927034612,0.00205463089631332,0.044,"Significant","synonymous"
"8740C>T","3525C>T",675,678.043030869972,-0.00195348368554289,0.127,"Not Significant","synonymous"
"8740C>T","12636C>T",466,462.525724976614,0.0032500241453397,0.153,"Not Significant","synonymous"
"8740C>T","3636C>T",738,729.216089803555,0.00520011923477045,0,"Significant","synonymous"
"8740C>T","10646G>A",722,722.327408793265,-0.000196896955373644,1,"Not Significant","synonymous"
"8740C>T","8464C>T",794,794.166510757717,-9.1066903916364e-05,1,"Not Significant","synonymous"
"8740C>T","14239C>T",802,796.134705332086,0.00318781206294852,0.006,"Significant","synonymous"
"8740C>T","11977C>T",975,970.319925163704,0.00208966614838318,0.001,"Significant","synonymous"
"8740C>T","11102C>T",722,712.486435921422,0.00576059676354911,0,"Significant","synonymous"
"8740C>T","15490C>T",742,742.00935453695,-5.4751996891975e-06,1,"Not Significant","synonymous"
"8740C>T","15448C>T",1021,1018.54069223573,0.00104735768503142,0.014,"Significant","synonymous"
"8740C>T","10592C>T",757,756.770813844715,0.000131505089699507,1,"Not Significant","synonymous"
"8740C>T","9569C>T",664,659.34518241347,0.00305524205824839,0.032,"Significant","synonymous"
"8740C>T","8841C>T",726,723.311506080449,0.00161124700695633,0.186,"Not Significant","synonymous"
"8740C>T","13377C>T",679,668.202057998129,0.00696196539105674,0,"Significant","synonymous"
"8740C>T","12112C>T",745,737.088868101029,0.00463642043988347,0,"Significant","synonymous"
"8740C>T","12867C>T",733,728.23199251637,0.00283422030120918,0.019,"Significant","synonymous"
"8740C>T","4245C>T",678,672.138447146866,0.00377095557658796,0.006,"Significant","synonymous"
"8740C>T","12381A>T",690,689.852198316183,9.30381616544364e-05,1,"Not Significant","synonymous"
"8740C>T","9776C>T",824,816.800748362956,0.00381108471209922,0,"Significant","synonymous"
"8740C>T","8173C>T",683,673.12254443405,0.00632656735247316,0,"Significant","synonymous"
"8740C>T","3951C>T",641,634.742750233863,0.00426028027460674,0,"Significant","synonymous"
"8740C>T","10874C>T",626,619.981290926099,0.0041957491479051,0.002,"Significant","synonymous"
"8740C>T","9806C>T",668,661.313376987839,0.00436915481277752,0,"Significant","synonymous"
"8740C>T","15265C>T",607,603.251637043966,0.00269018194789982,0.09,"Not Significant","synonymous"
"8740C>T","8209C>T",673,667.217960710945,0.00374733574797073,0.01,"Significant","synonymous"
"8740C>T","3757C>T",610,602.267539756782,0.00554037825626271,0,"Significant","synonymous"
"6236C>T","7978C>T",969,970.029934518241,-0.000461359478877897,0.538,"Not Significant","synonymous"
"6236C>T","12813C>T",975,975.637043966324,-0.000283665984910793,0.714,"Not Significant","synonymous"
"6236C>T","9314C>T",952,952.274087932647,-0.000125018639156365,1,"Not Significant","synonymous"
"6236C>T","11509C>T",972,973.76800748363,-0.000789237054435317,0.253,"Not Significant","synonymous"
"6236C>T","5255C>T",914,917.696913002806,-0.00175307507032234,0.121,"Not Significant","synonymous"
"6236C>T","10095C>T",896,897.137511693171,-0.000551006394647369,0.685,"Not Significant","synonymous"
"6236C>T","6563C>T",958,959.750233863424,-0.000792717535938013,0.361,"Not Significant","synonymous"
"6236C>T","7663C>T",985,984.982226379794,7.83660387966805e-06,1,"Not Significant","synonymous"
"6236C>T","6617C>T",946,942.928905519177,0.00141218714767781,0.104,"Not Significant","synonymous"
"6236C>T","10067C>T",931,930.780168381665,0.000102559540439587,1,"Not Significant","synonymous"
"6236C>T","13380C>T",954,955.077642656689,-0.000490304111803108,0.597,"Not Significant","synonymous"
"6236C>T","4599C>T",940,937.321796071094,0.0012391375620761,0.184,"Not Significant","synonymous"
"6236C>T","6122C>T",939,939.190832553789,-8.82525076010587e-05,1,"Not Significant","synonymous"
"6236C>T","14872C>T",944,943.863423760524,6.2837498222102e-05,1,"Not Significant","synonymous"
"6236C>T","15616C>T",877,882.185219831618,-0.00256018394923241,0.054,"Not Significant","synonymous"
"6236C>T","7849C>T",965,965.357343311506,-0.00016079119303231,1,"Not Significant","synonymous"
"6236C>T","11677C>T",573,556.972871842844,0.0123205792099472,0,"Significant","synonymous"
"6236C>T","5237G>A",917,919.5659494855,-0.00121354577852454,0.263,"Not Significant","synonymous"
"6236C>T","6053C>T",924,922.369504209542,0.0007670355332656,0.464,"Not Significant","synonymous"
"6236C>T","15430C>T",912,913.024321796071,-0.000487508407561109,0.673,"Not Significant","synonymous"
"6236C>T","4832C>T",676,685.00187090739,-0.00574506171669543,0.013,"Significant","synonymous"
"6236C>T","14097C>T",925,927.042095416277,-0.000957722432350252,0.342,"Not Significant","synonymous"
"6236C>T","15608C>T",714,715.840972871843,-0.00111834087363377,0.687,"Not Significant","synonymous"
"6236C>T","9027C>T",763,756.025257249766,0.00398823332540341,0.055,"Not Significant","synonymous"
"6236C>T","11638C>T",689,694.347053320861,-0.00335737487015326,0.179,"Not Significant","synonymous"
"6236C>T","8616G>A",697,692.478016838167,0.00282678710147652,0.239,"Not Significant","synonymous"
"6236C>T","7909C>T",862,860.691300280636,0.000659852610659575,0.751,"Not Significant","synonymous"
"6236C>T","5375C>T",755,755.090739008419,-5.21921626021685e-05,1,"Not Significant","synonymous"
"6236C>T","9162C>T",616,628.930776426567,-0.00902213507675424,0,"Significant","synonymous"
"6236C>T","13116C>T",547,544.824134705332,0.0017309885572121,0.617,"Not Significant","synonymous"
"6236C>T","9118C>T",570,569.121608980355,0.000669780022411665,0.911,"Not Significant","synonymous"
"6236C>T","3522C>T",568,562.579981290926,0.0041640614359893,0.239,"Not Significant","synonymous"
"6236C>T","9512C>T",557,550.431244153414,0.00515211736942198,0.109,"Not Significant","synonymous"
"6236C>T","7031C>T",606,602.76426566885,0.00232512651381372,0.454,"Not Significant","synonymous"
"6236C>T","5342C>T",580,591.550046772685,-0.00856349947162069,0.007,"Significant","synonymous"
"6236C>T","4652C>T",591,595.288119738073,-0.00313973447129884,0.326,"Not Significant","synonymous"
"6236C>T","6875C>T",820,818.637979420019,0.000721963198431602,0.742,"Not Significant","synonymous"
"6236C>T","12022C>T",626,631.734331150608,-0.00396014574840979,0.161,"Not Significant","synonymous"
"6236C>T","7858C>T",884,878.44714686623,0.00273662839616979,0.033,"Significant","synonymous"
"6236C>T","9168C>T",736,749.483629560337,-0.00788433696386791,0,"Significant","synonymous"
"6236C>T","5478C>T",581,584.073900841908,-0.00229166797094837,0.456,"Not Significant","synonymous"
"6236C>T","10762G>A",822,826.114125350795,-0.00216823049022671,0.201,"Not Significant","synonymous"
"6236C>T","10961C>T",599,610.240411599626,-0.00807414190296545,0.002,"Significant","synonymous"
"6236C>T","15400C>T",651,663.507951356408,-0.00826514316808633,0,"Significant","synonymous"
"6236C>T","6164C>T",813,807.423760523854,0.0029890200979702,0.083,"Not Significant","synonymous"
"6236C>T","7337G>A",728,735.465855940131,-0.00443113606323103,0.043,"Significant","synonymous"
"6236C>T","10560C>T",595,572.859681945744,0.0164687081929274,0,"Significant","synonymous"
"6236C>T","3474C>T",811,814.899906454631,-0.00208341373861527,0.273,"Not Significant","synonymous"
"6236C>T","13440C>T",691,705.561272217025,-0.0090566872721928,0,"Significant","synonymous"
"6236C>T","4221C>T",610,623.323666978485,-0.00938378192298469,0.002,"Significant","synonymous"
"6236C>T","11761C>T",806,811.161833489242,-0.00277246638860516,0.117,"Not Significant","synonymous"
"6236C>T","3525C>A",788,785.929840972872,0.00114243867443874,0.524,"Not Significant","synonymous"
"6236C>T","7400C>T",570,579.401309635173,-0.00710461684296558,0.02,"Significant","synonymous"
"6236C>T","15271C>T",704,713.971936389149,-0.00610848245078112,0.003,"Significant","synonymous"
"6236C>T","14947C>T",732,742.00748362956,-0.00589720438590792,0.001,"Significant","synonymous"
"6236C>T","12774C>T",781,786.864359214219,-0.00324884063955303,0.103,"Not Significant","synonymous"
"6236C>T","14980C>T",747,755.090739008419,-0.00467854197639105,0.018,"Significant","synonymous"
"6236C>T","4194C>T",742,731.727782974743,0.00605436020387865,0.01,"Significant","synonymous"
"6236C>T","13848C>T",687,698.085126286249,-0.00695164777305158,0.004,"Significant","synonymous"
"6236C>T","13725C>T",747,752.287184284378,-0.00306306156967364,0.131,"Not Significant","synonymous"
"6236C>T","13623C>T",672,675.65668849392,-0.00235680725790953,0.37,"Not Significant","synonymous"
"6236C>T","7588G>A",475,466.32460243218,0.00800528098427068,0.026,"Significant","synonymous"
"6236C>T","4161C>T",717,726.12067352666,-0.00548964615031767,0.012,"Significant","synonymous"
"6236C>T","9209G>A",756,748.54911131899,0.00430149639976404,0.043,"Significant","synonymous"
"6236C>T","3525C>T",652,643.88306828812,0.00544059080708928,0.048,"Significant","synonymous"
"6236C>T","12636C>T",453,439.223573433115,0.0134125610599071,0,"Significant","synonymous"
"6236C>T","3636C>T",700,692.478016838167,0.00469204901772365,0.045,"Significant","synonymous"
"6236C>T","10646G>A",675,685.936389148737,-0.00698007010224887,0.005,"Significant","synonymous"
"6236C>T","8464C>T",751,754.156220767072,-0.00182138073510606,0.412,"Not Significant","synonymous"
"6236C>T","14239C>T",755,756.025257249766,-0.000589353000288195,0.804,"Not Significant","synonymous"
"6236C>T","11977C>T",923,921.434985968194,0.000737003067496492,0.47,"Not Significant","synonymous"
"6236C>T","11102C>T",683,676.591206735267,0.00409435446718079,0.115,"Not Significant","synonymous"
"6236C>T","15490C>T",696,704.626753975678,-0.00534988927641547,0.016,"Significant","synonymous"
"6236C>T","15448C>T",972,967.2263797942,0.00213813211613354,0.007,"Significant","synonymous"
"6236C>T","10592C>T",720,718.644527595884,0.000818373612633034,0.795,"Not Significant","synonymous"
"6236C>T","9569C>T",614,626.127221702526,-0.00849421457686166,0.003,"Significant","synonymous"
"6236C>T","8841C>T",681,686.870907390084,-0.00372801018861347,0.13,"Not Significant","synonymous"
"6236C>T","13377C>T",642,634.537885874649,0.00507747077114649,0.084,"Not Significant","synonymous"
"6236C>T","12112C>T",692,699.954162768943,-0.00496350625991225,0.035,"Significant","synonymous"
"6236C>T","12867C>T",683,691.54349859682,-0.00539879906664719,0.025,"Significant","synonymous"
"6236C>T","4245C>T",637,638.275958840037,-0.000869054363386326,0.806,"Not Significant","synonymous"
"6236C>T","12381A>T",645,655.097287184284,-0.00674608634859413,0.013,"Significant","synonymous"
"6236C>T","9776C>T",771,775.650140318054,-0.00261149734232085,0.178,"Not Significant","synonymous"
"6236C>T","8173C>T",645,639.210477081384,0.00391582989794669,0.17,"Not Significant","synonymous"
"6236C>T","3951C>T",598,602.76426566885,-0.0034463136640607,0.242,"Not Significant","synonymous"
"6236C>T","10874C>T",577,588.746492048644,-0.00875251931505303,0.006,"Significant","synonymous"
"6236C>T","9806C>T",618,627.99625818522,-0.0069685809822126,0.013,"Significant","synonymous"
"6236C>T","15265C>T",561,572.859681945744,-0.00908539627945631,0.005,"Significant","synonymous"
"6236C>T","8209C>T",627,633.603367633302,-0.00454993605355049,0.091,"Not Significant","synonymous"
"6236C>T","3757C>T",585,571.925163704397,0.00981666091941331,0,"Significant","synonymous"
"7978C>T","12813C>T",1019,1013.72497661366,0.00225403703652181,0,"Significant","synonymous"
"7978C>T","9314C>T",1002,989.449953227315,0.00547388922113884,0,"Significant","synonymous"
"7978C>T","11509C>T",1014,1011.78297474275,0.000950587730150359,0.04,"Significant","synonymous"
"7978C>T","5255C>T",969,953.522918615528,0.006992640960154,0,"Significant","synonymous"
"7978C>T","10095C>T",935,932.160898035547,0.00132072952928829,0.112,"Not Significant","synonymous"
"7978C>T","6563C>T",1001,997.217960710945,0.00164398557837916,0.01,"Significant","synonymous"
"7978C>T","7663C>T",1024,1023.43498596819,0.000239697459623126,0.366,"Not Significant","synonymous"
"7978C>T","6617C>T",983,979.739943872778,0.00144270329156399,0.031,"Significant","synonymous"
"7978C>T","10067C>T",972,967.11693171188,0.00218727819891462,0.004,"Significant","synonymous"
"7978C>T","13380C>T",995,992.362956033676,0.00115253664337034,0.053,"Not Significant","synonymous"
"7978C>T","4599C>T",974,973.913938260056,3.83755545364001e-05,1,"Not Significant","synonymous"
"7978C>T","6122C>T",978,975.855940130964,0.000953144727432619,0.1,"Not Significant","synonymous"
"7978C>T","14872C>T",982,980.710944808232,0.000570465700645989,0.415,"Not Significant","synonymous"
"7978C>T","15616C>T",924,916.624883068288,0.00348032861837631,0,"Significant","synonymous"
"7978C>T","7849C>T",1008,1003.04396632367,0.00214056228622471,0,"Significant","synonymous"
"7978C>T","11677C>T",576,578.716557530402,-0.00204342462068507,0.339,"Not Significant","synonymous"
"7978C>T","5237G>A",958,955.464920486436,0.00115076234354176,0.097,"Not Significant","synonymous"
"7978C>T","6053C>T",962,958.377923292797,0.00163827106451503,0.03,"Significant","synonymous"
"7978C>T","15430C>T",955,948.66791393826,0.00288915956131196,0,"Significant","synonymous"
"7978C>T","4832C>T",716,711.743685687558,0.00258939936306625,0.12,"Not Significant","synonymous"
"7978C>T","14097C>T",971,963.232927970065,0.00348790945016483,0,"Significant","synonymous"
"7978C>T","15608C>T",743,743.78671655753,-0.00045960417568963,0.836,"Not Significant","synonymous"
"7978C>T","9027C>T",792,785.539756782039,0.00355701167355972,0.006,"Significant","synonymous"
"7978C>T","11638C>T",726,721.453695042095,0.002728158635857,0.08,"Not Significant","synonymous"
"7978C>T","8616G>A",723,719.511693171188,0.00210044101154131,0.261,"Not Significant","synonymous"
"7978C>T","7909C>T",904,894.291861552853,0.00468915197485292,0,"Significant","synonymous"
"7978C>T","5375C>T",794,784.568755846586,0.00518949334884848,0,"Significant","synonymous"
"7978C>T","9162C>T",662,653.483629560337,0.00562327691206115,0.003,"Significant","synonymous"
"7978C>T","13116C>T",565,566.093545369504,-0.00083975524323646,0.696,"Not Significant","synonymous"
"7978C>T","9118C>T",593,591.3395696913,0.001217752427726,0.572,"Not Significant","synonymous"
"7978C>T","3522C>T",589,584.542563143124,0.00329915522561549,0.131,"Not Significant","synonymous"
"7978C>T","9512C>T",572,571.919550982226,6.10857022615031e-05,1,"Not Significant","synonymous"
"7978C>T","7031C>T",629,626.295603367633,0.00187128250633981,0.366,"Not Significant","synonymous"
"7978C>T","5342C>T",624,614.643592142189,0.00656123136140679,0,"Significant","synonymous"
"7978C>T","4652C>T",622,618.527595884004,0.00243130405180685,0.261,"Not Significant","synonymous"
"7978C>T","6875C>T",857,850.596819457437,0.00325706745145604,0.005,"Significant","synonymous"
"7978C>T","12022C>T",660,656.396632366698,0.0023775912965714,0.175,"Not Significant","synonymous"
"7978C>T","7858C>T",919,912.740879326473,0.00296800948275129,0,"Significant","synonymous"
"7978C>T","9168C>T",786,778.742750233863,0.00402852945158282,0.003,"Significant","synonymous"
"7978C>T","5478C>T",607,606.875584658559,8.90254275213709e-05,1,"Not Significant","synonymous"
"7978C>T","10762G>A",865,858.364826941066,0.0033441941480798,0.001,"Significant","synonymous"
"7978C>T","10961C>T",639,634.063610851263,0.00336802857966464,0.079,"Not Significant","synonymous"
"7978C>T","15400C>T",700,689.410664172123,0.00662004299151959,0,"Significant","synonymous"
"7978C>T","6164C>T",843,838.944808231993,0.00209418384218777,0.061,"Not Significant","synonymous"
"7978C>T","7337G>A",771,764.177736202058,0.00385999738823085,0.006,"Significant","synonymous"
"7978C>T","10560C>T",603,595.223573433115,0.00563718931807424,0.005,"Significant","synonymous"
"7978C>T","3474C>T",860,846.712815715622,0.00676231800733869,0,"Significant","synonymous"
"7978C>T","13440C>T",742,733.10570626754,0.00523730534617705,0.001,"Significant","synonymous"
"7978C>T","4221C>T",658,647.657623947615,0.00688041139374436,0,"Significant","synonymous"
"7978C>T","11761C>T",844,842.828811973807,0.000603073145501996,0.644,"Not Significant","synonymous"
"7978C>T","3525C>A",826,816.611786716558,0.00496440321880837,0.001,"Significant","synonymous"
"7978C>T","7400C>T",606,602.020579981291,0.00286128636437085,0.208,"Not Significant","synonymous"
"7978C>T","15271C>T",753,741.844714686623,0.00648196932134875,0,"Significant","synonymous"
"7978C>T","14947C>T",779,770.974742750234,0.0044973069418066,0,"Significant","synonymous"
"7978C>T","12774C>T",822,817.582787652011,0.00234007773673956,0.07,"Not Significant","synonymous"
"7978C>T","14980C>T",792,784.568755846586,0.00409417251124581,0.003,"Significant","synonymous"
"7978C>T","4194C>T",766,760.293732460243,0.00324735927099911,0.027,"Significant","synonymous"
"7978C>T","13848C>T",734,725.33769878391,0.00515580979701008,0.001,"Significant","synonymous"
"7978C>T","13725C>T",793,781.655753040225,0.00625765864607343,0,"Significant","synonymous"
"7978C>T","13623C>T",707,702.033676333021,0.00306146819870719,0.07,"Not Significant","synonymous"
"7978C>T","7588G>A",483,484.529466791394,-0.0013730631755385,0.616,"Not Significant","synonymous"
"7978C>T","4161C>T",762,754.467726847521,0.00431430423502466,0.005,"Significant","synonymous"
"7978C>T","9209G>A",786,777.77174929841,0.00457038165150864,0.002,"Significant","synonymous"
"7978C>T","3525C>T",671,669.019644527596,0.00128364995770505,0.56,"Not Significant","synonymous"
"7978C>T","12636C>T",462,456.370439663237,0.00532446931674587,0.04,"Significant","synonymous"
"7978C>T","3636C>T",728,719.511693171188,0.0050935230300472,0.003,"Significant","synonymous"
"7978C>T","10646G>A",718,712.714686623012,0.00320873602256833,0.05,"Not Significant","synonymous"
"7978C>T","8464C>T",787,783.597754911132,0.00188154933333289,0.188,"Not Significant","synonymous"
"7978C>T","14239C>T",794,785.539756782039,0.00465233251116235,0,"Significant","synonymous"
"7978C>T","11977C>T",966,957.406922357343,0.00388056317062068,0,"Significant","synonymous"
"7978C>T","11102C>T",710,703.004677268475,0.00430013421826671,0.008,"Significant","synonymous"
"7978C>T","15490C>T",738,732.134705332086,0.00346536764960603,0.021,"Significant","synonymous"
"7978C>T","15448C>T",1008,1004.98596819457,0.0013005340129088,0.012,"Significant","synonymous"
"7978C>T","10592C>T",756,746.699719363891,0.00537580739611378,0.001,"Significant","synonymous"
"7978C>T","9569C>T",658,650.570626753976,0.00493144260946724,0.007,"Significant","synonymous"
"7978C>T","8841C>T",723,713.685687558466,0.00563130990667411,0.001,"Significant","synonymous"
"7978C>T","13377C>T",668,659.309635173059,0.0056870398913821,0.001,"Significant","synonymous"
"7978C>T","12112C>T",736,727.279700654818,0.00517634833437065,0.001,"Significant","synonymous"
"7978C>T","12867C>T",729,718.540692235734,0.00627616028333656,0,"Significant","synonymous"
"7978C>T","4245C>T",668,663.193638914874,0.00313611049035158,0.093,"Not Significant","synonymous"
"7978C>T","12381A>T",688,680.67165575304,0.00465077196519093,0.005,"Significant","synonymous"
"7978C>T","9776C>T",815,805.930776426567,0.00485986806024112,0.001,"Significant","synonymous"
"7978C>T","8173C>T",670,664.164639850327,0.00379905267704866,0.049,"Significant","synonymous"
"7978C>T","3951C>T",632,626.295603367633,0.00393771534345554,0.034,"Significant","synonymous"
"7978C>T","10874C>T",625,611.730589335828,0.00931981958683103,0,"Significant","synonymous"
"7978C>T","9806C>T",658,652.512628624883,0.00363697225646866,0.069,"Not Significant","synonymous"
"7978C>T","15265C>T",601,595.223573433115,0.00419434918066275,0.042,"Significant","synonymous"
"7978C>T","8209C>T",670,658.338634237605,0.00762546053010087,0.001,"Significant","synonymous"
"7978C>T","3757C>T",605,594.252572497661,0.00778430420324533,0,"Significant","synonymous"
"12813C>T","9314C>T",1003,995.169317118803,0.00340395555652606,0,"Significant","synonymous"
"12813C>T","11509C>T",1019,1017.63143124415,0.000583671585455355,0.135,"Not Significant","synonymous"
"12813C>T","5255C>T",969,959.034611786716,0.00448949580634987,0,"Significant","synonymous"
"12813C>T","10095C>T",941,937.54911131899,0.00159559693022301,0.044,"Significant","synonymous"
"12813C>T","6563C>T",1005,1002.98222637979,0.000872824701764085,0.086,"Not Significant","synonymous"
"12813C>T","7663C>T",1029,1029.35079513564,-0.000148029571560194,1,"Not Significant","synonymous"
"12813C>T","6617C>T",987,985.403180542563,0.000703192975260809,0.168,"Not Significant","synonymous"
"12813C>T","10067C>T",976,972.707202993452,0.00146768578552754,0.024,"Significant","synonymous"
"12813C>T","13380C>T",999,998.099158091674,0.000391798969823086,0.63,"Not Significant","synonymous"
"12813C>T","4599C>T",980,979.543498596819,0.000202349214611427,1,"Not Significant","synonymous"
"12813C>T","6122C>T",982,981.496725912067,0.000222632572976691,0.661,"Not Significant","synonymous"
"12813C>T","14872C>T",988,986.379794200187,0.000712777347520149,0.157,"Not Significant","synonymous"
"12813C>T","15616C>T",925,921.923292797007,0.00144694498349819,0.059,"Not Significant","synonymous"
"12813C>T","7849C>T",1010,1008.84190832554,0.000498258805556558,0.216,"Not Significant","synonymous"
"12813C>T","11677C>T",583,582.061739943873,0.000699501561312219,0.853,"Not Significant","synonymous"
"12813C>T","5237G>A",964,960.987839101964,0.00135914201402378,0.051,"Not Significant","synonymous"
"12813C>T","6053C>T",965,963.917680074836,0.000487367216690473,0.447,"Not Significant","synonymous"
"12813C>T","15430C>T",955,954.151543498597,0.000386014407507866,0.715,"Not Significant","synonymous"
"12813C>T","4832C>T",716,715.857811038354,8.62542092622806e-05,1,"Not Significant","synonymous"
"12813C>T","14097C>T",970,968.800748362956,0.00053726865460077,0.398,"Not Significant","synonymous"
"12813C>T","15608C>T",748,748.086061739944,-4.99652256079671e-05,1,"Not Significant","synonymous"
"12813C>T","9027C>T",796,790.080449017774,0.00324175266793095,0.008,"Significant","synonymous"
"12813C>T","11638C>T",724,725.623947614593,-0.000973041020893567,0.521,"Not Significant","synonymous"
"12813C>T","8616G>A",725,723.670720299345,0.000797005134200061,0.663,"Not Significant","synonymous"
"12813C>T","7909C>T",905,899.461178671656,0.00266615555088876,0.007,"Significant","synonymous"
"12813C>T","5375C>T",790,789.10383536015,0.000492937058389835,0.801,"Not Significant","synonymous"
"12813C>T","9162C>T",661,657.260991580917,0.00246360180419768,0.132,"Not Significant","synonymous"
"12813C>T","13116C>T",570,569.365762394762,0.000483507456011816,0.834,"Not Significant","synonymous"
"12813C>T","9118C>T",597,594.757717492984,0.00163424503902813,0.421,"Not Significant","synonymous"
"12813C>T","3522C>T",589,587.921421889616,0.000796010071811623,0.684,"Not Significant","synonymous"
"12813C>T","9512C>T",574,575.225444340505,-0.000926195846593232,0.687,"Not Significant","synonymous"
"12813C>T","7031C>T",632,629.915809167446,0.00143457018965163,0.407,"Not Significant","synonymous"
"12813C>T","5342C>T",623,618.196445275959,0.00336154318434866,0.056,"Not Significant","synonymous"
"12813C>T","4652C>T",621,622.102899906455,-0.000770625616235401,0.681,"Not Significant","synonymous"
"12813C>T","6875C>T",860,855.513564078578,0.00227155161802141,0.032,"Significant","synonymous"
"12813C>T","12022C>T",658,660.190832553788,-0.00144359578514547,0.41,"Not Significant","synonymous"
"12813C>T","7858C>T",921,918.016838166511,0.00140898313968485,0.088,"Not Significant","synonymous"
"12813C>T","9168C>T",789,783.244153414406,0.00317984146779108,0.009,"Significant","synonymous"
"12813C>T","5478C>T",608,610.383536014967,-0.00169923152880524,0.419,"Not Significant","synonymous"
"12813C>T","10762G>A",868,863.32647333957,0.0023446667059532,0.019,"Significant","synonymous"
"12813C>T","10961C>T",639,637.728718428438,0.000864883425860786,0.667,"Not Significant","synonymous"
"12813C>T","15400C>T",697,693.395696913003,0.00225163592146847,0.122,"Not Significant","synonymous"
"12813C>T","6164C>T",846,843.794200187091,0.00113382710266479,0.292,"Not Significant","synonymous"
"12813C>T","7337G>A",772,768.594948550047,0.00191977451920605,0.177,"Not Significant","synonymous"
"12813C>T","10560C>T",601,598.66417212348,0.00169120402685886,0.41,"Not Significant","synonymous"
"12813C>T","3474C>T",857,851.607109448082,0.00274154353316533,0.007,"Significant","synonymous"
"12813C>T","13440C>T",741,737.34331150608,0.00214846289267435,0.123,"Not Significant","synonymous"
"12813C>T","4221C>T",655,651.401309635173,0.00239267261776838,0.132,"Not Significant","synonymous"
"12813C>T","11761C>T",849,847.700654817586,0.000665171609995353,0.608,"Not Significant","synonymous"
"12813C>T","3525C>A",827,821.33208606174,0.00298672029716883,0.016,"Significant","synonymous"
"12813C>T","7400C>T",607,605.500467726848,0.00107420811953817,0.7,"Not Significant","synonymous"
"12813C>T","15271C>T",745,746.132834424696,-0.000659879284862299,0.673,"Not Significant","synonymous"
"12813C>T","14947C>T",776,775.431244153414,0.000318425373626799,0.804,"Not Significant","synonymous"
"12813C>T","12774C>T",827,822.308699719364,0.00247062459543155,0.027,"Significant","synonymous"
"12813C>T","14980C>T",791,789.10383536015,0.00104232926562495,0.52,"Not Significant","synonymous"
"12813C>T","4194C>T",771,764.688493919551,0.00356982253554776,0.008,"Significant","synonymous"
"12813C>T","13848C>T",735,729.530402245089,0.00324394381133036,0.026,"Significant","synonymous"
"12813C>T","13725C>T",791,786.173994387278,0.00265780967234239,0.028,"Significant","synonymous"
"12813C>T","13623C>T",707,706.091674462114,0.000558323044903196,0.824,"Not Significant","synonymous"
"12813C>T","7588G>A",492,487.33021515435,0.00414176368650424,0.076,"Not Significant","synonymous"
"12813C>T","4161C>T",763,758.828811973807,0.00238072569650054,0.063,"Not Significant","synonymous"
"12813C>T","9209G>A",786,782.267539756782,0.00206723649770465,0.097,"Not Significant","synonymous"
"12813C>T","3525C>T",675,672.8868101029,0.00136175746593357,0.366,"Not Significant","synonymous"
"12813C>T","12636C>T",463,459.008419083255,0.00376033962476953,0.154,"Not Significant","synonymous"
"12813C>T","3636C>T",729,723.670720299345,0.00318652688118065,0.032,"Significant","synonymous"
"12813C>T","10646G>A",723,716.834424695978,0.00371944392099441,0.013,"Significant","synonymous"
"12813C>T","8464C>T",790,788.127221702526,0.00103076311090557,0.467,"Not Significant","synonymous"
"12813C>T","14239C>T",795,790.080449017774,0.00269581358673231,0.031,"Significant","synonymous"
"12813C>T","11977C>T",965,962.941066417212,0.00092760494511592,0.129,"Not Significant","synonymous"
"12813C>T","11102C>T",710,707.068288119738,0.00179698906446283,0.282,"Not Significant","synonymous"
"12813C>T","15490C>T",739,736.366697848456,0.0015502990675862,0.273,"Not Significant","synonymous"
"12813C>T","15448C>T",1012,1010.79513564079,0.00051736925337843,0.179,"Not Significant","synonymous"
"12813C>T","10592C>T",757,751.015902712816,0.00344674624117597,0.017,"Significant","synonymous"
"12813C>T","9569C>T",658,654.331150608045,0.00242829745566336,0.143,"Not Significant","synonymous"
"12813C>T","8841C>T",721,717.811038353602,0.00192513217776849,0.19,"Not Significant","synonymous"
"12813C>T","13377C>T",665,663.12067352666,0.00122907756513739,0.541,"Not Significant","synonymous"
"12813C>T","12112C>T",737,731.483629560337,0.00326287670211931,0.013,"Significant","synonymous"
"12813C>T","12867C>T",731,722.694106641721,0.00496286376941825,0,"Significant","synonymous"
"12813C>T","4245C>T",666,667.027128157156,-0.000669267968696807,0.682,"Not Significant","synonymous"
"12813C>T","12381A>T",690,684.606173994387,0.00340827931313092,0.026,"Significant","synonymous"
"12813C>T","9776C>T",814,810.589335827876,0.00182351905566185,0.153,"Not Significant","synonymous"
"12813C>T","8173C>T",671,668.00374181478,0.00194362499141021,0.297,"Not Significant","synonymous"
"12813C>T","3951C>T",639,629.915809167446,0.00621835006566602,0.001,"Significant","synonymous"
"12813C>T","10874C>T",619,615.266604303087,0.00262730610907061,0.156,"Not Significant","synonymous"
"12813C>T","9806C>T",658,656.284377923293,0.00113382710266469,0.527,"Not Significant","synonymous"
"12813C>T","15265C>T",605,598.66417212348,0.00457210667658776,0.008,"Significant","synonymous"
"12813C>T","8209C>T",668,662.144059869036,0.00382397515101644,0.021,"Significant","synonymous"
"12813C>T","3757C>T",605,597.687558465856,0.00528115904944156,0.006,"Significant","synonymous"
"9314C>T","11509C>T",996,993.262862488307,0.00119514066254448,0.036,"Significant","synonymous"
"9314C>T","5255C>T",958,936.069223573433,0.0100575424939453,0,"Significant","synonymous"
"9314C>T","10095C>T",919,915.09822263798,0.00184779954889422,0.093,"Not Significant","synonymous"
"9314C>T","6563C>T",982,978.964452759589,0.00134456539202293,0.038,"Significant","synonymous"
"9314C>T","7663C>T",1005,1004.70159027128,0.000128972082331469,1,"Not Significant","synonymous"
"9314C>T","6617C>T",967,961.806361085126,0.00233882904844249,0.007,"Significant","synonymous"
"9314C>T","10067C>T",957,949.414405986904,0.00345612055549598,0.001,"Significant","synonymous"
"9314C>T","13380C>T",976,974.198316183349,0.000802443070349418,0.26,"Not Significant","synonymous"
"9314C>T","4599C>T",962,956.086997193639,0.00267766021974621,0.003,"Significant","synonymous"
"9314C>T","6122C>T",964,957.993451824135,0.00271449334867449,0,"Significant","synonymous"
"9314C>T","14872C>T",968,962.759588400374,0.00235750472810245,0.008,"Significant","synonymous"
"9314C>T","15616C>T",912,899.846585594013,0.00582636523269826,0,"Significant","synonymous"
"9314C>T","7849C>T",990,984.683816651076,0.00233839428028064,0.002,"Significant","synonymous"
"9314C>T","11677C>T",564,568.123479887746,-0.00316363455454199,0.246,"Not Significant","synonymous"
"9314C>T","5237G>A",943,937.975678203929,0.00232011550833821,0.013,"Significant","synonymous"
"9314C>T","6053C>T",949,940.835360149673,0.00375258096000712,0,"Significant","synonymous"
"9314C>T","15430C>T",939,931.303086997194,0.00357454974968909,0,"Significant","synonymous"
"9314C>T","4832C>T",701,698.715622076707,0.00141756452788212,0.552,"Not Significant","synonymous"
"9314C>T","14097C>T",954,945.601496725912,0.00384022375226765,0.002,"Significant","synonymous"
"9314C>T","15608C>T",727,730.172123479888,-0.00189083757121429,0.35,"Not Significant","synonymous"
"9314C>T","9027C>T",780,771.160898035547,0.00494960228055904,0.008,"Significant","synonymous"
"9314C>T","11638C>T",713,708.247895229186,0.0029042372936415,0.159,"Not Significant","synonymous"
"9314C>T","8616G>A",701,706.34144059869,-0.00329666881031743,0.104,"Not Significant","synonymous"
"9314C>T","7909C>T",885,877.922357343312,0.00348716170332769,0.003,"Significant","synonymous"
"9314C>T","5375C>T",783,770.207670720299,0.00715392248570795,0,"Significant","synonymous"
"9314C>T","9162C>T",651,641.521983161834,0.00636944554656566,0.004,"Significant","synonymous"
"9314C>T","13116C>T",553,555.731524789523,-0.00213990225196394,0.487,"Not Significant","synonymous"
"9314C>T","9118C>T",580,580.515434985968,-0.000385777867586402,0.873,"Not Significant","synonymous"
"9314C>T","3522C>T",572,573.842843779233,-0.00139694126244849,0.659,"Not Significant","synonymous"
"9314C>T","9512C>T",557,561.45088868101,-0.00345657841102056,0.227,"Not Significant","synonymous"
"9314C>T","7031C>T",615,614.831618334893,0.000118922342500449,1,"Not Significant","synonymous"
"9314C>T","5342C>T",614,603.392890551918,0.00756818232616295,0,"Significant","synonymous"
"9314C>T","4652C>T",611,607.205799812909,0.002705299109555,0.291,"Not Significant","synonymous"
"9314C>T","6875C>T",843,835.027128157156,0.00412698965901278,0.003,"Significant","synonymous"
"9314C>T","12022C>T",651,644.381665107577,0.00443781382890692,0.048,"Significant","synonymous"
"9314C>T","7858C>T",900,896.033676333022,0.00191817704197756,0.127,"Not Significant","synonymous"
"9314C>T","9168C>T",770,764.488306828812,0.00311987809066961,0.064,"Not Significant","synonymous"
"9314C>T","5478C>T",600,595.767072029935,0.00307475424191956,0.232,"Not Significant","synonymous"
"9314C>T","10762G>A",848,842.652946679139,0.00274710844599204,0.046,"Significant","synonymous"
"9314C>T","10961C>T",630,622.457436856876,0.00523088938085854,0.026,"Significant","synonymous"
"9314C>T","15400C>T",682,676.791393826006,0.00332954713975468,0.111,"Not Significant","synonymous"
"9314C>T","6164C>T",832,823.588400374181,0.00441310501418174,0.002,"Significant","synonymous"
"9314C>T","7337G>A",760,750.189897100094,0.00564238112407767,0.003,"Significant","synonymous"
"9314C>T","10560C>T",594,584.32834424696,0.00712949166512894,0.006,"Significant","synonymous"
"9314C>T","3474C>T",839,831.214218896165,0.00404899709848409,0.005,"Significant","synonymous"
"9314C>T","13440C>T",723,719.686623012161,0.00199486686769396,0.323,"Not Significant","synonymous"
"9314C>T","4221C>T",652,635.802619270346,0.0109252830177211,0,"Significant","synonymous"
"9314C>T","11761C>T",829,827.401309635173,0.000838326576133126,0.574,"Not Significant","synonymous"
"9314C>T","3525C>A",811,801.66417212348,0.00502837961559487,0,"Significant","synonymous"
"9314C>T","7400C>T",600,591.000935453695,0.00656308208774027,0.008,"Significant","synonymous"
"9314C>T","15271C>T",738,728.265668849392,0.00576652444970241,0.004,"Significant","synonymous"
"9314C>T","14947C>T",766,756.862488306829,0.00521178840785861,0.006,"Significant","synonymous"
"9314C>T","12774C>T",810,802.617399438728,0.00397644858135139,0.014,"Significant","synonymous"
"9314C>T","14980C>T",775,770.207670720299,0.00269386293407536,0.129,"Not Significant","synonymous"
"9314C>T","4194C>T",750,746.376987839102,0.00210302253610796,0.25,"Not Significant","synonymous"
"9314C>T","13848C>T",723,712.060804490178,0.00662121668148274,0,"Significant","synonymous"
"9314C>T","13725C>T",778,767.347988774556,0.0059872378241712,0.002,"Significant","synonymous"
"9314C>T","13623C>T",696,689.183348924228,0.00427446351838229,0.051,"Not Significant","synonymous"
"9314C>T","7588G>A",470,475.6604303087,-0.00519916648531975,0.107,"Not Significant","synonymous"
"9314C>T","4161C>T",753,740.657623947615,0.00717747860213691,0,"Significant","synonymous"
"9314C>T","9209G>A",773,763.535079513564,0.0053504990364381,0.004,"Significant","synonymous"
"9314C>T","3525C>T",659,656.7736202058,0.00146971388873536,0.542,"Not Significant","synonymous"
"9314C>T","12636C>T",448,448.016838166511,-1.63227352218629e-05,1,"Not Significant","synonymous"
"9314C>T","3636C>T",716,706.34144059869,0.00589833553087815,0.002,"Significant","synonymous"
"9314C>T","10646G>A",710,699.668849391955,0.00636581000535553,0,"Significant","synonymous"
"9314C>T","8464C>T",774,769.254443405051,0.00267094716317344,0.131,"Not Significant","synonymous"
"9314C>T","14239C>T",782,771.160898035547,0.00606175264992655,0,"Significant","synonymous"
"9314C>T","11977C>T",951,939.882132834425,0.00510712319855377,0,"Significant","synonymous"
"9314C>T","11102C>T",697,690.136576239476,0.00429773310321345,0.042,"Significant","synonymous"
"9314C>T","15490C>T",727,718.733395696913,0.00496658619161473,0.013,"Significant","synonymous"
"9314C>T","15448C>T",990,986.590271281572,0.00149836600696484,0.015,"Significant","synonymous"
"9314C>T","10592C>T",738,733.031805425631,0.00293354322396177,0.114,"Not Significant","synonymous"
"9314C>T","9569C>T",646,638.66230121609,0.00496123649660848,0.045,"Significant","synonymous"
"9314C>T","8841C>T",709,700.622076707203,0.00516241730122246,0.008,"Significant","synonymous"
"9314C>T","13377C>T",656,647.241347053321,0.00583758629750931,0.008,"Significant","synonymous"
"9314C>T","12112C>T",729,713.967259120674,0.00904923182085848,0,"Significant","synonymous"
"9314C>T","12867C>T",716,705.388213283442,0.00648482377923006,0,"Significant","synonymous"
"9314C>T","4245C>T",664,651.054256314313,0.00855089688883518,0,"Significant","synonymous"
"9314C>T","12381A>T",679,668.212347988775,0.0069552775161936,0.001,"Significant","synonymous"
"9314C>T","9776C>T",804,791.178671655753,0.00698147757472812,0,"Significant","synonymous"
"9314C>T","8173C>T",661,652.00748362956,0.00594887896787478,0.009,"Significant","synonymous"
"9314C>T","3951C>T",623,614.831618334893,0.00573185322625246,0.018,"Significant","synonymous"
"9314C>T","10874C>T",615,600.533208606174,0.0103380875241849,0,"Significant","synonymous"
"9314C>T","9806C>T",648,640.568755846586,0.00500925401911899,0.031,"Significant","synonymous"
"9314C>T","15265C>T",594,584.32834424696,0.00712949166512894,0.01,"Significant","synonymous"
"9314C>T","8209C>T",658,646.288119738073,0.0077997209492426,0,"Significant","synonymous"
"9314C>T","3757C>T",593,583.375116931712,0.00710679242105173,0.008,"Significant","synonymous"
"11509C>T","5255C>T",961,957.197380729654,0.00172188612686785,0.021,"Significant","synonymous"
"11509C>T","10095C>T",944,935.753040224509,0.00381074750377249,0,"Significant","synonymous"
"11509C>T","6563C>T",1001,1001.06080449018,-2.63798726872324e-05,1,"Not Significant","synonymous"
"11509C>T","7663C>T",1028,1027.37885874649,0.000262490028001441,0.316,"Not Significant","synonymous"
"11509C>T","6617C>T",986,983.515434985968,0.00109573494957288,0.049,"Significant","synonymous"
"11509C>T","10067C>T",977,970.843779232928,0.00274521154034636,0,"Significant","synonymous"
"11509C>T","13380C>T",1000,996.187090739008,0.0016590904465782,0.009,"Significant","synonymous"
"11509C>T","4599C>T",987,977.666978484565,0.00412620589449049,0,"Significant","synonymous"
"11509C>T","6122C>T",990,979.616463985033,0.0045791190863141,0,"Significant","synonymous"
"11509C>T","14872C>T",992,984.490177736202,0.00330028461680808,0,"Significant","synonymous"
"11509C>T","15616C>T",935,920.157156220767,0.00694960281972038,0,"Significant","synonymous"
"11509C>T","7849C>T",1012,1006.90926099158,0.00219017722943181,0,"Significant","synonymous"
"11509C>T","11677C>T",579,580.946679139383,-0.0014577097675277,0.532,"Not Significant","synonymous"
"11509C>T","5237G>A",958,959.146866230122,-0.000519603107524693,0.519,"Not Significant","synonymous"
"11509C>T","6053C>T",962,962.071094480823,-3.20943865514277e-05,1,"Not Significant","synonymous"
"11509C>T","15430C>T",957,952.323666978485,0.00212736030334266,0.003,"Significant","synonymous"
"11509C>T","4832C>T",719,714.486435921422,0.00273490198702663,0.075,"Not Significant","synonymous"
"11509C>T","14097C>T",971,966.944808231993,0.00181754399909836,0.013,"Significant","synonymous"
"11509C>T","15608C>T",757,746.65294667914,0.00597709611274027,0,"Significant","synonymous"
"11509C>T","9027C>T",799,788.566884939196,0.00570824394699064,0,"Significant","synonymous"
"11509C>T","11638C>T",724,724.233863423761,-0.000140261318156071,1,"Not Significant","synonymous"
"11509C>T","8616G>A",722,722.284377923293,-0.000171024164416714,1,"Not Significant","synonymous"
"11509C>T","7909C>T",897,897.738072965388,-0.000357200907484486,0.787,"Not Significant","synonymous"
"11509C>T","5375C>T",801,787.592142188962,0.00733114155492287,0,"Significant","synonymous"
"11509C>T","9162C>T",664,656.00187090739,0.00526300138931221,0.003,"Significant","synonymous"
"11509C>T","13116C>T",573,568.275023386342,0.00359605345364765,0.083,"Not Significant","synonymous"
"11509C>T","9118C>T",600,593.618334892423,0.00464394399603979,0.015,"Significant","synonymous"
"11509C>T","3522C>T",586,586.795135640786,-0.000588888994461478,0.847,"Not Significant","synonymous"
"11509C>T","9512C>T",576,574.123479887746,0.00141717488138247,0.569,"Not Significant","synonymous"
"11509C>T","7031C>T",633,628.709073900842,0.00295398162735914,0.088,"Not Significant","synonymous"
"11509C>T","5342C>T",627,617.012160898036,0.00697381705863259,0,"Significant","synonymous"
"11509C>T","4652C>T",625,620.911131898971,0.00285057125399657,0.112,"Not Significant","synonymous"
"11509C>T","6875C>T",865,853.874649204864,0.00562198754200515,0,"Significant","synonymous"
"11509C>T","12022C>T",661,658.926099158092,0.00136474978927645,0.41,"Not Significant","synonymous"
"11509C>T","7858C>T",917,916.258185219832,0.000351468315594709,0.766,"Not Significant","synonymous"
"11509C>T","9168C>T",789,781.743685687559,0.00401262117052855,0.002,"Significant","synonymous"
"11509C>T","5478C>T",611,609.214218896165,0.00127117914375112,0.546,"Not Significant","synonymous"
"11509C>T","10762G>A",864,861.672591206735,0.0011714637110924,0.282,"Not Significant","synonymous"
"11509C>T","10961C>T",647,636.507015902713,0.0071010856388978,0,"Significant","synonymous"
"11509C>T","15400C>T",703,692.067352666043,0.00680696254601995,0,"Significant","synonymous"
"11509C>T","6164C>T",842,842.177736202058,-9.16647339714743e-05,1,"Not Significant","synonymous"
"11509C>T","7337G>A",772,767.12254443405,0.00275255422194355,0.04,"Significant","synonymous"
"11509C>T","10560C>T",610,597.517305893358,0.00897934673762284,0,"Significant","synonymous"
"11509C>T","3474C>T",849,849.975678203929,-0.000498808443342165,0.801,"Not Significant","synonymous"
"11509C>T","13440C>T",745,735.930776426567,0.0053193073643762,0,"Significant","synonymous"
"11509C>T","4221C>T",660,650.153414405987,0.00652808787059099,0,"Significant","synonymous"
"11509C>T","11761C>T",854,846.076707202993,0.00404813175778505,0,"Significant","synonymous"
"11509C>T","3525C>A",821,819.758652946679,0.000657147566800782,0.642,"Not Significant","synonymous"
"11509C>T","7400C>T",610,604.340505144995,0.00404813175778476,0.037,"Significant","synonymous"
"11509C>T","15271C>T",753,744.703461178672,0.00481160387028234,0,"Significant","synonymous"
"11509C>T","14947C>T",784,773.945743685688,0.00560554650261376,0,"Significant","synonymous"
"11509C>T","12774C>T",818,820.733395696913,-0.00144880158305406,0.252,"Not Significant","synonymous"
"11509C>T","14980C>T",783,787.592142188962,-0.0025396124713701,0.042,"Significant","synonymous"
"11509C>T","4194C>T",771,763.223573433115,0.00440260223828536,0.004,"Significant","synonymous"
"11509C>T","13848C>T",726,728.132834424696,-0.0012739948700326,0.39,"Not Significant","synonymous"
"11509C>T","13725C>T",786,784.66791393826,0.000736651916811589,0.633,"Not Significant","synonymous"
"11509C>T","13623C>T",710,704.739008419083,0.00323003766981642,0.03,"Significant","synonymous"
"11509C>T","7588G>A",482,486.396632366698,-0.00394352113926717,0.116,"Not Significant","synonymous"
"11509C>T","4161C>T",753,757.375116931712,-0.002516056354941,0.082,"Not Significant","synonymous"
"11509C>T","9209G>A",791,780.768942937325,0.00565395365871051,0.001,"Significant","synonymous"
"11509C>T","3525C>T",668,671.597754911132,-0.00233277318680747,0.155,"Not Significant","synonymous"
"11509C>T","12636C>T",465,458.129092609916,0.00646508119950732,0.009,"Significant","synonymous"
"11509C>T","3636C>T",730,722.284377923293,0.00461463838639941,0.003,"Significant","synonymous"
"11509C>T","10646G>A",717,715.461178671656,0.000933081997001794,0.522,"Not Significant","synonymous"
"11509C>T","8464C>T",789,786.617399438728,0.00131345473262213,0.37,"Not Significant","synonymous"
"11509C>T","14239C>T",798,788.566884939196,0.00516435598372874,0,"Significant","synonymous"
"11509C>T","11977C>T",966,961.096351730589,0.00221019771955423,0.003,"Significant","synonymous"
"11509C>T","11102C>T",715,705.713751169317,0.00567746184920517,0.001,"Significant","synonymous"
"11509C>T","15490C>T",738,734.956033676333,0.00179500219853971,0.193,"Not Significant","synonymous"
"11509C>T","15448C>T",1010,1008.85874649205,0.000491010234978312,0.226,"Not Significant","synonymous"
"11509C>T","10592C>T",749,749.577174929841,-0.000334535856692197,0.807,"Not Significant","synonymous"
"11509C>T","9569C>T",654,653.077642656688,0.000612931868713161,0.845,"Not Significant","synonymous"
"11509C>T","8841C>T",721,716.43592142189,0.00275791188050607,0.053,"Not Significant","synonymous"
"11509C>T","13377C>T",671,661.850327408793,0.00596273213376186,0.001,"Significant","synonymous"
"11509C>T","12112C>T",743,730.082319925164,0.0076169823063801,0,"Significant","synonymous"
"11509C>T","12867C>T",725,721.309635173059,0.00221627308528949,0.142,"Not Significant","synonymous"
"11509C>T","4245C>T",672,665.749298409729,0.00405855561756441,0.014,"Significant","synonymous"
"11509C>T","12381A>T",685,683.294667913938,0.00108253977103907,0.534,"Not Significant","synonymous"
"11509C>T","9776C>T",820,809.036482694107,0.00584574625291442,0,"Significant","synonymous"
"11509C>T","8173C>T",676,666.724041159963,0.00600058046679115,0,"Significant","synonymous"
"11509C>T","3951C>T",636,628.709073900842,0.00500738725841757,0.007,"Significant","synonymous"
"11509C>T","10874C>T",626,614.087932647334,0.008343770002119,0,"Significant","synonymous"
"11509C>T","9806C>T",661,655.027128157156,0.00394217267708675,0.02,"Significant","synonymous"
"11509C>T","15265C>T",606,597.517305893358,0.00612213589314249,0.003,"Significant","synonymous"
"11509C>T","8209C>T",672,660.875584658559,0.00724956543203314,0,"Significant","synonymous"
"11509C>T","3757C>T",605,596.542563143125,0.00611393875217891,0,"Significant","synonymous"
"5255C>T","10095C>T",889,881.870907390084,0.00349674535247322,0.013,"Significant","synonymous"
"5255C>T","6563C>T",949,943.418147801684,0.00256198625184252,0.006,"Significant","synonymous"
"5255C>T","7663C>T",972,968.22076707203,0.00169187147157496,0.005,"Significant","synonymous"
"5255C>T","6617C>T",936,926.88306828812,0.00425089992302266,0,"Significant","synonymous"
"5255C>T","10067C>T",927,914.941066417212,0.00568661314262607,0,"Significant","synonymous"
"5255C>T","13380C>T",943,938.825070159027,0.00192701436046257,0.033,"Significant","synonymous"
"5255C>T","4599C>T",927,921.371375116932,0.00264501854590704,0.01,"Significant","synonymous"
"5255C>T","6122C>T",931,923.208606173994,0.00364983664666294,0.001,"Significant","synonymous"
"5255C>T","14872C>T",937,927.801683816651,0.00428443452696364,0,"Significant","synonymous"
"5255C>T","15616C>T",889,867.173058933583,0.0107959840939719,0,"Significant","synonymous"
"5255C>T","7849C>T",954,948.929840972872,0.00231427060630269,0.006,"Significant","synonymous"
"5255C>T","11677C>T",538,547.494855004677,-0.00759776665201745,0.041,"Significant","synonymous"
"5255C>T","5237G>A",909,903.917680074836,0.00243500221245408,0.052,"Not Significant","synonymous"
"5255C>T","6053C>T",919,906.67352666043,0.00586457613830224,0,"Significant","synonymous"
"5255C>T","15430C>T",908,897.487371375117,0.00505750222413989,0,"Significant","synonymous"
"5255C>T","4832C>T",689,673.34518241347,0.00998146468832481,0,"Significant","synonymous"
"5255C>T","14097C>T",921,911.266604303087,0.00461417546449818,0,"Significant","synonymous"
"5255C>T","15608C>T",702,703.659494855005,-0.00102544008097019,0.71,"Not Significant","synonymous"
"5255C>T","9027C>T",765,743.159962581852,0.012579130963172,0,"Significant","synonymous"
"5255C>T","11638C>T",691,682.531337698784,0.00535545103545067,0.052,"Not Significant","synonymous"
"5255C>T","8616G>A",677,680.694106641721,-0.00236332187235514,0.411,"Not Significant","synonymous"
"5255C>T","7909C>T",855,846.044901777362,0.00457270195315157,0.002,"Significant","synonymous"
"5255C>T","5375C>T",759,742.241347053321,0.00969663254272124,0,"Significant","synonymous"
"5255C>T","9162C>T",638,618.22825070159,0.0136718319190117,0,"Significant","synonymous"
"5255C>T","13116C>T",532,535.55285313377,-0.00289070504213699,0.421,"Not Significant","synonymous"
"5255C>T","9118C>T",558,559.436856875585,-0.00111687627346799,0.794,"Not Significant","synonymous"
"5255C>T","3522C>T",549,553.006548175865,-0.00315792938590364,0.381,"Not Significant","synonymous"
"5255C>T","9512C>T",530,541.064546304958,-0.00897320776448251,0.023,"Significant","synonymous"
"5255C>T","7031C>T",587,592.507015902713,-0.00405539596582428,0.205,"Not Significant","synonymous"
"5255C>T","5342C>T",601,581.483629560337,0.0143369794072103,0.001,"Significant","synonymous"
"5255C>T","4652C>T",598,585.158091674462,0.00942796907488716,0.004,"Significant","synonymous"
"5255C>T","6875C>T",820,804.707202993452,0.00817596363746338,0,"Significant","synonymous"
"5255C>T","12022C>T",638,620.984097287184,0.0117402002013529,0,"Significant","synonymous"
"5255C>T","7858C>T",869,863.498596819457,0.00275814027079586,0.053,"Not Significant","synonymous"
"5255C>T","9168C>T",749,736.729653882133,0.00717366683713044,0.002,"Significant","synonymous"
"5255C>T","5478C>T",583,574.134705332086,0.00665475483676609,0.049,"Significant","synonymous"
"5255C>T","10762G>A",820,812.056127221702,0.00422780479247149,0.027,"Significant","synonymous"
"5255C>T","10961C>T",619,599.855940130964,0.0136436851668701,0,"Significant","synonymous"
"5255C>T","15400C>T",666,652.21702525725,0.00908209787305281,0,"Significant","synonymous"
"5255C>T","6164C>T",793,793.683816651076,-0.000374337739461079,0.89,"Not Significant","synonymous"
"5255C>T","7337G>A",743,722.950420954163,0.0118802988233375,0,"Significant","synonymous"
"5255C>T","10560C>T",586,563.11131898971,0.0173033589215009,0,"Significant","synonymous"
"5255C>T","3474C>T",811,801.032740879326,0.00537058670041657,0.007,"Significant","synonymous"
"5255C>T","13440C>T",707,693.55472404116,0.0083386795895383,0.001,"Significant","synonymous"
"5255C>T","4221C>T",637,612.716557530402,0.0168798158406271,0,"Significant","synonymous"
"5255C>T","11761C>T",815,797.358278765201,0.00950410098531197,0,"Significant","synonymous"
"5255C>T","3525C>A",778,772.555659494855,0.00304981861360469,0.15,"Not Significant","synonymous"
"5255C>T","7400C>T",581,569.54162768943,0.00865066031390363,0.01,"Significant","synonymous"
"5255C>T","15271C>T",718,701.822263797942,0.00989730308843745,0,"Significant","synonymous"
"5255C>T","14947C>T",743,729.380729653882,0.00803452875530635,0,"Significant","synonymous"
"5255C>T","12774C>T",775,773.474275023386,0.000855828428489073,0.687,"Not Significant","synonymous"
"5255C>T","14980C>T",755,742.241347053321,0.00740180827642946,0.001,"Significant","synonymous"
"5255C>T","4194C>T",730,719.275958840037,0.00642731548434002,0.013,"Significant","synonymous"
"5255C>T","13848C>T",709,686.205799812909,0.014191850789494,0,"Significant","synonymous"
"5255C>T","13725C>T",759,739.485500467727,0.0113121129494387,0,"Significant","synonymous"
"5255C>T","13623C>T",677,664.159027128157,0.00831658881244064,0.006,"Significant","synonymous"
"5255C>T","7588G>A",454,458.389148737137,-0.00417847534445671,0.369,"Not Significant","synonymous"
"5255C>T","4161C>T",729,713.764265668849,0.0091727269388875,0,"Significant","synonymous"
"5255C>T","9209G>A",752,735.811038353601,0.00945154192923167,0,"Significant","synonymous"
"5255C>T","3525C>T",638,632.926099158092,0.00346767423536427,0.265,"Not Significant","synonymous"
"5255C>T","12636C>T",442,431.749298409729,0.0101906288352005,0.022,"Significant","synonymous"
"5255C>T","3636C>T",695,680.694106641721,0.0090328140326128,0.001,"Significant","synonymous"
"5255C>T","10646G>A",693,674.263797942002,0.0119033921175628,0,"Significant","synonymous"
"5255C>T","8464C>T",757,741.32273152479,0.00908856219982954,0,"Significant","synonymous"
"5255C>T","14239C>T",758,743.159962581852,0.00858690144160849,0,"Significant","synonymous"
"5255C>T","11977C>T",925,905.754911131899,0.00913103521964869,0,"Significant","synonymous"
"5255C>T","11102C>T",675,665.077642656688,0.00643142405570539,0.02,"Significant","synonymous"
"5255C>T","15490C>T",709,692.636108512629,0.0101411067351194,0,"Significant","synonymous"
"5255C>T","15448C>T",955,950.767072029934,0.00192923921263801,0.016,"Significant","synonymous"
"5255C>T","10592C>T",719,706.415341440599,0.00766876800327895,0.003,"Significant","synonymous"
"5255C>T","9569C>T",633,615.472404115996,0.0121951247383552,0,"Significant","synonymous"
"5255C>T","8841C>T",696,675.182413470533,0.0131881179481936,0,"Significant","synonymous"
"5255C>T","13377C>T",637,623.739943872778,0.00913587547667565,0.002,"Significant","synonymous"
"5255C>T","12112C>T",724,688.043030869972,0.0221229659195057,0,"Significant","synonymous"
"5255C>T","12867C>T",698,679.77549111319,0.0114899203140116,0,"Significant","synonymous"
"5255C>T","4245C>T",649,627.414405986904,0.0146902105406627,0,"Significant","synonymous"
"5255C>T","12381A>T",666,643.949485500468,0.0146224286254686,0,"Significant","synonymous"
"5255C>T","9776C>T",786,762.45088868101,0.0132106710851607,0,"Significant","synonymous"
"5255C>T","8173C>T",636,628.333021515435,0.00526723135012526,0.091,"Not Significant","synonymous"
"5255C>T","3951C>T",600,592.507015902713,0.00545775317020325,0.127,"Not Significant","synonymous"
"5255C>T","10874C>T",598,578.727782974743,0.0142268519566552,0,"Significant","synonymous"
"5255C>T","9806C>T",632,617.309635173059,0.0102140226503865,0.002,"Significant","synonymous"
"5255C>T","15265C>T",580,563.11131898971,0.0128337364663483,0,"Significant","synonymous"
"5255C>T","8209C>T",645,622.821328344247,0.0151962381900305,0,"Significant","synonymous"
"5255C>T","3757C>T",577,562.192703461179,0.0112906084319966,0.001,"Significant","synonymous"
"10095C>T","6563C>T",930,922.282507015903,0.00361897712586621,0,"Significant","synonymous"
"10095C>T","7663C>T",952,946.529466791394,0.00250280967715599,0,"Significant","synonymous"
"10095C>T","6617C>T",921,906.117867165575,0.00707493612914721,0,"Significant","synonymous"
"10095C>T","10067C>T",897,894.44340505145,0.00123957678960283,0.3,"Not Significant","synonymous"
"10095C>T","13380C>T",921,917.7923292797,0.0015152065673645,0.145,"Not Significant","synonymous"
"10095C>T","4599C>T",912,900.729653882133,0.00540037747720701,0,"Significant","synonymous"
"10095C>T","6122C>T",911,902.525724976614,0.0040587873856998,0.001,"Significant","synonymous"
"10095C>T","14872C>T",916,907.015902712816,0.00428057205441689,0,"Significant","synonymous"
"10095C>T","15616C>T",879,847.745556594949,0.0157233529449107,0,"Significant","synonymous"
"10095C>T","7849C>T",935,927.670720299345,0.00341776152210646,0,"Significant","synonymous"
"10095C>T","11677C>T",556,535.229186155285,0.0165350040110276,0,"Significant","synonymous"
"10095C>T","5237G>A",894,883.666978484565,0.0050488925337852,0.002,"Significant","synonymous"
"10095C>T","6053C>T",896,886.361085126286,0.00469732916169755,0,"Significant","synonymous"
"10095C>T","15430C>T",889,877.380729653882,0.00571366942064964,0,"Significant","synonymous"
"10095C>T","4832C>T",680,658.260056127222,0.0141114102343159,0,"Significant","synonymous"
"10095C>T","14097C>T",899,890.851262862488,0.00395449174825929,0.001,"Significant","synonymous"
"10095C>T","15608C>T",702,687.895229186155,0.00881481466640975,0.003,"Significant","synonymous"
"10095C>T","9027C>T",730,726.510757717493,0.00208081067739302,0.49,"Not Significant","synonymous"
"10095C>T","11638C>T",680,667.240411599626,0.0082265711148694,0.006,"Significant","synonymous"
"10095C>T","8616G>A",677,665.444340505145,0.0074769328750247,0.012,"Significant","synonymous"
"10095C>T","7909C>T",840,827.090739008419,0.00672612803424151,0,"Significant","synonymous"
"10095C>T","5375C>T",750,725.612722170252,0.0143563747863216,0,"Significant","synonymous"
"10095C>T","9162C>T",627,604.377923292797,0.0159589487759466,0,"Significant","synonymous"
"10095C>T","13116C>T",528,523.55472404116,0.00367183994400703,0.431,"Not Significant","synonymous"
"10095C>T","9118C>T",552,546.903648269411,0.0040282572655325,0.318,"Not Significant","synonymous"
"10095C>T","3522C>T",558,540.617399438728,0.0137441798489614,0.001,"Significant","synonymous"
"10095C>T","9512C>T",518,528.942937324602,-0.00907906287265729,0.034,"Significant","synonymous"
"10095C>T","7031C>T",589,579.232927970065,0.00726205232104226,0.064,"Not Significant","synonymous"
"10095C>T","5342C>T",598,568.45650140318,0.0220039461402616,0,"Significant","synonymous"
"10095C>T","4652C>T",595,572.048643592142,0.0170840055624057,0,"Significant","synonymous"
"10095C>T","6875C>T",816,786.6791393826,0.0158925247549881,0,"Significant","synonymous"
"10095C>T","12022C>T",626,607.072029934518,0.0133341094380013,0,"Significant","synonymous"
"10095C>T","7858C>T",855,844.153414405987,0.00554473329768295,0.001,"Significant","synonymous"
"10095C>T","9168C>T",742,720.22450888681,0.0129360091640715,0,"Significant","synonymous"
"10095C>T","5478C>T",583,561.272217025257,0.0164950095841456,0,"Significant","synonymous"
"10095C>T","10762G>A",811,793.863423760524,0.00927506136729132,0,"Significant","synonymous"
"10095C>T","10961C>T",617,586.417212347989,0.0220784549273737,0,"Significant","synonymous"
"10095C>T","15400C>T",654,637.605238540692,0.0110258717743999,0.002,"Significant","synonymous"
"10095C>T","6164C>T",776,775.902712815716,5.44509485047005e-05,1,"Not Significant","synonymous"
"10095C>T","7337G>A",707,706.753975678204,0.000151153607044419,1,"Not Significant","synonymous"
"10095C>T","10560C>T",575,550.495790458372,0.0189138423404217,0,"Significant","synonymous"
"10095C>T","3474C>T",789,783.086997193639,0.00326699044606222,0.142,"Not Significant","synonymous"
"10095C>T","13440C>T",693,678.016838166511,0.00949275515182674,0,"Significant","synonymous"
"10095C>T","4221C>T",607,598.989710009355,0.00576932932791721,0.103,"Not Significant","synonymous"
"10095C>T","11761C>T",792,779.494855004677,0.00691192858221046,0.002,"Significant","synonymous"
"10095C>T","3525C>A",769,755.247895229186,0.00783681617272743,0.001,"Significant","synonymous"
"10095C>T","7400C>T",576,556.782039289055,0.0147372660941651,0,"Significant","synonymous"
"10095C>T","15271C>T",700,686.099158091674,0.00871115360777522,0.001,"Significant","synonymous"
"10095C>T","14947C>T",730,713.040224508887,0.0102088298625678,0,"Significant","synonymous"
"10095C>T","12774C>T",766,756.145930776427,0.0056231503021633,0.022,"Significant","synonymous"
"10095C>T","14980C>T",728,725.612722170252,0.00142649070766049,0.637,"Not Significant","synonymous"
"10095C>T","4194C>T",726,703.161833489242,0.013881330811358,0,"Significant","synonymous"
"10095C>T","13848C>T",681,670.832553788587,0.00653298226659499,0.03,"Significant","synonymous"
"10095C>T","13725C>T",723,722.918615528531,4.8889095871878e-05,1,"Not Significant","synonymous"
"10095C>T","13623C>T",663,649.279700654818,0.00908170327945054,0.003,"Significant","synonymous"
"10095C>T","7588G>A",471,448.119738072965,0.0216268336747111,0,"Significant","synonymous"
"10095C>T","4161C>T",708,697.7736202058,0.00631871105806355,0.021,"Significant","synonymous"
"10095C>T","9209G>A",734,719.32647333957,0.00877001600104127,0,"Significant","synonymous"
"10095C>T","3525C>T",613,618.746492048644,-0.00405227522000054,0.232,"Not Significant","synonymous"
"10095C>T","12636C>T",429,422.076707202993,0.00706590641821478,0.174,"Not Significant","synonymous"
"10095C>T","3636C>T",675,665.444340505145,0.00619203702090549,0.042,"Significant","synonymous"
"10095C>T","10646G>A",676,659.158091674462,0.0109571081947734,0,"Significant","synonymous"
"10095C>T","8464C>T",754,724.714686623012,0.0172042833169109,0,"Significant","synonymous"
"10095C>T","14239C>T",746,726.510757717493,0.0114967780296046,0,"Significant","synonymous"
"10095C>T","11977C>T",892,885.463049579046,0.00319441160412114,0.015,"Significant","synonymous"
"10095C>T","11102C>T",665,650.177736202058,0.00978955127516579,0.001,"Significant","synonymous"
"10095C>T","15490C>T",701,677.11880261927,0.0150531442660921,0,"Significant","synonymous"
"10095C>T","15448C>T",936,929.466791393826,0.00304197111437795,0.001,"Significant","synonymous"
"10095C>T","10592C>T",699,690.589335827877,0.00525730811345924,0.071,"Not Significant","synonymous"
"10095C>T","9569C>T",587,601.683816651076,-0.0107302292840005,0.002,"Significant","synonymous"
"10095C>T","8841C>T",656,660.056127221703,-0.00267702753932467,0.399,"Not Significant","synonymous"
"10095C>T","13377C>T",619,609.766136576239,0.0065273469088249,0.061,"Not Significant","synonymous"
"10095C>T","12112C>T",698,672.628624883068,0.0160800770929019,0,"Significant","synonymous"
"10095C>T","12867C>T",677,664.546304957905,0.00806342112337656,0.014,"Significant","synonymous"
"10095C>T","4245C>T",627,613.358278765201,0.00955330931839191,0.002,"Significant","synonymous"
"10095C>T","12381A>T",653,629.522918615529,0.0159016354776224,0,"Significant","synonymous"
"10095C>T","9776C>T",768,745.369504209542,0.012989599824646,0,"Significant","synonymous"
"10095C>T","8173C>T",632,614.256314312441,0.0123674487314765,0,"Significant","synonymous"
"10095C>T","3951C>T",582,579.232927970065,0.00206974218383002,0.613,"Not Significant","synonymous"
"10095C>T","10874C>T",566,565.762394761459,0.000182353903899298,1,"Not Significant","synonymous"
"10095C>T","9806C>T",599,603.479887745557,-0.00323597849530368,0.399,"Not Significant","synonymous"
"10095C>T","15265C>T",559,550.495790458372,0.00665780553721663,0.081,"Not Significant","synonymous"
"10095C>T","8209C>T",618,608.868101028999,0.00646525339096101,0.055,"Not Significant","synonymous"
"10095C>T","3757C>T",562,549.597754911132,0.00969136559270774,0.023,"Significant","synonymous"
"6563C>T","7663C>T",1013,1012.58933582788,0.000176096095252411,1,"Not Significant","synonymous"
"6563C>T","6617C>T",973,969.357343311506,0.00162893564294102,0.021,"Significant","synonymous"
"6563C>T","10067C>T",960,956.868101028999,0.0014191562273693,0.059,"Not Significant","synonymous"
"6563C>T","13380C>T",986,981.846585594013,0.00183328075401685,0.009,"Significant","synonymous"
"6563C>T","4599C>T",967,963.593077642657,0.00153280267408318,0.039,"Significant","synonymous"
"6563C>T","6122C>T",969,965.514499532273,0.00156497690575734,0.034,"Significant","synonymous"
"6563C>T","14872C>T",972,970.318054256314,0.000752152755131774,0.297,"Not Significant","synonymous"
"6563C>T","15616C>T",913,906.911131898971,0.00290604484772951,0.006,"Significant","synonymous"
"6563C>T","7849C>T",998,992.414405986904,0.00243748137925011,0,"Significant","synonymous"
"6563C>T","11677C>T",568,572.583723105706,-0.00349066241771718,0.14,"Not Significant","synonymous"
"6563C>T","5237G>A",953,945.3395696913,0.00350506381848432,0,"Significant","synonymous"
"6563C>T","6053C>T",953,948.221702525725,0.00218300958018924,0.011,"Significant","synonymous"
"6563C>T","15430C>T",945,938.614593077643,0.00294450640198939,0,"Significant","synonymous"
"6563C>T","4832C>T",718,704.201122544434,0.00842773121267101,0,"Significant","synonymous"
"6563C>T","14097C>T",958,953.025257249766,0.00226109853586539,0.007,"Significant","synonymous"
"6563C>T","15608C>T",733,735.904583723106,-0.00171753337997598,0.372,"Not Significant","synonymous"
"6563C>T","9027C>T",783,777.21515434986,0.00322050205717042,0.045,"Significant","synonymous"
"6563C>T","11638C>T",724,713.808231992516,0.00615701404807056,0,"Significant","synonymous"
"6563C>T","8616G>A",711,711.8868101029,-0.000541345638061995,0.854,"Not Significant","synonymous"
"6563C>T","7909C>T",890,884.814780168382,0.0025376380595634,0.022,"Significant","synonymous"
"6563C>T","5375C>T",779,776.254443405051,0.00153335850947791,0.359,"Not Significant","synonymous"
"6563C>T","9162C>T",648,646.55846585594,0.000967203258116112,0.761,"Not Significant","synonymous"
"6563C>T","13116C>T",552,560.094480823199,-0.00632221541831427,0.009,"Significant","synonymous"
"6563C>T","9118C>T",578,585.072965388213,-0.00528219260084555,0.02,"Significant","synonymous"
"6563C>T","3522C>T",576,578.347988774556,-0.00176674622311241,0.532,"Not Significant","synonymous"
"6563C>T","9512C>T",559,565.858746492049,-0.00529622528917762,0.037,"Significant","synonymous"
"6563C>T","7031C>T",615,619.65855940131,-0.00327733724835075,0.159,"Not Significant","synonymous"
"6563C>T","5342C>T",611,608.130028063611,0.0020447618366986,0.417,"Not Significant","synonymous"
"6563C>T","4652C>T",627,611.972871842844,0.010535370106864,0,"Significant","synonymous"
"6563C>T","6875C>T",844,841.582787652011,0.00124560206907404,0.39,"Not Significant","synonymous"
"6563C>T","12022C>T",661,649.440598690365,0.00766202515550297,0,"Significant","synonymous"
"6563C>T","7858C>T",908,903.068288119738,0.00236525653288596,0.023,"Significant","synonymous"
"6563C>T","9168C>T",795,770.490177736202,0.0136000219838048,0,"Significant","synonymous"
"6563C>T","5478C>T",617,600.444340505145,0.0118124083006644,0,"Significant","synonymous"
"6563C>T","10762G>A",860,849.268475210477,0.00545344784199386,0,"Significant","synonymous"
"6563C>T","10961C>T",629,627.344246959775,0.00114472578169467,0.636,"Not Significant","synonymous"
"6563C>T","15400C>T",703,682.104770813845,0.0131042379122466,0,"Significant","synonymous"
"6563C>T","6164C>T",836,830.054256314313,0.00309979657162255,0.03,"Significant","synonymous"
"6563C>T","7337G>A",768,756.079513564079,0.0067937492839463,0,"Significant","synonymous"
"6563C>T","10560C>T",590,588.915809167446,0.000798798735228716,0.746,"Not Significant","synonymous"
"6563C>T","3474C>T",840,837.739943872778,0.00117006274081405,0.388,"Not Significant","synonymous"
"6563C>T","13440C>T",747,725.336763330215,0.0127809117977086,0,"Significant","synonymous"
"6563C>T","4221C>T",656,640.794200187091,0.0101852670706095,0,"Significant","synonymous"
"6563C>T","11761C>T",849,833.897100093545,0.00779522667895974,0,"Significant","synonymous"
"6563C>T","3525C>A",815,807.957904583723,0.00376887455356377,0.013,"Significant","synonymous"
"6563C>T","7400C>T",603,595.640785781104,0.0053328842533962,0.028,"Significant","synonymous"
"6563C>T","15271C>T",757,733.983161833489,0.0134097825358807,0,"Significant","synonymous"
"6563C>T","14947C>T",781,762.804490177736,0.0102377930617026,0,"Significant","synonymous"
"6563C>T","12774C>T",828,808.918615528531,0.0101255068967292,0,"Significant","synonymous"
"6563C>T","14980C>T",795,776.254443405051,0.0103630294933827,0,"Significant","synonymous"
"6563C>T","4194C>T",750,752.236669784846,-0.00129323705474332,0.473,"Not Significant","synonymous"
"6563C>T","13848C>T",737,717.651075771749,0.011554147655151,0,"Significant","synonymous"
"6563C>T","13725C>T",783,773.372310570627,0.00537314330157395,0,"Significant","synonymous"
"6563C>T","13623C>T",705,694.594013096352,0.00645808130836671,0.002,"Significant","synonymous"
"6563C>T","7588G>A",483,479.394761459308,0.00325384673962135,0.269,"Not Significant","synonymous"
"6563C>T","4161C>T",769,746.472404115996,0.0129125826120149,0,"Significant","synonymous"
"6563C>T","9209G>A",768,769.529466791394,-0.000864034441225718,0.599,"Not Significant","synonymous"
"6563C>T","3525C>T",670,661.929840972872,0.00526284240469961,0.007,"Significant","synonymous"
"6563C>T","12636C>T",440,451.534144059869,-0.0112379198380277,0,"Significant","synonymous"
"6563C>T","3636C>T",710,711.8868101029,-0.00115259764875293,0.618,"Not Significant","synonymous"
"6563C>T","10646G>A",723,705.161833489242,0.0108494989899586,0,"Significant","synonymous"
"6563C>T","8464C>T",792,775.293732460243,0.00925890847892176,0,"Significant","synonymous"
"6563C>T","14239C>T",778,777.21515434986,0.00043833698891638,0.857,"Not Significant","synonymous"
"6563C>T","11977C>T",952,947.260991580917,0.00216729505476265,0.011,"Significant","synonymous"
"6563C>T","11102C>T",692,695.55472404116,-0.00222521012888896,0.24,"Not Significant","synonymous"
"6563C>T","15490C>T",749,724.376052385407,0.0145177334411902,0,"Significant","synonymous"
"6563C>T","15448C>T",997,994.33582787652,0.00116207013021885,0.052,"Not Significant","synonymous"
"6563C>T","10592C>T",741,738.78671655753,0.00129912978939683,0.475,"Not Significant","synonymous"
"6563C>T","9569C>T",653,643.676333021515,0.00624564018574632,0.008,"Significant","synonymous"
"6563C>T","8841C>T",715,706.12254443405,0.00542596432838477,0.003,"Significant","synonymous"
"6563C>T","13377C>T",650,652.32273152479,-0.00154915602614606,0.5,"Not Significant","synonymous"
"6563C>T","12112C>T",727,719.572497661366,0.00445985477107057,0.016,"Significant","synonymous"
"6563C>T","12867C>T",716,710.926099158092,0.00308856418837872,0.093,"Not Significant","synonymous"
"6563C>T","4245C>T",659,656.165575304022,0.00187197252397684,0.45,"Not Significant","synonymous"
"6563C>T","12381A>T",693,673.458372310571,0.012422478256646,0,"Significant","synonymous"
"6563C>T","9776C>T",806,797.390084190833,0.00466421104051601,0.001,"Significant","synonymous"
"6563C>T","8173C>T",653,657.126286248831,-0.00273565883354203,0.215,"Not Significant","synonymous"
"6563C>T","3951C>T",628,619.65855940131,0.00580719071342715,0.009,"Significant","synonymous"
"6563C>T","10874C>T",619,605.247895229186,0.00975736117803452,0,"Significant","synonymous"
"6563C>T","9806C>T",653,645.597754911132,0.00495116983274777,0.031,"Significant","synonymous"
"6563C>T","15265C>T",601,588.915809167446,0.00882125909582273,0,"Significant","synonymous"
"6563C>T","8209C>T",654,651.362020579981,0.0017553160687034,0.414,"Not Significant","synonymous"
"6563C>T","3757C>T",585,587.955098222638,-0.00218829445188061,0.422,"Not Significant","synonymous"
"7663C>T","6617C>T",999,994.841908325538,0.00181141632132179,0,"Significant","synonymous"
"7663C>T","10067C>T",985,982.024321796071,0.00131398640616303,0.011,"Significant","synonymous"
"7663C>T","13380C>T",1010,1007.659494855,0.00100757231619877,0.027,"Significant","synonymous"
"7663C>T","4599C>T",993,988.926099158092,0.00178540980721311,0.002,"Significant","synonymous"
"7663C>T","6122C>T",993,990.89803554724,0.000920281071123656,0.057,"Not Significant","synonymous"
"7663C>T","14872C>T",1000,995.827876520112,0.00181572054960743,0.001,"Significant","synonymous"
"7663C>T","15616C>T",937,930.753975678204,0.00290469092195925,0,"Significant","synonymous"
"7663C>T","7849C>T",1020,1018.50514499532,0.00063694457454707,0.074,"Not Significant","synonymous"
"7663C>T","11677C>T",591,587.637043966324,0.00247831547326871,0.119,"Not Significant","synonymous"
"7663C>T","5237G>A",972,970.192703461179,0.000808260827183213,0.113,"Not Significant","synonymous"
"7663C>T","6053C>T",975,973.150608044902,0.000824557361150256,0.106,"Not Significant","synonymous"
"7663C>T","15430C>T",967,963.290926099158,0.00166900469647864,0.009,"Significant","synonymous"
"7663C>T","4832C>T",730,722.714686623012,0.0043559798115776,0,"Significant","synonymous"
"7663C>T","14097C>T",979,978.080449017774,0.000408113981209311,0.626,"Not Significant","synonymous"
"7663C>T","15608C>T",759,755.251637043966,0.0021501005951263,0.029,"Significant","synonymous"
"7663C>T","9027C>T",801,797.648269410664,0.00182108880421536,0.075,"Not Significant","synonymous"
"7663C>T","11638C>T",735,732.574368568756,0.00143561965586962,0.235,"Not Significant","synonymous"
"7663C>T","8616G>A",731,730.602432179607,0.000236263310782431,1,"Not Significant","synonymous"
"7663C>T","7909C>T",911,908.076707202993,0.00139584110839936,0.035,"Significant","synonymous"
"7663C>T","5375C>T",801,796.66230121609,0.00235824964190145,0.009,"Significant","synonymous"
"7663C>T","9162C>T",666,663.55659494855,0.00159625927857421,0.278,"Not Significant","synonymous"
"7663C>T","13116C>T",575,574.819457436857,0.000136384262866485,1,"Not Significant","synonymous"
"7663C>T","9118C>T",602,600.45463049579,0.00111629295719928,0.423,"Not Significant","synonymous"
"7663C>T","3522C>T",598,593.55285313377,0.00324178706283598,0.025,"Significant","synonymous"
"7663C>T","9512C>T",579,580.735266604303,-0.001299636727415,0.426,"Not Significant","synonymous"
"7663C>T","7031C>T",638,635.949485500468,0.00139805841814453,0.288,"Not Significant","synonymous"
"7663C>T","5342C>T",625,624.117867165575,0.000613401658970218,0.798,"Not Significant","synonymous"
"7663C>T","4652C>T",633,628.061739943873,0.00340137201425429,0.012,"Significant","synonymous"
"7663C>T","6875C>T",868,863.708138447147,0.00215271334066117,0.009,"Significant","synonymous"
"7663C>T","12022C>T",671,666.514499532273,0.00291291855960596,0.031,"Significant","synonymous"
"7663C>T","7858C>T",932,926.810102899906,0.00242515308653265,0,"Significant","synonymous"
"7663C>T","9168C>T",791,790.746492048644,0.000139209545763238,1,"Not Significant","synonymous"
"7663C>T","5478C>T",623,616.23012160898,0.00474512364734387,0,"Significant","synonymous"
"7663C>T","10762G>A",873,871.595884003742,0.000699073024746844,0.494,"Not Significant","synonymous"
"7663C>T","10961C>T",648,643.837231057063,0.00279891892776914,0.038,"Significant","synonymous"
"7663C>T","15400C>T",700,700.037418147802,-2.32143725682691e-05,1,"Not Significant","synonymous"
"7663C>T","6164C>T",853,851.876520112254,0.000572383020879875,0.516,"Not Significant","synonymous"
"7663C>T","7337G>A",778,775.956969130028,0.00114195896287444,0.235,"Not Significant","synonymous"
"7663C>T","10560C>T",608,604.398503274088,0.00258019908656957,0.072,"Not Significant","synonymous"
"7663C>T","3474C>T",861,859.76426566885,0.000623760853337681,0.525,"Not Significant","synonymous"
"7663C>T","13440C>T",747,744.405986903648,0.00151074451846053,0.175,"Not Significant","synonymous"
"7663C>T","4221C>T",662,657.640785781104,0.0028692498554007,0.031,"Significant","synonymous"
"7663C>T","11761C>T",860,855.820392890552,0.00211582039932586,0.008,"Significant","synonymous"
"7663C>T","3525C>A",831,829.199251637044,0.000942122318448892,0.345,"Not Significant","synonymous"
"7663C>T","7400C>T",619,611.300280636109,0.00543605385411333,0,"Significant","synonymous"
"7663C>T","15271C>T",757,753.279700654818,0.00213961525663268,0.039,"Significant","synonymous"
"7663C>T","14947C>T",784,782.858746492049,0.000632654589592324,0.556,"Not Significant","synonymous"
"7663C>T","12774C>T",833,830.185219831618,0.00147000423938813,0.102,"Not Significant","synonymous"
"7663C>T","14980C>T",798,796.66230121609,0.000728624908393458,0.545,"Not Significant","synonymous"
"7663C>T","4194C>T",776,772.01309635173,0.00223705353249504,0.039,"Significant","synonymous"
"7663C>T","13848C>T",740,736.518241347053,0.00204821224782742,0.084,"Not Significant","synonymous"
"7663C>T","13725C>T",794,793.704396632367,0.000161716391477953,1,"Not Significant","synonymous"
"7663C>T","13623C>T",717,712.855004677268,0.0025179527055192,0.027,"Significant","synonymous"
"7663C>T","7588G>A",495,491.99812909261,0.00264174764242851,0.115,"Not Significant","synonymous"
"7663C>T","4161C>T",768,766.097287184284,0.00107729556284781,0.362,"Not Significant","synonymous"
"7663C>T","9209G>A",791,789.760523854069,0.000681061745689048,0.547,"Not Significant","synonymous"
"7663C>T","3525C>T",679,679.33208606174,-0.000212353294873941,1,"Not Significant","synonymous"
"7663C>T","12636C>T",462,463.405051449953,-0.00131878804734144,0.621,"Not Significant","synonymous"
"7663C>T","3636C>T",731,730.602432179607,0.000236263310782431,1,"Not Significant","synonymous"
"7663C>T","10646G>A",725,723.700654817587,0.00077904098717327,0.56,"Not Significant","synonymous"
"7663C>T","8464C>T",801,795.676333021515,0.00289607569441715,0.007,"Significant","synonymous"
"7663C>T","14239C>T",801,797.648269410664,0.00182108880421536,0.064,"Not Significant","synonymous"
"7663C>T","11977C>T",975,972.164639850327,0.00126479508957564,0.023,"Significant","synonymous"
"7663C>T","11102C>T",715,713.840972871843,0.000704569936183855,0.566,"Not Significant","synonymous"
"7663C>T","15490C>T",746,743.420018709074,0.00150457593514475,0.162,"Not Significant","synonymous"
"7663C>T","15448C>T",1022,1020.47708138447,0.000647640338007569,0.076,"Not Significant","synonymous"
"7663C>T","10592C>T",760,758.209541627689,0.00102434681161042,0.411,"Not Significant","synonymous"
"7663C>T","9569C>T",661,660.598690364827,0.000263751117064051,1,"Not Significant","synonymous"
"7663C>T","8841C>T",726,724.686623012161,0.000786375948148954,0.559,"Not Significant","synonymous"
"7663C>T","13377C>T",668,669.472404115996,-0.000956217472705647,0.556,"Not Significant","synonymous"
"7663C>T","12112C>T",744,738.490177736202,0.00322821217866199,0.003,"Significant","synonymous"
"7663C>T","12867C>T",731,729.616463985033,0.000822751559134398,0.576,"Not Significant","synonymous"
"7663C>T","4245C>T",676,673.416276894294,0.00166308659235331,0.183,"Not Significant","synonymous"
"7663C>T","12381A>T",692,691.163704396632,0.000525170822349294,0.81,"Not Significant","synonymous"
"7663C>T","9776C>T",821,818.353601496726,0.00140215907561695,0.118,"Not Significant","synonymous"
"7663C>T","8173C>T",673,674.402245088868,-0.000903943163889023,0.586,"Not Significant","synonymous"
"7663C>T","3951C>T",637,635.949485500468,0.000716812032332767,0.574,"Not Significant","synonymous"
"7663C>T","10874C>T",623,621.159962581852,0.00128459153783798,0.425,"Not Significant","synonymous"
"7663C>T","9806C>T",667,662.570626753976,0.00289365519497356,0.034,"Significant","synonymous"
"7663C>T","15265C>T",606,604.398503274088,0.00114924398012109,0.463,"Not Significant","synonymous"
"7663C>T","8209C>T",670,668.486435921422,0.000982203166013191,0.427,"Not Significant","synonymous"
"7663C>T","3757C>T",604,603.412535079514,0.000422610807820828,0.808,"Not Significant","synonymous"
"6617C>T","10067C>T",942,940.097287184284,0.000878103341046036,0.411,"Not Significant","synonymous"
"6617C>T","13380C>T",967,964.637979420019,0.00106211725617513,0.185,"Not Significant","synonymous"
"6617C>T","4599C>T",953,946.704396632367,0.00287850658977542,0.003,"Significant","synonymous"
"6617C>T","6122C>T",954,948.592142188962,0.00246885191945474,0.005,"Significant","synonymous"
"6617C>T","14872C>T",959,953.311506080449,0.00258377235988823,0.005,"Significant","synonymous"
"6617C>T","15616C>T",901,891.015902712816,0.00483933565286097,0,"Significant","synonymous"
"6617C>T","7849C>T",976,975.020579981291,0.000436035118938745,0.725,"Not Significant","synonymous"
"6617C>T","11677C>T",561,562.548175865295,-0.00119685951220738,0.691,"Not Significant","synonymous"
"6617C>T","5237G>A",934,928.770813844715,0.002438316770619,0.019,"Significant","synonymous"
"6617C>T","6053C>T",942,931.602432179607,0.00482028909510758,0,"Significant","synonymous"
"6617C>T","15430C>T",927,922.163704396632,0.00227170939759122,0.026,"Significant","synonymous"
"6617C>T","4832C>T",700,691.858746492049,0.00508060434499574,0.027,"Significant","synonymous"
"6617C>T","14097C>T",944,936.321796071094,0.00354686111575745,0.001,"Significant","synonymous"
"6617C>T","15608C>T",727,723.006548175865,0.00239218019830101,0.287,"Not Significant","synonymous"
"6617C>T","9027C>T",774,763.593077642657,0.00587897804248703,0.005,"Significant","synonymous"
"6617C>T","11638C>T",710,701.297474275023,0.00535607393036666,0.017,"Significant","synonymous"
"6617C>T","8616G>A",702,699.409728718428,0.00160544312234438,0.482,"Not Significant","synonymous"
"6617C>T","7909C>T",871,869.306828811974,0.000845063782681658,0.591,"Not Significant","synonymous"
"6617C>T","5375C>T",770,762.649204864359,0.00416590336976261,0.027,"Significant","synonymous"
"6617C>T","9162C>T",643,635.2263797942,0.00528244767211186,0.041,"Significant","synonymous"
"6617C>T","13116C>T",548,550.277829747428,-0.00180145730277713,0.577,"Not Significant","synonymous"
"6617C>T","9118C>T",575,574.818521983162,0.000137091028622672,1,"Not Significant","synonymous"
"6617C>T","3522C>T",570,568.21141253508,0.00136490338653402,0.71,"Not Significant","synonymous"
"6617C>T","9512C>T",556,555.941066417212,4.60357668232962e-05,1,"Not Significant","synonymous"
"6617C>T","7031C>T",608,608.797942001871,-0.000569596390665294,0.89,"Not Significant","synonymous"
"6617C>T","5342C>T",608,597.471468662301,0.00758640822724613,0.007,"Significant","synonymous"
"6617C>T","4652C>T",611,601.246959775491,0.00698831687907009,0.015,"Significant","synonymous"
"6617C>T","6875C>T",842,826.832553788587,0.00789452430343535,0,"Significant","synonymous"
"6617C>T","12022C>T",651,638.057998129093,0.00872083159842225,0,"Significant","synonymous"
"6617C>T","7858C>T",897,887.240411599626,0.00475112841626037,0.002,"Significant","synonymous"
"6617C>T","9168C>T",764,756.985968194574,0.00400552926339333,0.032,"Significant","synonymous"
"6617C>T","5478C>T",601,589.920486435921,0.00808099363053044,0.003,"Significant","synonymous"
"6617C>T","10762G>A",844,834.383536014967,0.0049767205844489,0,"Significant","synonymous"
"6617C>T","10961C>T",627,616.348924228251,0.00744089852750883,0.004,"Significant","synonymous"
"6617C>T","15400C>T",673,670.149672591207,0.00184325447676879,0.485,"Not Significant","synonymous"
"6617C>T","6164C>T",823,815.506080449018,0.00397263170524356,0.02,"Significant","synonymous"
"6617C>T","7337G>A",755,742.827876520112,0.00705875824199024,0,"Significant","synonymous"
"6617C>T","10560C>T",582,578.594013096352,0.00254904910334051,0.429,"Not Significant","synonymous"
"6617C>T","3474C>T",825,823.057062675398,0.00102400258922515,0.62,"Not Significant","synonymous"
"6617C>T","13440C>T",717,712.623947614593,0.00265874301047898,0.243,"Not Significant","synonymous"
"6617C>T","4221C>T",640,629.563143124415,0.00714067903920447,0.004,"Significant","synonymous"
"6617C>T","11761C>T",829,819.281571562208,0.00512134434564849,0.004,"Significant","synonymous"
"6617C>T","3525C>A",803,793.797006548176,0.00500608845263559,0.001,"Significant","synonymous"
"6617C>T","7400C>T",601,585.201122544434,0.0115693214763511,0,"Significant","synonymous"
"6617C>T","15271C>T",725,721.11880261927,0.00233118696717094,0.323,"Not Significant","synonymous"
"6617C>T","14947C>T",757,749.434985968195,0.00436191604484338,0.022,"Significant","synonymous"
"6617C>T","12774C>T",800,794.740879326473,0.00286443446416116,0.11,"Not Significant","synonymous"
"6617C>T","14980C>T",771,762.649204864359,0.00472955624823769,0.016,"Significant","synonymous"
"6617C>T","4194C>T",748,739.052385406922,0.00522637477838479,0.01,"Significant","synonymous"
"6617C>T","13848C>T",713,705.072965388213,0.00485546700833361,0.026,"Significant","synonymous"
"6617C>T","13725C>T",775,759.817586529467,0.0085923611103081,0,"Significant","synonymous"
"6617C>T","13623C>T",693,682.420018709074,0.00668147628914245,0.007,"Significant","synonymous"
"6617C>T","7588G>A",475,470.99251637044,0.00367960297334342,0.295,"Not Significant","synonymous"
"6617C>T","4161C>T",742,733.389148737137,0.00506942544997967,0.013,"Significant","synonymous"
"6617C>T","9209G>A",767,756.042095416277,0.00624938683660996,0.003,"Significant","synonymous"
"6617C>T","3525C>T",653,650.32834424696,0.00178049833931529,0.483,"Not Significant","synonymous"
"6617C>T","12636C>T",442,443.620205799813,-0.00158904961475777,0.706,"Not Significant","synonymous"
"6617C>T","3636C>T",711,699.409728718428,0.00713793172230457,0.002,"Significant","synonymous"
"6617C>T","10646G>A",700,692.802619270346,0.00448851907005317,0.051,"Not Significant","synonymous"
"6617C>T","8464C>T",781,761.705332086062,0.010864038127096,0,"Significant","synonymous"
"6617C>T","14239C>T",779,763.593077642657,0.00867547503215856,0,"Significant","synonymous"
"6617C>T","11977C>T",938,930.65855940131,0.00341246240972034,0.001,"Significant","synonymous"
"6617C>T","11102C>T",689,683.363891487371,0.00356719468234592,0.115,"Not Significant","synonymous"
"6617C>T","15490C>T",723,711.680074836296,0.00685349039662331,0.002,"Significant","synonymous"
"6617C>T","15448C>T",982,976.908325537886,0.00225767696588041,0.001,"Significant","synonymous"
"6617C>T","10592C>T",736,725.838166510758,0.00603801350793448,0.006,"Significant","synonymous"
"6617C>T","9569C>T",647,632.394761459308,0.00991601693973982,0,"Significant","synonymous"
"6617C>T","8841C>T",705,693.746492048644,0.00698831687907028,0,"Significant","synonymous"
"6617C>T","13377C>T",655,640.889616463985,0.00945806468314732,0,"Significant","synonymous"
"6617C>T","12112C>T",721,706.960710944808,0.00853998599182886,0,"Significant","synonymous"
"6617C>T","12867C>T",712,698.465855940131,0.00833481287774649,0.002,"Significant","synonymous"
"6617C>T","4245C>T",653,644.665107577175,0.00557901656540793,0.03,"Significant","synonymous"
"6617C>T","12381A>T",673,661.65481758653,0.00738358522918456,0.003,"Significant","synonymous"
"6617C>T","9776C>T",791,783.414405986904,0.00418493009346964,0.015,"Significant","synonymous"
"6617C>T","8173C>T",653,645.608980355472,0.00494361852682444,0.051,"Not Significant","synonymous"
"6617C>T","3951C>T",620,608.797942001871,0.00791851383485224,0.003,"Significant","synonymous"
"6617C>T","10874C>T",616,594.639850327409,0.0153267016827088,0,"Significant","synonymous"
"6617C>T","9806C>T",649,634.282507015903,0.00996196271840992,0,"Significant","synonymous"
"6617C>T","15265C>T",589,578.594013096352,0.00774135924055272,0.005,"Significant","synonymous"
"6617C>T","8209C>T",661,639.945743685688,0.0140583045904421,0,"Significant","synonymous"
"6617C>T","3757C>T",586,577.650140318054,0.00623273284439588,0.021,"Significant","synonymous"
"10067C>T","13380C>T",970,952.20954162769,0.00803920525262937,0,"Significant","synonymous"
"10067C>T","4599C>T",956,934.507015902713,0.0098753260407602,0,"Significant","synonymous"
"10067C>T","6122C>T",960,936.370439663237,0.0108235380681389,0,"Significant","synonymous"
"10067C>T","14872C>T",967,941.028999064546,0.0118234670854371,0,"Significant","synonymous"
"10067C>T","15616C>T",890,879.536014967259,0.00513637913192253,0.001,"Significant","synonymous"
"10067C>T","7849C>T",979,962.458372310571,0.00740073706859574,0,"Significant","synonymous"
"10067C>T","11677C>T",552,555.300280636108,-0.00258881522595775,0.485,"Not Significant","synonymous"
"10067C>T","5237G>A",925,916.804490177736,0.00386500109276987,0,"Significant","synonymous"
"10067C>T","6053C>T",931,919.599625818522,0.0053508950967845,0,"Significant","synonymous"
"10067C>T","15430C>T",921,910.282507015903,0.00508343326315459,0,"Significant","synonymous"
"10067C>T","4832C>T",692,682.944808231993,0.00572048660070822,0.02,"Significant","synonymous"
"10067C>T","14097C>T",934,924.258185219832,0.00455357086099348,0.001,"Significant","synonymous"
"10067C>T","15608C>T",721,713.691300280636,0.00442486187190375,0.065,"Not Significant","synonymous"
"10067C>T","9027C>T",765,753.754911131899,0.00643128032642372,0.001,"Significant","synonymous"
"10067C>T","11638C>T",704,692.261927034612,0.0073022121666151,0,"Significant","synonymous"
"10067C>T","8616G>A",699,690.398503274088,0.00537733455143177,0.031,"Significant","synonymous"
"10067C>T","7909C>T",871,858.106641721235,0.00647689159589277,0,"Significant","synonymous"
"10067C>T","5375C>T",768,752.823199251637,0.00866822604200398,0,"Significant","synonymous"
"10067C>T","9162C>T",634,627.042095416277,0.00479256044283429,0.12,"Not Significant","synonymous"
"10067C>T","13116C>T",551,543.188026192704,0.006201410877849,0.064,"Not Significant","synonymous"
"10067C>T","9118C>T",576,567.412535079514,0.00652355757541488,0.043,"Significant","synonymous"
"10067C>T","3522C>T",558,560.89055191768,-0.00224392553516614,0.524,"Not Significant","synonymous"
"10067C>T","9512C>T",557,548.778297474275,0.00645826717170533,0.051,"Not Significant","synonymous"
"10067C>T","7031C>T",611,600.954162768943,0.00719986239236443,0.009,"Significant","synonymous"
"10067C>T","5342C>T",593,589.7736202058,0.00236935013198638,0.462,"Not Significant","synonymous"
"10067C>T","4652C>T",598,593.500467726848,0.003280118438139,0.299,"Not Significant","synonymous"
"10067C>T","6875C>T",825,816.179607109448,0.00466820916692305,0.008,"Significant","synonymous"
"10067C>T","12022C>T",641,629.837231057063,0.0076297003622596,0.002,"Significant","synonymous"
"10067C>T","7858C>T",882,875.809167446211,0.00305909831719999,0.023,"Significant","synonymous"
"10067C>T","9168C>T",756,747.232927970065,0.00506579400212164,0.01,"Significant","synonymous"
"10067C>T","5478C>T",593,582.319925163704,0.00789304280526538,0.007,"Significant","synonymous"
"10067C>T","10762G>A",830,823.633302151543,0.00334419414807971,0.066,"Not Significant","synonymous"
"10067C>T","10961C>T",615,608.407857811038,0.00468030128542137,0.109,"Not Significant","synonymous"
"10067C>T","15400C>T",672,661.515434985968,0.00682929111982817,0.017,"Significant","synonymous"
"10067C>T","6164C>T",817,804.999064546305,0.00642668083860061,0,"Significant","synonymous"
"10067C>T","7337G>A",750,733.257249766137,0.00980489781771345,0,"Significant","synonymous"
"10067C>T","10560C>T",576,571.139382600561,0.00368037568987561,0.262,"Not Significant","synonymous"
"10067C>T","3474C>T",818,812.4527595884,0.00295518552383467,0.091,"Not Significant","synonymous"
"10067C>T","13440C>T",716,703.442469597755,0.0076844374637455,0,"Significant","synonymous"
"10067C>T","4221C>T",643,621.451824134705,0.01480350579275,0,"Significant","synonymous"
"10067C>T","11761C>T",819,808.725912067353,0.00548254336900516,0.005,"Significant","synonymous"
"10067C>T","3525C>A",788,783.569691300281,0.00244858847672205,0.272,"Not Significant","synonymous"
"10067C>T","7400C>T",588,577.661365762395,0.00770400336296252,0.016,"Significant","synonymous"
"10067C>T","15271C>T",726,711.827876520112,0.00856162890948184,0,"Significant","synonymous"
"10067C>T","14947C>T",753,739.77923292797,0.00769284055868249,0,"Significant","synonymous"
"10067C>T","12774C>T",790,784.501403180543,0.00303336657587078,0.14,"Not Significant","synonymous"
"10067C>T","14980C>T",762,752.823199251637,0.00526197735009287,0.012,"Significant","synonymous"
"10067C>T","4194C>T",741,729.530402245089,0.0067748127064631,0.004,"Significant","synonymous"
"10067C>T","13848C>T",706,695.98877455566,0.00620246602148345,0.006,"Significant","synonymous"
"10067C>T","13725C>T",757,750.028063610851,0.004018365917283,0.068,"Not Significant","synonymous"
"10067C>T","13623C>T",684,673.627689429373,0.00663617121066368,0.011,"Significant","synonymous"
"10067C>T","7588G>A",470,464.924228250702,0.00471567909740589,0.219,"Not Significant","synonymous"
"10067C>T","4161C>T",730,723.940130963517,0.00362020810462041,0.102,"Not Significant","synonymous"
"10067C>T","9209G>A",758,746.301216089804,0.00675505633289421,0,"Significant","synonymous"
"10067C>T","3525C>T",649,641.949485500468,0.00474384167782198,0.081,"Not Significant","synonymous"
"10067C>T","12636C>T",445,437.904583723106,0.00698051983029184,0.075,"Not Significant","synonymous"
"10067C>T","3636C>T",698,690.398503274088,0.00475558142891156,0.053,"Not Significant","synonymous"
"10067C>T","10646G>A",691,683.876520112255,0.00450035424320647,0.065,"Not Significant","synonymous"
"10067C>T","8464C>T",765,751.891487371375,0.00750626721662547,0,"Significant","synonymous"
"10067C>T","14239C>T",767,753.754911131899,0.00756520912178695,0,"Significant","synonymous"
"10067C>T","11977C>T",933,918.66791393826,0.00672309559036724,0,"Significant","synonymous"
"10067C>T","11102C>T",688,674.559401309635,0.00856823882344246,0.002,"Significant","synonymous"
"10067C>T","15490C>T",717,702.510757717493,0.00886617658310406,0,"Significant","synonymous"
"10067C>T","15448C>T",973,964.321796071094,0.00389085726049422,0,"Significant","synonymous"
"10067C>T","10592C>T",724,716.486435921422,0.00453059318079454,0.046,"Significant","synonymous"
"10067C>T","9569C>T",635,624.246959775491,0.00741728937622734,0.005,"Significant","synonymous"
"10067C>T","8841C>T",690,684.808231992517,0.0032801184381391,0.184,"Not Significant","synonymous"
"10067C>T","13377C>T",644,632.632366697849,0.00773445986438844,0.005,"Significant","synonymous"
"10067C>T","12112C>T",713,697.852198316183,0.00932607893747702,0,"Significant","synonymous"
"10067C>T","12867C>T",702,689.466791393826,0.00782375918390727,0.001,"Significant","synonymous"
"10067C>T","4245C>T",653,636.359214218896,0.0112108443786189,0,"Significant","synonymous"
"10067C>T","12381A>T",666,653.130028063611,0.00847457798872035,0.002,"Significant","synonymous"
"10067C>T","9776C>T",787,773.320860617399,0.00761500676806898,0,"Significant","synonymous"
"10067C>T","8173C>T",646,637.290926099158,0.0058947830600463,0.031,"Significant","synonymous"
"10067C>T","3951C>T",612,600.954162768943,0.00791007429537133,0.005,"Significant","synonymous"
"10067C>T","10874C>T",604,586.978484565014,0.0124147559526273,0,"Significant","synonymous"
"10067C>T","9806C>T",638,626.110383536015,0.00816977245241502,0.007,"Significant","synonymous"
"10067C>T","15265C>T",581,571.139382600561,0.00743402465699359,0.02,"Significant","synonymous"
"10067C>T","8209C>T",640,631.700654817587,0.00566864690190213,0.037,"Significant","synonymous"
"10067C>T","3757C>T",580,570.2076707203,0.00739493820245398,0.011,"Significant","synonymous"
"13380C>T","4599C>T",975,958.901777362021,0.00723049208820204,0,"Significant","synonymous"
"13380C>T","6122C>T",980,960.813844714687,0.00858682334607044,0,"Significant","synonymous"
"13380C>T","14872C>T",985,965.594013096352,0.00864166612505238,0,"Significant","synonymous"
"13380C>T","15616C>T",910,902.495790458372,0.00359620743310834,0.004,"Significant","synonymous"
"13380C>T","7849C>T",995,987.582787652011,0.00324956863618861,0,"Significant","synonymous"
"13380C>T","11677C>T",569,569.796071094481,-0.000607183935081053,0.887,"Not Significant","synonymous"
"13380C>T","5237G>A",949,940.737137511693,0.00379792340603484,0,"Significant","synonymous"
"13380C>T","6053C>T",949,943.605238540692,0.0024758691677398,0.005,"Significant","synonymous"
"13380C>T","15430C>T",940,934.044901777362,0.00276009929100939,0.001,"Significant","synonymous"
"13380C>T","4832C>T",703,700.772684752105,0.0013781597887799,0.513,"Not Significant","synonymous"
"13380C>T","14097C>T",953,948.385406922357,0.00210803789423159,0.015,"Significant","synonymous"
"13380C>T","15608C>T",737,732.321796071095,0.00276552763653124,0.124,"Not Significant","synonymous"
"13380C>T","9027C>T",779,773.431244153414,0.00311574547037585,0.058,"Not Significant","synonymous"
"13380C>T","11638C>T",708,710.333021515435,-0.00142874666072192,0.509,"Not Significant","synonymous"
"13380C>T","8616G>A",716,708.420954162769,0.0046216237386109,0.016,"Significant","synonymous"
"13380C>T","7909C>T",884,880.507015902713,0.00171944422630812,0.193,"Not Significant","synonymous"
"13380C>T","5375C>T",783,772.475210477081,0.00587721069344055,0,"Significant","synonymous"
"13380C>T","9162C>T",645,643.410664172123,0.0010714598213749,0.613,"Not Significant","synonymous"
"13380C>T","13116C>T",566,557.367633302152,0.00667468583934018,0.007,"Significant","synonymous"
"13380C>T","9118C>T",590,582.22450888681,0.00576152841935205,0.02,"Significant","synonymous"
"13380C>T","3522C>T",580,575.532273152479,0.00335831171519618,0.229,"Not Significant","synonymous"
"13380C>T","9512C>T",573,563.10383536015,0.00756613659037105,0.005,"Significant","synonymous"
"13380C>T","7031C>T",626,616.641721234799,0.00654142798524487,0.005,"Significant","synonymous"
"13380C>T","5342C>T",608,605.169317118803,0.0020266786654636,0.447,"Not Significant","synonymous"
"13380C>T","4652C>T",607,608.993451824135,-0.00142393185000858,0.616,"Not Significant","synonymous"
"13380C>T","6875C>T",844,837.485500467727,0.00336514986765807,0.018,"Significant","synonymous"
"13380C>T","12022C>T",644,646.278765201122,-0.00153401917173947,0.525,"Not Significant","synonymous"
"13380C>T","7858C>T",903,898.67165575304,0.00208670612389102,0.074,"Not Significant","synonymous"
"13380C>T","9168C>T",769,766.739008419083,0.00127878092735148,0.474,"Not Significant","synonymous"
"13380C>T","5478C>T",598,597.521047708138,0.000347976054419658,1,"Not Significant","synonymous"
"13380C>T","10762G>A",853,845.133769878391,0.00402357556453362,0.005,"Significant","synonymous"
"13380C>T","10961C>T",627,624.289990645463,0.0018811689657263,0.429,"Not Significant","synonymous"
"13380C>T","15400C>T",682,678.783910196445,0.00205283534748746,0.311,"Not Significant","synonymous"
"13380C>T","6164C>T",834,826.013096351731,0.00417911756892897,0.005,"Significant","synonymous"
"13380C>T","7337G>A",764,752.398503274088,0.00664543562670858,0,"Significant","synonymous"
"13380C>T","10560C>T",593,586.048643592142,0.00512102825593084,0.059,"Not Significant","synonymous"
"13380C>T","3474C>T",838,833.661365762395,0.00225434310779308,0.127,"Not Significant","synonymous"
"13380C>T","13440C>T",724,721.805425631431,0.00131842397804254,0.496,"Not Significant","synonymous"
"13380C>T","4221C>T",652,637.674462114125,0.00964857122545376,0,"Significant","synonymous"
"13380C>T","11761C>T",838,829.837231057063,0.00425110286386823,0.004,"Significant","synonymous"
"13380C>T","3525C>A",807,804.024321796071,0.00160434833424221,0.36,"Not Significant","synonymous"
"13380C>T","7400C>T",600,592.740879326473,0.00528637029547303,0.036,"Significant","synonymous"
"13380C>T","15271C>T",740,730.409728718428,0.00566517056536959,0.003,"Significant","synonymous"
"13380C>T","14947C>T",760,759.090739008419,0.000519899263779156,0.877,"Not Significant","synonymous"
"13380C>T","12774C>T",805,804.980355472404,1.05982783031191e-05,1,"Not Significant","synonymous"
"13380C>T","14980C>T",775,772.475210477081,0.001417151141808,0.408,"Not Significant","synonymous"
"13380C>T","4194C>T",756,748.574368568756,0.00428684285334676,0.029,"Significant","synonymous"
"13380C>T","13848C>T",718,714.157156220767,0.00233065183698536,0.259,"Not Significant","synonymous"
"13380C>T","13725C>T",776,769.607109448082,0.00359265030040352,0.034,"Significant","synonymous"
"13380C>T","13623C>T",695,691.212347988774,0.00237331670566688,0.265,"Not Significant","synonymous"
"13380C>T","7588G>A",479,477.060804490178,0.00176177720125709,0.653,"Not Significant","synonymous"
"13380C>T","4161C>T",745,742.838166510758,0.00126206335746256,0.5,"Not Significant","synonymous"
"13380C>T","9209G>A",771,765.78297474275,0.00294867137680294,0.091,"Not Significant","synonymous"
"13380C>T","3525C>T",665,658.707202993452,0.00412923280556229,0.054,"Not Significant","synonymous"
"13380C>T","12636C>T",454,449.33582787652,0.00448480433146954,0.166,"Not Significant","synonymous"
"13380C>T","3636C>T",716,708.420954162769,0.0046216237386109,0.012,"Significant","synonymous"
"13380C>T","10646G>A",706,701.728718428438,0.00263545054581692,0.191,"Not Significant","synonymous"
"13380C>T","8464C>T",777,771.519176800748,0.00307429348892762,0.084,"Not Significant","synonymous"
"13380C>T","14239C>T",782,773.431244153414,0.0047850408576591,0.008,"Significant","synonymous"
"13380C>T","11977C>T",948,942.649204864359,0.00245823180693888,0.01,"Significant","synonymous"
"13380C>T","11102C>T",691,692.168381665108,-0.000733709412864333,0.749,"Not Significant","synonymous"
"13380C>T","15490C>T",728,720.849391955098,0.00428684285334666,0.023,"Significant","synonymous"
"13380C>T","15448C>T",995,989.494855004677,0.00240954036287278,0,"Significant","synonymous"
"13380C>T","10592C>T",737,735.189897100094,0.00106795746770439,0.632,"Not Significant","synonymous"
"13380C>T","9569C>T",650,640.542563143124,0.00636536335211234,0.008,"Significant","synonymous"
"13380C>T","8841C>T",715,702.684752104771,0.00754551212696869,0,"Significant","synonymous"
"13380C>T","13377C>T",653,649.146866230122,0.00257021640465587,0.278,"Not Significant","synonymous"
"13380C>T","12112C>T",726,716.069223573433,0.00598161241071055,0.002,"Significant","synonymous"
"13380C>T","12867C>T",712,707.464920486436,0.00277508331596388,0.158,"Not Significant","synonymous"
"13380C>T","4245C>T",661,652.971000935454,0.00530756521419097,0.016,"Significant","synonymous"
"13380C>T","12381A>T",674,670.179607109448,0.00246868797874499,0.274,"Not Significant","synonymous"
"13380C>T","9776C>T",802,793.507951356408,0.00462308531817315,0.003,"Significant","synonymous"
"13380C>T","8173C>T",658,653.927034611787,0.00269660130392295,0.206,"Not Significant","synonymous"
"13380C>T","3951C>T",626,616.641721234799,0.00654142798524487,0.009,"Significant","synonymous"
"13380C>T","10874C>T",614,602.301216089803,0.00835463109766877,0,"Significant","synonymous"
"13380C>T","9806C>T",648,642.45463049579,0.00373254222685161,0.091,"Not Significant","synonymous"
"13380C>T","15265C>T",600,586.048643592142,0.0102175852753109,0,"Significant","synonymous"
"13380C>T","8209C>T",659,648.190832553788,0.00718253013702954,0.001,"Significant","synonymous"
"13380C>T","3757C>T",588,585.092609915809,0.00215271334066107,0.457,"Not Significant","synonymous"
"4599C>T","6122C>T",967,942.951356407858,0.0109371845148527,0,"Significant","synonymous"
"4599C>T","14872C>T",973,947.642656688494,0.011468238674068,0,"Significant","synonymous"
"4599C>T","15616C>T",899,885.717492984097,0.00646446962351902,0,"Significant","synonymous"
"4599C>T","7849C>T",980,969.22263797942,0.00480252636123358,0,"Significant","synonymous"
"4599C>T","11677C>T",559,559.202993451824,-0.000157679665453175,1,"Not Significant","synonymous"
"4599C>T","5237G>A",933,923.247895229186,0.00456331750351786,0,"Significant","synonymous"
"4599C>T","6053C>T",939,926.062675397568,0.00602521178483344,0,"Significant","synonymous"
"4599C>T","15430C>T",926,916.680074836296,0.00439319515152064,0.001,"Significant","synonymous"
"4599C>T","4832C>T",696,687.744621141254,0.00518203715779324,0.033,"Significant","synonymous"
"4599C>T","14097C>T",938,930.753975678204,0.00336793841324529,0,"Significant","synonymous"
"4599C>T","15608C>T",728,718.707202993452,0.00557938186879229,0.012,"Significant","synonymous"
"4599C>T","9027C>T",769,759.052385406922,0.00565459037751791,0.002,"Significant","synonymous"
"4599C>T","11638C>T",702,697.127221702526,0.0030250705575894,0.198,"Not Significant","synonymous"
"4599C>T","8616G>A",704,695.250701590271,0.00543122335114314,0.013,"Significant","synonymous"
"4599C>T","7909C>T",866,864.137511693171,0.000935034008857513,0.603,"Not Significant","synonymous"
"4599C>T","5375C>T",775,758.114125350795,0.00956711392008275,0,"Significant","synonymous"
"4599C>T","9162C>T",646,631.44901777362,0.0098942259594656,0,"Significant","synonymous"
"4599C>T","13116C>T",554,547.00561272217,0.00551798215777447,0.088,"Not Significant","synonymous"
"4599C>T","9118C>T",581,571.400374181478,0.00723561194581402,0.011,"Significant","synonymous"
"4599C>T","3522C>T",566,564.832553788587,0.000896712118806618,0.799,"Not Significant","synonymous"
"4599C>T","9512C>T",554,552.635173058934,0.00107124212968782,0.808,"Not Significant","synonymous"
"4599C>T","7031C>T",610,605.177736202058,0.00344689256385848,0.25,"Not Significant","synonymous"
"4599C>T","5342C>T",610,593.918615528531,0.01160289718177,0,"Significant","synonymous"
"4599C>T","4652C>T",608,597.67165575304,0.00744091912574311,0.013,"Significant","synonymous"
"4599C>T","6875C>T",839,821.915809167446,0.00893462684897836,0,"Significant","synonymous"
"4599C>T","12022C>T",643,634.263797942002,0.00594104917094518,0.024,"Significant","synonymous"
"4599C>T","7858C>T",885,881.964452759588,0.00149218928648646,0.238,"Not Significant","synonymous"
"4599C>T","9168C>T",761,752.484565014032,0.00488706067476854,0.02,"Significant","synonymous"
"4599C>T","5478C>T",594,586.412535079514,0.00558319982547729,0.047,"Significant","synonymous"
"4599C>T","10762G>A",840,829.421889616464,0.00550379323716776,0.002,"Significant","synonymous"
"4599C>T","10961C>T",624,612.683816651076,0.0079481805957087,0.005,"Significant","synonymous"
"4599C>T","15400C>T",679,666.164639850327,0.00828819774978502,0,"Significant","synonymous"
"4599C>T","6164C>T",818,810.65668849392,0.00391633338078914,0.018,"Significant","synonymous"
"4599C>T","7337G>A",752,738.410664172124,0.00791988042093646,0,"Significant","synonymous"
"4599C>T","10560C>T",590,575.153414405987,0.0110683093120871,0,"Significant","synonymous"
"4599C>T","3474C>T",819,818.162768942937,0.000444189016211043,0.875,"Not Significant","synonymous"
"4599C>T","13440C>T",716,708.386342376052,0.00464284286702653,0.037,"Significant","synonymous"
"4599C>T","4221C>T",651,625.819457436857,0.0171319268400001,0,"Significant","synonymous"
"4599C>T","11761C>T",822,814.409728718428,0.00402886455191787,0.017,"Significant","synonymous"
"4599C>T","3525C>A",792,789.076707202993,0.00160595797994105,0.427,"Not Significant","synonymous"
"4599C>T","7400C>T",600,581.721234798878,0.0134363330737473,0,"Significant","synonymous"
"4599C>T","15271C>T",731,716.830682881197,0.00850079057052923,0,"Significant","synonymous"
"4599C>T","14947C>T",753,744.978484565014,0.00465124596196356,0.031,"Significant","synonymous"
"4599C>T","12774C>T",797,790.014967259121,0.00382300208482223,0.04,"Significant","synonymous"
"4599C>T","14980C>T",756,758.114125350795,-0.00121279308501955,0.57,"Not Significant","synonymous"
"4599C>T","4194C>T",744,734.657623947615,0.00548794567629448,0.009,"Significant","synonymous"
"4599C>T","13848C>T",709,700.880261927035,0.00500240555602694,0.03,"Significant","synonymous"
"4599C>T","13725C>T",763,755.299345182414,0.00440542977537123,0.03,"Significant","synonymous"
"4599C>T","13623C>T",684,678.362020579981,0.00359457661394482,0.148,"Not Significant","synonymous"
"4599C>T","7588G>A",474,468.191768007484,0.00535456823905393,0.162,"Not Significant","synonymous"
"4599C>T","4161C>T",732,729.028063610851,0.00176683444583728,0.5,"Not Significant","synonymous"
"4599C>T","9209G>A",761,751.546304957905,0.0054289128746944,0.013,"Significant","synonymous"
"4599C>T","3525C>T",646,646.461178671656,-0.000309931724181779,1,"Not Significant","synonymous"
"4599C>T","12636C>T",444,440.982226379794,0.00296188436726161,0.432,"Not Significant","synonymous"
"4599C>T","3636C>T",709,695.250701590271,0.00850479939209702,0,"Significant","synonymous"
"4599C>T","10646G>A",695,688.682881197381,0.00396551686240269,0.09,"Not Significant","synonymous"
"4599C>T","8464C>T",768,757.175865294668,0.00616445749780063,0.002,"Significant","synonymous"
"4599C>T","14239C>T",773,759.052385406922,0.00790774449441153,0,"Significant","synonymous"
"4599C>T","11977C>T",937,925.124415341441,0.00553944813492627,0,"Significant","synonymous"
"4599C>T","11102C>T",690,679.300280636108,0.0067872967284673,0.004,"Significant","synonymous"
"4599C>T","15490C>T",722,707.448082319925,0.00884262388822372,0,"Significant","synonymous"
"4599C>T","15448C>T",976,971.099158091674,0.0021862400621149,0.003,"Significant","synonymous"
"4599C>T","10592C>T",724,721.521983161833,0.0014889985840756,0.548,"Not Significant","synonymous"
"4599C>T","9569C>T",635,628.634237605239,0.00437569477950841,0.12,"Not Significant","synonymous"
"4599C>T","8841C>T",699,689.621141253508,0.00586660884984553,0.012,"Significant","synonymous"
"4599C>T","13377C>T",646,637.078578110384,0.00603951590294134,0.025,"Significant","synonymous"
"4599C>T","12112C>T",722,702.756782039289,0.0117321520585309,0,"Significant","synonymous"
"4599C>T","12867C>T",704,694.312441534144,0.00601771159949501,0.012,"Significant","synonymous"
"4599C>T","4245C>T",653,640.831618334892,0.00816924978189992,0.001,"Significant","synonymous"
"4599C>T","12381A>T",665,657.720299345182,0.00478039952480508,0.069,"Not Significant","synonymous"
"4599C>T","9776C>T",797,778.755846585594,0.0100570012083971,0,"Significant","synonymous"
"4599C>T","8173C>T",655,641.76987839102,0.00886197046002546,0,"Significant","synonymous"
"4599C>T","3951C>T",620,605.177736202058,0.0105087470513442,0,"Significant","synonymous"
"4599C>T","10874C>T",606,591.10383536015,0.0108088469010625,0,"Significant","synonymous"
"4599C>T","9806C>T",639,630.510757717493,0.0058083572929338,0.031,"Significant","synonymous"
"4599C>T","15265C>T",592,575.153414405987,0.0125380043928625,0,"Significant","synonymous"
"4599C>T","8209C>T",645,636.140318054256,0.00600679295656333,0.025,"Significant","synonymous"
"4599C>T","3757C>T",584,574.21515434986,0.00733819715519684,0.02,"Significant","synonymous"
"6122C>T","14872C>T",975,949.532273152479,0.0114948853681634,0,"Significant","synonymous"
"6122C>T","15616C>T",901,887.483629560337,0.00656444013326364,0,"Significant","synonymous"
"6122C>T","7849C>T",983,971.155285313377,0.00526483976478479,0,"Significant","synonymous"
"6122C>T","11677C>T",565,560.318054256314,0.00361383153147177,0.253,"Not Significant","synonymous"
"6122C>T","5237G>A",930,925.088868101029,0.00229949357486379,0.025,"Significant","synonymous"
"6122C>T","6053C>T",934,927.909260991581,0.00284136701272663,0.007,"Significant","synonymous"
"6122C>T","15430C>T",927,918.507951356408,0.00399681387799394,0.001,"Significant","synonymous"
"6122C>T","4832C>T",693,689.115996258185,0.00244090342294884,0.322,"Not Significant","synonymous"
"6122C>T","14097C>T",941,932.609915809167,0.00388959472534818,0,"Significant","synonymous"
"6122C>T","15608C>T",729,720.140318054256,0.00531040213764033,0.015,"Significant","synonymous"
"6122C>T","9027C>T",771,760.5659494855,0.0059174998909543,0.001,"Significant","synonymous"
"6122C>T","11638C>T",699,698.517305893358,0.000300005437376404,1,"Not Significant","synonymous"
"6122C>T","8616G>A",707,696.637043966324,0.00641284926984064,0.005,"Significant","synonymous"
"6122C>T","7909C>T",870,865.860617399439,0.00207126587403978,0.124,"Not Significant","synonymous"
"6122C>T","5375C>T",771,759.625818521983,0.00645466072864032,0.002,"Significant","synonymous"
"6122C>T","9162C>T",636,632.708138447147,0.00225369487670702,0.421,"Not Significant","synonymous"
"6122C>T","13116C>T",557,548.096351730589,0.00699828386698382,0.026,"Significant","synonymous"
"6122C>T","9118C>T",585,572.539756782039,0.00935021690157381,0.001,"Significant","synonymous"
"6122C>T","3522C>T",568,565.958840037418,0.00156348790546443,0.616,"Not Significant","synonymous"
"6122C>T","9512C>T",557,553.737137511693,0.00255154383889715,0.435,"Not Significant","synonymous"
"6122C>T","7031C>T",622,606.384471468662,0.0110423135078195,0,"Significant","synonymous"
"6122C>T","5342C>T",602,595.102899906455,0.00500442469273902,0.088,"Not Significant","synonymous"
"6122C>T","4652C>T",600,598.863423760524,0.000823461500563318,0.808,"Not Significant","synonymous"
"6122C>T","6875C>T",833,823.55472404116,0.00495253869097663,0.002,"Significant","synonymous"
"6122C>T","12022C>T",641,635.528531337699,0.00372297702945133,0.188,"Not Significant","synonymous"
"6122C>T","7858C>T",886,883.723105706268,0.0011175117396223,0.418,"Not Significant","synonymous"
"6122C>T","9168C>T",761,753.985032740879,0.00402193193867918,0.044,"Significant","synonymous"
"6122C>T","5478C>T",592,587.581852198316,0.00325333283111434,0.295,"Not Significant","synonymous"
"6122C>T","10762G>A",835,831.075771749298,0.00204585392279906,0.244,"Not Significant","synonymous"
"6122C>T","10961C>T",620,613.905519176801,0.0042901516754496,0.112,"Not Significant","synonymous"
"6122C>T","15400C>T",673,667.492984097287,0.00356835895717141,0.133,"Not Significant","synonymous"
"6122C>T","6164C>T",818,812.273152478952,0.00305120464469968,0.071,"Not Significant","synonymous"
"6122C>T","7337G>A",749,739.88306828812,0.00531872879267152,0.008,"Significant","synonymous"
"6122C>T","10560C>T",589,576.300280636108,0.00946646372095535,0.001,"Significant","synonymous"
"6122C>T","3474C>T",825,819.794200187091,0.00274910706962784,0.094,"Not Significant","synonymous"
"6122C>T","13440C>T",718,709.798877455566,0.00498913606538178,0.025,"Significant","synonymous"
"6122C>T","4221C>T",652,627.067352666043,0.0169334052676389,0,"Significant","synonymous"
"6122C>T","11761C>T",823,816.033676333021,0.0036917534880479,0.029,"Significant","synonymous"
"6122C>T","3525C>A",794,790.650140318054,0.00183615008145423,0.368,"Not Significant","synonymous"
"6122C>T","7400C>T",596,582.88119738073,0.0096662136942513,0,"Significant","synonymous"
"6122C>T","15271C>T",728,718.260056127222,0.00584966418961685,0.01,"Significant","synonymous"
"6122C>T","14947C>T",754,746.463985032741,0.0043624868949476,0.026,"Significant","synonymous"
"6122C>T","12774C>T",797,791.590271281572,0.00295787334873279,0.109,"Not Significant","synonymous"
"6122C>T","14980C>T",759,759.625818521983,-0.000357941426835361,0.883,"Not Significant","synonymous"
"6122C>T","4194C>T",747,736.12254443405,0.00637048320972494,0.005,"Significant","synonymous"
"6122C>T","13848C>T",707,702.277829747428,0.0029104554337705,0.194,"Not Significant","synonymous"
"6122C>T","13725C>T",766,756.805425631431,0.00524453271700506,0.009,"Significant","synonymous"
"6122C>T","13623C>T",683,679.714686623012,0.00209404983927181,0.398,"Not Significant","synonymous"
"6122C>T","7588G>A",472,469.125350795136,0.00265309646296764,0.509,"Not Significant","synonymous"
"6122C>T","4161C>T",730,730.481758652947,-0.000286515228187944,1,"Not Significant","synonymous"
"6122C>T","9209G>A",761,753.044901777362,0.004563784138605,0.019,"Significant","synonymous"
"6122C>T","3525C>T",652,647.750233863424,0.00284001727656424,0.265,"Not Significant","synonymous"
"6122C>T","12636C>T",449,441.861552853134,0.00696012651987452,0.054,"Not Significant","synonymous"
"6122C>T","3636C>T",706,696.637043966324,0.00579813652474515,0.009,"Significant","synonymous"
"6122C>T","10646G>A",692,690.056127221703,0.00122167799295738,0.682,"Not Significant","synonymous"
"6122C>T","8464C>T",770,758.685687558466,0.00642883390268107,0.001,"Significant","synonymous"
"6122C>T","14239C>T",774,760.5659494855,0.00760408252288974,0,"Significant","synonymous"
"6122C>T","11977C>T",934,926.969130028064,0.00328160474115215,0.004,"Significant","synonymous"
"6122C>T","11102C>T",687,680.654817586529,0.00402981431467338,0.107,"Not Significant","synonymous"
"6122C>T","15490C>T",715,708.858746492049,0.00374633938357631,0.091,"Not Significant","synonymous"
"6122C>T","15448C>T",981,973.035547240411,0.00354030103928203,0,"Significant","synonymous"
"6122C>T","10592C>T",724,722.960710944808,0.000623869847986158,0.755,"Not Significant","synonymous"
"6122C>T","9569C>T",635,629.887745556595,0.00351056604341898,0.192,"Not Significant","synonymous"
"6122C>T","8841C>T",700,690.99625818522,0.00562234438233142,0.013,"Significant","synonymous"
"6122C>T","13377C>T",647,638.348924228251,0.00584614984046815,0.032,"Significant","synonymous"
"6122C>T","12112C>T",719,704.158091674462,0.00905871613568527,0,"Significant","synonymous"
"6122C>T","12867C>T",701,695.696913002806,0.00329794168795237,0.16,"Not Significant","synonymous"
"6122C>T","4245C>T",652,642.10944808232,0.00663853550265692,0.005,"Significant","synonymous"
"6122C>T","12381A>T",663,659.031805425631,0.00260715389038438,0.308,"Not Significant","synonymous"
"6122C>T","9776C>T",795,780.308699719364,0.00810067973266567,0,"Significant","synonymous"
"6122C>T","8173C>T",652,643.049579045837,0.00600313746407354,0.024,"Significant","synonymous"
"6122C>T","3951C>T",618,606.384471468662,0.00824040390581715,0.006,"Significant","synonymous"
"6122C>T","10874C>T",606,592.282507015903,0.0099437181649732,0,"Significant","synonymous"
"6122C>T","9806C>T",638,631.76800748363,0.00426304911960683,0.125,"Not Significant","synonymous"
"6122C>T","15265C>T",586,576.300280636108,0.00724878495194476,0.01,"Significant","synonymous"
"6122C>T","8209C>T",647,637.408793264733,0.00648623025390643,0.013,"Significant","synonymous"
"6122C>T","3757C>T",580,575.360149672591,0.00348821486964586,0.267,"Not Significant","synonymous"
"14872C>T","15616C>T",907,891.898971000935,0.00729162418816098,0,"Significant","synonymous"
"14872C>T","7849C>T",985,975.98690364827,0.00399224040412614,0,"Significant","synonymous"
"14872C>T","11677C>T",562,563.10570626754,-0.000853612745039737,0.802,"Not Significant","synonymous"
"14872C>T","5237G>A",936,929.691300280636,0.00293708173289887,0.003,"Significant","synonymous"
"14872C>T","6053C>T",944,932.525724976614,0.00531117305456709,0,"Significant","synonymous"
"14872C>T","15430C>T",931,923.077642656688,0.00371144868870463,0.003,"Significant","synonymous"
"14872C>T","4832C>T",695,692.544434050514,0.00153716137512114,0.587,"Not Significant","synonymous"
"14872C>T","14097C>T",942,937.249766136576,0.00219556206483395,0.022,"Significant","synonymous"
"14872C>T","15608C>T",733,723.723105706268,0.00553153643465858,0.008,"Significant","synonymous"
"14872C>T","9027C>T",776,764.349859681946,0.00656953107205071,0.001,"Significant","synonymous"
"14872C>T","11638C>T",700,701.99251637044,-0.0012344423201829,0.665,"Not Significant","synonymous"
"14872C>T","8616G>A",712,700.102899906455,0.0073181170836626,0.001,"Significant","synonymous"
"14872C>T","7909C>T",879,870.168381665108,0.00438557630305788,0.003,"Significant","synonymous"
"14872C>T","5375C>T",782,763.405051449953,0.010451723711396,0,"Significant","synonymous"
"14872C>T","9162C>T",649,635.855940130964,0.00888596400252641,0.001,"Significant","synonymous"
"14872C>T","13116C>T",563,550.823199251637,0.00949617151846584,0,"Significant","synonymous"
"14872C>T","9118C>T",591,575.388213283442,0.0116265196745134,0,"Significant","synonymous"
"14872C>T","3522C>T",573,568.774555659495,0.00321446213570026,0.27,"Not Significant","synonymous"
"14872C>T","9512C>T",567,556.492048643592,0.00812409553193879,0.002,"Significant","synonymous"
"14872C>T","7031C>T",618,609.401309635173,0.00608509187968245,0.021,"Significant","synonymous"
"14872C>T","5342C>T",607,598.063610851263,0.00644131248403686,0.026,"Significant","synonymous"
"14872C>T","4652C>T",603,601.842843779233,0.000834211230936125,0.771,"Not Significant","synonymous"
"14872C>T","6875C>T",841,827.652011225444,0.00694822105596608,0,"Significant","synonymous"
"14872C>T","12022C>T",645,638.690364826941,0.00426935011976674,0.096,"Not Significant","synonymous"
"14872C>T","7858C>T",895,888.119738072965,0.00335151314234844,0.007,"Significant","synonymous"
"14872C>T","9168C>T",764,757.736202057998,0.0035753217176614,0.06,"Not Significant","synonymous"
"14872C>T","5478C>T",590,590.505144995323,-0.000371674275795567,0.88,"Not Significant","synonymous"
"14872C>T","10762G>A",844,835.210477081385,0.00454651303871684,0.003,"Significant","synonymous"
"14872C>T","10961C>T",628,616.959775491113,0.00770279388825652,0.004,"Significant","synonymous"
"14872C>T","15400C>T",681,670.813844714687,0.00654509461984431,0.004,"Significant","synonymous"
"14872C>T","6164C>T",828,816.314312441534,0.00617292573212149,0,"Significant","synonymous"
"14872C>T","7337G>A",757,743.56407857811,0.00777747856714256,0,"Significant","synonymous"
"14872C>T","10560C>T",589,579.167446211413,0.00731115169482078,0.01,"Significant","synonymous"
"14872C>T","3474C>T",834,823.872778297474,0.0053058971313063,0.001,"Significant","synonymous"
"14872C>T","13440C>T",722,713.33021515435,0.0052465773665856,0.018,"Significant","synonymous"
"14872C>T","4221C>T",652,630.187090739008,0.0147780932415043,0,"Significant","synonymous"
"14872C>T","11761C>T",827,820.093545369504,0.00364211580218973,0.021,"Significant","synonymous"
"14872C>T","3525C>A",801,794.583723105706,0.00349285171246042,0.05,"Not Significant","synonymous"
"14872C>T","7400C>T",605,585.78110383536,0.014020016580348,0,"Significant","synonymous"
"14872C>T","15271C>T",734,721.833489242283,0.007259032766515,0,"Significant","synonymous"
"14872C>T","14947C>T",759,750.177736202058,0.00507760489451889,0.01,"Significant","synonymous"
"14872C>T","12774C>T",799,795.528531337699,0.00189101924047705,0.299,"Not Significant","synonymous"
"14872C>T","14980C>T",765,763.405051449953,0.000906405805166803,0.639,"Not Significant","synonymous"
"14872C>T","4194C>T",752,739.78484565014,0.00711240995983338,0,"Significant","synonymous"
"14872C>T","13848C>T",713,705.77174929841,0.00442525946260155,0.037,"Significant","synonymous"
"14872C>T","13725C>T",768,760.570626753976,0.00422167108977832,0.025,"Significant","synonymous"
"14872C>T","13623C>T",690,683.096351730589,0.00436712486885931,0.059,"Not Significant","synonymous"
"14872C>T","7588G>A",476,471.459307764266,0.00416273852323779,0.225,"Not Significant","synonymous"
"14872C>T","4161C>T",738,734.115996258185,0.00229167444826243,0.28,"Not Significant","synonymous"
"14872C>T","9209G>A",767,756.791393826006,0.00581917929087794,0.002,"Significant","synonymous"
"14872C>T","3525C>T",654,650.972871842844,0.00201485784277651,0.4,"Not Significant","synonymous"
"14872C>T","12636C>T",449,444.059869036483,0.00480481449374014,0.229,"Not Significant","synonymous"
"14872C>T","3636C>T",713,700.102899906455,0.0079276532986717,0,"Significant","synonymous"
"14872C>T","10646G>A",699,693.489242282507,0.0034374472557458,0.111,"Not Significant","synonymous"
"14872C>T","8464C>T",775,762.460243217961,0.00708449921037436,0.001,"Significant","synonymous"
"14872C>T","14239C>T",784,764.349859681946,0.0110238724983002,0,"Significant","synonymous"
"14872C>T","11977C>T",944,931.580916744621,0.0057514107829926,0,"Significant","synonymous"
"14872C>T","11102C>T",691,684.041159962582,0.00439581260318626,0.066,"Not Significant","synonymous"
"14872C>T","15490C>T",721,712.385406922357,0.00522025027578973,0.008,"Significant","synonymous"
"14872C>T","15448C>T",982,977.876520112254,0.00182746942014837,0.007,"Significant","synonymous"
"14872C>T","10592C>T",732,726.557530402245,0.00324107268309581,0.129,"Not Significant","synonymous"
"14872C>T","9569C>T",641,633.021515434986,0.0054395582441256,0.039,"Significant","synonymous"
"14872C>T","8841C>T",701,694.4340505145,0.00408701030859866,0.056,"Not Significant","synonymous"
"14872C>T","13377C>T",647,641.524789522919,0.00369083781433348,0.164,"Not Significant","synonymous"
"14872C>T","12112C>T",726,707.661365762395,0.0111111344267611,0,"Significant","synonymous"
"14872C>T","12867C>T",709,699.158091674462,0.00607084687822497,0.004,"Significant","synonymous"
"14872C>T","4245C>T",658,645.304022450889,0.00846152135855699,0.001,"Significant","synonymous"
"14872C>T","12381A>T",668,662.310570626754,0.00371477593502183,0.114,"Not Significant","synonymous"
"14872C>T","9776C>T",802,784.190832553789,0.00975260733422385,0,"Significant","synonymous"
"14872C>T","8173C>T",656,646.248830682881,0.00650406908167849,0.01,"Significant","synonymous"
"14872C>T","3951C>T",624,609.401309635173,0.01028120647329,0,"Significant","synonymous"
"14872C>T","10874C>T",612,595.229186155285,0.0120672041181129,0,"Significant","synonymous"
"14872C>T","9806C>T",648,634.911131898971,0.0088620642429021,0,"Significant","synonymous"
"14872C>T","15265C>T",594,579.167446211413,0.0109823018889121,0,"Significant","synonymous"
"14872C>T","8209C>T",657,640.579981290926,0.0109920071188512,0,"Significant","synonymous"
"14872C>T","3757C>T",587,578.22263797942,0.00654301052818762,0.026,"Significant","synonymous"
"15616C>T","7849C>T",920,912.209541627689,0.00369321673664337,0,"Significant","synonymous"
"15616C>T","11677C>T",506,526.308699719364,-0.017090031989725,0,"Significant","synonymous"
"15616C>T","5237G>A",877,868.939195509822,0.00401020584540753,0.001,"Significant","synonymous"
"15616C>T","6053C>T",884,871.588400374182,0.00614082325414464,0,"Significant","synonymous"
"15616C>T","15430C>T",873,862.757717492984,0.00512539089750511,0.001,"Significant","synonymous"
"15616C>T","4832C>T",687,647.289055191768,0.0258584733291277,0,"Significant","synonymous"
"15616C>T","14097C>T",887,876.00374181478,0.00541765858825618,0,"Significant","synonymous"
"15616C>T","15608C>T",685,676.430308699719,0.00546751277052993,0.065,"Not Significant","synonymous"
"15616C>T","9027C>T",733,714.402245088868,0.0111611639395633,0,"Significant","synonymous"
"15616C>T","11638C>T",683,656.119738072965,0.0174376008316637,0,"Significant","synonymous"
"15616C>T","8616G>A",655,654.353601496726,0.000428802923163866,0.931,"Not Significant","synonymous"
"15616C>T","7909C>T",821,813.305893358279,0.00408923783330042,0.045,"Significant","synonymous"
"15616C>T","5375C>T",747,713.519176800748,0.019914951951519,0,"Significant","synonymous"
"15616C>T","9162C>T",628,594.304957904584,0.0239502904239244,0,"Significant","synonymous"
"15616C>T","13116C>T",499,514.828811973807,-0.0135622982249125,0.005,"Significant","synonymous"
"15616C>T","9118C>T",538,537.78858746492,0.000170693944222937,1,"Not Significant","synonymous"
"15616C>T","3522C>T",523,531.607109448082,-0.0070890914798399,0.11,"Not Significant","synonymous"
"15616C>T","9512C>T",496,520.127221702526,-0.0206279073861911,0,"Significant","synonymous"
"15616C>T","7031C>T",559,569.579045837231,-0.00814219583813392,0.035,"Significant","synonymous"
"15616C>T","5342C>T",596,558.982226379794,0.0278482606335856,0,"Significant","synonymous"
"15616C>T","4652C>T",606,562.514499532273,0.0323389027416393,0,"Significant","synonymous"
"15616C>T","6875C>T",791,773.56782039289,0.00967808824030372,0,"Significant","synonymous"
"15616C>T","12022C>T",639,596.954162768943,0.0295598731274685,0,"Significant","synonymous"
"15616C>T","7858C>T",835,830.084190832554,0.00256433279461221,0.184,"Not Significant","synonymous"
"15616C>T","9168C>T",735,708.22076707203,0.0161186817107382,0,"Significant","synonymous"
"15616C>T","5478C>T",589,551.917680074836,0.0282409883537305,0,"Significant","synonymous"
"15616C>T","10762G>A",808,780.632366697848,0.0149648066722203,0,"Significant","synonymous"
"15616C>T","10961C>T",613,576.643592142189,0.0265530041540457,0,"Significant","synonymous"
"15616C>T","15400C>T",658,626.978484565014,0.020973255805586,0,"Significant","synonymous"
"15616C>T","6164C>T",768,762.971000935454,0.00285318846332745,0.209,"Not Significant","synonymous"
"15616C>T","7337G>A",722,694.974742750234,0.0165681761212813,0,"Significant","synonymous"
"15616C>T","10560C>T",571,541.3208606174,0.0231813446381379,0,"Significant","synonymous"
"15616C>T","3474C>T",779,770.035547240412,0.00502668365070559,0.04,"Significant","synonymous"
"15616C>T","13440C>T",698,666.716557530402,0.019914181904679,0,"Significant","synonymous"
"15616C>T","4221C>T",638,589.006548175865,0.0347005557153167,0,"Significant","synonymous"
"15616C>T","11761C>T",801,766.503274087933,0.0191185018184524,0,"Significant","synonymous"
"15616C>T","3525C>A",755,742.6604303087,0.00715666674198421,0.011,"Significant","synonymous"
"15616C>T","7400C>T",582,547.502338634238,0.026537006062339,0,"Significant","synonymous"
"15616C>T","15271C>T",702,674.66417212348,0.0172494644648219,0,"Significant","synonymous"
"15616C>T","14947C>T",730,701.156220767072,0.0175080686040663,0,"Significant","synonymous"
"15616C>T","12774C>T",755,743.543498596819,0.00664057104024689,0.011,"Significant","synonymous"
"15616C>T","14980C>T",739,713.519176800748,0.0152387885309465,0,"Significant","synonymous"
"15616C>T","4194C>T",701,691.442469597755,0.00596196681942344,0.045,"Significant","synonymous"
"15616C>T","13848C>T",700,659.652011225444,0.0257831491095633,0,"Significant","synonymous"
"15616C>T","13725C>T",734,710.869971936389,0.0139058904589091,0,"Significant","synonymous"
"15616C>T","13623C>T",671,638.45837231057,0.0215899337851671,0,"Significant","synonymous"
"15616C>T","7588G>A",439,440.651075771749,-0.00163031447055909,0.806,"Not Significant","synonymous"
"15616C>T","4161C>T",718,686.144059869036,0.0197091363520924,0,"Significant","synonymous"
"15616C>T","9209G>A",725,707.33769878391,0.0107112013974636,0,"Significant","synonymous"
"15616C>T","3525C>T",603,608.4340505145,-0.00389619885676481,0.327,"Not Significant","synonymous"
"15616C>T","12636C>T",405,415.042095416277,-0.0106371238103372,0.05,"Not Significant","synonymous"
"15616C>T","3636C>T",659,654.353601496726,0.00307291752539025,0.346,"Not Significant","synonymous"
"15616C>T","10646G>A",679,648.172123479888,0.0201794252751371,0,"Significant","synonymous"
"15616C>T","8464C>T",744,712.636108512629,0.0187051117345148,0,"Significant","synonymous"
"15616C>T","14239C>T",743,714.402245088868,0.0170460030590097,0,"Significant","synonymous"
"15616C>T","11977C>T",881,870.705332086062,0.00510470438154522,0.001,"Significant","synonymous"
"15616C>T","11102C>T",647,639.34144059869,0.00517142538226176,0.139,"Not Significant","synonymous"
"15616C>T","15490C>T",701,665.833489242282,0.0223523830075904,0,"Significant","synonymous"
"15616C>T","15448C>T",919,913.975678203929,0.0023808725038835,0.016,"Significant","synonymous"
"15616C>T","10592C>T",687,679.079513564078,0.0050361081688278,0.103,"Not Significant","synonymous"
"15616C>T","9569C>T",603,591.655753040224,0.00824822035003262,0.029,"Significant","synonymous"
"15616C>T","8841C>T",673,649.055191768007,0.0157334360504886,0,"Significant","synonymous"
"15616C>T","13377C>T",610,599.603367633302,0.00746577164097316,0.049,"Significant","synonymous"
"15616C>T","12112C>T",721,661.418147801684,0.0374591579306662,0,"Significant","synonymous"
"15616C>T","12867C>T",675,653.470533208606,0.0140777640107557,0,"Significant","synonymous"
"15616C>T","4245C>T",630,603.135640785781,0.0189255566827551,0,"Significant","synonymous"
"15616C>T","12381A>T",658,619.030869971936,0.0265135865580017,0,"Significant","synonymous"
"15616C>T","9776C>T",774,732.946679139382,0.0236685792175247,0,"Significant","synonymous"
"15616C>T","8173C>T",616,604.018709073901,0.00853032135501688,0.017,"Significant","synonymous"
"15616C>T","3951C>T",590,569.579045837231,0.0152980079175829,0,"Significant","synonymous"
"15616C>T","10874C>T",587,556.333021515435,0.0233032627047378,0,"Significant","synonymous"
"15616C>T","9806C>T",612,593.421889616464,0.0133878600024428,0,"Significant","synonymous"
"15616C>T","15265C>T",580,541.3208606174,0.0299732299552259,0,"Significant","synonymous"
"15616C>T","8209C>T",630,598.720299345182,0.0221165664972239,0,"Significant","synonymous"
"15616C>T","3757C>T",552,540.43779232928,0.00919336649434512,0.017,"Significant","synonymous"
"7849C>T","11677C>T",575,575.928905519177,-0.000701031361448407,0.834,"Not Significant","synonymous"
"7849C>T","5237G>A",957,950.862488306829,0.00279422303465909,0.002,"Significant","synonymous"
"7849C>T","6053C>T",962,953.761459307764,0.00373530305733326,0,"Significant","synonymous"
"7849C>T","15430C>T",954,944.09822263798,0.00453119467447895,0,"Significant","synonymous"
"7849C>T","4832C>T",715,708.315247895229,0.00407945084910953,0.025,"Significant","synonymous"
"7849C>T","14097C>T",969,958.593077642657,0.0046894885857436,0,"Significant","synonymous"
"7849C>T","15608C>T",745,740.203928905519,0.00280488680484589,0.087,"Not Significant","synonymous"
"7849C>T","9027C>T",785,781.755846585594,0.00179851882213747,0.236,"Not Significant","synonymous"
"7849C>T","11638C>T",725,717.978484565014,0.00422657649957515,0.011,"Significant","synonymous"
"7849C>T","8616G>A",721,716.045837231057,0.00299444042925782,0.088,"Not Significant","synonymous"
"7849C>T","7909C>T",895,889.984097287184,0.00244078880822022,0.019,"Significant","synonymous"
"7849C>T","5375C>T",789,780.789522918616,0.00454302612399101,0.002,"Significant","synonymous"
"7849C>T","9162C>T",657,650.33582787652,0.00442768902496073,0.018,"Significant","synonymous"
"7849C>T","13116C>T",565,563.366697848457,0.00125727674958156,0.607,"Not Significant","synonymous"
"7849C>T","9118C>T",591,588.491113189897,0.00184757193753715,0.381,"Not Significant","synonymous"
"7849C>T","3522C>T",581,581.726847521048,-0.000542975178336313,0.859,"Not Significant","synonymous"
"7849C>T","9512C>T",571,569.164639850327,0.00139819714790368,0.611,"Not Significant","synonymous"
"7849C>T","7031C>T",628,623.278765201123,0.00327731279108524,0.105,"Not Significant","synonymous"
"7849C>T","5342C>T",618,611.682881197381,0.00446214876061754,0.03,"Significant","synonymous"
"7849C>T","4652C>T",621,615.548175865295,0.00382955153038654,0.083,"Not Significant","synonymous"
"7849C>T","6875C>T",854,846.499532273152,0.00383114821008134,0.004,"Significant","synonymous"
"7849C>T","12022C>T",657,653.234798877456,0.00249605730730189,0.224,"Not Significant","synonymous"
"7849C>T","7858C>T",911,908.344246959776,0.0012679070624569,0.184,"Not Significant","synonymous"
"7849C>T","9168C>T",781,774.991580916745,0.00335404928229379,0.023,"Significant","synonymous"
"7849C>T","5478C>T",610,603.952291861553,0.00432720135584846,0.04,"Significant","synonymous"
"7849C>T","10762G>A",864,854.23012160898,0.00493886115497711,0,"Significant","synonymous"
"7849C>T","10961C>T",635,631.00935453695,0.00273792770605884,0.214,"Not Significant","synonymous"
"7849C>T","15400C>T",696,686.089803554724,0.00622827458064329,0,"Significant","synonymous"
"7849C>T","6164C>T",842,834.903648269411,0.0036757327099132,0.003,"Significant","synonymous"
"7849C>T","7337G>A",774,760.496725912067,0.00764361201298444,0,"Significant","synonymous"
"7849C>T","10560C>T",601,592.356407857811,0.00629138117348082,0.002,"Significant","synonymous"
"7849C>T","3474C>T",845,842.634237605239,0.00121760770628235,0.394,"Not Significant","synonymous"
"7849C>T","13440C>T",739,729.574368568756,0.00557487045479427,0.002,"Significant","synonymous"
"7849C>T","4221C>T",657,644.537885874649,0.00831691933238794,0,"Significant","synonymous"
"7849C>T","11761C>T",845,838.768942937325,0.00321436746235753,0.013,"Significant","synonymous"
"7849C>T","3525C>A",817,812.678203928906,0.00230344442366048,0.093,"Not Significant","synonymous"
"7849C>T","7400C>T",610,599.12067352666,0.00781552920166932,0,"Significant","synonymous"
"7849C>T","15271C>T",749,738.271281571562,0.00626584281293313,0,"Significant","synonymous"
"7849C>T","14947C>T",775,767.260991580917,0.00435858376837092,0.003,"Significant","synonymous"
"7849C>T","12774C>T",824,813.644527595884,0.00549250388662307,0,"Significant","synonymous"
"7849C>T","14980C>T",789,780.789522918616,0.00454302612399101,0.001,"Significant","synonymous"
"7849C>T","4194C>T",765,756.631431244153,0.00477705678483103,0.002,"Significant","synonymous"
"7849C>T","13848C>T",732,721.843779232928,0.00606786293214962,0,"Significant","synonymous"
"7849C>T","13725C>T",787,777.89055191768,0.00505623568035277,0.001,"Significant","synonymous"
"7849C>T","13623C>T",709,698.652011225444,0.00638532157769226,0,"Significant","synonymous"
"7849C>T","7588G>A",482,482.195509822264,-0.000176123695382848,1,"Not Significant","synonymous"
"7849C>T","4161C>T",757,750.833489242283,0.00355224438831539,0.021,"Significant","synonymous"
"7849C>T","9209G>A",781,774.025257249766,0.00389590148221964,0.012,"Significant","synonymous"
"7849C>T","3525C>T",666,665.797006548176,0.00013239095183268,1,"Not Significant","synonymous"
"7849C>T","12636C>T",453,454.172123479888,-0.00112227223372792,0.741,"Not Significant","synonymous"
"7849C>T","3636C>T",720,716.045837231057,0.00239167214109732,0.195,"Not Significant","synonymous"
"7849C>T","10646G>A",715,709.281571562208,0.00348736557416699,0.037,"Significant","synonymous"
"7849C>T","8464C>T",787,779.823199251637,0.00397858132615106,0.006,"Significant","synonymous"
"7849C>T","14239C>T",788,781.755846585594,0.00345507956644007,0.016,"Significant","synonymous"
"7849C>T","11977C>T",958,952.795135640786,0.00236597782649036,0.005,"Significant","synonymous"
"7849C>T","11102C>T",708,699.618334892423,0.00517207518177881,0.004,"Significant","synonymous"
"7849C>T","15490C>T",738,728.608044901777,0.0055623996424242,0.001,"Significant","synonymous"
"7849C>T","15448C>T",1006,1000.14499532273,0.00253501461612924,0.001,"Significant","synonymous"
"7849C>T","10592C>T",746,743.102899906455,0.00168987136039497,0.351,"Not Significant","synonymous"
"7849C>T","9569C>T",652,647.436856875585,0.00305017672025068,0.121,"Not Significant","synonymous"
"7849C>T","8841C>T",715,710.247895229186,0.00289608640604267,0.118,"Not Significant","synonymous"
"7849C>T","13377C>T",663,656.133769878391,0.00452113781342822,0.026,"Significant","synonymous"
"7849C>T","12112C>T",733,723.776426566885,0.00549954063081811,0.001,"Significant","synonymous"
"7849C>T","12867C>T",725,715.079513564079,0.00598367052917416,0,"Significant","synonymous"
"7849C>T","4245C>T",669,659.999064546305,0.00588279777544704,0.001,"Significant","synonymous"
"7849C>T","12381A>T",684,677.392890551918,0.00421546744261438,0.024,"Significant","synonymous"
"7849C>T","9776C>T",813,802.048643592142,0.00588983690715096,0,"Significant","synonymous"
"7849C>T","8173C>T",665,660.965388213283,0.00264292727214545,0.167,"Not Significant","synonymous"
"7849C>T","3951C>T",638,623.278765201123,0.0101383477750503,0,"Significant","synonymous"
"7849C>T","10874C>T",624,608.783910196445,0.0107214239179979,0,"Significant","synonymous"
"7849C>T","9806C>T",654,649.369504209542,0.00308585895959899,0.123,"Not Significant","synonymous"
"7849C>T","15265C>T",606,592.356407857811,0.00988953333702689,0,"Significant","synonymous"
"7849C>T","8209C>T",664,655.167446211413,0.0058157691901107,0.005,"Significant","synonymous"
"7849C>T","3757C>T",599,591.390084190833,0.00555278393290665,0.011,"Significant","synonymous"
"11677C>T","5237G>A",541,548.609915809168,-0.00606638785622947,0.084,"Not Significant","synonymous"
"11677C>T","6053C>T",539,550.282507015903,-0.0089969420143548,0.014,"Significant","synonymous"
"11677C>T","15430C>T",542,544.707202993452,-0.00216383171184416,0.58,"Not Significant","synonymous"
"11677C>T","4832C>T",367,408.66978484565,-0.046706464920485,0,"Significant","synonymous"
"11677C>T","14097C>T",553,553.070159027128,-5.50953809388309e-05,1,"Not Significant","synonymous"
"11677C>T","15608C>T",447,427.068288119738,0.0198101989678695,0.009,"Significant","synonymous"
"11677C>T","9027C>T",431,451.042095416277,-0.0197398059829947,0.008,"Significant","synonymous"
"11677C>T","11638C>T",381,414.245088868101,-0.0363323926164053,0,"Significant","synonymous"
"11677C>T","8616G>A",468,413.130028063611,0.0541590905633251,0,"Significant","synonymous"
"11677C>T","7909C>T",542,513.485500467727,0.0234711018100751,0,"Significant","synonymous"
"11677C>T","5375C>T",423,450.484565014032,-0.027339547930996,0,"Significant","synonymous"
"11677C>T","9162C>T",340,375.217960710945,-0.0428047017131682,0,"Significant","synonymous"
"11677C>T","13116C>T",389,325.040224508887,0.0780124920352133,0,"Significant","synonymous"
"11677C>T","9118C>T",376,339.536014967259,0.0443019977633149,0,"Significant","synonymous"
"11677C>T","3522C>T",438,335.633302151543,0.115609064714786,0,"Significant","synonymous"
"11677C>T","9512C>T",389,328.385406922357,0.0735657520071271,0,"Significant","synonymous"
"11677C>T","7031C>T",445,359.607109448082,0.0925317418141823,0,"Significant","synonymous"
"11677C>T","5342C>T",307,352.916744621141,-0.0605338890716087,0,"Significant","synonymous"
"11677C>T","4652C>T",321,355.146866230122,-0.0439029544619238,0,"Significant","synonymous"
"11677C>T","6875C>T",473,488.396632366698,-0.0139115199617247,0.008,"Significant","synonymous"
"11677C>T","12022C>T",342,376.89055191768,-0.0421891444169475,0,"Significant","synonymous"
"11677C>T","7858C>T",547,524.078578110384,0.0185909182022703,0,"Significant","synonymous"
"11677C>T","9168C>T",393,447.139382600561,-0.0560503724401818,0,"Significant","synonymous"
"11677C>T","5478C>T",322,348.456501403181,-0.0342927001796925,0.004,"Significant","synonymous"
"11677C>T","10762G>A",466,492.856875584659,-0.0243349028545262,0,"Significant","synonymous"
"11677C>T","10961C>T",331,364.067352666043,-0.0413537420308016,0,"Significant","synonymous"
"11677C>T","15400C>T",325,395.846585594013,-0.0856435422716354,0,"Significant","synonymous"
"11677C>T","6164C>T",480,481.706267539757,-0.00154105963476415,0.812,"Not Significant","synonymous"
"11677C>T","7337G>A",376,438.776426566885,-0.0670554419628454,0,"Significant","synonymous"
"11677C>T","10560C>T",337,341.76613657624,-0.00609912817853306,0.575,"Not Significant","synonymous"
"11677C>T","3474C>T",504,486.166510757718,0.0156454969814965,0.001,"Significant","synonymous"
"11677C>T","13440C>T",366,420.935453695042,-0.0607344207662204,0,"Significant","synonymous"
"11677C>T","4221C>T",281,371.872778297474,-0.12168806854289,0,"Significant","synonymous"
"11677C>T","11761C>T",438,483.936389148737,-0.0433141692038414,0,"Significant","synonymous"
"11677C>T","3525C>A",478,468.88306828812,0.00836334628274646,0.162,"Not Significant","synonymous"
"11677C>T","7400C>T",289,345.668849391955,-0.0777624012731399,0,"Significant","synonymous"
"11677C>T","15271C>T",372,425.953227315248,-0.0588189732252361,0,"Significant","synonymous"
"11677C>T","14947C>T",390,442.679139382601,-0.0550244499320422,0,"Significant","synonymous"
"11677C>T","12774C>T",439,469.440598690365,-0.0291161257889801,0,"Significant","synonymous"
"11677C>T","14980C>T",400,450.484565014032,-0.05161992397807,0,"Significant","synonymous"
"11677C>T","4194C>T",468,436.546304957905,0.0302155364847155,0,"Significant","synonymous"
"11677C>T","13848C>T",349,416.475210477081,-0.0767637293876571,0,"Significant","synonymous"
"11677C>T","13725C>T",413,448.811973807297,-0.0361143832429175,0,"Significant","synonymous"
"11677C>T","13623C>T",356,403.094480823199,-0.0539568538530997,0,"Significant","synonymous"
"11677C>T","7588G>A",322,278.207670720299,0.0634867715409614,0,"Significant","synonymous"
"11677C>T","4161C>T",371,433.201122544434,-0.06731566371731,0,"Significant","synonymous"
"11677C>T","9209G>A",449,446.581852198316,0.00234527038762654,0.769,"Not Significant","synonymous"
"11677C>T","3525C>T",410,384.138447146866,0.0282960802806441,0,"Significant","synonymous"
"11677C>T","12636C>T",350,262.039289055192,0.125701631883058,0,"Significant","synonymous"
"11677C>T","3636C>T",414,413.130028063611,0.000913578610112209,0.944,"Not Significant","synonymous"
"11677C>T","10646G>A",356,409.227315247895,-0.060514616474638,0,"Significant","synonymous"
"11677C>T","8464C>T",419,449.927034611787,-0.0309280662872264,0,"Significant","synonymous"
"11677C>T","14239C>T",426,451.042095416277,-0.0248074770410062,0,"Significant","synonymous"
"11677C>T","11977C>T",548,549.724976613658,-0.00136491098830024,0.751,"Not Significant","synonymous"
"11677C>T","11102C>T",422,403.652011225444,0.0193053302330639,0.017,"Significant","synonymous"
"11677C>T","15490C>T",375,420.377923292797,-0.0496086326735011,0,"Significant","synonymous"
"11677C>T","15448C>T",583,577.043966323667,0.00445965043461839,0.065,"Not Significant","synonymous"
"11677C>T","10592C>T",470,428.740879326473,0.0399029636028191,0,"Significant","synonymous"
"11677C>T","9569C>T",291,373.54536950421,-0.108450368246345,0,"Significant","synonymous"
"11677C>T","8841C>T",360,409.78484565014,-0.0562533928483514,0,"Significant","synonymous"
"11677C>T","13377C>T",400,378.563143124415,0.0239216625159962,0.011,"Significant","synonymous"
"11677C>T","12112C>T",359,417.590271281572,-0.0656559236525888,0,"Significant","synonymous"
"11677C>T","12867C>T",355,412.572497661366,-0.0652719212073235,0,"Significant","synonymous"
"11677C>T","4245C>T",354,380.793264733396,-0.0316859961871946,0,"Significant","synonymous"
"11677C>T","12381A>T",336,390.828811973807,-0.0656472951082548,0,"Significant","synonymous"
"11677C>T","9776C>T",426,462.750233863424,-0.0359370478048053,0,"Significant","synonymous"
"11677C>T","8173C>T",395,381.350795135641,0.0152724393748816,0.087,"Not Significant","synonymous"
"11677C>T","3951C>T",301,359.607109448082,-0.0772617735728593,0,"Significant","synonymous"
"11677C>T","10874C>T",269,351.244153414406,-0.115856823982594,0,"Significant","synonymous"
"11677C>T","9806C>T",307,374.6604303087,-0.0864994521080716,0,"Significant","synonymous"
"11677C>T","15265C>T",262,341.76613657624,-0.115427737730089,0,"Significant","synonymous"
"11677C>T","8209C>T",340,378.00561272217,-0.0460193313562538,0,"Significant","synonymous"
"11677C>T","3757C>T",360,341.208606173994,0.023282524090261,0.016,"Significant","synonymous"
"5237G>A","6053C>T",917,908.520112254443,0.00403478977782041,0.002,"Significant","synonymous"
"5237G>A","15430C>T",915,899.315247895229,0.00750913712511086,0,"Significant","synonymous"
"5237G>A","4832C>T",695,674.716557530402,0.0128634367264205,0,"Significant","synonymous"
"5237G>A","14097C>T",924,913.12254443405,0.00514290584336409,0,"Significant","synonymous"
"5237G>A","15608C>T",701,705.092609915809,-0.00252814488850847,0.322,"Not Significant","synonymous"
"5237G>A","9027C>T",747,744.67352666043,0.00135468698056277,0.575,"Not Significant","synonymous"
"5237G>A","11638C>T",700,683.921421889617,0.0100918330311165,0,"Significant","synonymous"
"5237G>A","8616G>A",685,682.080449017774,0.00185497029053373,0.532,"Not Significant","synonymous"
"5237G>A","7909C>T",851,847.76800748363,0.00165253666517531,0.307,"Not Significant","synonymous"
"5237G>A","5375C>T",750,743.753040224509,0.00363250939454985,0.101,"Not Significant","synonymous"
"5237G>A","9162C>T",627,619.487371375117,0.00523508338417524,0.081,"Not Significant","synonymous"
"5237G>A","13116C>T",523,536.643592142189,-0.0111842591143013,0.001,"Significant","synonymous"
"5237G>A","9118C>T",550,560.576239476146,-0.00827199636119344,0.017,"Significant","synonymous"
"5237G>A","3522C>T",541,554.132834424696,-0.0104166193738167,0.005,"Significant","synonymous"
"5237G>A","9512C>T",524,542.166510757718,-0.0148014010259357,0,"Significant","synonymous"
"5237G>A","7031C>T",580,593.713751169317,-0.0101491142948923,0.002,"Significant","synonymous"
"5237G>A","5342C>T",589,582.66791393826,0.00469419154718234,0.174,"Not Significant","synonymous"
"5237G>A","4652C>T",606,586.349859681946,0.0143157986083698,0,"Significant","synonymous"
"5237G>A","6875C>T",811,806.346117867166,0.00249935482051155,0.162,"Not Significant","synonymous"
"5237G>A","12022C>T",639,622.248830682881,0.0115367689941988,0,"Significant","synonymous"
"5237G>A","7858C>T",867,865.257249766137,0.000873850653948025,0.597,"Not Significant","synonymous"
"5237G>A","9168C>T",757,738.23012160898,0.0109041179933443,0,"Significant","synonymous"
"5237G>A","5478C>T",596,575.304022450889,0.0153488491735951,0,"Significant","synonymous"
"5237G>A","10762G>A",839,813.710009354537,0.0132923025930621,0,"Significant","synonymous"
"5237G>A","10961C>T",607,601.077642656688,0.00425811657761951,0.221,"Not Significant","synonymous"
"5237G>A","15400C>T",670,653.54536950421,0.010799060759186,0.001,"Significant","synonymous"
"5237G>A","6164C>T",804,795.300280636109,0.00472491304699381,0.017,"Significant","synonymous"
"5237G>A","7337G>A",735,724.422825070159,0.00629521350256598,0.014,"Significant","synonymous"
"5237G>A","10560C>T",562,564.258185219832,-0.00174155217191722,0.646,"Not Significant","synonymous"
"5237G>A","3474C>T",807,802.66417212348,0.00233965656693933,0.243,"Not Significant","synonymous"
"5237G>A","13440C>T",712,694.967259120673,0.0105156487851032,0,"Significant","synonymous"
"5237G>A","4221C>T",634,613.964452759588,0.0139460307426179,0,"Significant","synonymous"
"5237G>A","11761C>T",809,798.982226379794,0.00541140321321628,0.004,"Significant","synonymous"
"5237G>A","3525C>A",781,774.129092609916,0.00383764485682419,0.068,"Not Significant","synonymous"
"5237G>A","7400C>T",580,570.701590271282,0.0070189108421187,0.049,"Significant","synonymous"
"5237G>A","15271C>T",721,703.251637043966,0.0108245129211741,0,"Significant","synonymous"
"5237G>A","14947C>T",745,730.866230121609,0.008318377098632,0.002,"Significant","synonymous"
"5237G>A","12774C>T",802,775.049579045837,0.0148448835619486,0,"Significant","synonymous"
"5237G>A","14980C>T",774,743.753040224509,0.0173122066857406,0,"Significant","synonymous"
"5237G>A","4194C>T",726,720.740879326473,0.0031574654195864,0.196,"Not Significant","synonymous"
"5237G>A","13848C>T",723,687.603367633302,0.0218003022565654,0,"Significant","synonymous"
"5237G>A","13725C>T",758,740.991580916745,0.00985593204162023,0,"Significant","synonymous"
"5237G>A","13623C>T",674,665.511693171188,0.00550420601822471,0.051,"Not Significant","synonymous"
"5237G>A","7588G>A",473,459.32273152479,0.0127432018918555,0.001,"Significant","synonymous"
"5237G>A","4161C>T",747,715.217960710945,0.0188821897919184,0,"Significant","synonymous"
"5237G>A","9209G>A",738,737.309635173059,0.000406452516240382,0.894,"Not Significant","synonymous"
"5237G>A","3525C>T",647,634.21515434986,0.00866766553850972,0.004,"Significant","synonymous"
"5237G>A","12636C>T",412,432.628624883068,-0.0212180351251413,0,"Significant","synonymous"
"5237G>A","3636C>T",684,682.080449017774,0.00122050051822445,0.724,"Not Significant","synonymous"
"5237G>A","10646G>A",711,675.637043966324,0.022156147591129,0,"Significant","synonymous"
"5237G>A","8464C>T",767,742.832553788587,0.0139044360043452,0,"Significant","synonymous"
"5237G>A","14239C>T",742,744.67352666043,-0.00156200955580853,0.496,"Not Significant","synonymous"
"5237G>A","11977C>T",917,907.599625818522,0.00447502750624588,0,"Significant","synonymous"
"5237G>A","11102C>T",660,666.432179607109,-0.00421202387784101,0.135,"Not Significant","synonymous"
"5237G>A","15490C>T",729,694.046772684752,0.0213387892256342,0,"Significant","synonymous"
"5237G>A","15448C>T",956,952.703461178672,0.00150014926059983,0.058,"Not Significant","synonymous"
"5237G>A","10592C>T",712,707.854069223573,0.00253626061286147,0.288,"Not Significant","synonymous"
"5237G>A","9569C>T",630,616.725912067353,0.00924835353019034,0.006,"Significant","synonymous"
"5237G>A","8841C>T",686,676.557530402245,0.00601938339999235,0.022,"Significant","synonymous"
"5237G>A","13377C>T",618,625.010289990645,-0.00489869241424854,0.085,"Not Significant","synonymous"
"5237G>A","12112C>T",705,689.444340505145,0.00968990606936738,0.002,"Significant","synonymous"
"5237G>A","12867C>T",699,681.159962581852,0.0112280627921401,0,"Significant","synonymous"
"5237G>A","4245C>T",637,628.692235734331,0.00570133543125344,0.052,"Not Significant","synonymous"
"5237G>A","12381A>T",678,645.260991580917,0.021494282677838,0,"Significant","synonymous"
"5237G>A","9776C>T",783,764.00374181478,0.0106662764593046,0,"Significant","synonymous"
"5237G>A","8173C>T",621,629.612722170252,-0.00598189476609852,0.046,"Significant","synonymous"
"5237G>A","3951C>T",607,593.713751169317,0.00961158321742461,0.002,"Significant","synonymous"
"5237G>A","10874C>T",598,579.906454630496,0.0133432413122634,0.001,"Significant","synonymous"
"5237G>A","9806C>T",628,618.566884939195,0.00657297746080632,0.028,"Significant","synonymous"
"5237G>A","15265C>T",577,564.258185219832,0.00969794541475109,0.006,"Significant","synonymous"
"5237G>A","8209C>T",624,624.089803554724,-6.24974072028653e-05,1,"Not Significant","synonymous"
"5237G>A","3757C>T",558,563.33769878391,-0.00413461643054523,0.271,"Not Significant","synonymous"
"6053C>T","15430C>T",911,902.057062675398,0.00428436579336596,0,"Significant","synonymous"
"6053C>T","4832C>T",669,676.7736202058,-0.00501730433416282,0.071,"Not Significant","synonymous"
"6053C>T","14097C>T",925,915.906454630496,0.00429061312399469,0,"Significant","synonymous"
"6053C>T","15608C>T",717,707.242282507016,0.00595093857433658,0.015,"Significant","synonymous"
"6053C>T","9027C>T",763,746.943872778298,0.00923656888174818,0,"Significant","synonymous"
"6053C>T","11638C>T",681,686.006548175865,-0.00318114930864846,0.227,"Not Significant","synonymous"
"6053C>T","8616G>A",685,684.159962581852,0.000532916052238672,0.917,"Not Significant","synonymous"
"6053C>T","7909C>T",859,850.352666043031,0.00439408617353415,0.007,"Significant","synonymous"
"6053C>T","5375C>T",773,746.020579981291,0.015428685682878,0,"Significant","synonymous"
"6053C>T","9162C>T",644,621.376052385407,0.0155313556749741,0,"Significant","synonymous"
"6053C>T","13116C>T",548,538.279700654818,0.00777255626449495,0.038,"Significant","synonymous"
"6053C>T","9118C>T",582,562.285313376988,0.0149662445561518,0,"Significant","synonymous"
"6053C>T","3522C>T",559,555.822263797942,0.00247586916773961,0.471,"Not Significant","synonymous"
"6053C>T","9512C>T",557,543.819457436857,0.0104004529257666,0.004,"Significant","synonymous"
"6053C>T","7031C>T",599,595.523854069224,0.00252766029318442,0.515,"Not Significant","synonymous"
"6053C>T","5342C>T",606,584.444340505145,0.0157294666880698,0,"Significant","synonymous"
"6053C>T","4652C>T",578,588.137511693171,-0.00755104137567887,0.013,"Significant","synonymous"
"6053C>T","6875C>T",821,808.804490177736,0.00649960349050054,0,"Significant","synonymous"
"6053C>T","12022C>T",617,624.145930776427,-0.00500097936925214,0.107,"Not Significant","synonymous"
"6053C>T","7858C>T",874,867.895229186155,0.00304413157384523,0.031,"Significant","synonymous"
"6053C>T","9168C>T",748,740.480823199252,0.00438778211943852,0.043,"Significant","synonymous"
"6053C>T","5478C>T",565,577.057998129093,-0.00917101698549385,0.005,"Significant","synonymous"
"6053C>T","10762G>A",826,816.190832553788,0.00518833484644983,0.004,"Significant","synonymous"
"6053C>T","10961C>T",625,602.910196445276,0.01562738860814,0,"Significant","synonymous"
"6053C>T","15400C>T",672,655.537885874649,0.0107714768738896,0,"Significant","synonymous"
"6053C>T","6164C>T",800,797.724976613658,0.00123679705219145,0.576,"Not Significant","synonymous"
"6053C>T","7337G>A",749,726.631431244153,0.0131676378795414,0,"Significant","synonymous"
"6053C>T","10560C>T",585,565.978484565014,0.0143559441029041,0,"Significant","synonymous"
"6053C>T","3474C>T",812,805.11131898971,0.0037000968477489,0.06,"Not Significant","synonymous"
"6053C>T","13440C>T",711,697.086061739944,0.00858320163971813,0.001,"Significant","synonymous"
"6053C>T","4221C>T",622,615.836295603368,0.00432510331341029,0.138,"Not Significant","synonymous"
"6053C>T","11761C>T",817,801.418147801684,0.00836288389506388,0,"Significant","synonymous"
"6053C>T","3525C>A",789,776.489242282507,0.00694155995064849,0.001,"Significant","synonymous"
"6053C>T","7400C>T",598,572.44153414406,0.018970047029295,0,"Significant","synonymous"
"6053C>T","15271C>T",723,705.395696913003,0.0107054912579807,0,"Significant","synonymous"
"6053C>T","14947C>T",742,733.094480823199,0.00524395539107138,0.024,"Significant","synonymous"
"6053C>T","12774C>T",786,777.412535079514,0.00477100707889901,0.021,"Significant","synonymous"
"6053C>T","14980C>T",747,746.020579981291,0.000569793579953861,0.893,"Not Significant","synonymous"
"6053C>T","4194C>T",732,722.938260056127,0.00540987153958899,0.026,"Significant","synonymous"
"6053C>T","13848C>T",694,689.699719363892,0.00269942117859698,0.319,"Not Significant","synonymous"
"6053C>T","13725C>T",750,743.250701590271,0.00392593556297222,0.078,"Not Significant","synonymous"
"6053C>T","13623C>T",678,667.540692235734,0.0067519491116728,0.017,"Significant","synonymous"
"6053C>T","7588G>A",451,460.723105706268,-0.00926345120628606,0.026,"Significant","synonymous"
"6053C>T","4161C>T",723,717.398503274088,0.00337783103275746,0.156,"Not Significant","synonymous"
"6053C>T","9209G>A",761,739.557530402245,0.0124126932254749,0,"Significant","synonymous"
"6053C>T","3525C>T",634,636.148737137512,-0.00146941148675165,0.657,"Not Significant","synonymous"
"6053C>T","12636C>T",441,433.947614593078,0.00700128407126074,0.088,"Not Significant","synonymous"
"6053C>T","3636C>T",708,684.159962581852,0.01487560224958,0,"Significant","synonymous"
"6053C>T","10646G>A",683,677.696913002806,0.00338519630460279,0.206,"Not Significant","synonymous"
"6053C>T","8464C>T",760,745.097287184284,0.00860061009786112,0,"Significant","synonymous"
"6053C>T","14239C>T",769,746.943872778298,0.0126383707282983,0,"Significant","synonymous"
"6053C>T","11977C>T",930,910.366697848457,0.00926658615186418,0,"Significant","synonymous"
"6053C>T","11102C>T",684,668.463985032741,0.00997808806210909,0,"Significant","synonymous"
"6053C>T","15490C>T",706,696.162768942937,0.00609390772117011,0.014,"Significant","synonymous"
"6053C>T","15448C>T",965,955.608044901777,0.00424751608999682,0,"Significant","synonymous"
"6053C>T","10592C>T",721,710.012160898036,0.00666947745713838,0.009,"Significant","synonymous"
"6053C>T","9569C>T",634,618.606173994387,0.0106750077200459,0,"Significant","synonymous"
"6053C>T","8841C>T",686,678.620205799813,0.00469732916169736,0.081,"Not Significant","synonymous"
"6053C>T","13377C>T",641,626.915809167446,0.00964880777745547,0,"Significant","synonymous"
"6053C>T","12112C>T",721,691.546304957905,0.0181139995591013,0,"Significant","synonymous"
"6053C>T","12867C>T",705,683.236669784846,0.0136179497995619,0,"Significant","synonymous"
"6053C>T","4245C>T",656,630.608980355472,0.0171436882332663,0,"Significant","synonymous"
"6053C>T","12381A>T",654,647.22825070159,0.0045202828967492,0.104,"Not Significant","synonymous"
"6053C>T","9776C>T",785,766.333021515435,0.0104521169083186,0,"Significant","synonymous"
"6053C>T","8173C>T",647,631.532273152479,0.0105087314877238,0,"Significant","synonymous"
"6053C>T","3951C>T",618,595.523854069224,0.0160893129926867,0,"Significant","synonymous"
"6053C>T","10874C>T",599,581.674462114125,0.0127468254748688,0,"Significant","synonymous"
"6053C>T","9806C>T",632,620.4527595884,0.00800835776769973,0.006,"Significant","synonymous"
"6053C>T","15265C>T",578,565.978484565014,0.00912791644125364,0.006,"Significant","synonymous"
"6053C>T","8209C>T",650,625.99251637044,0.016344215314931,0,"Significant","synonymous"
"6053C>T","3757C>T",583,565.055191768008,0.0135776851525917,0,"Significant","synonymous"
"15430C>T","4832C>T",688,669.916744621141,0.0115676050843866,0,"Significant","synonymous"
"15430C>T","14097C>T",915,906.626753975678,0.00399256340227417,0.001,"Significant","synonymous"
"15430C>T","15608C>T",704,700.076707202993,0.00242703099951285,0.377,"Not Significant","synonymous"
"15430C>T","9027C>T",743,739.376052385407,0.0021234336383076,0.387,"Not Significant","synonymous"
"15430C>T","11638C>T",694,679.056127221703,0.00945379818428314,0.002,"Significant","synonymous"
"15430C>T","8616G>A",674,677.22825070159,-0.00207516995400309,0.476,"Not Significant","synonymous"
"15430C>T","7909C>T",856,841.737137511693,0.00729727597030839,0,"Significant","synonymous"
"15430C>T","5375C>T",748,738.462114125351,0.00557337857987942,0.019,"Significant","synonymous"
"15430C>T","9162C>T",622,615.080449017774,0.00485846195684605,0.141,"Not Significant","synonymous"
"15430C>T","13116C>T",526,532.826005612722,-0.00559966911526899,0.145,"Not Significant","synonymous"
"15430C>T","9118C>T",549,556.588400374181,-0.00596180669277742,0.1,"Not Significant","synonymous"
"15430C>T","3522C>T",552,550.190832553789,0.00142572796137901,0.748,"Not Significant","synonymous"
"15430C>T","9512C>T",530,538.309635173059,-0.0067562836963064,0.079,"Not Significant","synonymous"
"15430C>T","7031C>T",585,589.490177736202,-0.00332070706308183,0.381,"Not Significant","synonymous"
"15430C>T","5342C>T",587,578.522918615529,0.00631753272026325,0.093,"Not Significant","synonymous"
"15430C>T","4652C>T",600,582.178671655753,0.0130949595382959,0,"Significant","synonymous"
"15430C>T","6875C>T",810,800.609915809167,0.00506405420057343,0.007,"Significant","synonymous"
"15430C>T","12022C>T",635,617.822263797942,0.0119101708403429,0.001,"Significant","synonymous"
"15430C>T","7858C>T",865,859.10196445276,0.00297139535512015,0.061,"Not Significant","synonymous"
"15430C>T","9168C>T",740,732.978484565014,0.00414049293681713,0.07,"Not Significant","synonymous"
"15430C>T","5478C>T",589,571.21141253508,0.0133184189330291,0,"Significant","synonymous"
"15430C>T","10762G>A",817,807.921421889616,0.00485293300934673,0.008,"Significant","synonymous"
"15430C>T","10961C>T",604,596.801683816651,0.00520689883606204,0.122,"Not Significant","synonymous"
"15430C>T","15400C>T",660,648.89616463985,0.0073687283127972,0.008,"Significant","synonymous"
"15430C>T","6164C>T",799,789.642656688494,0.00511617832510237,0.012,"Significant","synonymous"
"15430C>T","7337G>A",730,719.269410664172,0.00643126925139538,0.005,"Significant","synonymous"
"15430C>T","10560C>T",569,560.244153414406,0.00673493336665991,0.071,"Not Significant","synonymous"
"15430C>T","3474C>T",809,796.954162768943,0.00651517816970924,0.003,"Significant","synonymous"
"15430C>T","13440C>T",697,690.023386342376,0.00436896795882552,0.11,"Not Significant","synonymous"
"15430C>T","4221C>T",633,609.596819457437,0.0163610175908085,0,"Significant","synonymous"
"15430C>T","11761C>T",801,793.298409728718,0.00419593239775022,0.035,"Significant","synonymous"
"15430C>T","3525C>A",777,768.622076707203,0.00470816449300635,0.033,"Significant","synonymous"
"15430C>T","7400C>T",588,566.641721234799,0.0160687780678868,0,"Significant","synonymous"
"15430C>T","15271C>T",703,698.248830682881,0.00294510793413861,0.294,"Not Significant","synonymous"
"15430C>T","14947C>T",738,725.666978484565,0.00731900088594917,0.001,"Significant","synonymous"
"15430C>T","12774C>T",785,769.536014967259,0.00864070673560692,0,"Significant","synonymous"
"15430C>T","14980C>T",751,738.462114125351,0.0073117177195862,0,"Significant","synonymous"
"15430C>T","4194C>T",725,715.613657623948,0.00565938600305452,0.024,"Significant","synonymous"
"15430C>T","13848C>T",706,682.711880261927,0.0145672407264079,0,"Significant","synonymous"
"15430C>T","13725C>T",746,735.720299345182,0.00602608859480443,0.017,"Significant","synonymous"
"15430C>T","13623C>T",674,660.77736202058,0.00860474073079274,0.005,"Significant","synonymous"
"15430C>T","7588G>A",473,456.055191768007,0.0158437366044232,0,"Significant","synonymous"
"15430C>T","4161C>T",724,710.130028063611,0.0084006888862365,0,"Significant","synonymous"
"15430C>T","9209G>A",740,732.064546304958,0.00468234513674287,0.06,"Not Significant","synonymous"
"15430C>T","3525C>T",641,629.703461178672,0.00772194910119537,0.015,"Significant","synonymous"
"15430C>T","12636C>T",421,429.55098222638,-0.00873262061004215,0.06,"Not Significant","synonymous"
"15430C>T","3636C>T",688,677.22825070159,0.00685337174618713,0.015,"Significant","synonymous"
"15430C>T","10646G>A",693,670.830682881197,0.0141203161857391,0,"Significant","synonymous"
"15430C>T","8464C>T",760,737.548175865295,0.0130231990487242,0,"Significant","synonymous"
"15430C>T","14239C>T",743,739.376052385407,0.0021234336383076,0.371,"Not Significant","synonymous"
"15430C>T","11977C>T",909,901.143124415341,0.00377010977076076,0.002,"Significant","synonymous"
"15430C>T","11102C>T",667,661.691300280636,0.00347040920940658,0.261,"Not Significant","synonymous"
"15430C>T","15490C>T",712,689.10944808232,0.0141917892570853,0,"Significant","synonymous"
"15430C>T","15448C>T",951,945.926099158092,0.00232330863448206,0.006,"Significant","synonymous"
"15430C>T","10592C>T",712,702.818521983162,0.0056367953254295,0.033,"Significant","synonymous"
"15430C>T","9569C>T",614,612.338634237605,0.00117670993034605,0.734,"Not Significant","synonymous"
"15430C>T","8841C>T",681,671.744621141254,0.00594291431859431,0.027,"Significant","synonymous"
"15430C>T","13377C>T",621,620.56407857811,0.00030496738608343,1,"Not Significant","synonymous"
"15430C>T","12112C>T",691,684.539756782039,0.0040793711647363,0.153,"Not Significant","synonymous"
"15430C>T","12867C>T",680,676.314312441534,0.00236033446526466,0.434,"Not Significant","synonymous"
"15430C>T","4245C>T",636,624.219831618335,0.00811955345688494,0.005,"Significant","synonymous"
"15430C>T","12381A>T",656,640.670720299345,0.010268962899005,0.003,"Significant","synonymous"
"15430C>T","9776C>T",776,758.568755846586,0.00986677037211824,0,"Significant","synonymous"
"15430C>T","8173C>T",629,625.133769878391,0.00267768521515724,0.421,"Not Significant","synonymous"
"15430C>T","3951C>T",608,589.490177736202,0.0134270061274698,0,"Significant","synonymous"
"15430C>T","10874C>T",586,575.78110383536,0.00764020805451257,0.028,"Significant","synonymous"
"15430C>T","9806C>T",619,614.166510757717,0.00340451745629715,0.318,"Not Significant","synonymous"
"15430C>T","15265C>T",571,560.244153414406,0.00825877521743645,0.013,"Significant","synonymous"
"15430C>T","8209C>T",629,619.650140318054,0.00650409306820948,0.041,"Significant","synonymous"
"15430C>T","3757C>T",559,559.33021515435,-0.000256472769132888,1,"Not Significant","synonymous"
"4832C>T","14097C>T",692,680.202057998129,0.00746815287022808,0.006,"Significant","synonymous"
"4832C>T","15608C>T",516,525.236669784846,-0.007705337437741,0.196,"Not Significant","synonymous"
"4832C>T","9027C>T",539,554.721234798877,-0.0124860258578812,0.017,"Significant","synonymous"
"4832C>T","11638C>T",628,509.465855940131,0.0908445605442548,0,"Significant","synonymous"
"4832C>T","8616G>A",473,508.094480823199,-0.0310833366738602,0,"Significant","synonymous"
"4832C>T","7909C>T",620,631.518241347053,-0.00799421013094365,0.033,"Significant","synonymous"
"4832C>T","5375C>T",552,554.035547240412,-0.00159855247773688,0.763,"Not Significant","synonymous"
"4832C>T","9162C>T",465,461.467726847521,0.0033116192336265,0.614,"Not Significant","synonymous"
"4832C>T","13116C>T",329,399.755846585594,-0.0845989262413664,0,"Significant","synonymous"
"4832C>T","9118C>T",358,417.583723105706,-0.0668605354213336,0,"Significant","synonymous"
"4832C>T","3522C>T",366,412.783910196445,-0.0522416752957504,0,"Significant","synonymous"
"4832C>T","9512C>T",328,403.869971936389,-0.0903677205077476,0,"Significant","synonymous"
"4832C>T","7031C>T",390,442.268475210477,-0.0546213770411053,0,"Significant","synonymous"
"4832C>T","5342C>T",451,434.040224508887,0.0166465624282518,0.026,"Significant","synonymous"
"4832C>T","4652C>T",589,436.78297474275,0.129849593019376,0,"Significant","synonymous"
"4832C>T","6875C>T",589,600.66230121609,-0.00851508081332755,0.048,"Significant","synonymous"
"4832C>T","12022C>T",612,463.524789522919,0.120678456771553,0,"Significant","synonymous"
"4832C>T","7858C>T",639,644.546304957905,-0.00375326487364784,0.274,"Not Significant","synonymous"
"4832C>T","9168C>T",600,549.921421889616,0.0378506126671236,0,"Significant","synonymous"
"4832C>T","5478C>T",575,428.55472404116,0.12766155791318,0,"Significant","synonymous"
"4832C>T","10762G>A",649,606.147801683817,0.0296661623549415,0,"Significant","synonymous"
"4832C>T","10961C>T",452,447.753975678204,0.00409898410395735,0.601,"Not Significant","synonymous"
"4832C>T","15400C>T",532,486.838166510758,0.0385270141436154,0,"Significant","synonymous"
"4832C>T","6164C>T",605,592.4340505145,0.00911536274122417,0.036,"Significant","synonymous"
"4832C>T","7337G>A",572,539.636108512629,0.0252950270016053,0,"Significant","synonymous"
"4832C>T","10560C>T",396,420.32647333957,-0.0258915580252463,0.003,"Significant","synonymous"
"4832C>T","3474C>T",596,597.919550982226,-0.00139649462468047,0.808,"Not Significant","synonymous"
"4832C>T","13440C>T",553,517.694106641721,0.0286519102431548,0,"Significant","synonymous"
"4832C>T","4221C>T",555,457.353601496726,0.0840408797737606,0,"Significant","synonymous"
"4832C>T","11761C>T",631,595.176800748363,0.0253833646352884,0,"Significant","synonymous"
"4832C>T","3525C>A",572,576.663236669785,-0.00352623643723727,0.46,"Not Significant","synonymous"
"4832C>T","7400C>T",455,425.126286248831,0.0294934377265019,0,"Significant","synonymous"
"4832C>T","15271C>T",564,523.865294667914,0.0320594759752965,0,"Significant","synonymous"
"4832C>T","14947C>T",577,544.43592142189,0.0252290412962807,0,"Significant","synonymous"
"4832C>T","12774C>T",613,577.348924228251,0.0260221135864112,0,"Significant","synonymous"
"4832C>T","14980C>T",611,554.035547240412,0.0425035800356109,0,"Significant","synonymous"
"4832C>T","4194C>T",518,536.893358278765,-0.0155582717450573,0.005,"Significant","synonymous"
"4832C>T","13848C>T",605,512.208606173994,0.0723085034047071,0,"Significant","synonymous"
"4832C>T","13725C>T",597,551.978484565014,0.0340521813291448,0,"Significant","synonymous"
"4832C>T","13623C>T",577,495.752104770814,0.0659112464288384,0,"Significant","synonymous"
"4832C>T","7588G>A",388,342.158091674462,0.0546049105384524,0,"Significant","synonymous"
"4832C>T","4161C>T",603,532.77923292797,0.0537700239068777,0,"Significant","synonymous"
"4832C>T","9209G>A",529,549.235734331151,-0.0163031134813988,0.001,"Significant","synonymous"
"4832C>T","3525C>T",481,472.438727782975,0.00779958503385435,0.24,"Not Significant","synonymous"
"4832C>T","12636C>T",246,322.273152478952,-0.117289020264646,0,"Significant","synonymous"
"4832C>T","3636C>T",482,508.094480823199,-0.0228974391728239,0,"Significant","synonymous"
"4832C>T","10646G>A",579,503.294667913938,0.0608562343790045,0,"Significant","synonymous"
"4832C>T","8464C>T",598,553.349859681946,0.0337013798339847,0,"Significant","synonymous"
"4832C>T","14239C>T",540,554.721234798877,-0.0116810312216515,0.032,"Significant","synonymous"
"4832C>T","11977C>T",680,676.087932647334,0.00250572833267483,0.391,"Not Significant","synonymous"
"4832C>T","11102C>T",480,496.43779232928,-0.0146235982539066,0.039,"Significant","synonymous"
"4832C>T","15490C>T",595,517.008419083255,0.0610193504264146,0,"Significant","synonymous"
"4832C>T","15448C>T",708,709.686623012161,-0.00103336153551725,0.561,"Not Significant","synonymous"
"4832C>T","10592C>T",505,527.293732460243,-0.018761231115116,0.002,"Significant","synonymous"
"4832C>T","9569C>T",476,459.410664172123,0.0154058805873135,0.032,"Significant","synonymous"
"4832C>T","8841C>T",535,503.980355472404,0.0259401735046786,0,"Significant","synonymous"
"4832C>T","13377C>T",440,465.581852198316,-0.0245433672266588,0.001,"Significant","synonymous"
"4832C>T","12112C>T",548,513.579981290926,0.0281724713525475,0,"Significant","synonymous"
"4832C>T","12867C>T",522,507.408793264733,0.0123125138389337,0.033,"Significant","synonymous"
"4832C>T","4245C>T",484,468.32460243218,0.014298388530527,0.035,"Significant","synonymous"
"4832C>T","12381A>T",557,480.666978484565,0.064010907774708,0,"Significant","synonymous"
"4832C>T","9776C>T",587,569.12067352666,0.0134337394391883,0.003,"Significant","synonymous"
"4832C>T","8173C>T",443,469.010289990645,-0.0247786449293911,0.001,"Significant","synonymous"
"4832C>T","3951C>T",470,442.268475210477,0.026411873868094,0.001,"Significant","synonymous"
"4832C>T","10874C>T",460,431.983161833489,0.0272910127956363,0,"Significant","synonymous"
"4832C>T","9806C>T",490,460.782039289055,0.0267005375423329,0,"Significant","synonymous"
"4832C>T","15265C>T",472,420.32647333957,0.0503552546833115,0,"Significant","synonymous"
"4832C>T","8209C>T",468,464.89616463985,0.00288988977471015,0.671,"Not Significant","synonymous"
"4832C>T","3757C>T",386,419.640785781104,-0.0362903869061472,0,"Significant","synonymous"
"14097C>T","15608C>T",714,710.825070159027,0.0019354751981695,0.441,"Not Significant","synonymous"
"14097C>T","9027C>T",760,750.727782974743,0.00533110372311769,0.013,"Significant","synonymous"
"14097C>T","11638C>T",709,689.481758652947,0.0121234544770888,0,"Significant","synonymous"
"14097C>T","8616G>A",697,687.625818521983,0.0058806031732798,0.022,"Significant","synonymous"
"14097C>T","7909C>T",861,854.6604303087,0.0032095543114049,0.043,"Significant","synonymous"
"14097C>T","5375C>T",763,749.799812909261,0.00757921023489268,0,"Significant","synonymous"
"14097C>T","9162C>T",642,624.523854069224,0.0119859968994739,0,"Significant","synonymous"
"14097C>T","13116C>T",541,541.006548175865,-5.25659784531754e-06,1,"Not Significant","synonymous"
"14097C>T","9118C>T",573,565.133769878391,0.00600336238911294,0.081,"Not Significant","synonymous"
"14097C>T","3522C>T",560,558.637979420019,0.001057568802975,0.811,"Not Significant","synonymous"
"14097C>T","9512C>T",553,546.574368568756,0.00507586957219509,0.145,"Not Significant","synonymous"
"14097C>T","7031C>T",609,598.540692235734,0.00752361105220573,0.011,"Significant","synonymous"
"14097C>T","5342C>T",605,587.405051449953,0.012817697689711,0,"Significant","synonymous"
"14097C>T","4652C>T",608,591.11693171188,0.0122301799919819,0,"Significant","synonymous"
"14097C>T","6875C>T",820,812.90177736202,0.0037757792702349,0.032,"Significant","synonymous"
"14097C>T","12022C>T",647,627.307764265669,0.0134236177816618,0,"Significant","synonymous"
"14097C>T","7858C>T",874,872.291861552853,0.000849612089303631,0.607,"Not Significant","synonymous"
"14097C>T","9168C>T",754,744.23199251637,0.0056630106402092,0.011,"Significant","synonymous"
"14097C>T","5478C>T",594,579.981290926099,0.0103724606917159,0.001,"Significant","synonymous"
"14097C>T","10762G>A",826,820.325537885875,0.00299381536190819,0.074,"Not Significant","synonymous"
"14097C>T","10961C>T",619,605.964452759588,0.00924350079964185,0.001,"Significant","synonymous"
"14097C>T","15400C>T",670,658.858746492049,0.00728248703634943,0.005,"Significant","synonymous"
"14097C>T","6164C>T",804,801.766136576239,0.00120833932415723,0.562,"Not Significant","synonymous"
"14097C>T","7337G>A",739,730.312441534144,0.00513573909035982,0.02,"Significant","synonymous"
"14097C>T","10560C>T",580,568.845650140318,0.00843355209912008,0.008,"Significant","synonymous"
"14097C>T","3474C>T",812,809.189897100094,0.00150557736320725,0.448,"Not Significant","synonymous"
"14097C>T","13440C>T",716,700.617399438728,0.00943210373326536,0,"Significant","synonymous"
"14097C>T","4221C>T",630,618.956033676333,0.00768074859163085,0.011,"Significant","synonymous"
"14097C>T","11761C>T",815,805.478016838166,0.00510391661808348,0.009,"Significant","synonymous"
"14097C>T","3525C>A",784,780.422825070159,0.00198609994112536,0.316,"Not Significant","synonymous"
"14097C>T","7400C>T",591,575.34144059869,0.0116618244375989,0,"Significant","synonymous"
"14097C>T","15271C>T",719,708.969130028064,0.00610156486179114,0.015,"Significant","synonymous"
"14097C>T","14947C>T",741,736.808231992516,0.00246373860683098,0.271,"Not Significant","synonymous"
"14097C>T","12774C>T",786,781.350795135641,0.00257648759435735,0.202,"Not Significant","synonymous"
"14097C>T","14980C>T",757,749.799812909261,0.00415055178008542,0.035,"Significant","synonymous"
"14097C>T","4194C>T",746,726.600561272217,0.0114430984693232,0,"Significant","synonymous"
"14097C>T","13848C>T",706,693.193638914874,0.00795013229100323,0,"Significant","synonymous"
"14097C>T","13725C>T",753,747.015902712816,0.00346512888743097,0.131,"Not Significant","synonymous"
"14097C>T","13623C>T",684,670.922357343311,0.00838383748018362,0,"Significant","synonymous"
"14097C>T","7588G>A",464,463.057062675398,0.000883467986090136,0.917,"Not Significant","synonymous"
"14097C>T","4161C>T",730,721.032740879326,0.0053678743741403,0.016,"Significant","synonymous"
"14097C>T","9209G>A",753,743.304022450889,0.00562849317106153,0.011,"Significant","synonymous"
"14097C>T","3525C>T",641,639.371375116932,0.0011048406657908,0.726,"Not Significant","synonymous"
"14097C>T","12636C>T",435,436.145930776427,-0.00114256792648053,0.824,"Not Significant","synonymous"
"14097C>T","3636C>T",706,687.625818521983,0.0114525261270733,0,"Significant","synonymous"
"14097C>T","10646G>A",687,681.130028063611,0.00372671019807872,0.162,"Not Significant","synonymous"
"14097C>T","8464C>T",756,748.871842843779,0.00411429383373494,0.049,"Significant","synonymous"
"14097C>T","14239C>T",760,750.727782974743,0.00533110372311769,0.008,"Significant","synonymous"
"14097C>T","11977C>T",925,914.978484565014,0.00473085085242016,0,"Significant","synonymous"
"14097C>T","11102C>T",684,671.850327408793,0.00778356857756754,0.004,"Significant","synonymous"
"14097C>T","15490C>T",714,699.689429373246,0.00879289896099849,0.001,"Significant","synonymous"
"14097C>T","15448C>T",966,960.44901777362,0.00250280967715599,0.001,"Significant","synonymous"
"14097C>T","10592C>T",713,713.608980355472,-0.000370776894966084,0.905,"Not Significant","synonymous"
"14097C>T","9569C>T",630,621.739943872778,0.00573177980735372,0.048,"Significant","synonymous"
"14097C>T","8841C>T",692,682.057998129093,0.0062847884271613,0.012,"Significant","synonymous"
"14097C>T","13377C>T",644,630.091674462114,0.00948212613390829,0,"Significant","synonymous"
"14097C>T","12112C>T",716,695.049579045837,0.0128972376629867,0,"Significant","synonymous"
"14097C>T","12867C>T",700,686.697848456501,0.00833235333787885,0.001,"Significant","synonymous"
"14097C>T","4245C>T",653,633.803554724041,0.0129585106481387,0,"Significant","synonymous"
"14097C>T","12381A>T",657,650.507015902713,0.00431338464772084,0.151,"Not Significant","synonymous"
"14097C>T","9776C>T",786,770.21515434986,0.00881048671793229,0,"Significant","synonymous"
"14097C>T","8173C>T",644,634.731524789523,0.00629579869429432,0.018,"Significant","synonymous"
"14097C>T","3951C>T",613,598.540692235734,0.0103667929377449,0,"Significant","synonymous"
"14097C>T","10874C>T",601,584.621141253508,0.0119999556037552,0,"Significant","synonymous"
"14097C>T","9806C>T",627,623.595884003742,0.00236430083149017,0.464,"Not Significant","synonymous"
"14097C>T","15265C>T",584,568.845650140318,0.0114184056485818,0.001,"Significant","synonymous"
"14097C>T","8209C>T",641,629.163704396632,0.0080943687063522,0.002,"Significant","synonymous"
"14097C>T","3757C>T",585,567.917680074836,0.0128704769912164,0,"Significant","synonymous"
"15608C>T","9027C>T",586,579.695042095416,0.00469802998199152,0.342,"Not Significant","synonymous"
"15608C>T","11638C>T",506,532.402245088868,-0.022089361344598,0,"Significant","synonymous"
"15608C>T","8616G>A",581,530.969130028064,0.0391068599871695,0,"Significant","synonymous"
"15608C>T","7909C>T",656,659.949485500468,-0.00260685524501417,0.513,"Not Significant","synonymous"
"15608C>T","5375C>T",621,578.978484565014,0.0304291749781629,0,"Significant","synonymous"
"15608C>T","9162C>T",511,482.243217960711,0.0251547714869049,0,"Significant","synonymous"
"15608C>T","13116C>T",497,417.753040224509,0.0754367695504755,0,"Significant","synonymous"
"15608C>T","9118C>T",516,436.383536014967,0.0727813445704947,0,"Significant","synonymous"
"15608C>T","3522C>T",482,431.367633302152,0.0481994825571885,0,"Significant","synonymous"
"15608C>T","9512C>T",478,422.052385406922,0.0540615374011792,0,"Significant","synonymous"
"15608C>T","7031C>T",515,462.179607109448,0.0469964499820876,0,"Significant","synonymous"
"15608C>T","5342C>T",485,453.580916744621,0.0290869641610764,0,"Significant","synonymous"
"15608C>T","4652C>T",430,456.44714686623,-0.025922041179584,0,"Significant","synonymous"
"15608C>T","6875C>T",652,627.704396632367,0.016492425140011,0,"Significant","synonymous"
"15608C>T","12022C>T",463,484.392890551918,-0.0196167693475046,0.002,"Significant","synonymous"
"15608C>T","7858C>T",679,673.56407857811,0.00349085625697655,0.302,"Not Significant","synonymous"
"15608C>T","9168C>T",566,574.6791393826,-0.0066090015197168,0.19,"Not Significant","synonymous"
"15608C>T","5478C>T",423,447.848456501403,-0.0247907143928531,0,"Significant","synonymous"
"15608C>T","10762G>A",621,633.436856875585,-0.00861172926031744,0.028,"Significant","synonymous"
"15608C>T","10961C>T",496,467.912067352666,0.0253174307912923,0,"Significant","synonymous"
"15608C>T","15400C>T",521,508.755846585594,0.0103283101566213,0.073,"Not Significant","synonymous"
"15608C>T","6164C>T",607,619.10570626754,-0.00857611582746029,0.038,"Significant","synonymous"
"15608C>T","7337G>A",559,563.930776426567,-0.00381398889646654,0.479,"Not Significant","synonymous"
"15608C>T","10560C>T",472,439.249766136576,0.0312304596918399,0,"Significant","synonymous"
"15608C>T","3474C>T",633,624.838166510758,0.00563616066096105,0.158,"Not Significant","synonymous"
"15608C>T","13440C>T",558,541.000935453695,0.0134361828845622,0.017,"Significant","synonymous"
"15608C>T","4221C>T",432,477.943872778298,-0.0438931515254532,0,"Significant","synonymous"
"15608C>T","11761C>T",634,621.971936389149,0.00831846828141361,0.032,"Significant","synonymous"
"15608C>T","3525C>A",593,602.624883068288,-0.00699236685747441,0.118,"Not Significant","synonymous"
"15608C>T","7400C>T",474,444.265668849392,0.0281355877519991,0,"Significant","synonymous"
"15608C>T","15271C>T",545,547.449953227315,-0.0019479207228731,0.789,"Not Significant","synonymous"
"15608C>T","14947C>T",568,568.946679139383,-0.000723231139903166,0.941,"Not Significant","synonymous"
"15608C>T","12774C>T",588,603.34144059869,-0.0111858298473351,0.014,"Significant","synonymous"
"15608C>T","14980C>T",533,578.978484565014,-0.0359352161718334,0,"Significant","synonymous"
"15608C>T","4194C>T",591,561.064546304958,0.0225746543994821,0,"Significant","synonymous"
"15608C>T","13848C>T",488,535.268475210477,-0.0401518442365062,0,"Significant","synonymous"
"15608C>T","13725C>T",557,576.828811973807,-0.0151917496179629,0.001,"Significant","synonymous"
"15608C>T","13623C>T",521,518.071094480823,0.00244836158116729,0.724,"Not Significant","synonymous"
"15608C>T","7588G>A",345,357.56220767072,-0.0155325149739373,0.094,"Not Significant","synonymous"
"15608C>T","4161C>T",515,556.765201122544,-0.0338648541835428,0,"Significant","synonymous"
"15608C>T","9209G>A",607,573.962581852198,0.0243051105671898,0,"Significant","synonymous"
"15608C>T","3525C>T",476,493.708138447147,-0.0158633336109554,0.007,"Significant","synonymous"
"15608C>T","12636C>T",394,336.782039289055,0.068147299466012,0,"Significant","synonymous"
"15608C>T","3636C>T",577,530.969130028064,0.0361065407525708,0,"Significant","synonymous"
"15608C>T","10646G>A",484,525.953227315248,-0.0361017626954769,0,"Significant","synonymous"
"15608C>T","8464C>T",566,578.261927034612,-0.00930816795762331,0.047,"Significant","synonymous"
"15608C>T","14239C>T",606,579.695042095416,0.0192730381301846,0,"Significant","synonymous"
"15608C>T","11977C>T",708,706.525724976614,0.000905278324731729,0.809,"Not Significant","synonymous"
"15608C>T","11102C>T",558,518.787652011225,0.0316445683166001,0,"Significant","synonymous"
"15608C>T","15490C>T",509,540.284377923293,-0.0259046279568364,0,"Significant","synonymous"
"15608C>T","15448C>T",745,741.637043966324,0.00196485853153013,0.263,"Not Significant","synonymous"
"15608C>T","10592C>T",548,551.032740879326,-0.00239684574088729,0.655,"Not Significant","synonymous"
"15608C>T","9569C>T",473,480.093545369504,-0.00646472638683943,0.337,"Not Significant","synonymous"
"15608C>T","8841C>T",530,526.66978484565,0.00273746609276771,0.665,"Not Significant","synonymous"
"15608C>T","13377C>T",538,486.542563143124,0.043661436962053,0,"Significant","synonymous"
"15608C>T","12112C>T",564,536.701590271282,0.021546221860046,0,"Significant","synonymous"
"15608C>T","12867C>T",526,530.252572497661,-0.00349704000106239,0.573,"Not Significant","synonymous"
"15608C>T","4245C>T",526,489.408793264733,0.0313139760483744,0,"Significant","synonymous"
"15608C>T","12381A>T",464,502.306828811974,-0.0344511018355966,0,"Significant","synonymous"
"15608C>T","9776C>T",621,594.742750233863,0.0187624433766772,0,"Significant","synonymous"
"15608C>T","8173C>T",545,490.125350795136,0.0460893361326914,0,"Significant","synonymous"
"15608C>T","3951C>T",470,462.179607109448,0.00728707887662211,0.286,"Not Significant","synonymous"
"15608C>T","10874C>T",470,451.431244153414,0.0175062440583061,0.005,"Significant","synonymous"
"15608C>T","9806C>T",496,481.526660430309,0.0128613390125436,0.041,"Significant","synonymous"
"15608C>T","15265C>T",454,439.249766136576,0.0143443139148597,0.049,"Significant","synonymous"
"15608C>T","8209C>T",528,485.826005612722,0.0361531642429158,0,"Significant","synonymous"
"15608C>T","3757C>T",492,438.533208606174,0.0499626161979625,0,"Significant","synonymous"
"9027C>T","11638C>T",548,562.289055191768,-0.0111790716796985,0.04,"Significant","synonymous"
"9027C>T","8616G>A",577,560.77549111319,0.0123867887729068,0.01,"Significant","synonymous"
"9027C>T","7909C>T",698,696.99625818522,0.000624976022817829,0.856,"Not Significant","synonymous"
"9027C>T","5375C>T",656,611.479887745557,0.030521662197575,0,"Significant","synonymous"
"9027C>T","9162C>T",565,509.314312441534,0.045062567191959,0,"Significant","synonymous"
"9027C>T","13116C>T",455,441.203928905519,0.013372025494601,0.065,"Not Significant","synonymous"
"9027C>T","9118C>T",485,460.880261927035,0.0221536295658894,0.001,"Significant","synonymous"
"9027C>T","3522C>T",452,455.582787652011,-0.00342887284993593,0.598,"Not Significant","synonymous"
"9027C>T","9512C>T",466,445.744621141254,0.0192998054994,0.003,"Significant","synonymous"
"9027C>T","7031C>T",491,488.124415341441,0.00255096108420589,0.727,"Not Significant","synonymous"
"9027C>T","5342C>T",539,479.043030869972,0.0512142387658793,0,"Significant","synonymous"
"9027C>T","4652C>T",464,482.070159027128,-0.0165922681839603,0.009,"Significant","synonymous"
"9027C>T","6875C>T",695,662.941066417212,0.0205098820185359,0,"Significant","synonymous"
"9027C>T","12022C>T",496,511.584658559401,-0.01343583585493,0.029,"Significant","synonymous"
"9027C>T","7858C>T",713,711.375116931712,0.00099085984867248,0.734,"Not Significant","synonymous"
"9027C>T","9168C>T",614,606.939195509822,0.00502318645350912,0.261,"Not Significant","synonymous"
"9027C>T","5478C>T",451,472.988774555659,-0.0206742918696044,0.001,"Significant","synonymous"
"9027C>T","10762G>A",691,668.995322731525,0.014054965957629,0,"Significant","synonymous"
"9027C>T","10961C>T",553,494.178671655753,0.0488411336261207,0,"Significant","synonymous"
"9027C>T","15400C>T",566,537.315247895229,0.0225872660656978,0,"Significant","synonymous"
"9027C>T","6164C>T",645,653.859681945744,-0.00592484424711889,0.13,"Not Significant","synonymous"
"9027C>T","7337G>A",617,595.587464920486,0.0153396152706803,0.002,"Significant","synonymous"
"9027C>T","10560C>T",568,463.907390084191,0.0879170447890925,0,"Significant","synonymous"
"9027C>T","3474C>T",653,659.913938260056,-0.00457412006098691,0.207,"Not Significant","synonymous"
"9027C>T","13440C>T",591,571.370439663237,0.0146697128485703,0.003,"Significant","synonymous"
"9027C>T","4221C>T",513,504.7736202058,0.00702071479177164,0.228,"Not Significant","synonymous"
"9027C>T","11761C>T",674,656.8868101029,0.011169354955332,0.002,"Significant","synonymous"
"9027C>T","3525C>A",619,636.453695042095,-0.0120761631812866,0.003,"Significant","synonymous"
"9027C>T","7400C>T",490,469.204864359214,0.0188335741267616,0.003,"Significant","synonymous"
"9027C>T","15271C>T",597,578.181478016838,0.0139101561501824,0.003,"Significant","synonymous"
"9027C>T","14947C>T",610,600.88493919551,0.00653851618017539,0.138,"Not Significant","synonymous"
"9027C>T","12774C>T",644,637.210477081385,0.00460295945666755,0.274,"Not Significant","synonymous"
"9027C>T","14980C>T",616,611.479887745557,0.0031985349863445,0.448,"Not Significant","synonymous"
"9027C>T","4194C>T",596,592.56033676333,0.00251368127879832,0.63,"Not Significant","synonymous"
"9027C>T","13848C>T",560,565.316183348924,-0.00410339121269183,0.428,"Not Significant","synonymous"
"9027C>T","13725C>T",601,609.20954162769,-0.0058922247686224,0.189,"Not Significant","synonymous"
"9027C>T","13623C>T",554,547.153414405987,0.00540065103040369,0.347,"Not Significant","synonymous"
"9027C>T","7588G>A",349,377.634237605239,-0.0342459350676949,0,"Significant","synonymous"
"9027C>T","4161C>T",601,588.019644527596,0.00948263679832941,0.044,"Significant","synonymous"
"9027C>T","9209G>A",632,606.182413470533,0.0181137457946502,0,"Significant","synonymous"
"9027C>T","3525C>T",533,521.422825070159,0.00953717071545028,0.102,"Not Significant","synonymous"
"9027C>T","12636C>T",384,355.687558465856,0.03326255002831,0,"Significant","synonymous"
"9027C>T","3636C>T",581,560.77549111319,0.0153871080075056,0.003,"Significant","synonymous"
"9027C>T","10646G>A",565,555.478016838167,0.00738157149987237,0.152,"Not Significant","synonymous"
"9027C>T","8464C>T",633,610.723105706268,0.0155593588917879,0,"Significant","synonymous"
"9027C>T","14239C>T",650,612.236669784846,0.0259940186270849,0,"Significant","synonymous"
"9027C>T","11977C>T",767,746.187090739008,0.0119476326042738,0,"Significant","synonymous"
"9027C>T","11102C>T",565,547.910196445276,0.013339065218795,0.012,"Significant","synonymous"
"9027C>T","15490C>T",584,570.613657623948,0.0100706848391294,0.037,"Significant","synonymous"
"9027C>T","15448C>T",791,783.269410664172,0.00426531730124523,0.002,"Significant","synonymous"
"9027C>T","10592C>T",575,581.965388213283,-0.00522931151529389,0.299,"Not Significant","synonymous"
"9027C>T","9569C>T",522,507.043966323667,0.012624883897939,0.032,"Significant","synonymous"
"9027C>T","8841C>T",565,556.234798877456,0.00679029233174813,0.177,"Not Significant","synonymous"
"9027C>T","13377C>T",522,513.855004677268,0.00682991231826488,0.233,"Not Significant","synonymous"
"9027C>T","12112C>T",611,566.829747427502,0.032588576139588,0,"Significant","synonymous"
"9027C>T","12867C>T",574,560.018709073901,0.0107093562635011,0.046,"Significant","synonymous"
"9027C>T","4245C>T",538,516.882132834425,0.017390755581359,0.001,"Significant","synonymous"
"9027C>T","12381A>T",550,530.504209541628,0.015673855124088,0.003,"Significant","synonymous"
"9027C>T","9776C>T",664,628.129092609916,0.0241191705884456,0,"Significant","synonymous"
"9027C>T","8173C>T",523,517.638914873714,0.00447477074366295,0.475,"Not Significant","synonymous"
"9027C>T","3951C>T",479,488.124415341441,-0.00819501762419714,0.195,"Not Significant","synonymous"
"9027C>T","10874C>T",500,476.772684752105,0.0206586384789386,0.001,"Significant","synonymous"
"9027C>T","9806C>T",521,508.557530402245,0.010497633842203,0.077,"Not Significant","synonymous"
"9027C>T","15265C>T",477,463.907390084191,0.012087088118202,0.057,"Not Significant","synonymous"
"9027C>T","8209C>T",541,513.098222637979,0.0229967548360075,0,"Significant","synonymous"
"9027C>T","3757C>T",482,463.150608044902,0.0173247996897904,0.009,"Significant","synonymous"
"11638C>T","8616G>A",477,515.026192703461,-0.0333109374910049,0,"Significant","synonymous"
"11638C>T","7909C>T",639,640.133769878391,-0.000769880590245948,0.842,"Not Significant","synonymous"
"11638C>T","5375C>T",549,561.594013096352,-0.00985012487628969,0.055,"Not Significant","synonymous"
"11638C>T","9162C>T",474,467.763330215154,0.00575216889830967,0.406,"Not Significant","synonymous"
"11638C>T","13116C>T",348,405.20954162769,-0.0661004193642129,0,"Significant","synonymous"
"11638C>T","9118C>T",361,423.280636108513,-0.069121199278997,0,"Significant","synonymous"
"11638C>T","3522C>T",378,418.415341440599,-0.0441157999723854,0,"Significant","synonymous"
"11638C>T","9512C>T",342,409.379794200187,-0.078100297282743,0,"Significant","synonymous"
"11638C>T","7031C>T",402,448.302151543499,-0.0473447701025839,0,"Significant","synonymous"
"11638C>T","5342C>T",452,439.961646398503,0.0117236162422271,0.108,"Not Significant","synonymous"
"11638C>T","4652C>T",592,442.741814780168,0.126171165835747,0,"Significant","synonymous"
"11638C>T","6875C>T",601,608.856875584658,-0.00564074271713751,0.196,"Not Significant","synonymous"
"11638C>T","12022C>T",607,469.848456501403,0.111230886581804,0,"Significant","synonymous"
"11638C>T","7858C>T",654,653.3395696913,0.000438786172771267,0.913,"Not Significant","synonymous"
"11638C>T","9168C>T",600,557.423760523854,0.0319657735476773,0,"Significant","synonymous"
"11638C>T","5478C>T",575,434.401309635173,0.121776718793734,0,"Significant","synonymous"
"11638C>T","10762G>A",647,614.417212347989,0.0224409071038265,0,"Significant","synonymous"
"11638C>T","10961C>T",455,453.862488306829,0.00108710683024095,0.91,"Not Significant","synonymous"
"11638C>T","15400C>T",531,493.479887745557,0.0318250638105903,0,"Significant","synonymous"
"11638C>T","6164C>T",625,600.516370439663,0.0173551663133819,0,"Significant","synonymous"
"11638C>T","7337G>A",576,546.99812909261,0.0224366425123461,0,"Significant","synonymous"
"11638C>T","10560C>T",390,426.060804490178,-0.0384069760437037,0,"Significant","synonymous"
"11638C>T","3474C>T",600,606.076707202993,-0.00437634310072017,0.318,"Not Significant","synonymous"
"11638C>T","13440C>T",554,524.756782039289,0.0235517045474398,0,"Significant","synonymous"
"11638C>T","4221C>T",552,463.593077642657,0.0758021352608377,0,"Significant","synonymous"
"11638C>T","11761C>T",629,603.296538821328,0.0181198117169768,0,"Significant","synonymous"
"11638C>T","3525C>A",581,584.530402245089,-0.00263097195937828,0.565,"Not Significant","synonymous"
"11638C>T","7400C>T",447,430.926099158092,0.0159047250818816,0.03,"Significant","synonymous"
"11638C>T","15271C>T",578,531.012160898036,0.0368233712930352,0,"Significant","synonymous"
"11638C>T","14947C>T",586,551.863423760524,0.0260660050391925,0,"Significant","synonymous"
"11638C>T","12774C>T",627,585.225444340505,0.0299443407792647,0,"Significant","synonymous"
"11638C>T","14980C>T",629,561.594013096352,0.0492281761188773,0,"Significant","synonymous"
"11638C>T","4194C>T",521,544.217960710945,-0.0189351473102126,0,"Significant","synonymous"
"11638C>T","13848C>T",601,519.196445275959,0.063542761635532,0,"Significant","synonymous"
"11638C>T","13725C>T",608,559.508886810103,0.036096590353063,0,"Significant","synonymous"
"11638C>T","13623C>T",580,502.515434985968,0.0622785877165977,0,"Significant","synonymous"
"11638C>T","7588G>A",377,346.826005612722,0.0362296960305957,0,"Significant","synonymous"
"11638C>T","4161C>T",602,540.047708138447,0.0471643639051047,0,"Significant","synonymous"
"11638C>T","9209G>A",532,556.728718428438,-0.0197319923409831,0,"Significant","synonymous"
"11638C>T","3525C>T",495,478.884003741815,0.0143748684741426,0.023,"Significant","synonymous"
"11638C>T","12636C>T",260,326.66978484565,-0.0991356185166627,0,"Significant","synonymous"
"11638C>T","3636C>T",485,515.026192703461,-0.0260875779288566,0,"Significant","synonymous"
"11638C>T","10646G>A",583,510.160898035547,0.0579613862911357,0,"Significant","synonymous"
"11638C>T","8464C>T",595,560.898971000935,0.0256323224546774,0,"Significant","synonymous"
"11638C>T","14239C>T",539,562.289055191768,-0.0183708649773276,0.001,"Significant","synonymous"
"11638C>T","11977C>T",688,685.311506080449,0.00170041474250262,0.532,"Not Significant","synonymous"
"11638C>T","11102C>T",477,503.210477081384,-0.0232312957088255,0,"Significant","synonymous"
"11638C>T","15490C>T",597,524.061739943873,0.0565918767077877,0,"Significant","synonymous"
"11638C>T","15448C>T",723,719.368568755847,0.00218683894979671,0.193,"Not Significant","synonymous"
"11638C>T","10592C>T",523,534.487371375117,-0.00943575948595231,0.101,"Not Significant","synonymous"
"11638C>T","9569C>T",484,465.678203928906,0.0167594503917853,0.017,"Significant","synonymous"
"11638C>T","8841C>T",539,510.855940130964,0.0232903175507421,0,"Significant","synonymous"
"11638C>T","13377C>T",433,471.933582787652,-0.0373929864789252,0,"Significant","synonymous"
"11638C>T","12112C>T",534,520.586529466791,0.0110483307772905,0.062,"Not Significant","synonymous"
"11638C>T","12867C>T",529,514.331150608045,0.0122128437524099,0.035,"Significant","synonymous"
"11638C>T","4245C>T",487,474.713751169317,0.0110971489813021,0.098,"Not Significant","synonymous"
"11638C>T","12381A>T",553,487.22450888681,0.0549960047862318,0,"Significant","synonymous"
"11638C>T","9776C>T",588,576.88493919551,0.00828812514826596,0.082,"Not Significant","synonymous"
"11638C>T","8173C>T",444,475.408793264733,-0.0296842401572872,0,"Significant","synonymous"
"11638C>T","3951C>T",471,448.302151543499,0.0214500839418264,0.002,"Significant","synonymous"
"11638C>T","10874C>T",463,437.876520112254,0.0242293330125688,0.002,"Significant","synonymous"
"11638C>T","9806C>T",493,467.068288119738,0.0234665376716026,0.001,"Significant","synonymous"
"11638C>T","15265C>T",464,426.060804490178,0.0370463974846602,0,"Significant","synonymous"
"11638C>T","8209C>T",464,471.238540692236,-0.00672282186397834,0.318,"Not Significant","synonymous"
"11638C>T","3757C>T",381,425.365762394761,-0.0478375550217273,0,"Significant","synonymous"
"8616G>A","7909C>T",651,638.410664172123,0.00848085560079165,0.018,"Significant","synonymous"
"8616G>A","5375C>T",571,560.082319925164,0.00838424470071029,0.086,"Not Significant","synonymous"
"8616G>A","9162C>T",479,466.504209541628,0.0114799464200338,0.112,"Not Significant","synonymous"
"8616G>A","13116C>T",477,404.11880261927,0.0720093215105333,0,"Significant","synonymous"
"8616G>A","9118C>T",524,422.141253507951,0.0938734915802812,0,"Significant","synonymous"
"8616G>A","3522C>T",495,417.289055191768,0.0741682049051778,0,"Significant","synonymous"
"8616G>A","9512C>T",475,408.277829747428,0.0657378120671998,0,"Significant","synonymous"
"8616G>A","7031C>T",519,447.095416276894,0.0647671404426265,0,"Significant","synonymous"
"8616G>A","5342C>T",448,438.77736202058,0.00903380121023669,0.214,"Not Significant","synonymous"
"8616G>A","4652C>T",403,441.550046772685,-0.0396748889647818,0,"Significant","synonymous"
"8616G>A","6875C>T",626,607.217960710945,0.0132297242717966,0.002,"Significant","synonymous"
"8616G>A","12022C>T",437,468.583723105706,-0.0303057617417575,0,"Significant","synonymous"
"8616G>A","7858C>T",661,651.580916744621,0.00623310311539045,0.063,"Not Significant","synonymous"
"8616G>A","9168C>T",540,555.923292797007,-0.0126211112317428,0.015,"Significant","synonymous"
"8616G>A","5478C>T",402,433.23199251637,-0.0324944670301475,0,"Significant","synonymous"
"8616G>A","10762G>A",609,612.763330215154,-0.00267547515074748,0.535,"Not Significant","synonymous"
"8616G>A","10961C>T",462,452.640785781104,0.0088882915104995,0.211,"Not Significant","synonymous"
"8616G>A","15400C>T",471,492.151543498597,-0.0190779443607253,0.001,"Significant","synonymous"
"8616G>A","6164C>T",596,598.89990645463,-0.00210798550920665,0.666,"Not Significant","synonymous"
"8616G>A","7337G>A",525,545.525724976614,-0.0166559317236547,0.004,"Significant","synonymous"
"8616G>A","10560C>T",456,424.913938260056,0.0306638653754628,0,"Significant","synonymous"
"8616G>A","3474C>T",608,604.44527595884,0.00254659156961714,0.542,"Not Significant","synonymous"
"8616G>A","13440C>T",508,523.344246959775,-0.0129237421158166,0.03,"Significant","synonymous"
"8616G>A","4221C>T",422,462.345182413471,-0.0396538857254163,0,"Significant","synonymous"
"8616G>A","11761C>T",579,601.672591206735,-0.0166816642196031,0,"Significant","synonymous"
"8616G>A","3525C>A",573,582.956969130028,-0.00748187660107105,0.116,"Not Significant","synonymous"
"8616G>A","7400C>T",409,429.76613657624,-0.0215088842614571,0.001,"Significant","synonymous"
"8616G>A","15271C>T",514,529.582787652011,-0.0129707423509619,0.024,"Significant","synonymous"
"8616G>A","14947C>T",535,550.377923292797,-0.0123072231764157,0.017,"Significant","synonymous"
"8616G>A","12774C>T",585,583.650140318054,0.00100327181198054,0.864,"Not Significant","synonymous"
"8616G>A","14980C>T",535,560.082319925164,-0.0198980815239042,0,"Significant","synonymous"
"8616G>A","4194C>T",553,542.753040224509,0.0081228664762033,0.136,"Not Significant","synonymous"
"8616G>A","13848C>T",477,517.798877455566,-0.0356427255458279,0,"Significant","synonymous"
"8616G>A","13725C>T",541,558.002806361085,-0.0134391180318468,0.012,"Significant","synonymous"
"8616G>A","13623C>T",475,501.162768942937,-0.0232851904402096,0,"Significant","synonymous"
"8616G>A","7588G>A",359,345.89242282507,0.0161534001843746,0.082,"Not Significant","synonymous"
"8616G>A","4161C>T",515,538.594013096352,-0.0194542925302696,0,"Significant","synonymous"
"8616G>A","9209G>A",549,555.23012160898,-0.00490067440469496,0.356,"Not Significant","synonymous"
"8616G>A","3525C>T",478,477.594948550047,0.000368171933942847,1,"Not Significant","synonymous"
"8616G>A","12636C>T",388,325.790458372311,0.0758933648879183,0,"Significant","synonymous"
"8616G>A","3636C>T",521,513.639850327409,0.00617901254964492,0.324,"Not Significant","synonymous"
"8616G>A","10646G>A",480,508.787652011225,-0.0252953253110284,0,"Significant","synonymous"
"8616G>A","8464C>T",552,559.389148737137,-0.0057749597634206,0.287,"Not Significant","synonymous"
"8616G>A","14239C>T",563,560.77549111319,0.00171937046852348,0.758,"Not Significant","synonymous"
"8616G>A","11977C>T",686,683.466791393826,0.00160669799499004,0.528,"Not Significant","synonymous"
"8616G>A","11102C>T",513,501.855940130963,0.00953829614411744,0.114,"Not Significant","synonymous"
"8616G>A","15490C>T",499,522.651075771749,-0.0201113030169304,0,"Significant","synonymous"
"8616G>A","15448C>T",724,717.43217960711,0.00395771363365963,0.009,"Significant","synonymous"
"8616G>A","10592C>T",544,533.048643592142,0.00883205712619704,0.122,"Not Significant","synonymous"
"8616G>A","9569C>T",430,464.424695977549,-0.0334468498917826,0,"Significant","synonymous"
"8616G>A","8841C>T",494,509.480823199252,-0.0134008929310955,0.034,"Significant","synonymous"
"8616G>A","13377C>T",470,470.663236669785,-0.000612419115334232,0.951,"Not Significant","synonymous"
"8616G>A","12112C>T",515,519.185219831618,-0.00351509142882499,0.562,"Not Significant","synonymous"
"8616G>A","12867C>T",493,512.946679139383,-0.0172253032242929,0.001,"Significant","synonymous"
"8616G>A","4245C>T",472,473.43592142189,-0.00131920781799469,0.897,"Not Significant","synonymous"
"8616G>A","12381A>T",459,485.913002806361,-0.0247458351999423,0,"Significant","synonymous"
"8616G>A","9776C>T",576,575.33208606174,0.00050388827658793,0.94,"Not Significant","synonymous"
"8616G>A","8173C>T",481,474.129092609916,0.00624847188316405,0.373,"Not Significant","synonymous"
"8616G>A","3951C>T",417,447.095416276894,-0.0302641624320534,0,"Significant","synonymous"
"8616G>A","10874C>T",409,436.697848456501,-0.0284577442167832,0.001,"Significant","synonymous"
"8616G>A","9806C>T",444,465.811038353601,-0.020826805709751,0.006,"Significant","synonymous"
"8616G>A","15265C>T",404,424.913938260056,-0.021919612178355,0.01,"Significant","synonymous"
"8616G>A","8209C>T",465,469.970065481759,-0.00461724374765866,0.532,"Not Significant","synonymous"
"8616G>A","3757C>T",430,424.22076707203,0.00587653066347377,0.503,"Not Significant","synonymous"
"7909C>T","5375C>T",697,696.134705332086,0.000539492335352271,0.912,"Not Significant","synonymous"
"7909C>T","9162C>T",576,579.825070159027,-0.00287450578883518,0.514,"Not Significant","synonymous"
"7909C>T","13116C>T",504,502.285313376988,0.00148005669843994,0.78,"Not Significant","synonymous"
"7909C>T","9118C>T",526,524.685687558466,0.00108652653279265,0.872,"Not Significant","synonymous"
"7909C>T","3522C>T",541,518.65481758653,0.0183188488606705,0,"Significant","synonymous"
"7909C>T","9512C>T",521,507.45463049579,0.0114405035243498,0.02,"Significant","synonymous"
"7909C>T","7031C>T",571,555.701590271282,0.0117944686225073,0.005,"Significant","synonymous"
"7909C>T","5342C>T",539,545.362956033676,-0.00509686981868631,0.273,"Not Significant","synonymous"
"7909C>T","4652C>T",540,548.809167446211,-0.00702759750045152,0.13,"Not Significant","synonymous"
"7909C>T","6875C>T",754,754.720299345182,-0.000414685286377549,0.894,"Not Significant","synonymous"
"7909C>T","12022C>T",578,582.409728718428,-0.00330078250917717,0.423,"Not Significant","synonymous"
"7909C>T","7858C>T",847,809.859681945744,0.019473631742935,0,"Significant","synonymous"
"7909C>T","9168C>T",690,690.965388213283,-0.000607202534978995,0.915,"Not Significant","synonymous"
"7909C>T","5478C>T",532,538.470533208606,-0.00525031003709695,0.289,"Not Significant","synonymous"
"7909C>T","10762G>A",765,761.612722170252,0.00192724515247344,0.474,"Not Significant","synonymous"
"7909C>T","10961C>T",567,562.594013096352,0.00338795262976122,0.472,"Not Significant","synonymous"
"7909C>T","15400C>T",603,611.702525724977,-0.00622296156699384,0.099,"Not Significant","synonymous"
"7909C>T","6164C>T",768,744.381665107577,0.013565552564546,0,"Significant","synonymous"
"7909C>T","7337G>A",692,678.042095416277,0.00884943710962112,0.007,"Significant","synonymous"
"7909C>T","10560C>T",524,528.131898971001,-0.00341111252275868,0.488,"Not Significant","synonymous"
"7909C>T","3474C>T",805,751.274087932647,0.0299974704472265,0,"Significant","synonymous"
"7909C>T","13440C>T",651,650.472404115996,0.000352111950932775,0.928,"Not Significant","synonymous"
"7909C>T","4221C>T",581,574.655753040225,0.00476837348571,0.27,"Not Significant","synonymous"
"7909C>T","11761C>T",748,747.827876520112,9.99476998985588e-05,1,"Not Significant","synonymous"
"7909C>T","3525C>A",780,724.5659494855,0.032016681904493,0,"Significant","synonymous"
"7909C>T","7400C>T",538,534.162768942937,0.00310866118006381,0.527,"Not Significant","synonymous"
"7909C>T","15271C>T",659,658.2263797942,0.000510131030249016,0.92,"Not Significant","synonymous"
"7909C>T","14947C>T",685,684.072965388213,0.000588144077258342,0.919,"Not Significant","synonymous"
"7909C>T","12774C>T",734,725.427502338634,0.00510204342834944,0.079,"Not Significant","synonymous"
"7909C>T","14980C>T",707,696.134705332086,0.00672612803424142,0.025,"Significant","synonymous"
"7909C>T","4194C>T",682,674.595884003742,0.00474068761046399,0.154,"Not Significant","synonymous"
"7909C>T","13848C>T",652,643.579981290926,0.0056450689284497,0.121,"Not Significant","synonymous"
"7909C>T","13725C>T",707,693.550046772685,0.00834160844095875,0.006,"Significant","synonymous"
"7909C>T","13623C>T",619,622.902712815716,-0.00272957326248324,0.506,"Not Significant","synonymous"
"7909C>T","7588G>A",447,429.914873713751,0.0169250525204718,0.002,"Significant","synonymous"
"7909C>T","4161C>T",674,669.426566884939,0.00295695274633428,0.39,"Not Significant","synonymous"
"7909C>T","9209G>A",702,690.10383536015,0.00742267105749562,0.014,"Significant","synonymous"
"7909C>T","3525C>T",608,593.609915809167,0.0104024323770365,0.006,"Significant","synonymous"
"7909C>T","12636C>T",417,404.929840972872,0.0127562720499661,0.034,"Significant","synonymous"
"7909C>T","3636C>T",641,638.410664172123,0.00175789655141816,0.619,"Not Significant","synonymous"
"7909C>T","10646G>A",638,632.379794200187,0.00384269381702029,0.299,"Not Significant","synonymous"
"7909C>T","8464C>T",705,695.273152478952,0.00603365728125648,0.047,"Significant","synonymous"
"7909C>T","14239C>T",731,696.99625818522,0.0206869303575144,0,"Significant","synonymous"
"7909C>T","11977C>T",859,849.491113189897,0.00483432390195958,0.002,"Significant","synonymous"
"7909C>T","11102C>T",633,623.764265668849,0.00638321883213635,0.097,"Not Significant","synonymous"
"7909C>T","15490C>T",658,649.610851262862,0.0055726227561097,0.112,"Not Significant","synonymous"
"7909C>T","15448C>T",899,891.707202993452,0.00353741695222095,0.001,"Significant","synonymous"
"7909C>T","10592C>T",742,662.534144059869,0.0491956404895181,0,"Significant","synonymous"
"7909C>T","9569C>T",582,577.240411599626,0.0035662569609906,0.42,"Not Significant","synonymous"
"7909C>T","8841C>T",640,633.241347053321,0.00461070991162065,0.224,"Not Significant","synonymous"
"7909C>T","13377C>T",600,584.99438727783,0.0109995511150692,0.008,"Significant","synonymous"
"7909C>T","12112C>T",653,645.303086997194,0.00514943858753578,0.134,"Not Significant","synonymous"
"7909C>T","12867C>T",649,637.54911131899,0.007731052081321,0.037,"Significant","synonymous"
"7909C>T","4245C>T",592,588.440598690365,0.00261907805331585,0.521,"Not Significant","synonymous"
"7909C>T","12381A>T",610,603.948550046773,0.00432989205603676,0.24,"Not Significant","synonymous"
"7909C>T","9776C>T",716,715.088868101029,0.000553004943710691,0.912,"Not Significant","synonymous"
"7909C>T","8173C>T",598,589.302151543499,0.00636315728022268,0.135,"Not Significant","synonymous"
"7909C>T","3951C>T",562,555.701590271282,0.00489467594572152,0.277,"Not Significant","synonymous"
"7909C>T","10874C>T",547,542.778297474275,0.00336485189177765,0.461,"Not Significant","synonymous"
"7909C>T","9806C>T",578,578.963517305893,-0.000723359621366971,0.93,"Not Significant","synonymous"
"7909C>T","15265C>T",528,528.131898971001,-0.000108476972673681,1,"Not Significant","synonymous"
"7909C>T","8209C>T",602,584.132834424696,0.0130848724026881,0.001,"Significant","synonymous"
"7909C>T","3757C>T",537,527.270346117867,0.0079409385659221,0.093,"Not Significant","synonymous"
"5375C>T","9162C>T",563,508.684752104771,0.0440596750615531,0,"Significant","synonymous"
"5375C>T","13116C>T",472,440.65855940131,0.029839788309259,0,"Significant","synonymous"
"5375C>T","9118C>T",506,460.310570626754,0.0410995686411072,0,"Significant","synonymous"
"5375C>T","3522C>T",459,455.019644527596,0.00378253871362778,0.616,"Not Significant","synonymous"
"5375C>T","9512C>T",457,445.193638914874,0.0113672497169379,0.097,"Not Significant","synonymous"
"5375C>T","7031C>T",497,487.521047708138,0.00836301853225452,0.189,"Not Significant","synonymous"
"5375C>T","5342C>T",546,478.45088868101,0.0573552771215628,0,"Significant","synonymous"
"5375C>T","4652C>T",477,481.474275023386,-0.00405470886104382,0.552,"Not Significant","synonymous"
"5375C>T","6875C>T",710,662.121608980355,0.030320586985182,0,"Significant","synonymous"
"5375C>T","12022C>T",507,510.952291861553,-0.00337239217410745,0.633,"Not Significant","synonymous"
"5375C>T","7858C>T",706,710.495790458372,-0.00275680811370265,0.368,"Not Significant","synonymous"
"5375C>T","9168C>T",627,606.188961646399,0.0146595169807424,0,"Significant","synonymous"
"5375C>T","5478C>T",457,472.404115996258,-0.01439747284003,0.014,"Significant","synonymous"
"5375C>T","10762G>A",680,668.168381665108,0.00762299212735395,0.019,"Significant","synonymous"
"5375C>T","10961C>T",551,493.56782039289,0.0478047620108939,0,"Significant","synonymous"
"5375C>T","15400C>T",588,536.651075771749,0.039685321791248,0,"Significant","synonymous"
"5375C>T","6164C>T",650,653.051449953227,-0.00203404140184557,0.571,"Not Significant","synonymous"
"5375C>T","7337G>A",629,594.851262862488,0.0242422575203923,0,"Significant","synonymous"
"5375C>T","10560C>T",543,463.33395696913,0.06890569950461,0,"Significant","synonymous"
"5375C>T","3474C>T",659,659.098222637979,-6.47259043654438e-05,1,"Not Significant","synonymous"
"5375C>T","13440C>T",622,570.66417212348,0.037409777495816,0,"Significant","synonymous"
"5375C>T","4221C>T",519,504.149672591207,0.0126078683660984,0.034,"Significant","synonymous"
"5375C>T","11761C>T",697,656.074836295603,0.0262793973557054,0,"Significant","synonymous"
"5375C>T","3525C>A",630,635.666978484565,-0.00388910191013799,0.338,"Not Significant","synonymous"
"5375C>T","7400C>T",524,468.624883068288,0.0485059419196549,0,"Significant","synonymous"
"5375C>T","15271C>T",616,577.466791393826,0.0280536980229227,0,"Significant","synonymous"
"5375C>T","14947C>T",628,600.142188961646,0.0197054857442886,0,"Significant","synonymous"
"5375C>T","12774C>T",629,636.422825070159,-0.00509510162018798,0.218,"Not Significant","synonymous"
"5375C>T","14980C>T",599,610.724041159963,-0.00841819395108151,0.061,"Not Significant","synonymous"
"5375C>T","4194C>T",621,591.827876520112,0.0208961825528253,0,"Significant","synonymous"
"5375C>T","13848C>T",560,564.617399438728,-0.00356623037500584,0.468,"Not Significant","synonymous"
"5375C>T","13725C>T",613,608.456501403181,0.00323093858473785,0.449,"Not Significant","synonymous"
"5375C>T","13623C>T",565,546.477081384471,0.0144764949590971,0.002,"Significant","synonymous"
"5375C>T","7588G>A",347,377.167446211412,-0.0362047263983143,0,"Significant","synonymous"
"5375C>T","4161C>T",588,587.292797006548,0.000522651709415996,0.928,"Not Significant","synonymous"
"5375C>T","9209G>A",656,605.433115060804,0.034837667725609,0,"Significant","synonymous"
"5375C>T","3525C>T",500,520.778297474275,-0.0176828731374118,0.001,"Significant","synonymous"
"5375C>T","12636C>T",368,355.247895229186,0.0153163051719879,0.062,"Not Significant","synonymous"
"5375C>T","3636C>T",620,560.082319925164,0.0441398259531101,0,"Significant","synonymous"
"5375C>T","10646G>A",560,554.791393826006,0.00405831152432109,0.428,"Not Significant","synonymous"
"5375C>T","8464C>T",636,609.968194574368,0.0181499253605325,0,"Significant","synonymous"
"5375C>T","14239C>T",672,611.479887745557,0.0409870958757384,0,"Significant","synonymous"
"5375C>T","11977C>T",773,745.264733395697,0.0158689234113035,0,"Significant","synonymous"
"5375C>T","11102C>T",589,547.232927970065,0.031943073024141,0,"Significant","synonymous"
"5375C>T","15490C>T",568,569.908325537886,-0.00145666572456306,0.805,"Not Significant","synonymous"
"5375C>T","15448C>T",789,782.301216089803,0.00370299785067519,0.009,"Significant","synonymous"
"5375C>T","10592C>T",572,581.246024321796,-0.00696396657421367,0.153,"Not Significant","synonymous"
"5375C>T","9569C>T",535,506.417212347989,0.0238453237545894,0,"Significant","synonymous"
"5375C>T","8841C>T",577,555.5472404116,0.0164548185057255,0.002,"Significant","synonymous"
"5375C>T","13377C>T",557,513.219831618335,0.0355517653274125,0,"Significant","synonymous"
"5375C>T","12112C>T",663,566.129092609916,0.0685980551394873,0,"Significant","synonymous"
"5375C>T","12867C>T",602,559.32647333957,0.0319311159610347,0,"Significant","synonymous"
"5375C>T","4245C>T",574,516.243217960711,0.0460575331506243,0,"Significant","synonymous"
"5375C>T","12381A>T",540,529.848456501403,0.0082420862905002,0.127,"Not Significant","synonymous"
"5375C>T","9776C>T",700,627.352666043031,0.0475862920723676,0,"Significant","synonymous"
"5375C>T","8173C>T",577,516.999064546305,0.0476860558697983,0,"Significant","synonymous"
"5375C>T","3951C>T",532,487.521047708138,0.0379182620939649,0,"Significant","synonymous"
"5375C>T","10874C>T",517,476.183348924228,0.0357163380745455,0,"Significant","synonymous"
"5375C>T","9806C>T",540,507.928905519177,0.0265908312033301,0,"Significant","synonymous"
"5375C>T","15265C>T",508,463.33395696913,0.0399695821996878,0,"Significant","synonymous"
"5375C>T","8209C>T",555,512.463985032741,0.0346296336897982,0,"Significant","synonymous"
"5375C>T","3757C>T",519,462.578110383536,0.0499822801370783,0,"Significant","synonymous"
"9162C>T","13116C>T",376,367.033676333022,0.0104819311534452,0.277,"Not Significant","synonymous"
"9162C>T","9118C>T",412,383.402245088868,0.0312425643850526,0.001,"Significant","synonymous"
"9162C>T","3522C>T",368,378.995322731525,-0.0127860315995023,0.184,"Not Significant","synonymous"
"9162C>T","9512C>T",358,370.811038353601,-0.0152696271584219,0.126,"Not Significant","synonymous"
"9162C>T","7031C>T",404,406.066417212348,-0.00221570853986118,0.788,"Not Significant","synonymous"
"9162C>T","5342C>T",566,398.511693171188,0.152375362155685,0,"Significant","synonymous"
"9162C>T","4652C>T",399,401.029934518241,-0.00220389566380054,0.79,"Not Significant","synonymous"
"9162C>T","6875C>T",608,551.494855004677,0.042362114089448,0,"Significant","synonymous"
"9162C>T","12022C>T",432,425.582787652011,0.0064996918580758,0.456,"Not Significant","synonymous"
"9162C>T","7858C>T",593,591.78671655753,0.000889480749364898,0.85,"Not Significant","synonymous"
"9162C>T","9168C>T",530,504.907390084191,0.0210641423014226,0,"Significant","synonymous"
"9162C>T","5478C>T",393,393.475210477081,-0.000524825983847239,1,"Not Significant","synonymous"
"9162C>T","10762G>A",576,556.531337698784,0.0149328593949374,0.001,"Significant","synonymous"
"9162C>T","10961C>T",561,411.102899906455,0.13501232096586,0,"Significant","synonymous"
"9162C>T","15400C>T",501,446.987839101964,0.0495420181329611,0,"Significant","synonymous"
"9162C>T","6164C>T",527,543.940130963517,-0.013740486281543,0.008,"Significant","synonymous"
"9162C>T","7337G>A",522,495.463985032741,0.0226584116279943,0,"Significant","synonymous"
"9162C>T","10560C>T",466,385.920486435921,0.0818880831563669,0,"Significant","synonymous"
"9162C>T","3474C>T",543,548.976613657624,-0.0047540143589183,0.358,"Not Significant","synonymous"
"9162C>T","13440C>T",527,475.318054256314,0.0448263045681506,0,"Significant","synonymous"
"9162C>T","4221C>T",434,419.916744621141,0.0143265365807595,0.069,"Not Significant","synonymous"
"9162C>T","11761C>T",580,546.458372310571,0.0258709093712419,0,"Significant","synonymous"
"9162C>T","3525C>A",514,529.460243217961,-0.0128702358178328,0.028,"Significant","synonymous"
"9162C>T","7400C>T",435,390.327408793265,0.0470602084411732,0,"Significant","synonymous"
"9162C>T","15271C>T",516,480.984097287184,0.0305189840363165,0,"Significant","synonymous"
"9162C>T","14947C>T",530,499.870907390084,0.025418008158489,0,"Significant","synonymous"
"9162C>T","12774C>T",536,530.089803554724,0.00481533917792075,0.396,"Not Significant","synonymous"
"9162C>T","14980C>T",518,508.684752104771,0.00788103995544654,0.193,"Not Significant","synonymous"
"9162C>T","4194C>T",501,492.945743685688,0.00703860479410204,0.229,"Not Significant","synonymous"
"9162C>T","13848C>T",487,470.281571562208,0.0151710003840335,0.022,"Significant","synonymous"
"9162C>T","13725C>T",507,506.796071094481,0.00017471995026851,1,"Not Significant","synonymous"
"9162C>T","13623C>T",493,455.172123479888,0.034671262967493,0,"Significant","synonymous"
"9162C>T","7588G>A",291,314.150608044902,-0.0332449156526704,0.005,"Significant","synonymous"
"9162C>T","4161C>T",508,489.168381665108,0.0164053344678029,0.008,"Significant","synonymous"
"9162C>T","9209G>A",541,504.277829747428,0.0305273900071271,0,"Significant","synonymous"
"9162C>T","3525C>T",392,433.767072029935,-0.0439705139023568,0,"Significant","synonymous"
"9162C>T","12636C>T",307,295.893358278765,0.0160031585262648,0.146,"Not Significant","synonymous"
"9162C>T","3636C>T",500,466.504209541628,0.0301144373414855,0,"Significant","synonymous"
"9162C>T","10646G>A",480,462.097287184284,0.0165078184443143,0.022,"Significant","synonymous"
"9162C>T","8464C>T",540,508.055191768007,0.0264828660856942,0,"Significant","synonymous"
"9162C>T","14239C>T",559,509.314312441534,0.0404259272589446,0,"Significant","synonymous"
"9162C>T","11977C>T",644,620.746492048644,0.0159715934033996,0,"Significant","synonymous"
"9162C>T","11102C>T",483,455.801683816651,0.0251712055391611,0,"Significant","synonymous"
"9162C>T","15490C>T",497,474.688493919551,0.0199476838483552,0.001,"Significant","synonymous"
"9162C>T","15448C>T",654,651.594948550047,0.00160003951613162,0.462,"Not Significant","synonymous"
"9162C>T","10592C>T",465,484.131898971001,-0.0175107459266722,0.007,"Significant","synonymous"
"9162C>T","9569C>T",454,421.805425631431,0.0319436911410713,0,"Significant","synonymous"
"9162C>T","8841C>T",480,462.726847521048,0.0159165392761901,0.016,"Significant","synonymous"
"9162C>T","13377C>T",450,427.471468662301,0.022305380479638,0.001,"Significant","synonymous"
"9162C>T","12112C>T",550,471.540692235734,0.0668435127795654,0,"Significant","synonymous"
"9162C>T","12867C>T",510,465.874649204864,0.0393010973517532,0,"Significant","synonymous"
"9162C>T","4245C>T",474,429.989710009355,0.0423202789773443,0,"Significant","synonymous"
"9162C>T","12381A>T",467,441.321796071094,0.0245615035842493,0.001,"Significant","synonymous"
"9162C>T","9776C>T",588,522.535079513564,0.0512618746848565,0,"Significant","synonymous"
"9162C>T","8173C>T",461,430.619270346118,0.0296074646543264,0,"Significant","synonymous"
"9162C>T","3951C>T",433,406.066417212348,0.0278908227028921,0,"Significant","synonymous"
"9162C>T","10874C>T",442,396.623012160898,0.0470443608803002,0,"Significant","synonymous"
"9162C>T","9806C>T",455,423.064546304958,0.0316047645880811,0,"Significant","synonymous"
"9162C>T","15265C>T",424,385.920486435921,0.0408680230591086,0,"Significant","synonymous"
"9162C>T","8209C>T",475,426.841908325538,0.0464265567425941,0,"Significant","synonymous"
"9162C>T","3757C>T",416,385.290926099158,0.0333045494659744,0,"Significant","synonymous"
"13116C>T","9118C>T",450,332.130028063611,0.131904371592198,0,"Significant","synonymous"
"13116C>T","3522C>T",436,328.312441534144,0.123199148460493,0,"Significant","synonymous"
"13116C>T","9512C>T",446,321.22263797942,0.142528714374766,0,"Significant","synonymous"
"13116C>T","7031C>T",463,351.763330215154,0.11933042683242,0,"Significant","synonymous"
"13116C>T","5342C>T",347,345.21889616464,0.00223491522328181,0.868,"Not Significant","synonymous"
"13116C>T","4652C>T",274,347.400374181478,-0.103079719065165,0,"Significant","synonymous"
"13116C>T","6875C>T",497,477.743685687558,0.0171614330150118,0.002,"Significant","synonymous"
"13116C>T","12022C>T",306,368.66978484565,-0.0809161190102679,0,"Significant","synonymous"
"13116C>T","7858C>T",522,512.647333956969,0.0078517998523259,0.093,"Not Significant","synonymous"
"13116C>T","9168C>T",410,437.386342376052,-0.0280813611146575,0,"Significant","synonymous"
"13116C>T","5478C>T",274,340.855940130964,-0.0948203040738923,0,"Significant","synonymous"
"13116C>T","10762G>A",451,482.106641721235,-0.0289665726853424,0,"Significant","synonymous"
"13116C>T","10961C>T",366,356.126286248831,0.0118770545690974,0.231,"Not Significant","synonymous"
"13116C>T","15400C>T",372,387.212347988775,-0.0174062583874093,0.051,"Not Significant","synonymous"
"13116C>T","6164C>T",452,471.199251637044,-0.0180661572177434,0.003,"Significant","synonymous"
"13116C>T","7337G>A",395,429.205799812909,-0.0360684862828316,0,"Significant","synonymous"
"13116C>T","10560C>T",371,334.311506080449,0.0452225855463819,0,"Significant","synonymous"
"13116C>T","3474C>T",478,475.56220767072,0.00222056212931505,0.793,"Not Significant","synonymous"
"13116C>T","13440C>T",401,411.753975678204,-0.0114934285592391,0.144,"Not Significant","synonymous"
"13116C>T","4221C>T",291,363.761459307764,-0.0969236944808479,0,"Significant","synonymous"
"13116C>T","11761C>T",467,473.380729653882,-0.0058936941606146,0.326,"Not Significant","synonymous"
"13116C>T","3525C>A",445,458.655753040225,-0.0131268343672138,0.041,"Significant","synonymous"
"13116C>T","7400C>T",326,338.129092609916,-0.0158649389805461,0.155,"Not Significant","synonymous"
"13116C>T","15271C>T",402,416.66230121609,-0.0155581550414522,0.06,"Not Significant","synonymous"
"13116C>T","14947C>T",413,433.023386342376,-0.0205613003209265,0.004,"Significant","synonymous"
"13116C>T","12774C>T",424,459.201122544434,-0.0346370844571452,0,"Significant","synonymous"
"13116C>T","14980C>T",375,440.65855940131,-0.0700709425970861,0,"Significant","synonymous"
"13116C>T","4194C>T",458,427.024321796071,0.0304128663956828,0,"Significant","synonymous"
"13116C>T","13848C>T",318,407.391019644528,-0.107584331381172,0,"Significant","synonymous"
"13116C>T","13725C>T",403,439.022450888681,-0.0371816837769863,0,"Significant","synonymous"
"13116C>T","13623C>T",361,394.302151543499,-0.0383219449390987,0,"Significant","synonymous"
"13116C>T","7588G>A",257,272.139382600561,-0.0248582718423221,0.073,"Not Significant","synonymous"
"13116C>T","4161C>T",352,423.752104770814,-0.0805692048729984,0,"Significant","synonymous"
"13116C>T","9209G>A",466,436.840972871843,0.0280625510555202,0,"Significant","synonymous"
"13116C>T","3525C>T",359,375.759588400374,-0.0198156228795374,0.028,"Significant","synonymous"
"13116C>T","12636C>T",355,256.323666978485,0.141439645569093,0,"Significant","synonymous"
"13116C>T","3636C>T",437,404.11880261927,0.0339723794408495,0,"Significant","synonymous"
"13116C>T","10646G>A",328,400.301216089804,-0.0865130657546036,0,"Significant","synonymous"
"13116C>T","8464C>T",403,440.1131898971,-0.038259338131188,0,"Significant","synonymous"
"13116C>T","14239C>T",453,441.203928905519,0.0114588308503209,0.092,"Not Significant","synonymous"
"13116C>T","11977C>T",535,537.734331150608,-0.00221398247021849,0.549,"Not Significant","synonymous"
"13116C>T","11102C>T",436,394.847521047708,0.0430570735211927,0,"Significant","synonymous"
"13116C>T","15490C>T",347,411.208606173994,-0.0737327206291169,0,"Significant","synonymous"
"13116C>T","15448C>T",572,564.457436856876,0.00576482944985053,0.006,"Significant","synonymous"
"13116C>T","10592C>T",424,419.389148737137,0.0047486672410644,0.507,"Not Significant","synonymous"
"13116C>T","9569C>T",340,365.397567820393,-0.0312867352087985,0.001,"Significant","synonymous"
"13116C>T","8841C>T",387,400.846585594013,-0.0152672236155158,0.077,"Not Significant","synonymous"
"13116C>T","13377C>T",409,370.305893358279,0.0431626841765929,0,"Significant","synonymous"
"13116C>T","12112C>T",408,408.481758652947,-0.000512504159822499,1,"Not Significant","synonymous"
"13116C>T","12867C>T",384,403.573433115061,-0.021591344913676,0.008,"Significant","synonymous"
"13116C>T","4245C>T",385,372.487371375117,0.0143491762767282,0.101,"Not Significant","synonymous"
"13116C>T","12381A>T",316,382.304022450889,-0.0827217848984671,0,"Significant","synonymous"
"13116C>T","9776C>T",454,452.65668849392,0.0012869109307937,0.897,"Not Significant","synonymous"
"13116C>T","8173C>T",418,373.032740879326,0.0494293305046704,0,"Significant","synonymous"
"13116C>T","3951C>T",332,351.763330215154,-0.0251124804814603,0.018,"Significant","synonymous"
"13116C>T","10874C>T",322,343.582787652011,-0.0281755273079784,0.005,"Significant","synonymous"
"13116C>T","9806C>T",365,366.488306828812,-0.00176725814758621,0.893,"Not Significant","synonymous"
"13116C>T","15265C>T",306,334.311506080449,-0.0384298975870591,0,"Significant","synonymous"
"13116C>T","8209C>T",375,369.760523854069,0.00611072431041777,0.515,"Not Significant","synonymous"
"13116C>T","3757C>T",384,333.76613657624,0.0608889526717164,0,"Significant","synonymous"
"9118C>T","3522C>T",420,342.954162768943,0.0880132117159554,0,"Significant","synonymous"
"9118C>T","9512C>T",437,335.548175865295,0.114726554759193,0,"Significant","synonymous"
"9118C>T","7031C>T",466,367.45088868101,0.10318661463061,0,"Significant","synonymous"
"9118C>T","5342C>T",390,360.614593077643,0.0340213095850377,0,"Significant","synonymous"
"9118C>T","4652C>T",303,362.893358278765,-0.0783363912571191,0,"Significant","synonymous"
"9118C>T","6875C>T",531,499.049579045837,0.0269508274892859,0,"Significant","synonymous"
"9118C>T","12022C>T",331,385.11131898971,-0.065758289589996,0,"Significant","synonymous"
"9118C>T","7858C>T",537,535.509822263798,0.00120684467575934,0.834,"Not Significant","synonymous"
"9118C>T","9168C>T",446,456.89242282507,-0.0104790969961166,0.119,"Not Significant","synonymous"
"9118C>T","5478C>T",296,356.057062675398,-0.0802278937092092,0,"Significant","synonymous"
"9118C>T","10762G>A",474,503.607109448082,-0.02631351076308,0,"Significant","synonymous"
"9118C>T","10961C>T",398,372.008419083255,0.029330303374509,0.001,"Significant","synonymous"
"9118C>T","15400C>T",410,404.480823199252,0.00588592057656153,0.485,"Not Significant","synonymous"
"9118C>T","6164C>T",474,492.21328344247,-0.0163749882289022,0.002,"Significant","synonymous"
"9118C>T","7337G>A",437,448.347053320861,-0.0111328828127376,0.107,"Not Significant","synonymous"
"9118C>T","10560C>T",398,349.22076707203,0.0567830101311603,0,"Significant","synonymous"
"9118C>T","3474C>T",495,496.770813844715,-0.00155087342309553,0.808,"Not Significant","synonymous"
"9118C>T","13440C>T",440,430.11693171188,0.00986613743289959,0.202,"Not Significant","synonymous"
"9118C>T","4221C>T",318,379.984097287184,-0.0773383013561913,0,"Significant","synonymous"
"9118C>T","11761C>T",496,494.492048643592,0.00132236388960802,0.804,"Not Significant","synonymous"
"9118C>T","3525C>A",468,479.110383536015,-0.0101897301478833,0.101,"Not Significant","synonymous"
"9118C>T","7400C>T",369,353.208606173994,0.0189950892367039,0.053,"Not Significant","synonymous"
"9118C>T","15271C>T",433,435.244153414406,-0.00224504964642127,0.781,"Not Significant","synonymous"
"9118C>T","14947C>T",441,452.334892422825,-0.0110215003833526,0.119,"Not Significant","synonymous"
"9118C>T","12774C>T",441,479.680074836296,-0.0365130894559004,0,"Significant","synonymous"
"9118C>T","14980C>T",396,460.310570626754,-0.0653557622731559,0,"Significant","synonymous"
"9118C>T","4194C>T",471,446.068288119738,0.0236195576468504,0,"Significant","synonymous"
"9118C>T","13848C>T",355,425.559401309635,-0.0787318361843817,0,"Significant","synonymous"
"9118C>T","13725C>T",431,458.601496725912,-0.0269581976312282,0,"Significant","synonymous"
"9118C>T","13623C>T",393,411.8868101029,-0.0203853343431964,0.01,"Significant","synonymous"
"9118C>T","7588G>A",259,284.275958840037,-0.0404403689662205,0.001,"Significant","synonymous"
"9118C>T","4161C>T",379,442.650140318054,-0.0674213962569227,0,"Significant","synonymous"
"9118C>T","9209G>A",482,456.32273152479,0.0237749347305095,0,"Significant","synonymous"
"9118C>T","3525C>T",356,392.517305893358,-0.0424088113588366,0,"Significant","synonymous"
"9118C>T","12636C>T",338,267.754911131899,0.101179254917806,0,"Significant","synonymous"
"9118C>T","3636C>T",470,422.141253507951,0.0466400625322815,0,"Significant","synonymous"
"9118C>T","10646G>A",347,418.153414405987,-0.0810061725492729,0,"Significant","synonymous"
"9118C>T","8464C>T",426,459.740879326473,-0.0331035230434413,0,"Significant","synonymous"
"9118C>T","14239C>T",490,460.880261927035,0.0266079709921384,0,"Significant","synonymous"
"9118C>T","11977C>T",564,561.715622076707,0.00176260161803347,0.652,"Not Significant","synonymous"
"9118C>T","11102C>T",455,412.456501403181,0.0426332430358583,0,"Significant","synonymous"
"9118C>T","15490C>T",370,429.5472404116,-0.0648092092268601,0,"Significant","synonymous"
"9118C>T","15448C>T",594,589.630495790458,0.00320650776415924,0.169,"Not Significant","synonymous"
"9118C>T","10592C>T",441,438.092609915809,0.00287266224230951,0.752,"Not Significant","synonymous"
"9118C>T","9569C>T",382,381.693171188026,0.000348972786784958,1,"Not Significant","synonymous"
"9118C>T","8841C>T",425,418.723105706268,0.00646200354201777,0.413,"Not Significant","synonymous"
"9118C>T","13377C>T",431,386.820392890552,0.0469679084561211,0,"Significant","synonymous"
"9118C>T","12112C>T",454,426.698783910196,0.026934447733534,0,"Significant","synonymous"
"9118C>T","12867C>T",414,421.571562207671,-0.00787096603417267,0.311,"Not Significant","synonymous"
"9118C>T","4245C>T",399,389.099158091674,0.0109126045811155,0.213,"Not Significant","synonymous"
"9118C>T","12381A>T",330,399.353601496726,-0.0828436655128457,0,"Significant","synonymous"
"9118C>T","9776C>T",497,472.843779232928,0.0216387089331565,0.001,"Significant","synonymous"
"9118C>T","8173C>T",445,389.668849391955,0.0576643218367043,0,"Significant","synonymous"
"9118C>T","3951C>T",365,367.45088868101,-0.0029064376028896,0.806,"Not Significant","synonymous"
"9118C>T","10874C>T",369,358.905519176801,0.012046229281378,0.187,"Not Significant","synonymous"
"9118C>T","9806C>T",401,382.832553788587,0.0201355121422546,0.015,"Significant","synonymous"
"9118C>T","15265C>T",356,349.22076707203,0.00834993603036048,0.421,"Not Significant","synonymous"
"9118C>T","8209C>T",429,386.250701590271,0.0455880108935525,0,"Significant","synonymous"
"9118C>T","3757C>T",413,348.651075771749,0.0735590420867231,0,"Significant","synonymous"
"3522C>T","9512C>T",422,331.691300280636,0.104578370125498,0,"Significant","synonymous"
"3522C>T","7031C>T",478,363.227315247895,0.119249395927776,0,"Significant","synonymous"
"3522C>T","5342C>T",340,356.469597754911,-0.0205435790241406,0.055,"Not Significant","synonymous"
"3522C>T","4652C>T",321,358.722170252572,-0.0482531859795106,0,"Significant","synonymous"
"3522C>T","6875C>T",496,493.313376987839,0.00235878427306979,0.687,"Not Significant","synonymous"
"3522C>T","12022C>T",346,380.684752104771,-0.0414893831978943,0,"Significant","synonymous"
"3522C>T","7858C>T",546,529.354536950421,0.0134460030559896,0.001,"Significant","synonymous"
"3522C>T","9168C>T",426,451.640785781104,-0.0253835552304853,0,"Significant","synonymous"
"3522C>T","5478C>T",323,351.964452759588,-0.0372962810620077,0,"Significant","synonymous"
"3522C>T","10762G>A",480,497.818521983162,-0.0158298136865292,0.004,"Significant","synonymous"
"3522C>T","10961C>T",363,367.732460243218,-0.00562534228800631,0.595,"Not Significant","synonymous"
"3522C>T","15400C>T",360,399.831618334892,-0.0455746340008226,0,"Significant","synonymous"
"3522C>T","6164C>T",481,486.555659494855,-0.004987452154107,0.402,"Not Significant","synonymous"
"3522C>T","7337G>A",391,443.193638914874,-0.0544167610122312,0,"Significant","synonymous"
"3522C>T","10560C>T",364,345.206735266604,0.023022123081588,0.02,"Significant","synonymous"
"3522C>T","3474C>T",501,491.060804490178,0.00870245488563019,0.128,"Not Significant","synonymous"
"3522C>T","13440C>T",391,425.173058933583,-0.036388980282359,0,"Significant","synonymous"
"3522C>T","4221C>T",301,375.616463985033,-0.0961781243717235,0,"Significant","synonymous"
"3522C>T","11761C>T",463,488.808231992516,-0.0235575202075804,0,"Significant","synonymous"
"3522C>T","3525C>A",480,473.603367633302,0.00582645552862726,0.356,"Not Significant","synonymous"
"3522C>T","7400C>T",305,349.148737137512,-0.0587106362004965,0,"Significant","synonymous"
"3522C>T","15271C>T",399,430.241347053321,-0.0327392489379803,0,"Significant","synonymous"
"3522C>T","14947C>T",417,447.135640785781,-0.0303032335023783,0,"Significant","synonymous"
"3522C>T","12774C>T",451,474.166510757718,-0.0217543356707308,0.002,"Significant","synonymous"
"3522C>T","14980C>T",397,455.019644527596,-0.0592396400605037,0,"Significant","synonymous"
"3522C>T","4194C>T",474,440.941066417212,0.0313977935670884,0,"Significant","synonymous"
"3522C>T","13848C>T",351,420.66791393826,-0.0786322713986007,0,"Significant","synonymous"
"3522C>T","13725C>T",424,453.33021515435,-0.0290488098241758,0,"Significant","synonymous"
"3522C>T","13623C>T",374,407.152478952292,-0.0368854811430877,0,"Significant","synonymous"
"3522C>T","7588G>A",314,281.008419083255,0.0482103164007623,0,"Significant","synonymous"
"3522C>T","4161C>T",384,437.56220767072,-0.0567085804824161,0,"Significant","synonymous"
"3522C>T","9209G>A",444,451.077642656688,-0.0068683320186628,0.332,"Not Significant","synonymous"
"3522C>T","3525C>T",398,388.00561272217,0.0110450641170127,0.222,"Not Significant","synonymous"
"3522C>T","12636C>T",352,264.67726847521,0.123826019493326,0,"Significant","synonymous"
"3522C>T","3636C>T",419,417.289055191768,0.00177702893792022,0.834,"Not Significant","synonymous"
"3522C>T","10646G>A",349,413.347053320861,-0.0734894190059178,0,"Significant","synonymous"
"3522C>T","8464C>T",434,454.456501403181,-0.0200025912586018,0.003,"Significant","synonymous"
"3522C>T","14239C>T",442,455.582787652011,-0.013145038312224,0.045,"Significant","synonymous"
"3522C>T","11977C>T",549,555.259120673527,-0.00492335654016499,0.172,"Not Significant","synonymous"
"3522C>T","11102C>T",421,407.715622076707,0.0139247435894716,0.088,"Not Significant","synonymous"
"3522C>T","15490C>T",372,424.609915809167,-0.0574471920369086,0,"Significant","synonymous"
"3522C>T","15448C>T",587,582.853133769878,0.0030789654056309,0.164,"Not Significant","synonymous"
"3522C>T","10592C>T",455,433.057062675398,0.0214662708066301,0.003,"Significant","synonymous"
"3522C>T","9569C>T",319,377.305893358279,-0.0729029056926708,0,"Significant","synonymous"
"3522C>T","8841C>T",379,413.910196445276,-0.0382669151651594,0,"Significant","synonymous"
"3522C>T","13377C>T",394,382.374181478017,0.0130076614960226,0.153,"Not Significant","synonymous"
"3522C>T","12112C>T",389,421.794200187091,-0.0351510024227966,0,"Significant","synonymous"
"3522C>T","12867C>T",384,416.725912067353,-0.035519281412483,0,"Significant","synonymous"
"3522C>T","4245C>T",367,384.626753975678,-0.0203734254784844,0.03,"Significant","synonymous"
"3522C>T","12381A>T",339,394.763330215154,-0.0661371058126049,0,"Significant","synonymous"
"3522C>T","9776C>T",451,467.408793264733,-0.0155203365471565,0.016,"Significant","synonymous"
"3522C>T","8173C>T",392,385.189897100094,0.0076111792512926,0.427,"Not Significant","synonymous"
"3522C>T","3951C>T",312,363.227315247895,-0.0660239066658519,0,"Significant","synonymous"
"3522C>T","10874C>T",299,354.780168381665,-0.0742881471781757,0,"Significant","synonymous"
"3522C>T","9806C>T",337,378.432179607109,-0.0503581582315191,0,"Significant","synonymous"
"3522C>T","15265C>T",289,345.206735266604,-0.0771814178108892,0,"Significant","synonymous"
"3522C>T","8209C>T",355,381.811038353601,-0.0316201268610072,0,"Significant","synonymous"
"3522C>T","3757C>T",359,344.643592142189,0.0177242403837064,0.125,"Not Significant","synonymous"
"9512C>T","7031C>T",445,355.383536014967,0.0976627067673155,0,"Significant","synonymous"
"9512C>T","5342C>T",336,348.77174929841,-0.0162020222058299,0.115,"Not Significant","synonymous"
"9512C>T","4652C>T",269,350.975678203929,-0.115524741911228,0,"Significant","synonymous"
"9512C>T","6875C>T",500,482.6604303087,0.0153283085896114,0.006,"Significant","synonymous"
"9512C>T","12022C>T",295,372.463985032741,-0.101262269541766,0,"Significant","synonymous"
"9512C>T","7858C>T",535,517.923292797007,0.0140883388432035,0,"Significant","synonymous"
"9512C>T","9168C>T",403,441.887745556595,-0.0400069117213683,0,"Significant","synonymous"
"9512C>T","5478C>T",261,344.363891487371,-0.120377099584078,0,"Significant","synonymous"
"9512C>T","10762G>A",453,487.068288119738,-0.0314916525785581,0,"Significant","synonymous"
"9512C>T","10961C>T",354,359.791393826006,-0.00704750882760768,0.464,"Not Significant","synonymous"
"9512C>T","15400C>T",365,391.197380729654,-0.0301030738409163,0.001,"Significant","synonymous"
"9512C>T","6164C>T",460,476.048643592142,-0.0148935003756396,0.012,"Significant","synonymous"
"9512C>T","7337G>A",406,433.623012160898,-0.0285862883601873,0,"Significant","synonymous"
"9512C>T","10560C>T",363,337.752104770814,0.0313085609393649,0,"Significant","synonymous"
"9512C>T","3474C>T",493,480.456501403181,0.0111928447663368,0.045,"Significant","synonymous"
"9512C>T","13440C>T",386,415.991580916745,-0.0324972365357488,0,"Significant","synonymous"
"9512C>T","4221C>T",284,367.505144995323,-0.1119450834478,0,"Significant","synonymous"
"9512C>T","11761C>T",461,478.252572497661,-0.015956389365164,0.008,"Significant","synonymous"
"9512C>T","3525C>A",463,463.376052385407,-0.000352594358282585,1,"Not Significant","synonymous"
"9512C>T","7400C>T",316,341.608980355472,-0.0338421964581635,0.003,"Significant","synonymous"
"9512C>T","15271C>T",393,420.950420954163,-0.0298383977785795,0,"Significant","synonymous"
"9512C>T","14947C>T",406,437.479887745557,-0.0324320584282181,0,"Significant","synonymous"
"9512C>T","12774C>T",422,463.927034611787,-0.04113723011629,0,"Significant","synonymous"
"9512C>T","14980C>T",378,445.193638914874,-0.0710571505156671,0,"Significant","synonymous"
"9512C>T","4194C>T",457,431.419083255379,0.0250168484335776,0,"Significant","synonymous"
"9512C>T","13848C>T",322,411.583723105706,-0.106602319697862,0,"Significant","synonymous"
"9512C>T","13725C>T",405,443.540692235734,-0.0394784467315143,0,"Significant","synonymous"
"9512C>T","13623C>T",360,398.360149672591,-0.0439733861055555,0,"Significant","synonymous"
"9512C>T","7588G>A",258,274.940130963517,-0.0276184292384731,0.053,"Not Significant","synonymous"
"9512C>T","4161C>T",351,428.1131898971,-0.0862514919133915,0,"Significant","synonymous"
"9512C>T","9209G>A",466,441.336763330215,0.0236158110274337,0,"Significant","synonymous"
"9512C>T","3525C>T",373,379.626753975678,-0.00764797967725976,0.414,"Not Significant","synonymous"
"9512C>T","12636C>T",358,258.961646398503,0.140647579129787,0,"Significant","synonymous"
"9512C>T","3636C>T",430,408.277829747428,0.0225126580219293,0.004,"Significant","synonymous"
"9512C>T","10646G>A",316,404.420954162769,-0.10714656687596,0,"Significant","synonymous"
"9512C>T","8464C>T",401,444.642656688494,-0.0448667516802011,0,"Significant","synonymous"
"9512C>T","14239C>T",467,445.744621141254,0.0202307693755117,0.003,"Significant","synonymous"
"9512C>T","11977C>T",544,543.268475210477,0.000584395178644941,0.895,"Not Significant","synonymous"
"9512C>T","11102C>T",434,398.911131898971,0.0366135737370314,0,"Significant","synonymous"
"9512C>T","15490C>T",345,415.440598690365,-0.0806898403748022,0,"Significant","synonymous"
"9512C>T","15448C>T",576,570.266604303087,0.00434454405195116,0.058,"Not Significant","synonymous"
"9512C>T","10592C>T",439,423.705332086062,0.0154005908623631,0.037,"Significant","synonymous"
"9512C>T","9569C>T",350,369.158091674462,-0.023144347928868,0.017,"Significant","synonymous"
"9512C>T","8841C>T",388,404.971936389149,-0.0185932030683066,0.029,"Significant","synonymous"
"9512C>T","13377C>T",407,374.11693171188,0.0365870453663854,0,"Significant","synonymous"
"9512C>T","12112C>T",389,412.685687558466,-0.025669805952076,0.001,"Significant","synonymous"
"9512C>T","12867C>T",384,407.726847521048,-0.0260380849417625,0.002,"Significant","synonymous"
"9512C>T","4245C>T",367,376.3208606174,-0.010892229007764,0.26,"Not Significant","synonymous"
"9512C>T","12381A>T",309,386.238540692236,-0.0968971281201195,0,"Significant","synonymous"
"9512C>T","9776C>T",445,457.315247895229,-0.0118556709734633,0.077,"Not Significant","synonymous"
"9512C>T","8173C>T",413,376.871842843779,0.0397563603579511,0,"Significant","synonymous"
"9512C>T","3951C>T",331,355.383536014967,-0.0308693104378637,0.002,"Significant","synonymous"
"9512C>T","10874C>T",324,347.11880261927,-0.0299331288252842,0.005,"Significant","synonymous"
"9512C>T","9806C>T",358,370.260056127222,-0.0146238359882705,0.124,"Not Significant","synonymous"
"9512C>T","15265C>T",304,337.752104770814,-0.0457244804879707,0,"Significant","synonymous"
"9512C>T","8209C>T",384,373.5659494855,0.0119639409221407,0.207,"Not Significant","synonymous"
"9512C>T","3757C>T",378,337.201122544434,0.0496027881133266,0,"Significant","synonymous"
"7031C>T","5342C>T",372,381.931711880262,-0.0114427795619443,0.222,"Not Significant","synonymous"
"7031C>T","4652C>T",333,384.345182413471,-0.062277208255503,0,"Significant","synonymous"
"7031C>T","6875C>T",536,528.550046772685,0.00607867409819832,0.248,"Not Significant","synonymous"
"7031C>T","12022C>T",363,407.876520112254,-0.050622080332,0,"Significant","synonymous"
"7031C>T","7858C>T",579,567.165575304022,0.00896870070124621,0.024,"Significant","synonymous"
"7031C>T","9168C>T",463,483.900841908326,-0.0191753866926961,0.005,"Significant","synonymous"
"7031C>T","5478C>T",332,377.104770813845,-0.0553239430665131,0,"Significant","synonymous"
"7031C>T","10762G>A",511,533.376987839102,-0.0186133743048466,0,"Significant","synonymous"
"7031C>T","10961C>T",388,393.999064546305,-0.00666346510735471,0.487,"Not Significant","synonymous"
"7031C>T","15400C>T",404,428.391019644528,-0.025458993034954,0,"Significant","synonymous"
"7031C>T","6164C>T",518,521.309635173059,-0.00276599216014948,0.67,"Not Significant","synonymous"
"7031C>T","7337G>A",443,474.850327408793,-0.0301530155624782,0,"Significant","synonymous"
"7031C>T","10560C>T",386,369.864359214219,0.0185448207268452,0.043,"Significant","synonymous"
"7031C>T","3474C>T",539,526.136576239476,0.0104902708276797,0.037,"Significant","synonymous"
"7031C>T","13440C>T",440,455.542563143124,-0.0150762845694872,0.041,"Significant","synonymous"
"7031C>T","4221C>T",344,402.446211412535,-0.0681494007714903,0,"Significant","synonymous"
"7031C>T","11761C>T",505,523.723105706268,-0.0158103564843173,0.001,"Significant","synonymous"
"7031C>T","3525C>A",511,507.43217960711,0.0030428949103102,0.636,"Not Significant","synonymous"
"7031C>T","7400C>T",347,374.087932647334,-0.0326442241338609,0.001,"Significant","synonymous"
"7031C>T","15271C>T",448,460.972871842844,-0.012397354004033,0.086,"Not Significant","synonymous"
"7031C>T","14947C>T",457,479.073900841908,-0.0204863117837315,0.002,"Significant","synonymous"
"7031C>T","12774C>T",474,508.035547240412,-0.0301157592520481,0,"Significant","synonymous"
"7031C>T","14980C>T",428,487.521047708138,-0.0565496011878915,0,"Significant","synonymous"
"7031C>T","4194C>T",507,472.436856875585,0.0306641878488965,0,"Significant","synonymous"
"7031C>T","13848C>T",385,450.715622076707,-0.0684418817333715,0,"Significant","synonymous"
"7031C>T","13725C>T",459,485.710944808232,-0.0245652042570919,0,"Significant","synonymous"
"7031C>T","13623C>T",408,436.234798877456,-0.0290601436311337,0,"Significant","synonymous"
"7031C>T","7588G>A",318,301.080449017774,0.0237445649345453,0.038,"Significant","synonymous"
"7031C>T","4161C>T",416,468.816651075772,-0.0519096976006495,0,"Significant","synonymous"
"7031C>T","9209G>A",495,483.297474275023,0.0103906734228391,0.105,"Not Significant","synonymous"
"7031C>T","3525C>T",407,415.720299345182,-0.00920682210889335,0.271,"Not Significant","synonymous"
"7031C>T","12636C>T",364,283.582787652011,0.108421516286815,0,"Significant","synonymous"
"7031C>T","3636C>T",461,447.095416276894,0.0133007079838272,0.079,"Not Significant","synonymous"
"7031C>T","10646G>A",380,442.871842843779,-0.0664944727257339,0,"Significant","synonymous"
"7031C>T","8464C>T",457,486.917680074836,-0.0275393440787041,0,"Significant","synonymous"
"7031C>T","14239C>T",485,488.124415341441,-0.00278879243649785,0.664,"Not Significant","synonymous"
"7031C>T","11977C>T",595,594.920486435921,5.80413608485688e-05,1,"Not Significant","synonymous"
"7031C>T","11102C>T",473,436.838166510758,0.0345405651141673,0,"Significant","synonymous"
"7031C>T","15490C>T",406,454.939195509822,-0.0494273217190582,0,"Significant","synonymous"
"7031C>T","15448C>T",630,624.485500467727,0.00381819023415473,0.062,"Not Significant","synonymous"
"7031C>T","10592C>T",482,463.989710009355,0.0165386890109253,0.016,"Significant","synonymous"
"7031C>T","9569C>T",365,404.256314312442,-0.0443639476708299,0,"Significant","synonymous"
"7031C>T","8841C>T",424,443.475210477081,-0.0195034919179475,0.012,"Significant","synonymous"
"7031C>T","13377C>T",440,409.686623012161,0.0310008927791887,0,"Significant","synonymous"
"7031C>T","12112C>T",433,451.922357343312,-0.0185759307725867,0.008,"Significant","synonymous"
"7031C>T","12867C>T",424,446.492048643592,-0.0224478725647282,0.001,"Significant","synonymous"
"7031C>T","4245C>T",399,412.10009354537,-0.0140298174212707,0.104,"Not Significant","synonymous"
"7031C>T","12381A>T",366,422.960710944808,-0.0628189419987218,0,"Significant","synonymous"
"7031C>T","9776C>T",496,500.795135640786,-0.00417842531236538,0.478,"Not Significant","synonymous"
"7031C>T","8173C>T",442,412.703461178672,0.0297841582024789,0,"Significant","synonymous"
"7031C>T","3951C>T",365,389.172123479888,-0.0278488596052754,0.001,"Significant","synonymous"
"7031C>T","10874C>T",347,380.121608980355,-0.0395930840891868,0,"Significant","synonymous"
"7031C>T","9806C>T",380,405.463049579046,-0.0281676858634977,0.002,"Significant","synonymous"
"7031C>T","15265C>T",332,369.864359214219,-0.0469044002408552,0,"Significant","synonymous"
"7031C>T","8209C>T",407,409.083255378859,-0.00221729406833256,0.788,"Not Significant","synonymous"
"7031C>T","3757C>T",414,369.260991580917,0.0496669095488352,0,"Significant","synonymous"
"5342C>T","4652C>T",391,377.194574368569,0.0156113202519351,0.079,"Not Significant","synonymous"
"5342C>T","6875C>T",579,518.716557530402,0.0477484527507697,0,"Significant","synonymous"
"5342C>T","12022C>T",409,400.288119738073,0.00935060725712651,0.258,"Not Significant","synonymous"
"5342C>T","7858C>T",554,556.613657623948,-0.00204409367984558,0.642,"Not Significant","synonymous"
"5342C>T","9168C>T",506,474.89803554724,0.027550143747053,0,"Significant","synonymous"
"5342C>T","5478C>T",381,370.088868101029,0.0126189535229636,0.204,"Not Significant","synonymous"
"5342C>T","10762G>A",549,523.453695042095,0.0206940746284379,0,"Significant","synonymous"
"5342C>T","10961C>T",551,386.668849391955,0.153812412768101,0,"Significant","synonymous"
"5342C>T","15400C>T",490,420.420954162769,0.0665117265008466,0,"Significant","synonymous"
"5342C>T","6164C>T",489,511.610851262862,-0.0196308881638462,0,"Significant","synonymous"
"5342C>T","7337G>A",499,466.015902712816,0.0296998084557421,0,"Significant","synonymous"
"5342C>T","10560C>T",446,362.983161833489,0.0894483793851274,0,"Significant","synonymous"
"5342C>T","3474C>T",514,516.347988774556,-0.00197937074586823,0.709,"Not Significant","synonymous"
"5342C>T","13440C>T",502,447.067352666043,0.0503307607072434,0,"Significant","synonymous"
"5342C>T","4221C>T",419,394.958840037418,0.0256621842411629,0.001,"Significant","synonymous"
"5342C>T","11761C>T",555,513.979420018709,0.033347253137601,0,"Significant","synonymous"
"5342C>T","3525C>A",485,497.991580916745,-0.0114802620042233,0.057,"Not Significant","synonymous"
"5342C>T","7400C>T",415,367.128157156221,0.0532304024052481,0,"Significant","synonymous"
"5342C>T","15271C>T",497,452.396632366698,0.0408370253490565,0,"Significant","synonymous"
"5342C>T","14947C>T",502,470.160898035547,0.0284572099093402,0,"Significant","synonymous"
"5342C>T","12774C>T",508,498.583723105706,0.00812561597569103,0.182,"Not Significant","synonymous"
"5342C>T","14980C>T",487,478.45088868101,0.00769159563146953,0.193,"Not Significant","synonymous"
"5342C>T","4194C>T",471,463.647333956969,0.00683314026237431,0.324,"Not Significant","synonymous"
"5342C>T","13848C>T",468,442.33021515435,0.0244992464501428,0,"Significant","synonymous"
"5342C>T","13725C>T",475,476.674462114125,-0.00152827555157872,0.841,"Not Significant","synonymous"
"5342C>T","13623C>T",475,428.11880261927,0.0451293075217487,0,"Significant","synonymous"
"5342C>T","7588G>A",273,295.478952291862,-0.0343639033911989,0.01,"Significant","synonymous"
"5342C>T","4161C>T",486,460.094480823199,0.023789245652797,0,"Significant","synonymous"
"5342C>T","9209G>A",514,474.305893358279,0.034904598102454,0,"Significant","synonymous"
"5342C>T","3525C>T",374,407.985968194574,-0.0377736245157131,0,"Significant","synonymous"
"5342C>T","12636C>T",278,278.306828811974,-0.000479066826218048,1,"Not Significant","synonymous"
"5342C>T","3636C>T",486,438.77736202058,0.0443920564743785,0,"Significant","synonymous"
"5342C>T","10646G>A",457,434.632366697848,0.0217941353451977,0.003,"Significant","synonymous"
"5342C>T","8464C>T",521,477.858746492049,0.0375381837688695,0,"Significant","synonymous"
"5342C>T","14239C>T",536,479.043030869972,0.0487902632719111,0,"Significant","synonymous"
"5342C>T","11977C>T",605,583.852198316183,0.015452454902678,0,"Significant","synonymous"
"5342C>T","11102C>T",467,428.710944808232,0.03715230956038,0,"Significant","synonymous"
"5342C>T","15490C>T",467,446.475210477081,0.0195195298877568,0.005,"Significant","synonymous"
"5342C>T","15448C>T",620,612.867165575304,0.00502533489673944,0.01,"Significant","synonymous"
"5342C>T","10592C>T",445,455.357343311506,-0.00999233362907427,0.17,"Not Significant","synonymous"
"5342C>T","9569C>T",431,396.735266604303,0.0359764626513194,0,"Significant","synonymous"
"5342C>T","8841C>T",465,435.22450888681,0.0287396089971756,0,"Significant","synonymous"
"5342C>T","13377C>T",427,402.064546304958,0.0261320959359388,0.001,"Significant","synonymous"
"5342C>T","12112C>T",534,443.514499532273,0.0806334345204963,0,"Significant","synonymous"
"5342C>T","12867C>T",491,438.185219831618,0.0494237675834046,0,"Significant","synonymous"
"5342C>T","4245C>T",446,404.433115060804,0.0424881502220222,0,"Significant","synonymous"
"5342C>T","12381A>T",449,415.091674462114,0.0341023182280796,0,"Significant","synonymous"
"5342C>T","9776C>T",559,491.478016838166,0.0559077107017617,0,"Significant","synonymous"
"5342C>T","8173C>T",439,405.025257249766,0.0349824137134198,0,"Significant","synonymous"
"5342C>T","3951C>T",424,381.931711880262,0.0453801371488765,0,"Significant","synonymous"
"5342C>T","10874C>T",421,373.049579045837,0.0525155415734964,0,"Significant","synonymous"
"5342C>T","9806C>T",443,397.919550982226,0.0466084483606561,0,"Significant","synonymous"
"5342C>T","15265C>T",419,362.983161833489,0.0623275436392871,0,"Significant","synonymous"
"5342C>T","8209C>T",456,401.472404115996,0.0553091439887817,0,"Significant","synonymous"
"5342C>T","3757C>T",397,362.391019644528,0.0396130798089663,0,"Significant","synonymous"
"4652C>T","6875C>T",514,521.99438727783,-0.00670271429937612,0.232,"Not Significant","synonymous"
"4652C>T","12022C>T",584,402.817586529467,0.161304424044158,0,"Significant","synonymous"
"4652C>T","7858C>T",553,560.130963517306,-0.00556444942157181,0.178,"Not Significant","synonymous"
"4652C>T","9168C>T",530,477.898971000935,0.0449397741900442,0,"Significant","synonymous"
"4652C>T","5478C>T",563,372.427502338634,0.179466650380659,0,"Significant","synonymous"
"4652C>T","10762G>A",566,526.761459307764,0.0312024390486202,0,"Significant","synonymous"
"4652C>T","10961C>T",384,389.112254443405,-0.00574368403411405,0.524,"Not Significant","synonymous"
"4652C>T","15400C>T",472,423.077642656689,0.0475219227884293,0,"Significant","synonymous"
"4652C>T","6164C>T",540,514.843779232928,0.0207182902174988,0,"Significant","synonymous"
"4652C>T","7337G>A",502,468.960710944808,0.0295672576593763,0,"Significant","synonymous"
"4652C>T","10560C>T",338,365.276894293732,-0.0337055013673231,0.002,"Significant","synonymous"
"4652C>T","3474C>T",509,519.610851262863,-0.00896042972237924,0.114,"Not Significant","synonymous"
"4652C>T","13440C>T",486,449.89242282507,0.0335275905065255,0,"Significant","synonymous"
"4652C>T","4221C>T",498,397.45463049579,0.097941781716574,0,"Significant","synonymous"
"4652C>T","11761C>T",542,517.227315247895,0.0203178342353188,0,"Significant","synonymous"
"4652C>T","3525C>A",497,501.138447146866,-0.0036013341911518,0.555,"Not Significant","synonymous"
"4652C>T","7400C>T",397,369.448082319925,0.0312370901382806,0,"Significant","synonymous"
"4652C>T","15271C>T",502,455.255378858746,0.0424486314427481,0,"Significant","synonymous"
"4652C>T","14947C>T",521,473.131898971001,0.0418554937458474,0,"Significant","synonymous"
"4652C>T","12774C>T",544,501.734331150608,0.0351250810719512,0,"Significant","synonymous"
"4652C>T","14980C>T",547,481.474275023386,0.0554142384322614,0,"Significant","synonymous"
"4652C>T","4194C>T",436,466.577174929841,-0.0294369999159233,0,"Significant","synonymous"
"4652C>T","13848C>T",544,445.125350795136,0.087116570756191,0,"Significant","synonymous"
"4652C>T","13725C>T",533,479.686623012161,0.0457696015321223,0,"Significant","synonymous"
"4652C>T","13623C>T",538,430.824134705332,0.0964822512452659,0,"Significant","synonymous"
"4652C>T","7588G>A",331,297.346117867166,0.0465657210257415,0,"Significant","synonymous"
"4652C>T","4161C>T",536,463.00187090739,0.0635820437652706,0,"Significant","synonymous"
"4652C>T","9209G>A",447,477.303086997194,-0.0284867200788674,0,"Significant","synonymous"
"4652C>T","3525C>T",430,410.56407857811,0.0200875065453835,0.013,"Significant","synonymous"
"4652C>T","12636C>T",207,280.065481758653,-0.131289239605317,0,"Significant","synonymous"
"4652C>T","3636C>T",408,441.550046772685,-0.0343197720160126,0,"Significant","synonymous"
"4652C>T","10646G>A",521,437.378858746492,0.0759799362568656,0,"Significant","synonymous"
"4652C>T","8464C>T",523,480.878391019645,0.0364664270186242,0,"Significant","synonymous"
"4652C>T","14239C>T",456,482.070159027128,-0.0241454060744046,0,"Significant","synonymous"
"4652C>T","11977C>T",593,587.54162768943,0.00401605129647827,0.244,"Not Significant","synonymous"
"4652C>T","11102C>T",404,431.420018709074,-0.0285189282131075,0.001,"Significant","synonymous"
"4652C>T","15490C>T",529,449.296538821328,0.0709225990388248,0,"Significant","synonymous"
"4652C>T","15448C>T",616,616.739943872778,-0.000521364755083452,0.872,"Not Significant","synonymous"
"4652C>T","10592C>T",431,458.234798877456,-0.0266107967672659,0,"Significant","synonymous"
"4652C>T","9569C>T",412,399.242282507016,0.0136606862057323,0.098,"Not Significant","synonymous"
"4652C>T","8841C>T",467,437.974742750234,0.0278678143553386,0,"Significant","synonymous"
"4652C>T","13377C>T",368,404.605238540692,-0.0411836827335458,0,"Significant","synonymous"
"4652C>T","12112C>T",471,446.317118802619,0.0233773623028522,0.001,"Significant","synonymous"
"4652C>T","12867C>T",452,440.954162768943,0.0107449879538312,0.132,"Not Significant","synonymous"
"4652C>T","4245C>T",421,406.98877455566,0.0146996650275597,0.071,"Not Significant","synonymous"
"4652C>T","12381A>T",498,417.714686623012,0.0763495976664697,0,"Significant","synonymous"
"4652C>T","9776C>T",513,494.583723105706,0.0158775456091668,0.006,"Significant","synonymous"
"4652C>T","8173C>T",373,407.584658559401,-0.0385089970379912,0,"Significant","synonymous"
"4652C>T","3951C>T",414,384.345182413471,0.0322788993590506,0,"Significant","synonymous"
"4652C>T","10874C>T",391,375.406922357343,0.017674480815708,0.046,"Significant","synonymous"
"4652C>T","9806C>T",422,400.4340505145,0.0227814507812707,0.005,"Significant","synonymous"
"4652C>T","15265C>T",416,365.276894293732,0.0564711289817408,0,"Significant","synonymous"
"4652C>T","8209C>T",395,404.00935453695,-0.0097943253671731,0.25,"Not Significant","synonymous"
"4652C>T","3757C>T",320,364.681010289991,-0.056763170952211,0,"Significant","synonymous"
"6875C>T","12022C>T",547,553.953227315248,-0.00548577056750688,0.257,"Not Significant","synonymous"
"6875C>T","7858C>T",773,770.289990645463,0.00152523935932337,0.534,"Not Significant","synonymous"
"6875C>T","9168C>T",676,657.204864359214,0.0122459266981679,0,"Significant","synonymous"
"6875C>T","5478C>T",504,512.160898035547,-0.00697588185785132,0.186,"Not Significant","synonymous"
"6875C>T","10762G>A",734,724.400374181478,0.00571739394369398,0.048,"Significant","synonymous"
"6875C>T","10961C>T",582,535.10570626754,0.0364834024155053,0,"Significant","synonymous"
"6875C>T","15400C>T",612,581.814780168382,0.0219666724671795,0,"Significant","synonymous"
"6875C>T","6164C>T",705,708.01122544434,-0.00185102644679703,0.535,"Not Significant","synonymous"
"6875C>T","7337G>A",655,644.913002806361,0.00674016667341476,0.072,"Not Significant","synonymous"
"6875C>T","10560C>T",551,502.327408793265,0.0401647233740597,0,"Significant","synonymous"
"6875C>T","3474C>T",715,714.566884939195,0.000263155909210709,1,"Not Significant","synonymous"
"6875C>T","13440C>T",640,618.690364826941,0.0147066213953939,0,"Significant","synonymous"
"6875C>T","4221C>T",556,546.578110383536,0.00742255670620441,0.126,"Not Significant","synonymous"
"6875C>T","11761C>T",731,711.289055191768,0.0118712508220643,0,"Significant","synonymous"
"6875C>T","3525C>A",693,689.163704396632,0.0024108378545916,0.5,"Not Significant","synonymous"
"6875C>T","7400C>T",544,508.063610851263,0.0296808092406178,0,"Significant","synonymous"
"6875C>T","15271C>T",641,626.065481758653,0.0102382699838231,0.013,"Significant","synonymous"
"6875C>T","14947C>T",667,650.649204864359,0.0107789305301484,0.003,"Significant","synonymous"
"6875C>T","12774C>T",696,689.983161833489,0.00377074715160937,0.257,"Not Significant","synonymous"
"6875C>T","14980C>T",660,662.121608980355,-0.00139382619201994,0.714,"Not Significant","synonymous"
"6875C>T","4194C>T",655,641.635173058934,0.00895313697453562,0.012,"Significant","synonymous"
"6875C>T","13848C>T",614,612.134705332086,0.00132136836646598,0.797,"Not Significant","synonymous"
"6875C>T","13725C>T",662,659.663236669785,0.00153570811252847,0.727,"Not Significant","synonymous"
"6875C>T","13623C>T",609,592.467726847521,0.01195259437904,0.005,"Significant","synonymous"
"6875C>T","7588G>A",396,408.909260991581,-0.0139317606571768,0.043,"Significant","synonymous"
"6875C>T","4161C>T",641,636.718428437792,0.00291060975860009,0.489,"Not Significant","synonymous"
"6875C>T","9209G>A",690,656.385406922357,0.0216901736937118,0,"Significant","synonymous"
"6875C>T","3525C>T",547,564.606173994387,-0.0137582965334953,0.001,"Significant","synonymous"
"6875C>T","12636C>T",401,385.144995322732,0.0175201137251577,0.014,"Significant","synonymous"
"6875C>T","3636C>T",651,607.217960710945,0.0302363796295563,0,"Significant","synonymous"
"6875C>T","10646G>A",604,601.481758652947,0.00181447774575837,0.674,"Not Significant","synonymous"
"6875C>T","8464C>T",674,661.302151543499,0.00825996085394549,0.021,"Significant","synonymous"
"6875C>T","14239C>T",705,662.941066417212,0.0267141944198198,0,"Significant","synonymous"
"6875C>T","11977C>T",829,807.985032740879,0.0111512146497582,0,"Significant","synonymous"
"6875C>T","11102C>T",624,593.287184284378,0.0219196225259708,0,"Significant","synonymous"
"6875C>T","15490C>T",628,617.870907390084,0.0070618969081183,0.08,"Not Significant","synonymous"
"6875C>T","15448C>T",850,848.138447146866,0.000952174962053425,0.489,"Not Significant","synonymous"
"6875C>T","10592C>T",628,630.162768942937,-0.00149309702353736,0.728,"Not Significant","synonymous"
"6875C>T","9569C>T",566,549.036482694107,0.01321522752814,0.01,"Significant","synonymous"
"6875C>T","8841C>T",623,602.301216089804,0.0146743066156696,0,"Significant","synonymous"
"6875C>T","13377C>T",587,556.411599625818,0.023241926007806,0,"Significant","synonymous"
"6875C>T","12112C>T",664,613.7736202058,0.0341598607092429,0,"Significant","synonymous"
"6875C>T","12867C>T",632,606.398503274088,0.0179589575921032,0,"Significant","synonymous"
"6875C>T","4245C>T",583,559.689429373246,0.0177214501181756,0,"Significant","synonymous"
"6875C>T","12381A>T",579,574.43966323667,0.00343414480147424,0.455,"Not Significant","synonymous"
"6875C>T","9776C>T",718,680.149672591207,0.0235199509069204,0,"Significant","synonymous"
"6875C>T","8173C>T",600,560.508886810103,0.0295687477042197,0,"Significant","synonymous"
"6875C>T","3951C>T",543,528.550046772685,0.0117137139942742,0.025,"Significant","synonymous"
"6875C>T","10874C>T",543,516.258185219831,0.0219328791759585,0,"Significant","synonymous"
"6875C>T","9806C>T",574,550.67539756782,0.0180162183848423,0,"Significant","synonymous"
"6875C>T","15265C>T",522,502.327408793265,0.0166836275245412,0.001,"Significant","synonymous"
"6875C>T","8209C>T",592,555.592142188962,0.0275656118965488,0,"Significant","synonymous"
"6875C>T","3757C>T",544,501.507951356408,0.0353210765933093,0,"Significant","synonymous"
"12022C>T","7858C>T",591,594.424695977549,-0.00250936345130074,0.543,"Not Significant","synonymous"
"12022C>T","9168C>T",551,507.158091674462,0.0360082398347569,0,"Significant","synonymous"
"12022C>T","5478C>T",576,395.229186155285,0.163573475346245,0,"Significant","synonymous"
"12022C>T","10762G>A",589,559.012160898036,0.0226940390411667,0,"Significant","synonymous"
"12022C>T","10961C>T",406,412.935453695042,-0.00735613843073578,0.403,"Not Significant","synonymous"
"12022C>T","15400C>T",492,448.980355472404,0.0397377633154187,0,"Significant","synonymous"
"12022C>T","6164C>T",572,546.364826941066,0.0199132955812695,0,"Significant","synonymous"
"12022C>T","7337G>A",527,497.672591206735,0.0248668921206194,0,"Significant","synonymous"
"12022C>T","10560C>T",364,387.640785781104,-0.0273280816022097,0.001,"Significant","synonymous"
"12022C>T","3474C>T",545,551.423760523854,-0.00508897338878179,0.335,"Not Significant","synonymous"
"12022C>T","13440C>T",509,477.436856875585,0.027801839974707,0,"Significant","synonymous"
"12022C>T","4221C>T",518,421.78858746492,0.0892349350958071,0,"Significant","synonymous"
"12022C>T","11761C>T",565,548.89429373246,0.0125597319100866,0.007,"Significant","synonymous"
"12022C>T","3525C>A",529,531.820392890552,-0.0023093144955838,0.684,"Not Significant","synonymous"
"12022C>T","7400C>T",411,392.067352666043,0.0204811416449524,0.022,"Significant","synonymous"
"12022C>T","15271C>T",525,483.128157156221,0.0360969540974019,0,"Significant","synonymous"
"12022C>T","14947C>T",544,502.099158091674,0.0348094065382191,0,"Significant","synonymous"
"12022C>T","12774C>T",559,532.4527595884,0.021130725653912,0,"Significant","synonymous"
"12022C>T","14980C>T",568,510.952291861553,0.0459679842035663,0,"Significant","synonymous"
"12022C>T","4194C>T",475,495.143124415341,-0.018037143165931,0.004,"Significant","synonymous"
"12022C>T","13848C>T",559,472.377923292797,0.0731222153381524,0,"Significant","synonymous"
"12022C>T","13725C>T",561,509.055191768007,0.0421979901554271,0,"Significant","synonymous"
"12022C>T","13623C>T",559,457.201122544434,0.0873045198590174,0,"Significant","synonymous"
"12022C>T","7588G>A",351,315.55098222638,0.0462375801095624,0,"Significant","synonymous"
"12022C>T","4161C>T",555,491.348924228251,0.052902973588894,0,"Significant","synonymous"
"12022C>T","9209G>A",486,506.525724976614,-0.0179652375547985,0.004,"Significant","synonymous"
"12022C>T","3525C>T",441,435.700654817586,0.00525037682735368,0.532,"Not Significant","synonymous"
"12022C>T","12636C>T",224,297.212347988775,-0.122818830334365,0,"Significant","synonymous"
"12022C>T","3636C>T",440,468.583723105706,-0.0273345222259926,0.001,"Significant","synonymous"
"12022C>T","10646G>A",537,464.157156220767,0.0633092350506145,0,"Significant","synonymous"
"12022C>T","8464C>T",550,510.319925163704,0.0325201640393095,0,"Significant","synonymous"
"12022C>T","14239C>T",495,511.584658559401,-0.0143123134115586,0.013,"Significant","synonymous"
"12022C>T","11977C>T",628,623.513564078578,0.00311373806312659,0.365,"Not Significant","synonymous"
"12022C>T","11102C>T",441,457.833489242282,-0.0162689674621626,0.023,"Significant","synonymous"
"12022C>T","15490C>T",543,476.804490177736,0.0564594929862039,0,"Significant","synonymous"
"12022C>T","15448C>T",654,654.499532273152,-0.00033159220152712,1,"Not Significant","synonymous"
"12022C>T","10592C>T",468,486.289990645463,-0.0166494774601614,0.012,"Significant","synonymous"
"12022C>T","9569C>T",448,423.685687558466,0.0242342205644541,0.001,"Significant","synonymous"
"12022C>T","8841C>T",496,464.789522918616,0.0282253466731387,0,"Significant","synonymous"
"12022C>T","13377C>T",407,429.376987839102,-0.023244355788134,0.001,"Significant","synonymous"
"12022C>T","12112C>T",499,473.642656688494,0.022649737191061,0,"Significant","synonymous"
"12022C>T","12867C>T",486,467.951356407858,0.0164355587984559,0.011,"Significant","synonymous"
"12022C>T","4245C>T",441,431.906454630496,0.00904889505344598,0.217,"Not Significant","synonymous"
"12022C>T","12381A>T",513,443.289055191768,0.0634303564122865,0,"Significant","synonymous"
"12022C>T","9776C>T",537,524.864359214219,0.009927202590622,0.072,"Not Significant","synonymous"
"12022C>T","8173C>T",406,432.538821328344,-0.0274990588757734,0,"Significant","synonymous"
"12022C>T","3951C>T",438,407.876520112254,0.0309454051359665,0,"Significant","synonymous"
"12022C>T","10874C>T",420,398.391019644528,0.0229397502114553,0.006,"Significant","synonymous"
"12022C>T","9806C>T",446,424.950420954163,0.0209965949254538,0.006,"Significant","synonymous"
"12022C>T","15265C>T",433,387.640785781104,0.0480584311020807,0,"Significant","synonymous"
"12022C>T","8209C>T",422,428.744621141253,-0.00688623363824574,0.427,"Not Significant","synonymous"
"12022C>T","3757C>T",348,387.008419083255,-0.0461411689318256,0,"Significant","synonymous"
"7858C>T","9168C>T",701,705.219831618335,-0.00260649870842519,0.414,"Not Significant","synonymous"
"7858C>T","5478C>T",539,549.579045837231,-0.00844140054825563,0.044,"Significant","synonymous"
"7858C>T","10762G>A",777,777.32460243218,-0.000181394603079436,1,"Not Significant","synonymous"
"7858C>T","10961C>T",570,574.200187090739,-0.00318847399350263,0.422,"Not Significant","synonymous"
"7858C>T","15400C>T",619,624.321796071094,-0.00371784808987732,0.307,"Not Significant","synonymous"
"7858C>T","6164C>T",773,759.738072965388,0.00751560304851004,0.004,"Significant","synonymous"
"7858C>T","7337G>A",698,692.029934518241,0.00373054187317531,0.221,"Not Significant","synonymous"
"7858C>T","10560C>T",533,539.027128157156,-0.00488341388276249,0.241,"Not Significant","synonymous"
"7858C>T","3474C>T",811,766.772684752105,0.0243542208876651,0,"Significant","synonymous"
"7858C>T","13440C>T",654,663.891487371375,-0.00651935169584069,0.053,"Not Significant","synonymous"
"7858C>T","4221C>T",582,586.510757717493,-0.00335299765758054,0.396,"Not Significant","synonymous"
"7858C>T","11761C>T",762,763.255378858746,-0.000714902227811905,0.814,"Not Significant","synonymous"
"7858C>T","3525C>A",786,739.513564078578,0.0264764018505716,0,"Significant","synonymous"
"7858C>T","7400C>T",544,545.182413470533,-0.000942938190994442,0.846,"Not Significant","synonymous"
"7858C>T","15271C>T",676,671.805425631431,0.00270318897502497,0.408,"Not Significant","synonymous"
"7858C>T","14947C>T",699,698.185219831618,0.000506524927664379,0.915,"Not Significant","synonymous"
"7858C>T","12774C>T",740,740.392890551918,-0.000230520159593961,1,"Not Significant","synonymous"
"7858C>T","14980C>T",716,710.495790458372,0.00335151314234825,0.215,"Not Significant","synonymous"
"7858C>T","4194C>T",698,688.512628624883,0.00594351217429631,0.047,"Significant","synonymous"
"7858C>T","13848C>T",661,656.856875584659,0.00273070927932038,0.414,"Not Significant","synonymous"
"7858C>T","13725C>T",720,707.857811038354,0.00738646767247825,0.011,"Significant","synonymous"
"7858C>T","13623C>T",636,635.753040224509,0.000168669962962395,1,"Not Significant","synonymous"
"7858C>T","7588G>A",452,438.783910196445,0.0128877407970687,0.016,"Significant","synonymous"
"7858C>T","4161C>T",680,683.236669784846,-0.00206225448559828,0.534,"Not Significant","synonymous"
"7858C>T","9209G>A",722,704.340505144995,0.0107545330944793,0,"Significant","synonymous"
"7858C>T","3525C>T",620,605.855940130964,0.0100223191997058,0.006,"Significant","synonymous"
"7858C>T","12636C>T",424,413.283442469598,0.0111178502660919,0.04,"Significant","synonymous"
"7858C>T","3636C>T",658,651.580916744621,0.00425753724370605,0.212,"Not Significant","synonymous"
"7858C>T","10646G>A",642,645.425631431244,-0.00231118023813759,0.569,"Not Significant","synonymous"
"7858C>T","8464C>T",718,709.616463985033,0.00510076112930854,0.091,"Not Significant","synonymous"
"7858C>T","14239C>T",737,711.375116931712,0.0153688178558564,0,"Significant","synonymous"
"7858C>T","11977C>T",877,867.015902712816,0.00497253003390811,0,"Significant","synonymous"
"7858C>T","11102C>T",652,636.632366697849,0.010358881143851,0.001,"Significant","synonymous"
"7858C>T","15490C>T",662,663.012160898036,-0.000663504820994623,0.824,"Not Significant","synonymous"
"7858C>T","15448C>T",915,910.102899906455,0.00233059588259087,0.014,"Significant","synonymous"
"7858C>T","10592C>T",736,676.202057998129,0.036801326145142,0,"Significant","synonymous"
"7858C>T","9569C>T",590,589.148737137512,0.00062706055039695,0.933,"Not Significant","synonymous"
"7858C>T","8841C>T",654,646.304957904584,0.00514026084915096,0.126,"Not Significant","synonymous"
"7858C>T","13377C>T",612,597.062675397568,0.0107314994741371,0.003,"Significant","synonymous"
"7858C>T","12112C>T",657,658.615528531338,-0.00106659653060614,0.739,"Not Significant","synonymous"
"7858C>T","12867C>T",647,650.701590271282,-0.0024775874531961,0.495,"Not Significant","synonymous"
"7858C>T","4245C>T",594,600.579981290926,-0.0047844070912589,0.185,"Not Significant","synonymous"
"7858C>T","12381A>T",613,616.407857811038,-0.00240769183916383,0.54,"Not Significant","synonymous"
"7858C>T","9776C>T",727,729.840972871843,-0.00169382990795639,0.584,"Not Significant","synonymous"
"7858C>T","8173C>T",613,601.459307764266,0.00825422440737688,0.023,"Significant","synonymous"
"7858C>T","3951C>T",565,567.165575304022,-0.0016614152067496,0.699,"Not Significant","synonymous"
"7858C>T","10874C>T",555,553.975678203929,0.000802285278173833,0.856,"Not Significant","synonymous"
"7858C>T","9806C>T",595,590.907390084191,0.00299754428380311,0.438,"Not Significant","synonymous"
"7858C>T","15265C>T",540,539.027128157156,0.000783136913632674,0.925,"Not Significant","synonymous"
"7858C>T","8209C>T",608,596.183348924228,0.00852373701474954,0.029,"Significant","synonymous"
"7858C>T","3757C>T",546,538.147801683817,0.00629107216825416,0.141,"Not Significant","synonymous"
"9168C>T","5478C>T",519,468.89616463985,0.0440906774289882,0,"Significant","synonymous"
"9168C>T","10762G>A",694,663.206735266604,0.0197105423663935,0,"Significant","synonymous"
"9168C>T","10961C>T",518,489.902712815716,0.0242199153947689,0,"Significant","synonymous"
"9168C>T","15400C>T",647,532.66604303087,0.0844492688742252,0,"Significant","synonymous"
"9168C>T","6164C>T",659,648.202057998129,0.00717500903973001,0.068,"Not Significant","synonymous"
"9168C>T","7337G>A",638,590.4340505145,0.0336492832867067,0,"Significant","synonymous"
"9168C>T","10560C>T",467,459.893358278765,0.00665974297231018,0.327,"Not Significant","synonymous"
"9168C>T","3474C>T",649,654.203928905519,-0.00346845120758297,0.35,"Not Significant","synonymous"
"9168C>T","13440C>T",663,566.426566884939,0.0683699137001882,0,"Significant","synonymous"
"9168C>T","4221C>T",564,500.405986903648,0.0519566069913981,0,"Significant","synonymous"
"9168C>T","11761C>T",696,651.202993451824,0.0288928513586804,0,"Significant","synonymous"
"9168C>T","3525C>A",633,630.946679139383,0.00141105114405726,0.723,"Not Significant","synonymous"
"9168C>T","7400C>T",518,465.144995322732,0.0467414071715842,0,"Significant","synonymous"
"9168C>T","15271C>T",688,573.178671655753,0.0792984165844233,0,"Significant","synonymous"
"9168C>T","14947C>T",712,595.685687558466,0.0774628281343627,0,"Significant","synonymous"
"9168C>T","12774C>T",678,631.696913002806,0.0307209392920236,0,"Significant","synonymous"
"9168C>T","14980C>T",658,606.188961646399,0.0356178697639782,0,"Significant","synonymous"
"9168C>T","4194C>T",588,587.433115060805,0.000418900942809493,0.926,"Not Significant","synonymous"
"9168C>T","13848C>T",625,560.424695977549,0.0473627524532829,0,"Significant","synonymous"
"9168C>T","13725C>T",642,603.938260056127,0.026542484625595,0,"Significant","synonymous"
"9168C>T","13623C>T",581,542.419083255379,0.0298411720204091,0,"Significant","synonymous"
"9168C>T","7588G>A",382,374.366697848456,0.00876615421293105,0.304,"Not Significant","synonymous"
"9168C>T","4161C>T",637,582.931711880262,0.0385217504590444,0,"Significant","synonymous"
"9168C>T","9209G>A",610,600.937324602432,0.00650065585114289,0.146,"Not Significant","synonymous"
"9168C>T","3525C>T",510,516.911131898971,-0.00584570888507387,0.33,"Not Significant","synonymous"
"9168C>T","12636C>T",305,352.609915809167,-0.062994681664298,0,"Significant","synonymous"
"9168C>T","3636C>T",561,555.923292797007,0.00394799020144709,0.439,"Not Significant","synonymous"
"9168C>T","10646G>A",608,550.67165575304,0.0430108562812714,0,"Significant","synonymous"
"9168C>T","8464C>T",642,605.438727782975,0.0254648302713933,0,"Significant","synonymous"
"9168C>T","14239C>T",616,606.939195509822,0.00643552747676671,0.127,"Not Significant","synonymous"
"9168C>T","11977C>T",750,739.730589335828,0.00598768537510252,0.007,"Significant","synonymous"
"9168C>T","11102C>T",537,543.169317118803,-0.00496094357297583,0.364,"Not Significant","synonymous"
"9168C>T","15490C>T",624,565.676333021515,0.0426165807372573,0,"Significant","synonymous"
"9168C>T","15448C>T",783,776.492048643592,0.00362474918962091,0.006,"Significant","synonymous"
"9168C>T","10592C>T",564,576.929840972872,-0.0098438988934725,0.052,"Not Significant","synonymous"
"9168C>T","9569C>T",536,502.65668849392,0.0278933239165528,0,"Significant","synonymous"
"9168C>T","8841C>T",594,551.421889616464,0.0323024428216075,0,"Significant","synonymous"
"9168C>T","13377C>T",501,509.408793264733,-0.00722871148864003,0.257,"Not Significant","synonymous"
"9168C>T","12112C>T",606,561.925163704397,0.0327941433914286,0,"Significant","synonymous"
"9168C>T","12867C>T",584,555.173058933583,0.021984464306034,0,"Significant","synonymous"
"9168C>T","4245C>T",539,512.409728718428,0.0219713984298164,0,"Significant","synonymous"
"9168C>T","12381A>T",586,525.913938260056,0.0469829349760381,0,"Significant","synonymous"
"9168C>T","9776C>T",665,622.694106641721,0.0285468898516407,0,"Significant","synonymous"
"9168C>T","8173C>T",512,513.159962581852,-0.000982803819670705,0.892,"Not Significant","synonymous"
"9168C>T","3951C>T",529,483.900841908326,0.0386992943245248,0,"Significant","synonymous"
"9168C>T","10874C>T",532,472.647333956969,0.0513744197660708,0,"Significant","synonymous"
"9168C>T","9806C>T",553,504.157156220767,0.04015919517548,0,"Significant","synonymous"
"9168C>T","15265C>T",503,459.893358278765,0.0389108474621188,0,"Significant","synonymous"
"9168C>T","8209C>T",524,508.65855940131,0.0129049300412754,0.031,"Significant","synonymous"
"9168C>T","3757C>T",459,459.143124415341,-0.000135399683685435,1,"Not Significant","synonymous"
"5478C>T","10762G>A",554,516.838166510758,0.0301551875800539,0,"Significant","synonymous"
"5478C>T","10961C>T",371,381.782039289055,-0.0124415837953219,0.155,"Not Significant","synonymous"
"5478C>T","15400C>T",459,415.10757717493,0.0436520246828788,0,"Significant","synonymous"
"5478C>T","6164C>T",533,505.144995322732,0.0233111544123773,0,"Significant","synonymous"
"5478C>T","7337G>A",484,460.126286248831,0.0219683171500461,0.002,"Significant","synonymous"
"5478C>T","10560C>T",328,358.395696913003,-0.0384889429420219,0,"Significant","synonymous"
"5478C>T","3474C>T",502,509.822263797942,-0.00671507992284371,0.24,"Not Significant","synonymous"
"5478C>T","13440C>T",478,441.417212347989,0.034578632847626,0,"Significant","synonymous"
"5478C>T","4221C>T",493,389.967259120674,0.101818773225361,0,"Significant","synonymous"
"5478C>T","11761C>T",535,507.483629560337,0.022931744709435,0,"Significant","synonymous"
"5478C>T","3525C>A",495,491.697848456501,0.00290689100035875,0.636,"Not Significant","synonymous"
"5478C>T","7400C>T",379,362.488306828812,0.0193452083345161,0.04,"Significant","synonymous"
"5478C>T","15271C>T",492,446.679139382601,0.0419694320563642,0,"Significant","synonymous"
"5478C>T","14947C>T",514,464.21889616464,0.0442403044328733,0,"Significant","synonymous"
"5478C>T","12774C>T",537,492.282507015903,0.0377598820646016,0,"Significant","synonymous"
"5478C>T","14980C>T",544,472.404115996258,0.0612852267882845,0,"Significant","synonymous"
"5478C>T","4194C>T",435,457.787652011225,-0.0221748172385982,0.001,"Significant","synonymous"
"5478C>T","13848C>T",535,436.739943872778,0.0881308680705143,0,"Significant","synonymous"
"5478C>T","13725C>T",527,470.650140318054,0.0491124227093711,0,"Significant","synonymous"
"5478C>T","13623C>T",521,422.708138447147,0.0907971138696772,0,"Significant","synonymous"
"5478C>T","7588G>A",329,291.744621141253,0.0521930401912704,0,"Significant","synonymous"
"5478C>T","4161C>T",527,454.279700654818,0.064487284276322,0,"Significant","synonymous"
"5478C>T","9209G>A",443,468.311506080449,-0.0241311019964599,0,"Significant","synonymous"
"5478C>T","3525C>T",416,402.829747427502,0.0139717965838164,0.082,"Not Significant","synonymous"
"5478C>T","12636C>T",199,274.789522918616,-0.140147093661248,0,"Significant","synonymous"
"5478C>T","3636C>T",397,433.23199251637,-0.0379300133515012,0,"Significant","synonymous"
"5478C>T","10646G>A",509,429.139382600561,0.0741194102853751,0,"Significant","synonymous"
"5478C>T","8464C>T",515,471.819457436857,0.0380313821838157,0,"Significant","synonymous"
"5478C>T","14239C>T",442,472.988774555659,-0.0294285643984712,0,"Significant","synonymous"
"5478C>T","11977C>T",572,576.473339569691,-0.00338319828348365,0.343,"Not Significant","synonymous"
"5478C>T","11102C>T",404,423.292797006548,-0.0202595132218343,0.012,"Significant","synonymous"
"5478C>T","15490C>T",517,440.832553788587,0.0692168850888568,0,"Significant","synonymous"
"5478C>T","15448C>T",603,605.121608980356,-0.00152534978808222,0.506,"Not Significant","synonymous"
"5478C>T","10592C>T",428,449.602432179607,-0.0213848829235513,0.001,"Significant","synonymous"
"5478C>T","9569C>T",402,391.721234798877,0.0112489382483436,0.208,"Not Significant","synonymous"
"5478C>T","8841C>T",454,429.724041159963,0.0238662016376065,0.001,"Significant","synonymous"
"5478C>T","13377C>T",370,396.983161833489,-0.0305703623487958,0,"Significant","synonymous"
"5478C>T","12112C>T",455,437.909260991581,0.016627266822345,0.022,"Significant","synonymous"
"5478C>T","12867C>T",441,432.647333956969,0.00830455760156334,0.281,"Not Significant","synonymous"
"5478C>T","4245C>T",408,399.321796071095,0.0093371472730478,0.262,"Not Significant","synonymous"
"5478C>T","12381A>T",482,409.845650140318,0.0704267081368778,0,"Significant","synonymous"
"5478C>T","9776C>T",499,485.266604303087,0.0121201411120163,0.056,"Not Significant","synonymous"
"5478C>T","8173C>T",370,399.906454630496,-0.0337566897884096,0,"Significant","synonymous"
"5478C>T","3951C>T",398,377.104770813845,0.0234210453031167,0.009,"Significant","synonymous"
"5478C>T","10874C>T",382,368.334892422825,0.0158205013228256,0.108,"Not Significant","synonymous"
"5478C>T","9806C>T",410,392.89055191768,0.0185122715306085,0.033,"Significant","synonymous"
"5478C>T","15265C>T",405,358.395696913003,0.0530922365609424,0,"Significant","synonymous"
"5478C>T","8209C>T",384,396.398503274088,-0.0138007816348262,0.141,"Not Significant","synonymous"
"5478C>T","3757C>T",319,357.811038353602,-0.0498630512236625,0,"Significant","synonymous"
"10762G>A","10961C>T",565,539.99251637044,0.019660706740066,0,"Significant","synonymous"
"10762G>A","15400C>T",613,587.128157156221,0.0187275659950416,0,"Significant","synonymous"
"10762G>A","6164C>T",724,714.477081384471,0.00575026391395774,0.049,"Significant","synonymous"
"10762G>A","7337G>A",669,650.802619270346,0.0119768256044617,0,"Significant","synonymous"
"10762G>A","10560C>T",526,506.914873713751,0.0160507098310258,0.002,"Significant","synonymous"
"10762G>A","3474C>T",728,721.092609915809,0.00414033457617434,0.194,"Not Significant","synonymous"
"10762G>A","13440C>T",641,624.340505144995,0.0114365180853323,0.003,"Significant","synonymous"
"10762G>A","4221C>T",600,551.569691300281,0.0365508566627932,0,"Significant","synonymous"
"10762G>A","11761C>T",736,717.78484565014,0.0108835293567103,0,"Significant","synonymous"
"10762G>A","3525C>A",703,695.457436856876,0.00468476941761604,0.144,"Not Significant","synonymous"
"10762G>A","7400C>T",535,512.703461178672,0.018487532718676,0,"Significant","synonymous"
"10762G>A","15271C>T",651,631.78297474275,0.0130130701882049,0,"Significant","synonymous"
"10762G>A","14947C>T",681,656.591206735267,0.0158520496813915,0,"Significant","synonymous"
"10762G>A","12774C>T",750,696.284377923293,0.032274612087751,0,"Significant","synonymous"
"10762G>A","14980C>T",728,668.168381665108,0.0372454587341507,0,"Significant","synonymous"
"10762G>A","4194C>T",645,647.494855004677,-0.00167660722697042,0.714,"Not Significant","synonymous"
"10762G>A","13848C>T",684,617.724976613658,0.0442609401004156,0,"Significant","synonymous"
"10762G>A","13725C>T",686,665.687558465856,0.0130536755345862,0,"Significant","synonymous"
"10762G>A","13623C>T",618,597.878391019644,0.0143756179899877,0.001,"Significant","synonymous"
"10762G>A","7588G>A",426,412.643592142189,0.0138344936750307,0.04,"Significant","synonymous"
"10762G>A","4161C>T",721,642.533208606174,0.0500396861142123,0,"Significant","synonymous"
"10762G>A","9209G>A",660,662.379794200187,-0.00156314034666383,0.716,"Not Significant","synonymous"
"10762G>A","3525C>T",587,569.762394761459,0.0129443195356913,0.006,"Significant","synonymous"
"10762G>A","12636C>T",363,388.66230121609,-0.0296657927038921,0,"Significant","synonymous"
"10762G>A","3636C>T",608,612.763330215154,-0.00338918851088776,0.424,"Not Significant","synonymous"
"10762G>A","10646G>A",680,606.974742750234,0.049338292985863,0,"Significant","synonymous"
"10762G>A","8464C>T",726,667.34144059869,0.036588526173723,0,"Significant","synonymous"
"10762G>A","14239C>T",672,668.995322731525,0.00194619163725763,0.591,"Not Significant","synonymous"
"10762G>A","11977C>T",821,815.363891487371,0.00299168237393416,0.083,"Not Significant","synonymous"
"10762G>A","11102C>T",588,598.705332086062,-0.00783579992530208,0.068,"Not Significant","synonymous"
"10762G>A","15490C>T",690,623.513564078578,0.0440031850631795,0,"Significant","synonymous"
"10762G>A","15448C>T",863,855.884003741815,0.00359588611797754,0.004,"Significant","synonymous"
"10762G>A","10592C>T",635,635.917680074836,-0.000627174313750281,0.922,"Not Significant","synonymous"
"10762G>A","9569C>T",568,554.050514499532,0.0107989732058956,0.028,"Significant","synonymous"
"10762G>A","8841C>T",624,607.801683816651,0.0114226907939322,0.006,"Significant","synonymous"
"10762G>A","13377C>T",553,561.492984097287,-0.0066192027800973,0.174,"Not Significant","synonymous"
"10762G>A","12112C>T",644,619.378858746492,0.0169294898560479,0,"Significant","synonymous"
"10762G>A","12867C>T",639,611.936389148737,0.0187945786231259,0,"Significant","synonymous"
"10762G>A","4245C>T",581,564.800748362956,0.0122808689045009,0.006,"Significant","synonymous"
"10762G>A","12381A>T",654,579.685687558466,0.0523851705533051,0,"Significant","synonymous"
"10762G>A","9776C>T",710,686.361085126286,0.0147056965387042,0,"Significant","synonymous"
"10762G>A","8173C>T",556,565.627689429373,-0.00745586994235252,0.119,"Not Significant","synonymous"
"10762G>A","3951C>T",557,533.376987839102,0.0188209207341626,0,"Significant","synonymous"
"10762G>A","10874C>T",554,520.972871842844,0.0266946554705481,0,"Significant","synonymous"
"10762G>A","9806C>T",566,555.704396632367,0.00797259833014974,0.095,"Not Significant","synonymous"
"10762G>A","15265C>T",532,506.914873713751,0.0209765979723341,0,"Significant","synonymous"
"10762G>A","8209C>T",596,560.66604303087,0.0265420060688734,0,"Significant","synonymous"
"10762G>A","3757C>T",496,506.087932647334,-0.00874430545965704,0.097,"Not Significant","synonymous"
"10961C>T","15400C>T",492,433.704396632367,0.0547712779819773,0,"Significant","synonymous"
"10961C>T","6164C>T",509,527.77549111319,-0.0157314362084274,0.005,"Significant","synonymous"
"10961C>T","7337G>A",507,480.739943872778,0.0230977509079709,0,"Significant","synonymous"
"10961C>T","10560C>T",452,374.451824134705,0.0817424842266513,0,"Significant","synonymous"
"10961C>T","3474C>T",524,532.66230121609,-0.0071206740151351,0.172,"Not Significant","synonymous"
"10961C>T","13440C>T",508,461.192703461179,0.0419812845884265,0,"Significant","synonymous"
"10961C>T","4221C>T",420,407.43779232928,0.0131879804150524,0.106,"Not Significant","synonymous"
"10961C>T","11761C>T",570,530.21889616464,0.0314196544296979,0,"Significant","synonymous"
"10961C>T","3525C>A",507,513.725912067353,-0.00572351253087098,0.351,"Not Significant","synonymous"
"10961C>T","7400C>T",412,378.727782974743,0.0365700504685756,0,"Significant","synonymous"
"10961C>T","15271C>T",506,466.690364826941,0.0351216821978061,0,"Significant","synonymous"
"10961C>T","14947C>T",513,485.015902712816,0.0243613866184194,0.002,"Significant","synonymous"
"10961C>T","12774C>T",522,514.336763330215,0.0064229354363155,0.248,"Not Significant","synonymous"
"10961C>T","14980C>T",501,493.56782039289,0.00649088902636243,0.306,"Not Significant","synonymous"
"10961C>T","4194C>T",494,478.296538821328,0.0140297107994047,0.026,"Significant","synonymous"
"10961C>T","13848C>T",471,456.305893358279,0.0137648292471986,0.057,"Not Significant","synonymous"
"10961C>T","13725C>T",488,491.735266604303,-0.00331153443145309,0.611,"Not Significant","synonymous"
"10961C>T","13623C>T",465,441.645463049579,0.0223791795291223,0,"Significant","synonymous"
"10961C>T","7588G>A",282,304.814780168382,-0.0337869133703131,0.006,"Significant","synonymous"
"10961C>T","4161C>T",487,474.631431244153,0.0111724663474219,0.094,"Not Significant","synonymous"
"10961C>T","9209G>A",531,489.291861552853,0.0355265289309286,0,"Significant","synonymous"
"10961C>T","3525C>T",395,420.876520112254,-0.0275576023474547,0.001,"Significant","synonymous"
"10961C>T","12636C>T",303,287.10009354537,0.0234092945002837,0.049,"Significant","synonymous"
"10961C>T","3636C>T",497,452.640785781104,0.0406027046876995,0,"Significant","synonymous"
"10961C>T","10646G>A",466,448.364826941066,0.0167543807076301,0.012,"Significant","synonymous"
"10961C>T","8464C>T",536,492.956969130028,0.0363557789043968,0,"Significant","synonymous"
"10961C>T","14239C>T",549,494.178671655753,0.045688346771515,0,"Significant","synonymous"
"10961C>T","11977C>T",621,602.299345182414,0.0132792091690708,0,"Significant","synonymous"
"10961C>T","11102C>T",467,442.256314312441,0.0236428383026642,0.002,"Significant","synonymous"
"10961C>T","15490C>T",481,460.581852198316,0.0188382544377579,0.007,"Significant","synonymous"
"10961C>T","15448C>T",639,632.231057062675,0.00462503229916707,0.025,"Significant","synonymous"
"10961C>T","10592C>T",460,469.744621141253,-0.00910398418615085,0.203,"Not Significant","synonymous"
"10961C>T","9569C>T",438,409.270346117867,0.0294638317369703,0,"Significant","synonymous"
"10961C>T","8841C>T",463,448.975678203929,0.0133581758674594,0.054,"Not Significant","synonymous"
"10961C>T","13377C>T",447,414.76800748363,0.0325022727851314,0,"Significant","synonymous"
"10961C>T","12112C>T",544,457.527595884004,0.0751816059324025,0,"Significant","synonymous"
"10961C>T","12867C>T",495,452.029934518241,0.0394380031362883,0,"Significant","synonymous"
"10961C>T","4245C>T",459,417.21141253508,0.0414565057894232,0,"Significant","synonymous"
"10961C>T","12381A>T",454,428.206735266604,0.0254023588241436,0.001,"Significant","synonymous"
"10961C>T","9776C>T",578,507.006548175865,0.0569142699781488,0,"Significant","synonymous"
"10961C>T","8173C>T",446,417.822263797942,0.0283432809257232,0,"Significant","synonymous"
"10961C>T","3951C>T",422,393.999064546305,0.0298172602601029,0,"Significant","synonymous"
"10961C>T","10874C>T",425,384.836295603368,0.0431129045304233,0,"Significant","synonymous"
"10961C>T","9806C>T",441,410.492048643592,0.0311338403477101,0,"Significant","synonymous"
"10961C>T","15265C>T",405,374.451824134705,0.0340590726299489,0,"Significant","synonymous"
"10961C>T","8209C>T",464,414.157156220767,0.0493528106215105,0,"Significant","synonymous"
"10961C>T","3757C>T",407,373.840972871843,0.0369075110133535,0,"Significant","synonymous"
"15400C>T","6164C>T",578,573.844714686623,0.00313345243133796,0.496,"Not Significant","synonymous"
"15400C>T","7337G>A",582,522.703461178672,0.0466676087805182,0,"Significant","synonymous"
"15400C>T","10560C>T",443,407.137511693171,0.0366626081943486,0,"Significant","synonymous"
"15400C>T","3474C>T",570,579.158091674462,-0.00692227277037186,0.135,"Not Significant","synonymous"
"15400C>T","13440C>T",630,501.449953227315,0.0991129543140786,0,"Significant","synonymous"
"15400C>T","4221C>T",517,443.002806361085,0.0670840656670823,0,"Significant","synonymous"
"15400C>T","11761C>T",633,576.501403180543,0.0406033413305592,0,"Significant","synonymous"
"15400C>T","3525C>A",547,558.568755846586,-0.00908931297477707,0.077,"Not Significant","synonymous"
"15400C>T","7400C>T",480,411.78671655753,0.0665689043670211,0,"Significant","synonymous"
"15400C>T","15271C>T",644,507.427502338634,0.103511865273807,0,"Significant","synonymous"
"15400C>T","14947C>T",643,527.352666043031,0.0861098269868137,0,"Significant","synonymous"
"15400C>T","12774C>T",601,559.232927970066,0.0312817369927873,0,"Significant","synonymous"
"15400C>T","14980C>T",589,536.651075771749,0.040423290502211,0,"Significant","synonymous"
"15400C>T","4194C>T",522,520.046772684752,0.00162809743402117,0.801,"Not Significant","synonymous"
"15400C>T","13848C>T",562,496.136576239476,0.0541350702433548,0,"Significant","synonymous"
"15400C>T","13725C>T",563,534.65855940131,0.0224318709731764,0,"Significant","synonymous"
"15400C>T","13623C>T",529,480.196445275959,0.0420367312303494,0,"Significant","synonymous"
"15400C>T","7588G>A",317,331.421889616464,-0.0193219269159297,0.062,"Not Significant","synonymous"
"15400C>T","4161C>T",572,516.061739943873,0.0446943664818044,0,"Significant","synonymous"
"15400C>T","9209G>A",562,532.00187090739,0.0238231559745219,0,"Significant","synonymous"
"15400C>T","3525C>T",433,457.614593077643,-0.0240119690645522,0.001,"Significant","synonymous"
"15400C>T","12636C>T",275,312.160898035547,-0.0550458076157333,0,"Significant","synonymous"
"15400C>T","3636C>T",519,492.151543498597,0.0230685063588279,0.001,"Significant","synonymous"
"15400C>T","10646G>A",544,487.502338634238,0.0476221962718029,0,"Significant","synonymous"
"15400C>T","8464C>T",588,535.986903648269,0.0402231478437636,0,"Significant","synonymous"
"15400C>T","14239C>T",570,537.315247895229,0.0256456905499172,0,"Significant","synonymous"
"15400C>T","11977C>T",672,654.873713751169,0.011211714602315,0,"Significant","synonymous"
"15400C>T","11102C>T",485,480.860617399439,0.00372252889481871,0.58,"Not Significant","synonymous"
"15400C>T","15490C>T",561,500.785781103835,0.0493108718760809,0,"Significant","synonymous"
"15400C>T","15448C>T",694,687.418147801684,0.00413847715162047,0.016,"Significant","synonymous"
"15400C>T","10592C>T",484,510.748362956034,-0.0233616216673111,0,"Significant","synonymous"
"15400C>T","9569C>T",498,444.995322731525,0.0488738965485835,0,"Significant","synonymous"
"15400C>T","8841C>T",535,488.166510757718,0.0397857994267286,0,"Significant","synonymous"
"15400C>T","13377C>T",455,450.972871842844,0.00386097886631259,0.565,"Not Significant","synonymous"
"15400C>T","12112C>T",567,497.464920486436,0.0568205976831322,0,"Significant","synonymous"
"15400C>T","12867C>T",539,491.487371375117,0.0400764019454575,0,"Significant","synonymous"
"15400C>T","4245C>T",492,453.629560336763,0.035263755575523,0,"Significant","synonymous"
"15400C>T","12381A>T",522,465.584658559401,0.0496718415252963,0,"Significant","synonymous"
"15400C>T","9776C>T",616,551.262862488307,0.048221976278046,0,"Significant","synonymous"
"15400C>T","8173C>T",473,454.293732460243,0.0175243955073943,0.005,"Significant","synonymous"
"15400C>T","3951C>T",479,428.391019644528,0.0484951552689874,0,"Significant","synonymous"
"15400C>T","10874C>T",494,418.428437792329,0.0721057559597521,0,"Significant","synonymous"
"15400C>T","9806C>T",511,446.323666978485,0.0587709835705779,0,"Significant","synonymous"
"15400C>T","15265C>T",483,407.137511693171,0.0742060127227831,0,"Significant","synonymous"
"15400C>T","8209C>T",501,450.308699719364,0.0463273884898753,0,"Significant","synonymous"
"15400C>T","3757C>T",427,406.473339569691,0.0213958093691603,0.008,"Significant","synonymous"
"6164C>T","7337G>A",645,636.078578110384,0.00604894500608695,0.127,"Not Significant","synonymous"
"6164C>T","10560C>T",474,495.446211412535,-0.0192181701144413,0,"Significant","synonymous"
"6164C>T","3474C>T",723,704.778297474275,0.0110857750918468,0.001,"Significant","synonymous"
"6164C>T","13440C>T",611,610.21515434986,0.000558221343250687,0.949,"Not Significant","synonymous"
"6164C>T","4221C>T",562,539.090739008419,0.0180744443823935,0,"Significant","synonymous"
"6164C>T","11761C>T",710,701.54536950421,0.00520258627246744,0.12,"Not Significant","synonymous"
"6164C>T","3525C>A",714,679.723105706268,0.0213661787081439,0,"Significant","synonymous"
"6164C>T","7400C>T",512,501.10383536015,0.00934223420745983,0.097,"Not Significant","synonymous"
"6164C>T","15271C>T",625,617.489242282507,0.00525062149826914,0.207,"Not Significant","synonymous"
"6164C>T","14947C>T",646,641.736202057998,0.00287597829787209,0.489,"Not Significant","synonymous"
"6164C>T","12774C>T",697,680.531337698784,0.0103846493282431,0.004,"Significant","synonymous"
"6164C>T","14980C>T",669,653.051449953227,0.0104787197231201,0.004,"Significant","synonymous"
"6164C>T","4194C>T",641,632.845650140318,0.00556023019075789,0.167,"Not Significant","synonymous"
"6164C>T","13848C>T",627,603.749298409729,0.0164109017451998,0,"Significant","synonymous"
"6164C>T","13725C>T",674,650.626753975678,0.0153279788973338,0,"Significant","synonymous"
"6164C>T","13623C>T",586,584.351730589336,0.00122328145344445,0.792,"Not Significant","synonymous"
"6164C>T","7588G>A",429,403.307764265669,0.0268207092912126,0,"Significant","synonymous"
"6164C>T","4161C>T",644,627.99625818522,0.0109288112887808,0.007,"Significant","synonymous"
"6164C>T","9209G>A",654,647.393826005613,0.0044091949699137,0.224,"Not Significant","synonymous"
"6164C>T","3525C>T",575,556.871842843779,0.0139125855118869,0.002,"Significant","synonymous"
"6164C>T","12636C>T",364,379.869036482694,-0.0185325115567717,0.016,"Significant","synonymous"
"6164C>T","3636C>T",591,598.89990645463,-0.0057667643681871,0.207,"Not Significant","synonymous"
"6164C>T","10646G>A",611,593.242282507016,0.0128091130563663,0.006,"Significant","synonymous"
"6164C>T","8464C>T",653,652.243217960711,0.000503609282888197,0.933,"Not Significant","synonymous"
"6164C>T","14239C>T",656,653.859681945744,0.00141928049327251,0.725,"Not Significant","synonymous"
"6164C>T","11977C>T",804,796.916744621141,0.00384309653712423,0.039,"Significant","synonymous"
"6164C>T","11102C>T",578,585.159962581852,-0.00534676504673215,0.22,"Not Significant","synonymous"
"6164C>T","15490C>T",636,609.406922357343,0.0185497325085216,0,"Significant","synonymous"
"6164C>T","15448C>T",843,836.520112254443,0.00335118756169012,0.004,"Significant","synonymous"
"6164C>T","10592C>T",648,621.530402245089,0.0181126287990443,0,"Significant","synonymous"
"6164C>T","9569C>T",547,541.515434985968,0.00437648636248821,0.397,"Not Significant","synonymous"
"6164C>T","8841C>T",597,594.050514499532,0.00215095477505845,0.679,"Not Significant","synonymous"
"6164C>T","13377C>T",553,548.789522918615,0.00331931975408074,0.529,"Not Significant","synonymous"
"6164C>T","12112C>T",602,605.365762394762,-0.00242136371175683,0.605,"Not Significant","synonymous"
"6164C>T","12867C>T",605,598.091674462114,0.00498761765137666,0.275,"Not Significant","synonymous"
"6164C>T","4245C>T",565,552.022450888681,0.0100917068677888,0.043,"Significant","synonymous"
"6164C>T","12381A>T",585,566.570626753976,0.0139018108454041,0.002,"Significant","synonymous"
"6164C>T","9776C>T",670,670.832553788587,-0.000539326945362658,0.925,"Not Significant","synonymous"
"6164C>T","8173C>T",547,552.830682881197,-0.0046048126567999,0.366,"Not Significant","synonymous"
"6164C>T","3951C>T",522,521.309635173059,0.000574751096878968,0.933,"Not Significant","synonymous"
"6164C>T","10874C>T",523,509.186155285313,0.011625102143575,0.03,"Significant","synonymous"
"6164C>T","9806C>T",546,543.131898971001,0.00228733238079623,0.683,"Not Significant","synonymous"
"6164C>T","15265C>T",498,495.446211412535,0.00223283097118677,0.676,"Not Significant","synonymous"
"6164C>T","8209C>T",558,547.981290926099,0.00786846780039875,0.108,"Not Significant","synonymous"
"6164C>T","3757C>T",493,494.637979420019,-0.00144054013844618,0.82,"Not Significant","synonymous"
"7337G>A","10560C>T",464,451.291861552853,0.0120604788861766,0.082,"Not Significant","synonymous"
"7337G>A","3474C>T",655,641.968194574369,0.00872778790892785,0.018,"Significant","synonymous"
"7337G>A","13440C>T",605,555.832553788588,0.0368113958729876,0,"Significant","synonymous"
"7337G>A","4221C>T",560,491.046772684752,0.057065165939354,0,"Significant","synonymous"
"7337G>A","11761C>T",682,639.023386342376,0.0282676223296962,0,"Significant","synonymous"
"7337G>A","3525C>A",636,619.145930776427,0.0116640927002133,0.004,"Significant","synonymous"
"7337G>A","7400C>T",518,456.44527595884,0.0549410430966813,0,"Significant","synonymous"
"7337G>A","15271C>T",621,562.458372310571,0.0430012144505964,0,"Significant","synonymous"
"7337G>A","14947C>T",628,584.544434050514,0.0311421141598082,0,"Significant","synonymous"
"7337G>A","12774C>T",641,619.882132834425,0.014548910868879,0,"Significant","synonymous"
"7337G>A","14980C>T",638,594.851262862488,0.0304122907962847,0,"Significant","synonymous"
"7337G>A","4194C>T",575,576.446211412535,-0.00109094451859922,0.853,"Not Significant","synonymous"
"7337G>A","13848C>T",598,549.942937324602,0.0363835550227192,0,"Significant","synonymous"
"7337G>A","13725C>T",642,592.642656688494,0.0347421205506926,0,"Significant","synonymous"
"7337G>A","13623C>T",572,532.274087932647,0.0312607043482011,0,"Significant","synonymous"
"7337G>A","7588G>A",345,367.364826941066,-0.0272784777003946,0.003,"Significant","synonymous"
"7337G>A","4161C>T",614,572.028999064546,0.0307503251899617,0,"Significant","synonymous"
"7337G>A","9209G>A",613,589.697848456501,0.016830931283888,0,"Significant","synonymous"
"7337G>A","3525C>T",499,507.243217960711,-0.00711570343452108,0.235,"Not Significant","synonymous"
"7337G>A","12636C>T",309,346.014967259121,-0.0491364056611543,0,"Significant","synonymous"
"7337G>A","3636C>T",568,545.525724976614,0.017533100581401,0,"Significant","synonymous"
"7337G>A","10646G>A",581,540.372310570627,0.0314830453239681,0,"Significant","synonymous"
"7337G>A","8464C>T",629,594.11506080449,0.024780083572908,0,"Significant","synonymous"
"7337G>A","14239C>T",624,595.587464920486,0.0202390409198618,0,"Significant","synonymous"
"7337G>A","11977C>T",745,725.895229186155,0.0112823306567936,0,"Significant","synonymous"
"7337G>A","11102C>T",543,533.010289990645,0.00806423624141202,0.159,"Not Significant","synonymous"
"7337G>A","15490C>T",594,555.096351730589,0.0294180719611278,0,"Significant","synonymous"
"7337G>A","15448C>T",767,761.969130028064,0.00285798700575756,0.039,"Significant","synonymous"
"7337G>A","10592C>T",577,566.139382600561,0.00825244620401243,0.112,"Not Significant","synonymous"
"7337G>A","9569C>T",578,493.255378858746,0.0688560085694033,0,"Significant","synonymous"
"7337G>A","8841C>T",611,541.108512628625,0.0527568440080636,0,"Significant","synonymous"
"7337G>A","13377C>T",511,499.88119738073,0.0095540987039226,0.115,"Not Significant","synonymous"
"7337G>A","12112C>T",607,551.415341440599,0.0417098462254974,0,"Significant","synonymous"
"7337G>A","12867C>T",587,544.789522918616,0.0324093543663459,0,"Significant","synonymous"
"7337G>A","4245C>T",531,502.826005612722,0.0236767902496454,0,"Significant","synonymous"
"7337G>A","12381A>T",561,516.077642656688,0.0362478161392095,0,"Significant","synonymous"
"7337G>A","9776C>T",646,611.047708138447,0.0241573984687198,0,"Significant","synonymous"
"7337G>A","8173C>T",511,503.56220767072,0.00636777126430872,0.339,"Not Significant","synonymous"
"7337G>A","3951C>T",531,474.850327408793,0.048537779295905,0,"Significant","synonymous"
"7337G>A","10874C>T",562,463.807296538821,0.0833987389651766,0,"Significant","synonymous"
"7337G>A","9806C>T",572,494.727782974743,0.0630297285889006,0,"Significant","synonymous"
"7337G>A","15265C>T",525,451.291861552853,0.0657018017372418,0,"Significant","synonymous"
"7337G>A","8209C>T",568,499.144995322732,0.0561216146936585,0,"Significant","synonymous"
"7337G>A","3757C>T",463,450.555659494855,0.0118325417221028,0.102,"Not Significant","synonymous"
"10560C>T","3474C>T",486,500.033676333022,-0.0123629849799084,0.025,"Significant","synonymous"
"10560C>T","13440C>T",464,432.942001870907,0.0300882596160488,0,"Significant","synonymous"
"10560C>T","4221C>T",379,382.479887745557,-0.00396939325811268,0.696,"Not Significant","synonymous"
"10560C>T","11761C>T",514,497.739943872778,0.013960624509144,0.006,"Significant","synonymous"
"10560C>T","3525C>A",455,482.257249766137,-0.0252673684504315,0,"Significant","synonymous"
"10560C>T","7400C>T",394,355.528531337699,0.0446217630176712,0,"Significant","synonymous"
"10560C>T","15271C>T",461,438.102899906455,0.0221247975043162,0,"Significant","synonymous"
"10560C>T","14947C>T",471,455.305893358279,0.0147176353921596,0.04,"Significant","synonymous"
"10560C>T","12774C>T",475,482.830682881197,-0.0071012511844185,0.23,"Not Significant","synonymous"
"10560C>T","14980C>T",449,463.33395696913,-0.013647789080897,0.036,"Significant","synonymous"
"10560C>T","4194C>T",471,448.99812909261,0.0207763757613113,0.001,"Significant","synonymous"
"10560C>T","13848C>T",409,428.354536950421,-0.0200800631176892,0.014,"Significant","synonymous"
"10560C>T","13725C>T",443,461.613657623948,-0.0178749234544321,0.007,"Significant","synonymous"
"10560C>T","13623C>T",416,414.592142188962,0.00147226402257455,0.902,"Not Significant","synonymous"
"10560C>T","7588G>A",250,286.143124415341,-0.0586433062609674,0,"Significant","synonymous"
"10560C>T","4161C>T",437,445.557530402245,-0.00842235114012754,0.259,"Not Significant","synonymous"
"10560C>T","9209G>A",515,459.319925163704,0.0496919436473061,0,"Significant","synonymous"
"10560C>T","3525C>T",381,395.095416276894,-0.0157770155416395,0.074,"Not Significant","synonymous"
"10560C>T","12636C>T",321,269.513564078578,0.0759244051594918,0,"Significant","synonymous"
"10560C>T","3636C>T",479,424.913938260056,0.0520345361255865,0,"Significant","synonymous"
"10560C>T","10646G>A",411,420.89990645463,-0.0103370073496359,0.192,"Not Significant","synonymous"
"10560C>T","8464C>T",480,462.760523854069,0.0158849333438763,0.017,"Significant","synonymous"
"10560C>T","14239C>T",515,463.907390084191,0.0453759381192725,0,"Significant","synonymous"
"10560C>T","11977C>T",585,565.405051449953,0.0147961818313296,0,"Significant","synonymous"
"10560C>T","11102C>T",456,415.165575304022,0.0407435071576417,0,"Significant","synonymous"
"10560C>T","15490C>T",429,432.368568755847,-0.00339682299468609,0.683,"Not Significant","synonymous"
"10560C>T","15448C>T",602,593.503274087933,0.00617337215524996,0.004,"Significant","synonymous"
"10560C>T","10592C>T",417,440.970065481759,-0.0242730541373049,0.001,"Significant","synonymous"
"10560C>T","9569C>T",392,384.200187090739,0.00872849500999158,0.357,"Not Significant","synonymous"
"10560C>T","8841C>T",422,421.473339569691,0.000542342567841794,0.957,"Not Significant","synonymous"
"10560C>T","13377C>T",434,389.361085126286,0.0471371859223605,0,"Significant","synonymous"
"10560C>T","12112C>T",502,429.501403180543,0.0677391301359012,0,"Significant","synonymous"
"10560C>T","12867C>T",455,424.340505144995,0.0302969076164922,0,"Significant","synonymous"
"10560C>T","4245C>T",430,391.65481758653,0.040564982588407,0,"Significant","synonymous"
"10560C>T","12381A>T",394,401.976613657624,-0.00870456545071944,0.332,"Not Significant","synonymous"
"10560C>T","9776C>T",535,475.949485500468,0.0507929203355075,0,"Significant","synonymous"
"10560C>T","8173C>T",437,392.22825070159,0.0469425659406572,0,"Significant","synonymous"
"10560C>T","3951C>T",384,369.864359214219,0.0162887404226216,0.078,"Not Significant","synonymous"
"10560C>T","10874C>T",383,361.262862488307,0.0253754552053972,0.005,"Significant","synonymous"
"10560C>T","9806C>T",387,385.347053320861,0.00185892265544858,0.863,"Not Significant","synonymous"
"10560C>T","15265C>T",364,351.514499532273,0.0151581398209996,0.143,"Not Significant","synonymous"
"10560C>T","8209C>T",428,388.787652011225,0.0417313058364615,0,"Significant","synonymous"
"10560C>T","3757C>T",406,350.941066417212,0.0632918421219791,0,"Significant","synonymous"
"3474C>T","13440C>T",613,615.865294667914,-0.00202525683456203,0.665,"Not Significant","synonymous"
"3474C>T","4221C>T",548,544.082319925164,0.00311594484403031,0.569,"Not Significant","synonymous"
"3474C>T","11761C>T",702,708.041159962582,-0.00372139277047531,0.213,"Not Significant","synonymous"
"3474C>T","3525C>A",768,686.016838166511,0.0490264445098038,0,"Significant","synonymous"
"3474C>T","7400C>T",518,505.743685687558,0.010399290523188,0.058,"Not Significant","synonymous"
"3474C>T","15271C>T",620,623.206735266604,-0.00224044880122495,0.612,"Not Significant","synonymous"
"3474C>T","14947C>T",652,647.678203928906,0.00288831358103424,0.456,"Not Significant","synonymous"
"3474C>T","12774C>T",695,686.832553788588,0.00513393336667433,0.114,"Not Significant","synonymous"
"3474C>T","14980C>T",670,659.098222637979,0.00712466220245005,0.051,"Not Significant","synonymous"
"3474C>T","4194C>T",652,638.705332086062,0.00894705395018621,0.018,"Significant","synonymous"
"3474C>T","13848C>T",629,609.3395696913,0.0137912639060788,0,"Significant","synonymous"
"3474C>T","13725C>T",670,656.651075771749,0.0087401426091674,0.019,"Significant","synonymous"
"3474C>T","13623C>T",588,589.762394761459,-0.00129975094218129,0.804,"Not Significant","synonymous"
"3474C>T","7588G>A",424,407.042095416277,0.0177265312455492,0.016,"Significant","synonymous"
"3474C>T","4161C>T",642,633.811038353602,0.00557522954414888,0.147,"Not Significant","synonymous"
"3474C>T","9209G>A",674,653.388213283442,0.0134886007272909,0,"Significant","synonymous"
"3474C>T","3525C>T",576,562.028063610851,0.0106644817917951,0.024,"Significant","synonymous"
"3474C>T","12636C>T",388,383.386342376052,0.00519508793469917,0.453,"Not Significant","synonymous"
"3474C>T","3636C>T",617,604.44527595884,0.00892817633012287,0.025,"Significant","synonymous"
"3474C>T","10646G>A",603,598.735266604303,0.00308247250029096,0.509,"Not Significant","synonymous"
"3474C>T","8464C>T",662,658.282507015903,0.00244567499383996,0.479,"Not Significant","synonymous"
"3474C>T","14239C>T",690,659.913938260056,0.0193617894011909,0,"Significant","synonymous"
"3474C>T","11977C>T",812,804.295603367633,0.00414033457617434,0.028,"Significant","synonymous"
"3474C>T","11102C>T",613,590.578110383536,0.0161831285974761,0,"Significant","synonymous"
"3474C>T","15490C>T",619,615.049579045837,0.0027805234265542,0.56,"Not Significant","synonymous"
"3474C>T","15448C>T",848,844.265668849392,0.00191672273998786,0.114,"Not Significant","synonymous"
"3474C>T","10592C>T",722,627.285313376988,0.0610720780444098,0,"Significant","synonymous"
"3474C>T","9569C>T",554,546.529466791394,0.00589618230381306,0.262,"Not Significant","synonymous"
"3474C>T","8841C>T",620,599.55098222638,0.0145655706902674,0.001,"Significant","synonymous"
"3474C>T","13377C>T",573,553.870907390084,0.0147460679630964,0.001,"Significant","synonymous"
"3474C>T","12112C>T",621,610.971000935454,0.00707100275332336,0.096,"Not Significant","synonymous"
"3474C>T","12867C>T",603,603.629560336763,-0.000453187314614004,0.937,"Not Significant","synonymous"
"3474C>T","4245C>T",559,557.133769878391,0.00145232448110115,0.8,"Not Significant","synonymous"
"3474C>T","12381A>T",586,571.816651075772,0.0106408183276409,0.02,"Significant","synonymous"
"3474C>T","9776C>T",679,677.043966323667,0.00125290218063836,0.783,"Not Significant","synonymous"
"3474C>T","8173C>T",575,557.949485500468,0.0130729632457228,0.004,"Significant","synonymous"
"3474C>T","3951C>T",545,526.136576239476,0.0152980079175826,0.002,"Significant","synonymous"
"3474C>T","10874C>T",527,513.900841908326,0.0109312860351736,0.036,"Significant","synonymous"
"3474C>T","9806C>T",557,548.160898035547,0.00694714239611324,0.154,"Not Significant","synonymous"
"3474C>T","15265C>T",499,500.033676333022,-0.000898708618814174,0.878,"Not Significant","synonymous"
"3474C>T","8209C>T",574,553.055191768007,0.0161434188071181,0.001,"Significant","synonymous"
"3474C>T","3757C>T",517,499.217960710945,0.0152003412245891,0.005,"Significant","synonymous"
"13440C>T","4221C>T",532,471.080449017774,0.0528165519580784,0,"Significant","synonymous"
"13440C>T","11761C>T",668,613.040224508887,0.0372874908786377,0,"Significant","synonymous"
"13440C>T","3525C>A",590,593.971000935454,-0.00291323057617772,0.579,"Not Significant","synonymous"
"13440C>T","7400C>T",505,437.885874649205,0.061930442199984,0,"Significant","synonymous"
"13440C>T","15271C>T",644,539.588400374181,0.0768232623636989,0,"Significant","synonymous"
"13440C>T","14947C>T",666,560.776426566885,0.0746844803227823,0,"Significant","synonymous"
"13440C>T","12774C>T",630,594.67726847521,0.0250592115335178,0,"Significant","synonymous"
"13440C>T","14980C>T",608,570.66417212348,0.0275229720777339,0,"Significant","synonymous"
"13440C>T","4194C>T",557,553.00748362956,0.00312418669537477,0.594,"Not Significant","synonymous"
"13440C>T","13848C>T",576,527.581852198316,0.0381326351873961,0,"Significant","synonymous"
"13440C>T","13725C>T",594,568.54536950421,0.0190213181929115,0,"Significant","synonymous"
"13440C>T","13623C>T",543,510.631431244153,0.0266922858739009,0,"Significant","synonymous"
"13440C>T","7588G>A",339,352.427502338634,-0.0168700938407131,0.076,"Not Significant","synonymous"
"13440C>T","4161C>T",584,548.76987839102,0.0270225818910703,0,"Significant","synonymous"
"13440C>T","9209G>A",587,565.720299345182,0.0160363387429638,0,"Significant","synonymous"
"13440C>T","3525C>T",463,486.618334892423,-0.0216074773100784,0.002,"Significant","synonymous"
"13440C>T","12636C>T",296,331.945743685688,-0.0497753932971733,0,"Significant","synonymous"
"13440C>T","3636C>T",545,523.344246959775,0.0176090478769008,0.003,"Significant","synonymous"
"13440C>T","10646G>A",556,518.400374181478,0.030409485245571,0,"Significant","synonymous"
"13440C>T","8464C>T",612,569.957904583723,0.0309086410030753,0,"Significant","synonymous"
"13440C>T","14239C>T",601,571.370439663237,0.0219567039700533,0,"Significant","synonymous"
"13440C>T","11977C>T",710,696.379794200187,0.0084121873574527,0,"Significant","synonymous"
"13440C>T","11102C>T",512,511.33769878391,0.000562148358273607,0.944,"Not Significant","synonymous"
"13440C>T","15490C>T",581,532.525724976614,0.0378355401001397,0,"Significant","synonymous"
"13440C>T","15448C>T",737,730.986903648269,0.00355789164570423,0.021,"Significant","synonymous"
"13440C>T","10592C>T",525,543.119738072965,-0.0147362828158816,0.007,"Significant","synonymous"
"13440C>T","9569C>T",525,473.199251637044,0.0451152542847112,0,"Significant","synonymous"
"13440C>T","8841C>T",549,519.106641721235,0.0243157589454822,0,"Significant","synonymous"
"13440C>T","13377C>T",489,479.555659494855,0.00846983842270657,0.224,"Not Significant","synonymous"
"13440C>T","12112C>T",595,528.99438727783,0.0510659016086637,0,"Significant","synonymous"
"13440C>T","12867C>T",572,522.637979420019,0.0391950626416306,0,"Significant","synonymous"
"13440C>T","4245C>T",516,482.380729653882,0.0292597515252627,0,"Significant","synonymous"
"13440C>T","12381A>T",541,495.093545369504,0.0385100007194932,0,"Significant","synonymous"
"13440C>T","9776C>T",645,586.202057998129,0.041512375838777,0,"Significant","synonymous"
"13440C>T","8173C>T",501,483.086997193639,0.0158123777267161,0.018,"Significant","synonymous"
"13440C>T","3951C>T",505,455.542563143124,0.0447624170629741,0,"Significant","synonymous"
"13440C>T","10874C>T",502,444.948550046773,0.0523939212710163,0,"Significant","synonymous"
"13440C>T","9806C>T",511,474.611786716558,0.0320823806604708,0,"Significant","synonymous"
"13440C>T","15265C>T",494,432.942001870907,0.0572972279848092,0,"Significant","synonymous"
"13440C>T","8209C>T",516,478.849391955098,0.0324507613397313,0,"Significant","synonymous"
"13440C>T","3757C>T",455,432.235734331151,0.022290728091136,0.003,"Significant","synonymous"
"4221C>T","11761C>T",586,541.586529466791,0.0342297621338218,0,"Significant","synonymous"
"4221C>T","3525C>A",540,524.739943872778,0.012449635317283,0.017,"Significant","synonymous"
"4221C>T","7400C>T",438,386.847521047708,0.0539342922980615,0,"Significant","synonymous"
"4221C>T","15271C>T",551,476.695977549111,0.0629101115683119,0,"Significant","synonymous"
"4221C>T","14947C>T",553,495.414405986904,0.0477565001698219,0,"Significant","synonymous"
"4221C>T","12774C>T",586,525.363891487371,0.0474373958106616,0,"Significant","synonymous"
"4221C>T","14980C>T",598,504.149672591207,0.0741416945060403,0,"Significant","synonymous"
"4221C>T","4194C>T",462,488.55098222638,-0.0242679152095838,0,"Significant","synonymous"
"4221C>T","13848C>T",587,466.088868101029,0.100169370724426,0,"Significant","synonymous"
"4221C>T","13725C>T",570,502.277829747428,0.0549308465968417,0,"Significant","synonymous"
"4221C>T","13623C>T",505,451.114125350795,0.0490049521163493,0,"Significant","synonymous"
"4221C>T","7588G>A",331,311.349859681946,0.0265793194445496,0.019,"Significant","synonymous"
"4221C>T","4161C>T",579,484.807296538821,0.0771094162187364,0,"Significant","synonymous"
"4221C>T","9209G>A",483,499.782039289055,-0.0148335140404935,0.015,"Significant","synonymous"
"4221C>T","3525C>T",442,429.89990645463,0.0120549187336923,0.124,"Not Significant","synonymous"
"4221C>T","12636C>T",205,293.255378858746,-0.15549212558767,0,"Significant","synonymous"
"4221C>T","3636C>T",434,462.345182413471,-0.0274766071745823,0,"Significant","synonymous"
"4221C>T","10646G>A",558,457.977549111319,0.0857900103137202,0,"Significant","synonymous"
"4221C>T","8464C>T",558,503.525724976614,0.044612535507729,0,"Significant","synonymous"
"4221C>T","14239C>T",519,504.7736202058,0.0120707075284122,0.033,"Significant","synonymous"
"4221C>T","11977C>T",626,615.212347988775,0.00754928956144625,0.015,"Significant","synonymous"
"4221C>T","11102C>T",421,451.738072965388,-0.0306045990692425,0,"Significant","synonymous"
"4221C>T","15490C>T",562,470.456501403181,0.0772168409915011,0,"Significant","synonymous"
"4221C>T","15448C>T",648,645.785781103835,0.00148652736988564,0.472,"Not Significant","synonymous"
"4221C>T","10592C>T",471,479.815715622077,-0.00805356138030416,0.214,"Not Significant","synonymous"
"4221C>T","9569C>T",487,418.044901777362,0.0663060298060223,0,"Significant","synonymous"
"4221C>T","8841C>T",521,458.601496725912,0.0554022555075473,0,"Significant","synonymous"
"4221C>T","13377C>T",385,423.6604303087,-0.0415571734797617,0,"Significant","synonymous"
"4221C>T","12112C>T",526,467.336763330215,0.0513557977464913,0,"Significant","synonymous"
"4221C>T","12867C>T",512,461.721234798877,0.0448901125370745,0,"Significant","synonymous"
"4221C>T","4245C>T",450,426.156220767072,0.0236436813860347,0.002,"Significant","synonymous"
"4221C>T","12381A>T",547,437.387277829747,0.0971211796589813,0,"Significant","synonymous"
"4221C>T","9776C>T",550,517.876520112254,0.0261364684103941,0,"Significant","synonymous"
"4221C>T","8173C>T",390,426.780168381665,-0.0391396234013783,0,"Significant","synonymous"
"4221C>T","3951C>T",460,402.446211412535,0.0580499883385218,0,"Significant","synonymous"
"4221C>T","10874C>T",471,393.086997193639,0.0785322289675253,0,"Significant","synonymous"
"4221C>T","9806C>T",469,419.292797006548,0.0486554409534761,0,"Significant","synonymous"
"4221C>T","15265C>T",467,382.479887745557,0.0867082773399055,0,"Significant","synonymous"
"4221C>T","8209C>T",453,423.036482694107,0.0297203794379908,0.001,"Significant","synonymous"
"4221C>T","3757C>T",339,381.855940130964,-0.0516998526502356,0,"Significant","synonymous"
"11761C>T","3525C>A",696,682.869971936389,0.00827122384493485,0.017,"Significant","synonymous"
"11761C>T","7400C>T",561,503.423760523854,0.0470291517901848,0,"Significant","synonymous"
"11761C>T","15271C>T",671,620.347988774556,0.034087141625583,0,"Significant","synonymous"
"11761C>T","14947C>T",683,644.707202993452,0.0250581812867187,0,"Significant","synonymous"
"11761C>T","12774C>T",706,683.681945743686,0.0139505895844383,0,"Significant","synonymous"
"11761C>T","14980C>T",681,656.074836295603,0.0161937311704827,0,"Significant","synonymous"
"11761C>T","4194C>T",646,635.77549111319,0.00692873596942578,0.073,"Not Significant","synonymous"
"11761C>T","13848C>T",641,606.544434050514,0.0239954077357009,0,"Significant","synonymous"
"11761C>T","13725C>T",680,653.638914873714,0.0171710123706513,0,"Significant","synonymous"
"11761C>T","13623C>T",622,587.057062675398,0.0251100674285699,0,"Significant","synonymous"
"11761C>T","7588G>A",402,405.174929840973,-0.00341651250663283,0.648,"Not Significant","synonymous"
"11761C>T","4161C>T",655,630.903648269411,0.0162782612231524,0,"Significant","synonymous"
"11761C>T","9209G>A",674,650.391019644528,0.015485360483366,0,"Significant","synonymous"
"11761C>T","3525C>T",553,559.449953227315,-0.00503611057064046,0.322,"Not Significant","synonymous"
"11761C>T","12636C>T",364,381.627689429373,-0.0205384942543698,0.006,"Significant","synonymous"
"11761C>T","3636C>T",619,601.672591206735,0.0123304210730739,0.005,"Significant","synonymous"
"11761C>T","10646G>A",626,595.98877455566,0.0213362533266418,0,"Significant","synonymous"
"11761C>T","8464C>T",683,655.262862488307,0.0180051489917456,0,"Significant","synonymous"
"11761C>T","14239C>T",690,656.8868101029,0.0213585491572659,0,"Significant","synonymous"
"11761C>T","11977C>T",811,800.606173994387,0.00560191930223028,0.003,"Significant","synonymous"
"11761C>T","11102C>T",597,587.869036482694,0.00669374496450721,0.135,"Not Significant","synonymous"
"11761C>T","15490C>T",646,612.22825070159,0.0233191521575924,0,"Significant","synonymous"
"11761C>T","15448C>T",847,840.392890551918,0.00340104057005607,0.007,"Significant","synonymous"
"11761C>T","10592C>T",625,624.407857811038,0.000411657574930289,0.933,"Not Significant","synonymous"
"11761C>T","9569C>T",591,544.022450888681,0.0359706582127087,0,"Significant","synonymous"
"11761C>T","8841C>T",630,596.800748362956,0.0235111904016691,0,"Significant","synonymous"
"11761C>T","13377C>T",565,551.33021515435,0.0106366535712211,0.031,"Significant","synonymous"
"11761C>T","12112C>T",666,608.168381665108,0.0394503915031145,0,"Significant","synonymous"
"11761C>T","12867C>T",635,600.860617399439,0.0239999855932817,0,"Significant","synonymous"
"11761C>T","4245C>T",598,554.578110383536,0.0327384603391588,0,"Significant","synonymous"
"11761C>T","12381A>T",602,569.193638914874,0.0243364533234479,0,"Significant","synonymous"
"11761C>T","9776C>T",713,673.938260056127,0.0244694175080742,0,"Significant","synonymous"
"11761C>T","8173C>T",569,555.390084190832,0.0105141447072393,0.027,"Significant","synonymous"
"11761C>T","3951C>T",564,523.723105706268,0.0321773693803547,0,"Significant","synonymous"
"11761C>T","10874C>T",567,511.543498596819,0.0447004894716028,0,"Significant","synonymous"
"11761C>T","9806C>T",592,545.646398503274,0.0354104137013745,0,"Significant","synonymous"
"11761C>T","15265C>T",556,497.739943872778,0.0480722970959195,0,"Significant","synonymous"
"11761C>T","8209C>T",598,550.518241347053,0.0359294701536274,0,"Significant","synonymous"
"11761C>T","3757C>T",519,496.927970065482,0.0188739157351791,0.001,"Significant","synonymous"
"3525C>A","7400C>T",503,487.764265668849,0.0133580049685367,0.023,"Significant","synonymous"
"3525C>A","15271C>T",604,601.051449953227,0.00212528945630741,0.666,"Not Significant","synonymous"
"3525C>A","14947C>T",628,624.652946679139,0.00232085072096533,0.616,"Not Significant","synonymous"
"3525C>A","12774C>T",675,662.415341440599,0.00817339074223996,0.017,"Significant","synonymous"
"3525C>A","14980C>T",650,635.666978484565,0.00968370527913378,0.022,"Significant","synonymous"
"3525C>A","4194C>T",639,615.999064546305,0.0159208055113201,0,"Significant","synonymous"
"3525C>A","13848C>T",608,587.67726847521,0.0147646868681995,0.001,"Significant","synonymous"
"3525C>A","13725C>T",660,633.306828811974,0.0179297645848632,0,"Significant","synonymous"
"3525C>A","13623C>T",573,568.796071094481,0.0031980340837245,0.539,"Not Significant","synonymous"
"3525C>A","7588G>A",408,392.571562207671,0.0167413268773517,0.031,"Significant","synonymous"
"3525C>A","4161C>T",611,611.278765201122,-0.000198099147494138,1,"Not Significant","synonymous"
"3525C>A","9209G>A",653,630.159962581852,0.0154623746016998,0,"Significant","synonymous"
"3525C>A","3525C>T",549,542.047708138447,0.00553483195333085,0.309,"Not Significant","synonymous"
"3525C>A","12636C>T",368,369.756782039289,-0.00206832985133341,0.84,"Not Significant","synonymous"
"3525C>A","3636C>T",601,582.956969130028,0.013237973434275,0,"Significant","synonymous"
"3525C>A","10646G>A",587,577.449953227315,0.00712375074240854,0.132,"Not Significant","synonymous"
"3525C>A","8464C>T",639,634.880261927035,0.00280903284719519,0.508,"Not Significant","synonymous"
"3525C>A","14239C>T",671,636.453695042095,0.0229557079675821,0,"Significant","synonymous"
"3525C>A","11977C>T",783,775.702525724977,0.0040665565275975,0.053,"Not Significant","synonymous"
"3525C>A","11102C>T",600,569.582787652011,0.0225943935973587,0,"Significant","synonymous"
"3525C>A","15490C>T",600,593.184284377923,0.00496161392473459,0.283,"Not Significant","synonymous"
"3525C>A","15448C>T",820,814.251637043966,0.00305521200164566,0.024,"Significant","synonymous"
"3525C>A","10592C>T",710,604.985032740879,0.0695137183284995,0,"Significant","synonymous"
"3525C>A","9569C>T",540,527.10009354537,0.0105006665330059,0.058,"Not Significant","synonymous"
"3525C>A","8841C>T",595,578.236669784846,0.0124113360552184,0.003,"Significant","synonymous"
"3525C>A","13377C>T",565,534.180542563143,0.0243603829497982,0,"Significant","synonymous"
"3525C>A","12112C>T",603,589.250701590271,0.010017203851549,0.025,"Significant","synonymous"
"3525C>A","12867C>T",588,582.170252572498,0.00432731575602747,0.369,"Not Significant","synonymous"
"3525C>A","4245C>T",532,537.327408793265,-0.00432736197561771,0.429,"Not Significant","synonymous"
"3525C>A","12381A>T",561,551.488306828812,0.00742655270036717,0.148,"Not Significant","synonymous"
"3525C>A","9776C>T",658,652.974742750234,0.0033295106487469,0.38,"Not Significant","synonymous"
"3525C>A","8173C>T",564,538.114125350795,0.0204047116740882,0,"Significant","synonymous"
"3525C>A","3951C>T",520,507.43217960711,0.0106253384103951,0.053,"Not Significant","synonymous"
"3525C>A","10874C>T",514,495.631431244153,0.0158042789525569,0.001,"Significant","synonymous"
"3525C>A","9806C>T",540,528.67352666043,0.00920619618000743,0.07,"Not Significant","synonymous"
"3525C>A","15265C>T",491,482.257249766137,0.00780272701541759,0.202,"Not Significant","synonymous"
"3525C>A","8209C>T",555,533.393826005613,0.0172449986664756,0.003,"Significant","synonymous"
"3525C>A","3757C>T",508,481.470533208606,0.0232939995492192,0,"Significant","synonymous"
"7400C>T","15271C>T",496,443.10570626754,0.0489743336250212,0,"Significant","synonymous"
"7400C>T","14947C>T",513,460.505144995323,0.0468828783952345,0,"Significant","synonymous"
"7400C>T","12774C>T",511,488.344246959776,0.0196948243455834,0.001,"Significant","synonymous"
"7400C>T","14980C>T",499,468.624883068288,0.0272752005593223,0,"Significant","synonymous"
"7400C>T","4194C>T",474,454.125350795136,0.0186025953266618,0.01,"Significant","synonymous"
"7400C>T","13848C>T",475,433.246024321796,0.0399590235199831,0,"Significant","synonymous"
"7400C>T","13725C>T",503,466.88493919551,0.0323581203985763,0,"Significant","synonymous"
"7400C>T","13623C>T",461,419.32647333957,0.0411486438056321,0,"Significant","synonymous"
"7400C>T","7588G>A",271,289.410664172124,-0.0285452390384499,0.025,"Significant","synonymous"
"7400C>T","4161C>T",488,450.645463049579,0.0345848189123131,0,"Significant","synonymous"
"7400C>T","9209G>A",508,464.565014031805,0.0388172119101977,0,"Significant","synonymous"
"7400C>T","3525C>T",369,399.607109448082,-0.0346068400380324,0,"Significant","synonymous"
"7400C>T","12636C>T",231,272.591206735267,-0.0718998623330203,0,"Significant","synonymous"
"7400C>T","3636C>T",486,429.76613657624,0.0534040769934776,0,"Significant","synonymous"
"7400C>T","10646G>A",453,425.706267539757,0.0269881578072793,0.001,"Significant","synonymous"
"7400C>T","8464C>T",509,468.044901777362,0.036430263325205,0,"Significant","synonymous"
"7400C>T","14239C>T",522,469.204864359214,0.0463079971005047,0,"Significant","synonymous"
"7400C>T","11977C>T",591,571.861552853134,0.0142965816505658,0,"Significant","synonymous"
"7400C>T","11102C>T",449,419.906454630496,0.0290937905166937,0,"Significant","synonymous"
"7400C>T","15490C>T",473,437.305893358279,0.0340758105785542,0,"Significant","synonymous"
"7400C>T","15448C>T",603,600.280636108513,0.00196297805773861,0.362,"Not Significant","synonymous"
"7400C>T","10592C>T",449,446.00561272217,0.00290601691241562,0.715,"Not Significant","synonymous"
"7400C>T","9569C>T",440,388.587464920486,0.0539638894958721,0,"Significant","synonymous"
"7400C>T","8841C>T",468,426.286248830683,0.0405445297004442,0,"Significant","synonymous"
"7400C>T","13377C>T",433,393.807296538821,0.041204137783378,0,"Significant","synonymous"
"7400C>T","12112C>T",516,434.405986903648,0.0747538996382532,0,"Significant","synonymous"
"7400C>T","12867C>T",466,429.186155285313,0.03574021266954,0,"Significant","synonymous"
"7400C>T","4245C>T",486,396.127221702526,0.0888015812912647,0,"Significant","synonymous"
"7400C>T","12381A>T",443,406.566884939196,0.0372717239669262,0,"Significant","synonymous"
"7400C>T","9776C>T",548,481.384471468662,0.0562884818188084,0,"Significant","synonymous"
"7400C>T","8173C>T",435,396.707202993452,0.0400191709450356,0,"Significant","synonymous"
"7400C>T","3951C>T",468,374.087932647334,0.0972721541493571,0,"Significant","synonymous"
"7400C>T","10874C>T",449,365.388213283442,0.0894918072602435,0,"Significant","synonymous"
"7400C>T","9806C>T",448,389.747427502339,0.0604947566548285,0,"Significant","synonymous"
"7400C>T","15265C>T",451,355.528531337699,0.103302083070044,0,"Significant","synonymous"
"7400C>T","8209C>T",477,393.227315247895,0.0838747008835553,0,"Significant","synonymous"
"7400C>T","3757C>T",406,354.948550046773,0.0583606271421417,0,"Significant","synonymous"
"15271C>T","14947C>T",692,567.461178671656,0.0861699386627359,0,"Significant","synonymous"
"15271C>T","12774C>T",632,601.76613657624,0.0212893334158201,0,"Significant","synonymous"
"15271C>T","14980C>T",627,577.466791393826,0.0357405266892124,0,"Significant","synonymous"
"15271C>T","4194C>T",558,559.599625818522,-0.00124321648727633,0.829,"Not Significant","synonymous"
"15271C>T","13848C>T",589,533.870907390084,0.0426790396047833,0,"Significant","synonymous"
"15271C>T","13725C>T",610,575.32273152479,0.0254183012759823,0,"Significant","synonymous"
"15271C>T","13623C>T",547,516.718428437792,0.0247333756719834,0.001,"Significant","synonymous"
"15271C>T","7588G>A",348,356.628624883068,-0.0106369550437179,0.252,"Not Significant","synonymous"
"15271C>T","4161C>T",602,555.311506080449,0.0350598190899923,0,"Significant","synonymous"
"15271C>T","9209G>A",593,572.463985032741,0.0153065239131104,0.001,"Significant","synonymous"
"15271C>T","3525C>T",476,492.419083255379,-0.0147279225540416,0.017,"Significant","synonymous"
"15271C>T","12636C>T",297,335.902712815716,-0.0534570619854001,0,"Significant","synonymous"
"15271C>T","3636C>T",545,529.582787652011,0.0124626409304001,0.03,"Significant","synonymous"
"15271C>T","10646G>A",576,524.579981290926,0.0406107701402222,0,"Significant","synonymous"
"15271C>T","8464C>T",621,576.752104770814,0.0321024120875925,0,"Significant","synonymous"
"15271C>T","14239C>T",603,578.181478016838,0.018253137160964,0,"Significant","synonymous"
"15271C>T","11977C>T",723,704.681010289991,0.0111457289864062,0,"Significant","synonymous"
"15271C>T","11102C>T",515,517.433115060804,-0.00204699052286735,0.774,"Not Significant","synonymous"
"15271C>T","15490C>T",592,538.873713751169,0.0408347074862266,0,"Significant","synonymous"
"15271C>T","15448C>T",748,739.700654817586,0.00484559470461224,0.001,"Significant","synonymous"
"15271C>T","10592C>T",539,549.594013096352,-0.00845322798160273,0.118,"Not Significant","synonymous"
"15271C>T","9569C>T",528,478.840037418148,0.0424434664660656,0,"Significant","synonymous"
"15271C>T","8841C>T",577,525.294667913938,0.0407728207046172,0,"Significant","synonymous"
"15271C>T","13377C>T",480,485.272217025257,-0.00474419027182539,0.498,"Not Significant","synonymous"
"15271C>T","12112C>T",595,535.300280636109,0.045919494662163,0,"Significant","synonymous"
"15271C>T","12867C>T",567,528.868101028999,0.030235685795013,0,"Significant","synonymous"
"15271C>T","4245C>T",523,488.130963517306,0.0299653318188238,0,"Significant","synonymous"
"15271C>T","12381A>T",558,500.995322731525,0.0468005276039993,0,"Significant","synonymous"
"15271C>T","9776C>T",642,593.189897100094,0.0343412823258619,0,"Significant","synonymous"
"15271C>T","8173C>T",494,488.845650140318,0.00455519383661785,0.494,"Not Significant","synonymous"
"15271C>T","3951C>T",501,460.972871842844,0.0361623578650585,0,"Significant","synonymous"
"15271C>T","10874C>T",518,450.252572497661,0.0608735569247268,0,"Significant","synonymous"
"15271C>T","9806C>T",534,480.269410664172,0.0460563306078102,0,"Significant","synonymous"
"15271C>T","15265C>T",498,438.102899906455,0.0556532148743786,0,"Significant","synonymous"
"15271C>T","8209C>T",518,484.557530402245,0.028984412511252,0,"Significant","synonymous"
"15271C>T","3757C>T",443,437.388213283442,0.00553665071059514,0.448,"Not Significant","synonymous"
"14947C>T","12774C>T",663,625.395696913003,0.0253586396868014,0,"Significant","synonymous"
"14947C>T","14980C>T",646,600.142188961646,0.0319783600021746,0,"Significant","synonymous"
"14947C>T","4194C>T",589,581.573433115061,0.00551073551083916,0.272,"Not Significant","synonymous"
"14947C>T","13848C>T",614,554.834424695978,0.0440049721074431,0,"Significant","synonymous"
"14947C>T","13725C>T",627,597.913938260056,0.0206288632445263,0,"Significant","synonymous"
"14947C>T","13623C>T",574,537.008419083255,0.0289307978851193,0,"Significant","synonymous"
"14947C>T","7588G>A",364,370.632366697848,-0.00784195919265005,0.359,"Not Significant","synonymous"
"14947C>T","4161C>T",626,577.11693171188,0.0353105171911913,0,"Significant","synonymous"
"14947C>T","9209G>A",617,594.942937324602,0.0158098507306832,0.002,"Significant","synonymous"
"14947C>T","3525C>T",504,511.754911131899,-0.00663148268041751,0.265,"Not Significant","synonymous"
"14947C>T","12636C>T",314,349.092609915809,-0.0460110070808069,0,"Significant","synonymous"
"14947C>T","3636C>T",565,550.377923292797,0.01138744262179,0.022,"Significant","synonymous"
"14947C>T","10646G>A",598,545.178671655753,0.040162326854015,0,"Significant","synonymous"
"14947C>T","8464C>T",635,599.399438727783,0.0250573933515829,0,"Significant","synonymous"
"14947C>T","14239C>T",622,600.88493919551,0.0149990658602257,0,"Significant","synonymous"
"14947C>T","11977C>T",742,732.351730589336,0.00568419311949686,0.021,"Significant","synonymous"
"14947C>T","11102C>T",532,537.751169317119,-0.00466973112041604,0.414,"Not Significant","synonymous"
"14947C>T","15490C>T",617,560.033676333022,0.0420710209451422,0,"Significant","synonymous"
"14947C>T","15448C>T",771,768.746492048644,0.001271231039702,0.391,"Not Significant","synonymous"
"14947C>T","10592C>T",562,571.174929840973,-0.00703282145068699,0.167,"Not Significant","synonymous"
"14947C>T","9569C>T",533,497.642656688494,0.0298096091074218,0,"Significant","synonymous"
"14947C>T","8841C>T",586,545.921421889617,0.030767479715572,0,"Significant","synonymous"
"14947C>T","13377C>T",509,504.327408793265,0.00400521083793799,0.513,"Not Significant","synonymous"
"14947C>T","12112C>T",603,556.319925163704,0.0349926972223606,0,"Significant","synonymous"
"14947C>T","12867C>T",581,549.635173058934,0.024101615441032,0,"Significant","synonymous"
"14947C>T","4245C>T",538,507.298409728718,0.0255187747665335,0,"Significant","synonymous"
"14947C>T","12381A>T",577,520.66791393826,0.0446149979707463,0,"Significant","synonymous"
"14947C>T","9776C>T",656,616.482694106642,0.0269829497812639,0,"Significant","synonymous"
"14947C>T","8173C>T",522,508.041159962582,0.0117716040638255,0.05,"Not Significant","synonymous"
"14947C>T","3951C>T",519,479.073900841908,0.0347648459948649,0,"Significant","synonymous"
"14947C>T","10874C>T",524,467.932647333957,0.0491479403118168,0,"Significant","synonymous"
"14947C>T","9806C>T",542,499.128157156221,0.0357872162662366,0,"Significant","synonymous"
"14947C>T","15265C>T",507,455.305893358279,0.0467046875965929,0,"Significant","synonymous"
"14947C>T","8209C>T",530,503.584658559401,0.0222033785154032,0,"Significant","synonymous"
"14947C>T","3757C>T",457,454.563143124415,0.00232198070597027,0.772,"Not Significant","synonymous"
"12774C>T","14980C>T",720,636.422825070159,0.0535867493658028,0,"Significant","synonymous"
"12774C>T","4194C>T",604,616.731524789523,-0.00905920972768161,0.034,"Significant","synonymous"
"12774C>T","13848C>T",669,588.376052385407,0.0557711296615439,0,"Significant","synonymous"
"12774C>T","13725C>T",660,634.059869036483,0.0174136688831259,0,"Significant","synonymous"
"12774C>T","13623C>T",592,569.472404115996,0.0168490231375145,0,"Significant","synonymous"
"12774C>T","7588G>A",423,393.038353601497,0.0319054354607731,0,"Significant","synonymous"
"12774C>T","4161C>T",692,612.00561272217,0.0533506893649638,0,"Significant","synonymous"
"12774C>T","9209G>A",619,630.909260991581,-0.00827625335498985,0.055,"Not Significant","synonymous"
"12774C>T","3525C>T",568,542.692235734331,0.0197947275125179,0,"Significant","synonymous"
"12774C>T","12636C>T",322,370.196445275959,-0.0605763725307405,0,"Significant","synonymous"
"12774C>T","3636C>T",573,583.650140318054,-0.00799797230280839,0.085,"Not Significant","synonymous"
"12774C>T","10646G>A",674,578.136576239476,0.0666294503283671,0,"Significant","synonymous"
"12774C>T","8464C>T",692,635.635173058934,0.0368981734438104,0,"Significant","synonymous"
"12774C>T","14239C>T",631,637.210477081385,-0.00425354865900882,0.284,"Not Significant","synonymous"
"12774C>T","11977C>T",782,776.624883068288,0.00299545182776489,0.156,"Not Significant","synonymous"
"12774C>T","11102C>T",544,570.260056127222,-0.0204740527898349,0,"Significant","synonymous"
"12774C>T","15490C>T",678,593.889616463985,0.0575239617064088,0,"Significant","synonymous"
"12774C>T","15448C>T",820,815.219831618335,0.00253911629990834,0.056,"Not Significant","synonymous"
"12774C>T","10592C>T",606,605.704396632367,0.000211898073983656,1,"Not Significant","synonymous"
"12774C>T","9569C>T",547,527.726847521048,0.0155781373417299,0.003,"Significant","synonymous"
"12774C>T","8841C>T",598,578.924228250702,0.0140794586133419,0.005,"Significant","synonymous"
"12774C>T","13377C>T",505,534.815715622077,-0.024912782452707,0,"Significant","synonymous"
"12774C>T","12112C>T",601,589.951356407858,0.00805826801240009,0.071,"Not Significant","synonymous"
"12774C>T","12867C>T",615,582.862488306829,0.0233090097535651,0,"Significant","synonymous"
"12774C>T","4245C>T",543,537.966323666979,0.00404473961644207,0.414,"Not Significant","synonymous"
"12774C>T","12381A>T",645,552.144059869036,0.0675073103777263,0,"Significant","synonymous"
"12774C>T","9776C>T",674,653.751169317119,0.0132474178683724,0,"Significant","synonymous"
"12774C>T","8173C>T",511,538.753975678204,-0.0229695878762706,0,"Significant","synonymous"
"12774C>T","3951C>T",531,508.035547240412,0.0192004201553261,0.001,"Significant","synonymous"
"12774C>T","10874C>T",522,496.22076707203,0.0219955672578047,0,"Significant","synonymous"
"12774C>T","9806C>T",544,529.302151543499,0.011895240353481,0.015,"Significant","synonymous"
"12774C>T","15265C>T",499,482.830682881197,0.0143056848141004,0.012,"Significant","synonymous"
"12774C>T","8209C>T",531,534.028063610851,-0.00246955907646533,0.661,"Not Significant","synonymous"
"12774C>T","3757C>T",457,482.043030869972,-0.0231696083665775,0,"Significant","synonymous"
"14980C>T","4194C>T",570,591.827876520112,-0.0163205619512572,0.001,"Significant","synonymous"
"14980C>T","13848C>T",677,564.617399438728,0.0788344113039247,0,"Significant","synonymous"
"14980C>T","13725C>T",651,608.456501403181,0.0293514526345106,0,"Significant","synonymous"
"14980C>T","13623C>T",583,546.477081384471,0.0280966018986702,0,"Significant","synonymous"
"14980C>T","7588G>A",392,377.167446211412,0.0167518658312549,0.039,"Significant","synonymous"
"14980C>T","4161C>T",693,587.292797006548,0.071878560245073,0,"Significant","synonymous"
"14980C>T","9209G>A",583,605.433115060804,-0.0163976168910289,0.001,"Significant","synonymous"
"14980C>T","3525C>T",547,520.778297474275,0.0213344488599928,0,"Significant","synonymous"
"14980C>T","12636C>T",288,355.247895229186,-0.0911390257422662,0,"Significant","synonymous"
"14980C>T","3636C>T",526,560.082319925164,-0.0272661193913922,0,"Significant","synonymous"
"14980C>T","10646G>A",673,554.791393826006,0.0838853487420844,0,"Significant","synonymous"
"14980C>T","8464C>T",677,609.968194574368,0.0452814783972588,0,"Significant","synonymous"
"14980C>T","14239C>T",611,611.479887745557,-0.000340966935526123,1,"Not Significant","synonymous"
"14980C>T","11977C>T",753,745.264733395697,0.00448440569368059,0.052,"Not Significant","synonymous"
"14980C>T","11102C>T",516,547.232927970065,-0.0255225201357389,0,"Significant","synonymous"
"14980C>T","15490C>T",674,569.908325537886,0.0728548950997259,0,"Significant","synonymous"
"14980C>T","15448C>T",783,782.301216089803,0.000387756699198726,0.832,"Not Significant","synonymous"
"14980C>T","10592C>T",589,581.246024321796,0.00575529941986158,0.243,"Not Significant","synonymous"
"14980C>T","9569C>T",537,506.417212347989,0.0254658274329163,0,"Significant","synonymous"
"14980C>T","8841C>T",591,555.5472404116,0.0268664862312476,0,"Significant","synonymous"
"14980C>T","13377C>T",477,513.219831618335,-0.0317850508061895,0,"Significant","synonymous"
"14980C>T","12112C>T",590,566.129092609916,0.0179365383768665,0,"Significant","synonymous"
"14980C>T","12867C>T",593,559.32647333957,0.0253893180674739,0,"Significant","synonymous"
"14980C>T","4245C>T",519,516.243217960711,0.00231299860111669,0.707,"Not Significant","synonymous"
"14980C>T","12381A>T",649,529.848456501403,0.0880930232678874,0,"Significant","synonymous"
"14980C>T","9776C>T",648,627.352666043031,0.0140632579287091,0,"Significant","synonymous"
"14980C>T","8173C>T",474,516.999064546305,-0.0377114156118317,0,"Significant","synonymous"
"14980C>T","3951C>T",511,487.521047708138,0.0204275299336328,0,"Significant","synonymous"
"14980C>T","10874C>T",522,476.183348924228,0.0398962979828644,0,"Significant","synonymous"
"14980C>T","9806C>T",533,507.928905519177,0.0209242804069349,0,"Significant","synonymous"
"14980C>T","15265C>T",502,463.33395696913,0.0348095870607889,0,"Significant","synonymous"
"14980C>T","8209C>T",515,512.463985032741,0.00214387960831907,0.705,"Not Significant","synonymous"
"14980C>T","3757C>T",427,462.578110383536,-0.0347572026863377,0,"Significant","synonymous"
"4194C>T","13848C>T",530,547.147801683817,-0.0138287890637725,0.013,"Significant","synonymous"
"4194C>T","13725C>T",584,589.630495790458,-0.00416709010463368,0.401,"Not Significant","synonymous"
"4194C>T","13623C>T",533,529.568755846586,0.00280485488287557,0.658,"Not Significant","synonymous"
"4194C>T","7588G>A",357,365.497661365762,-0.0102163863603593,0.262,"Not Significant","synonymous"
"4194C>T","4161C>T",544,569.121608980355,-0.0196061759518962,0,"Significant","synonymous"
"4194C>T","9209G>A",655,586.700654817586,0.0478247270583723,0,"Significant","synonymous"
"4194C>T","3525C>T",511,504.665107577175,0.0054176213779205,0.389,"Not Significant","synonymous"
"4194C>T","12636C>T",377,344.256314312441,0.0394594354208992,0,"Significant","synonymous"
"4194C>T","3636C>T",626,542.753040224509,0.0619720683819256,0,"Significant","synonymous"
"4194C>T","10646G>A",515,537.625818521983,-0.0186728877240414,0,"Significant","synonymous"
"4194C>T","8464C>T",589,591.095416276894,-0.0015422967841339,0.76,"Not Significant","synonymous"
"4194C>T","14239C>T",620,592.56033676333,0.019659111036813,0,"Significant","synonymous"
"4194C>T","11977C>T",734,722.205799812909,0.00703508812569304,0.006,"Significant","synonymous"
"4194C>T","11102C>T",607,530.301216089803,0.058666068028935,0,"Significant","synonymous"
"4194C>T","15490C>T",535,552.275023386342,-0.0138016206977083,0.008,"Significant","synonymous"
"4194C>T","15448C>T",766,758.096351730589,0.00450436299050146,0.003,"Significant","synonymous"
"4194C>T","10592C>T",582,563.261927034612,0.0142125879992896,0.003,"Significant","synonymous"
"4194C>T","9569C>T",475,490.748362956034,-0.0141652499251223,0.023,"Significant","synonymous"
"4194C>T","8841C>T",540,538.358278765201,0.00132236388960802,0.82,"Not Significant","synonymous"
"4194C>T","13377C>T",594,497.340505144995,0.0771326138515124,0,"Significant","synonymous"
"4194C>T","12112C>T",570,548.612722170252,0.0166089811238566,0.003,"Significant","synonymous"
"4194C>T","12867C>T",555,542.020579981291,0.0102772065425328,0.052,"Not Significant","synonymous"
"4194C>T","4245C>T",532,500.270346117867,0.0267068717643452,0,"Significant","synonymous"
"4194C>T","12381A>T",488,513.45463049579,-0.022082252813109,0,"Significant","synonymous"
"4194C>T","9776C>T",629,607.942001870907,0.0147884962200273,0.001,"Significant","synonymous"
"4194C>T","8173C>T",592,501.002806361085,0.0724815481536249,0,"Significant","synonymous"
"4194C>T","3951C>T",482,472.436856875585,0.00870326675441461,0.187,"Not Significant","synonymous"
"4194C>T","10874C>T",462,461.449953227315,0.000517369253378334,0.953,"Not Significant","synonymous"
"4194C>T","9806C>T",492,492.21328344247,-0.000188227135630272,1,"Not Significant","synonymous"
"4194C>T","15265C>T",439,448.99812909261,-0.00978001112545679,0.194,"Not Significant","synonymous"
"4194C>T","8209C>T",521,496.608044901777,0.0208239725832918,0,"Significant","synonymous"
"4194C>T","3757C>T",564,448.265668849392,0.0997436249885959,0,"Significant","synonymous"
"13848C>T","13725C>T",631,562.521047708138,0.0498905822696366,0,"Significant","synonymous"
"13848C>T","13623C>T",561,505.22076707203,0.0454816673550014,0,"Significant","synonymous"
"13848C>T","7588G>A",375,348.693171188026,0.0315878254976995,0,"Significant","synonymous"
"13848C>T","4161C>T",670,542.955098222638,0.0913108872932762,0,"Significant","synonymous"
"13848C>T","9209G>A",546,559.725912067353,-0.0107827699861192,0.043,"Significant","synonymous"
"13848C>T","3525C>T",493,481.462114125351,0.0102848007629813,0.105,"Not Significant","synonymous"
"13848C>T","12636C>T",239,328.428437792329,-0.138042853594151,0,"Significant","synonymous"
"13848C>T","3636C>T",498,517.798877455566,-0.0169317618262281,0.002,"Significant","synonymous"
"13848C>T","10646G>A",648,512.907390084191,0.101536049347884,0,"Significant","synonymous"
"13848C>T","8464C>T",634,563.918615528531,0.050872826553033,0,"Significant","synonymous"
"13848C>T","14239C>T",565,565.316183348924,-0.000242970399454423,1,"Not Significant","synonymous"
"13848C>T","11977C>T",698,689.000935453695,0.00563561107532832,0.028,"Significant","synonymous"
"13848C>T","11102C>T",477,505.919550982226,-0.0255630837636485,0,"Significant","synonymous"
"13848C>T","15490C>T",650,526.88306828812,0.0911991141664452,0,"Significant","synonymous"
"13848C>T","15448C>T",726,723.241347053321,0.00165337430053628,0.35,"Not Significant","synonymous"
"13848C>T","10592C>T",547,537.364826941066,0.00771808992537762,0.161,"Not Significant","synonymous"
"13848C>T","9569C>T",517,468.185219831618,0.0430728437864866,0,"Significant","synonymous"
"13848C>T","8841C>T",559,513.606173994387,0.0367815721956007,0,"Significant","synonymous"
"13848C>T","13377C>T",447,474.474275023386,-0.0259051477551803,0,"Significant","synonymous"
"13848C>T","12112C>T",570,523.389148737137,0.0370501413663974,0,"Significant","synonymous"
"13848C>T","12867C>T",559,517.100093545369,0.0338371915488202,0,"Significant","synonymous"
"13848C>T","4245C>T",500,477.269410664172,0.0202064040478613,0.001,"Significant","synonymous"
"13848C>T","12381A>T",634,489.847521047708,0.112028343308433,0,"Significant","synonymous"
"13848C>T","9776C>T",612,579.99064546305,0.0233304331628627,0,"Significant","synonymous"
"13848C>T","8173C>T",440,477.968194574369,-0.0359463218405417,0,"Significant","synonymous"
"13848C>T","3951C>T",501,450.715622076707,0.0459351146253475,0,"Significant","synonymous"
"13848C>T","10874C>T",503,440.23386342376,0.0578845389957127,0,"Significant","synonymous"
"13848C>T","9806C>T",515,469.582787652011,0.040095059380737,0,"Significant","synonymous"
"13848C>T","15265C>T",495,428.354536950421,0.0628018278085193,0,"Significant","synonymous"
"13848C>T","8209C>T",495,473.77549111319,0.0190326084598807,0.002,"Significant","synonymous"
"13848C>T","3757C>T",398,427.655753040225,-0.0312112466784865,0,"Significant","synonymous"
"13725C>T","13623C>T",570,544.448082319925,0.0199183832188666,0,"Significant","synonymous"
"13725C>T","7588G>A",395,375.767072029935,0.0216783748439742,0.005,"Significant","synonymous"
"13725C>T","4161C>T",628,585.112254443405,0.0307204497771863,0,"Significant","synonymous"
"13725C>T","9209G>A",600,603.185219831618,-0.00229944085968419,0.609,"Not Significant","synonymous"
"13725C>T","3525C>T",530,518.844714686623,0.00923847253407087,0.097,"Not Significant","synonymous"
"13725C>T","12636C>T",309,353.928905519177,-0.0589575536699555,0,"Significant","synonymous"
"13725C>T","3636C>T",554,558.002806361085,-0.0031266184099884,0.554,"Not Significant","synonymous"
"13725C>T","10646G>A",604,552.731524789523,0.0385227035459641,0,"Significant","synonymous"
"13725C>T","8464C>T",639,607.703461178672,0.0218091482772357,0,"Significant","synonymous"
"13725C>T","14239C>T",610,609.20954162769,0.000563138239404055,0.94,"Not Significant","synonymous"
"13725C>T","11977C>T",747,742.497661365762,0.00262551171509668,0.235,"Not Significant","synonymous"
"13725C>T","11102C>T",544,545.201122544434,-0.000957841658057326,0.883,"Not Significant","synonymous"
"13725C>T","15490C>T",612,567.792329279701,0.0325619011166911,0,"Significant","synonymous"
"13725C>T","15448C>T",783,779.396632366698,0.00200323710591614,0.152,"Not Significant","synonymous"
"13725C>T","10592C>T",591,579.087932647334,0.00884296592073226,0.069,"Not Significant","synonymous"
"13725C>T","9569C>T",571,504.536950420954,0.0537431303859211,0,"Significant","synonymous"
"13725C>T","8841C>T",624,553.484565014032,0.0520790754391297,0,"Significant","synonymous"
"13725C>T","13377C>T",502,511.314312441534,-0.0079842322945713,0.164,"Not Significant","synonymous"
"13725C>T","12112C>T",582,564.027128157156,0.0136229917913291,0.006,"Significant","synonymous"
"13725C>T","12867C>T",579,557.249766136576,0.0166286688373665,0.001,"Significant","synonymous"
"13725C>T","4245C>T",534,514.32647333957,0.0163023781879303,0.004,"Significant","synonymous"
"13725C>T","12381A>T",581,527.88119738073,0.0416399392645741,0,"Significant","synonymous"
"13725C>T","9776C>T",636,625.023386342376,0.00756084811324827,0.078,"Not Significant","synonymous"
"13725C>T","8173C>T",503,515.079513564079,-0.0103062918232774,0.092,"Not Significant","synonymous"
"13725C>T","3951C>T",510,485.710944808232,0.0211922863035738,0,"Significant","synonymous"
"13725C>T","10874C>T",547,474.415341440599,0.0618286017207465,0,"Significant","synonymous"
"13725C>T","9806C>T",575,506.043030869972,0.0554803964767044,0,"Significant","synonymous"
"13725C>T","15265C>T",516,461.613657623948,0.0483710519496959,0,"Significant","synonymous"
"13725C>T","8209C>T",569,510.561272217025,0.0470643973689086,0,"Significant","synonymous"
"13725C>T","3757C>T",446,460.860617399439,-0.0142347385925067,0.035,"Significant","synonymous"
"13623C>T","7588G>A",326,337.490177736202,-0.0150435376411991,0.131,"Not Significant","synonymous"
"13623C>T","4161C>T",564,525.510757717493,0.0306974930966697,0,"Significant","synonymous"
"13623C>T","9209G>A",547,541.742750233863,0.00419421816343955,0.421,"Not Significant","synonymous"
"13623C>T","3525C>T",465,465.993451824135,-0.000926861103424471,0.942,"Not Significant","synonymous"
"13623C>T","12636C>T",279,317.876520112254,-0.0566542467478536,0,"Significant","synonymous"
"13623C>T","3636C>T",510,501.162768942937,0.00759137603285388,0.24,"Not Significant","synonymous"
"13623C>T","10646G>A",542,496.428437792329,0.0381426345365562,0,"Significant","synonymous"
"13623C>T","8464C>T",578,545.800748362956,0.0248937116127014,0,"Significant","synonymous"
"13623C>T","14239C>T",560,547.153414405987,0.0100789133081735,0.059,"Not Significant","synonymous"
"13623C>T","11977C>T",676,666.864359214219,0.00590918891467114,0.027,"Significant","synonymous"
"13623C>T","11102C>T",501,489.665107577175,0.00993856758434408,0.123,"Not Significant","synonymous"
"13623C>T","15490C>T",553,509.955098222638,0.0351931933491648,0,"Significant","synonymous"
"13623C>T","15448C>T",702,700.004677268475,0.00123617025111569,0.596,"Not Significant","synonymous"
"13623C>T","10592C>T",509,520.100093545369,-0.00936914955042326,0.091,"Not Significant","synonymous"
"13623C>T","9569C>T",480,453.143124415341,0.0250058425890026,0,"Significant","synonymous"
"13623C>T","8841C>T",532,497.104770813845,0.0294637011250948,0,"Significant","synonymous"
"13623C>T","13377C>T",454,459.23012160898,-0.00497451350914943,0.491,"Not Significant","synonymous"
"13623C>T","12112C>T",560,506.573433115061,0.043545617220973,0,"Significant","synonymous"
"13623C>T","12867C>T",528,500.486435921422,0.0232416107170788,0,"Significant","synonymous"
"13623C>T","4245C>T",493,461.935453695042,0.0282656235099387,0,"Significant","synonymous"
"13623C>T","12381A>T",519,474.10944808232,0.0392887477960386,0,"Significant","synonymous"
"13623C>T","9776C>T",600,561.356407857811,0.028912565921812,0,"Significant","synonymous"
"13623C>T","8173C>T",463,462.611786716558,0.000364297212084075,1,"Not Significant","synonymous"
"13623C>T","3951C>T",479,436.234798877456,0.0406152066935338,0,"Significant","synonymous"
"13623C>T","10874C>T",458,426.089803554724,0.0313643364645276,0,"Significant","synonymous"
"13623C>T","9806C>T",489,454.495790458372,0.0317789939840354,0,"Significant","synonymous"
"13623C>T","15265C>T",468,414.592142188962,0.0526247864699443,0,"Significant","synonymous"
"13623C>T","8209C>T",490,458.553788587465,0.0288057940756914,0,"Significant","synonymous"
"13623C>T","3757C>T",415,413.915809167446,0.00113608248077839,0.893,"Not Significant","synonymous"
"7588G>A","4161C>T",382,362.696913002806,0.0225195036961765,0.007,"Significant","synonymous"
"7588G>A","9209G>A",345,373.89990645463,-0.0349362614255657,0,"Significant","synonymous"
"7588G>A","3525C>T",359,321.619270346118,0.0477523862560674,0,"Significant","synonymous"
"7588G>A","12636C>T",188,219.391955098223,-0.0670628490866165,0,"Significant","synonymous"
"7588G>A","3636C>T",316,345.89242282507,-0.0392539657755243,0,"Significant","synonymous"
"7588G>A","10646G>A",371,342.624883068288,0.0345550092843538,0,"Significant","synonymous"
"7588G>A","8464C>T",388,376.700654817586,0.0128353504575216,0.115,"Not Significant","synonymous"
"7588G>A","14239C>T",338,377.634237605239,-0.048154661749216,0,"Significant","synonymous"
"7588G>A","11977C>T",459,460.256314312442,-0.00118706981856159,0.824,"Not Significant","synonymous"
"7588G>A","11102C>T",309,337.956969130028,-0.0389029271869121,0,"Significant","synonymous"
"7588G>A","15490C>T",381,351.960710944808,0.034430789391224,0,"Significant","synonymous"
"7588G>A","15448C>T",488,483.129092609916,0.0043566317951613,0.107,"Not Significant","synonymous"
"7588G>A","10592C>T",375,358.962581852198,0.0189820875116708,0.033,"Significant","synonymous"
"7588G>A","9569C>T",282,312.750233863424,-0.0449485347960621,0,"Significant","synonymous"
"7588G>A","8841C>T",340,343.091674462114,-0.00393126245655057,0.683,"Not Significant","synonymous"
"7588G>A","13377C>T",282,316.951356407858,-0.0507435063757355,0,"Significant","synonymous"
"7588G>A","12112C>T",314,349.626753975678,-0.0466750100408493,0,"Significant","synonymous"
"7588G>A","12867C>T",340,345.425631431244,-0.00687564310333093,0.486,"Not Significant","synonymous"
"7588G>A","4245C>T",310,318.818521983162,-0.012181850261868,0.257,"Not Significant","synonymous"
"7588G>A","12381A>T",356,327.22076707203,0.036609139591594,0,"Significant","synonymous"
"7588G>A","9776C>T",363,387.436856875585,-0.0282943077545657,0,"Significant","synonymous"
"7588G>A","8173C>T",285,319.285313376988,-0.0493340821262015,0,"Significant","synonymous"
"7588G>A","3951C>T",293,301.080449017774,-0.0118149346957662,0.322,"Not Significant","synonymous"
"7588G>A","10874C>T",266,294.078578110383,-0.043581753237111,0,"Significant","synonymous"
"7588G>A","9806C>T",285,313.683816651076,-0.0416472534599131,0.002,"Significant","synonymous"
"7588G>A","15265C>T",266,286.143124415341,-0.0317016783019485,0.022,"Significant","synonymous"
"7588G>A","8209C>T",279,316.484565014032,-0.0547483310080592,0,"Significant","synonymous"
"7588G>A","3757C>T",244,285.676333021515,-0.0684844362214177,0,"Significant","synonymous"
"4161C>T","9209G>A",562,582.204864359214,-0.0153395141073101,0.001,"Significant","synonymous"
"4161C>T","3525C>T",530,500.797942001871,0.0246133341010222,0,"Significant","synonymous"
"4161C>T","12636C>T",266,341.618334892423,-0.108659534896751,0,"Significant","synonymous"
"4161C>T","3636C>T",512,538.594013096352,-0.0219915605956294,0,"Significant","synonymous"
"4161C>T","10646G>A",657,533.506080449018,0.0904259960515587,0,"Significant","synonymous"
"4161C>T","8464C>T",667,586.5659494855,0.0558089856023334,0,"Significant","synonymous"
"4161C>T","14239C>T",581,588.019644527596,-0.00521570281407688,0.23,"Not Significant","synonymous"
"4161C>T","11977C>T",725,716.67165575304,0.00501777803764557,0.038,"Significant","synonymous"
"4161C>T","11102C>T",492,526.237605238541,-0.0292167770219171,0,"Significant","synonymous"
"4161C>T","15490C>T",660,548.043030869972,0.080729276079945,0,"Significant","synonymous"
"4161C>T","15448C>T",754,752.287184284378,0.000987682484701142,0.558,"Not Significant","synonymous"
"4161C>T","10592C>T",553,558.945743685687,-0.00464452208886813,0.401,"Not Significant","synonymous"
"4161C>T","9569C>T",527,486.987839101964,0.0342924989195773,0,"Significant","synonymous"
"4161C>T","8841C>T",559,534.232927970065,0.0196811552100885,0,"Significant","synonymous"
"4161C>T","13377C>T",461,493.529466791394,-0.0296121624829835,0,"Significant","synonymous"
"4161C>T","12112C>T",571,544.408793264733,0.0207109769542416,0,"Significant","synonymous"
"4161C>T","12867C>T",571,537.867165575304,0.025961074922731,0,"Significant","synonymous"
"4161C>T","4245C>T",511,496.436856875585,0.0125568828610414,0.051,"Not Significant","synonymous"
"4161C>T","12381A>T",639,509.520112254443,0.0983395265995881,0,"Significant","synonymous"
"4161C>T","9776C>T",626,603.283442469598,0.0160529272422169,0,"Significant","synonymous"
"4161C>T","8173C>T",455,497.163704396632,-0.0384880186551319,0,"Significant","synonymous"
"4161C>T","3951C>T",498,468.816651075772,0.026226314532308,0,"Significant","synonymous"
"4161C>T","10874C>T",507,457.913938260056,0.0442240962876089,0,"Significant","synonymous"
"4161C>T","9806C>T",517,488.44153414406,0.0246779564479763,0,"Significant","synonymous"
"4161C>T","15265C>T",495,445.557530402245,0.0457014108230077,0,"Significant","synonymous"
"4161C>T","8209C>T",506,492.802619270346,0.0114775093805972,0.079,"Not Significant","synonymous"
"4161C>T","3757C>T",402,444.830682881197,-0.043968682653217,0,"Significant","synonymous"
"9209G>A","3525C>T",500,516.266604303087,-0.0139040284470641,0.025,"Significant","synonymous"
"9209G>A","12636C>T",385,352.170252572498,0.0387080606973131,0,"Significant","synonymous"
"9209G>A","3636C>T",656,555.23012160898,0.0724308205208605,0,"Significant","synonymous"
"9209G>A","10646G>A",533,549.985032740879,-0.0136236617649554,0.01,"Significant","synonymous"
"9209G>A","8464C>T",606,604.683816651076,0.000944278568756044,0.871,"Not Significant","synonymous"
"9209G>A","14239C>T",661,606.182413470533,0.0375981269979024,0,"Significant","synonymous"
"9209G>A","11977C>T",761,738.808231992516,0.0128529309539002,0,"Significant","synonymous"
"9209G>A","11102C>T",627,542.492048643592,0.0628741637580991,0,"Significant","synonymous"
"9209G>A","15490C>T",551,564.971000935454,-0.0108745578934466,0.038,"Significant","synonymous"
"9209G>A","15448C>T",785,775.523854069224,0.00527449607685562,0,"Significant","synonymous"
"9209G>A","10592C>T",590,576.210477081384,0.0102708609652518,0.03,"Significant","synonymous"
"9209G>A","9569C>T",526,502.029934518241,0.0202561305774491,0,"Significant","synonymous"
"9209G>A","8841C>T",568,550.734331150608,0.0134061857513619,0.007,"Significant","synonymous"
"9209G>A","13377C>T",605,508.7736202058,0.075230789496494,0,"Significant","synonymous"
"9209G>A","12112C>T",619,561.22450888681,0.0425540204451846,0,"Significant","synonymous"
"9209G>A","12867C>T",581,554.480823199252,0.0202896017838913,0,"Significant","synonymous"
"9209G>A","4245C>T",548,511.770813844715,0.0297050439273714,0,"Significant","synonymous"
"9209G>A","12381A>T",506,525.258185219832,-0.0162223120023161,0.006,"Significant","synonymous"
"9209G>A","9776C>T",662,621.917680074836,0.0271250861881622,0,"Significant","synonymous"
"9209G>A","8173C>T",617,512.520112254443,0.0805742514376515,0,"Significant","synonymous"
"9209G>A","3951C>T",511,483.297474275023,0.0242063746239804,0,"Significant","synonymous"
"9209G>A","10874C>T",504,472.057998129093,0.0284351761164782,0,"Significant","synonymous"
"9209G>A","9806C>T",525,503.528531337699,0.0181352194766685,0.002,"Significant","synonymous"
"9209G>A","15265C>T",474,459.319925163704,0.0136630562802075,0.045,"Significant","synonymous"
"9209G>A","8209C>T",564,508.024321796071,0.0453945992408109,0,"Significant","synonymous"
"9209G>A","3757C>T",567,458.570626753976,0.0921768258718677,0,"Significant","synonymous"
"3525C>T","12636C>T",307,302.927970065482,0.00579900084261932,0.627,"Not Significant","synonymous"
"3525C>T","3636C>T",460,477.594948550047,-0.0163018929965984,0.019,"Significant","synonymous"
"3525C>T","10646G>A",497,473.083255378859,0.0214188121184094,0.002,"Significant","synonymous"
"3525C>T","8464C>T",543,520.133769878391,0.0186847781679252,0,"Significant","synonymous"
"3525C>T","14239C>T",493,521.422825070159,-0.0243431190338854,0,"Significant","synonymous"
"3525C>T","11977C>T",641,635.504209541628,0.00373959787875783,0.224,"Not Significant","synonymous"
"3525C>T","11102C>T",444,466.637979420019,-0.0215971127813701,0.003,"Significant","synonymous"
"3525C>T","15490C>T",505,485.973807296539,0.0166785155500362,0.008,"Significant","synonymous"
"3525C>T","15448C>T",675,667.086061739944,0.00512190633923987,0.008,"Significant","synonymous"
"3525C>T","10592C>T",510,495.641721234799,0.012402319597655,0.049,"Significant","synonymous"
"3525C>T","9569C>T",413,431.833489242283,-0.0193662677432687,0.019,"Significant","synonymous"
"3525C>T","8841C>T",481,473.727782974743,0.00661622059078764,0.338,"Not Significant","synonymous"
"3525C>T","13377C>T",419,437.634237605239,-0.0188972680130498,0.011,"Significant","synonymous"
"3525C>T","12112C>T",448,482.751169317119,-0.0324453204001633,0,"Significant","synonymous"
"3525C>T","12867C>T",467,476.950420954163,-0.0091563558637099,0.209,"Not Significant","synonymous"
"3525C>T","4245C>T",426,440.212347988775,-0.0142526212776582,0.068,"Not Significant","synonymous"
"3525C>T","12381A>T",475,451.813844714687,0.0217340749593554,0.001,"Significant","synonymous"
"3525C>T","9776C>T",513,534.957904583723,-0.018202243963102,0.002,"Significant","synonymous"
"3525C>T","8173C>T",410,440.856875584659,-0.0315137616992211,0,"Significant","synonymous"
"3525C>T","3951C>T",408,415.720299345182,-0.00814106824423371,0.345,"Not Significant","synonymous"
"3525C>T","10874C>T",389,406.052385406922,-0.0186324648267171,0.037,"Significant","synonymous"
"3525C>T","9806C>T",419,433.12254443405,-0.0143967667863743,0.064,"Not Significant","synonymous"
"3525C>T","15265C>T",368,395.095416276894,-0.0308541725437371,0.002,"Significant","synonymous"
"3525C>T","8209C>T",414,436.989710009355,-0.0234708694450067,0.001,"Significant","synonymous"
"3525C>T","3757C>T",366,394.45088868101,-0.0325118534499898,0.001,"Significant","synonymous"
"12636C>T","3636C>T",358,325.790458372311,0.0409446659375947,0,"Significant","synonymous"
"12636C>T","10646G>A",248,322.712815715622,-0.114364531816753,0,"Significant","synonymous"
"12636C>T","8464C>T",318,354.808231992516,-0.047566567464563,0,"Significant","synonymous"
"12636C>T","14239C>T",379,355.687558465856,0.0275705356288531,0.002,"Significant","synonymous"
"12636C>T","11977C>T",436,433.507951356408,0.00248942160043479,0.635,"Not Significant","synonymous"
"12636C>T","11102C>T",362,318.316183348924,0.0558498516090628,0,"Significant","synonymous"
"12636C>T","15490C>T",262,331.506080449018,-0.102190207276933,0,"Significant","synonymous"
"12636C>T","15448C>T",462,455.051449953227,0.00658147303624808,0.024,"Significant","synonymous"
"12636C>T","10592C>T",360,338.101028999065,0.027256008238909,0.003,"Significant","synonymous"
"12636C>T","9569C>T",269,294.574368568756,-0.0394426754253439,0.001,"Significant","synonymous"
"12636C>T","8841C>T",292,323.152478952292,-0.0440246403627017,0,"Significant","synonymous"
"12636C>T","13377C>T",352,298.531337698784,0.0715527364706678,0,"Significant","synonymous"
"12636C>T","12112C>T",315,329.307764265669,-0.0192914166367994,0.054,"Not Significant","synonymous"
"12636C>T","12867C>T",300,325.350795135641,-0.035230617738242,0,"Significant","synonymous"
"12636C>T","4245C>T",302,300.289990645463,0.00246608654867778,0.852,"Not Significant","synonymous"
"12636C>T","12381A>T",237,308.203928905519,-0.114089824683452,0,"Significant","synonymous"
"12636C>T","9776C>T",366,364.920486435921,0.00128284029139703,0.871,"Not Significant","synonymous"
"12636C>T","8173C>T",346,300.729653882133,0.0608998443457021,0,"Significant","synonymous"
"12636C>T","3951C>T",249,283.582787652011,-0.0564805202664496,0,"Significant","synonymous"
"12636C>T","10874C>T",241,276.987839101964,-0.0604436596056293,0,"Significant","synonymous"
"12636C>T","9806C>T",276,295.453695042095,-0.0295803437155367,0.015,"Significant","synonymous"
"12636C>T","15265C>T",226,269.513564078578,-0.0764721880979225,0,"Significant","synonymous"
"12636C>T","8209C>T",304,298.091674462114,0.00852373701474813,0.496,"Not Significant","synonymous"
"12636C>T","3757C>T",319,269.073900841908,0.0739191081846552,0,"Significant","synonymous"
"3636C>T","10646G>A",482,508.787652011225,-0.0234895244477664,0.001,"Significant","synonymous"
"3636C>T","8464C>T",560,559.389148737137,0.000473989513579818,0.933,"Not Significant","synonymous"
"3636C>T","14239C>T",619,560.77549111319,0.0429016246372882,0,"Significant","synonymous"
"3636C>T","11977C>T",700,683.466791393826,0.010380622302494,0,"Significant","synonymous"
"3636C>T","11102C>T",610,501.855940130963,0.0847507660430547,0,"Significant","synonymous"
"3636C>T","15490C>T",502,522.651075771749,-0.0175081314953015,0.002,"Significant","synonymous"
"3636C>T","15448C>T",726,717.43217960711,0.00515576813660625,0.002,"Significant","synonymous"
"3636C>T","10592C>T",536,533.048643592142,0.00239794712078839,0.739,"Not Significant","synonymous"
"3636C>T","9569C>T",486,464.424695977549,0.0197209637909126,0,"Significant","synonymous"
"3636C>T","8841C>T",529,509.480823199252,0.0163278301804375,0.01,"Significant","synonymous"
"3636C>T","13377C>T",590,470.663236669785,0.0981417345910738,0,"Significant","synonymous"
"3636C>T","12112C>T",570,519.185219831618,0.0405525352024673,0,"Significant","synonymous"
"3636C>T","12867C>T",537,512.946679139383,0.0199020631980255,0.001,"Significant","synonymous"
"3636C>T","4245C>T",515,473.43592142189,0.0365460225891009,0,"Significant","synonymous"
"3636C>T","12381A>T",459,485.913002806361,-0.0247458351999423,0,"Significant","synonymous"
"3636C>T","9776C>T",630,575.33208606174,0.0394219543069511,0,"Significant","synonymous"
"3636C>T","8173C>T",602,474.129092609916,0.103699886767139,0,"Significant","synonymous"
"3636C>T","3951C>T",491,447.095416276894,0.0406812747171418,0,"Significant","synonymous"
"3636C>T","10874C>T",469,436.697848456501,0.0309917904909446,0,"Significant","synonymous"
"3636C>T","9806C>T",502,465.811038353601,0.0324939413206373,0,"Significant","synonymous"
"3636C>T","15265C>T",454,424.913938260056,0.0287548755681322,0,"Significant","synonymous"
"3636C>T","8209C>T",530,469.970065481759,0.0522056729631651,0,"Significant","synonymous"
"3636C>T","3757C>T",561,424.22076707203,0.121370936340025,0,"Significant","synonymous"
"10646G>A","8464C>T",632,554.104770813845,0.0571251888530124,0,"Significant","synonymous"
"10646G>A","14239C>T",548,555.478016838167,-0.00588631783519466,0.283,"Not Significant","synonymous"
"10646G>A","11977C>T",689,677.010289990645,0.007623952259121,0.004,"Significant","synonymous"
"10646G>A","11102C>T",460,497.11506080449,-0.0336990892228583,0,"Significant","synonymous"
"10646G>A","15490C>T",647,517.713751169317,0.0968145800916171,0,"Significant","synonymous"
"10646G>A","15448C>T",716,710.65481758653,0.00325431780762598,0.052,"Not Significant","synonymous"
"10646G>A","10592C>T",523,528.013096351731,-0.00414300564144856,0.463,"Not Significant","synonymous"
"10646G>A","9569C>T",497,460.037418147802,0.0335632313252062,0,"Significant","synonymous"
"10646G>A","8841C>T",536,504.66791393826,0.0261590959012776,0,"Significant","synonymous"
"10646G>A","13377C>T",433,466.21702525725,-0.0321002326344216,0,"Significant","synonymous"
"10646G>A","12112C>T",546,514.280636108513,0.0259924702979733,0,"Significant","synonymous"
"10646G>A","12867C>T",546,508.101028999065,0.0312425682664626,0,"Significant","synonymous"
"10646G>A","4245C>T",484,468.963517305893,0.0137063032555845,0.038,"Significant","synonymous"
"10646G>A","12381A>T",623,481.32273152479,0.112051673985198,0,"Significant","synonymous"
"10646G>A","9776C>T",596,569.897100093545,0.0194498126568666,0,"Significant","synonymous"
"10646G>A","8173C>T",426,469.650140318054,-0.0423648573246803,0,"Significant","synonymous"
"10646G>A","3951C>T",473,442.871842843779,0.0285830713952451,0,"Significant","synonymous"
"10646G>A","10874C>T",481,432.572497661366,0.0460861722129475,0,"Significant","synonymous"
"10646G>A","9806C>T",498,461.410664172124,0.0331417149985929,0,"Significant","synonymous"
"10646G>A","15265C>T",470,420.89990645463,0.0479190287099991,0,"Significant","synonymous"
"10646G>A","8209C>T",477,465.530402245089,0.0105703304657558,0.121,"Not Significant","synonymous"
"10646G>A","3757C>T",384,420.21328344247,-0.0391385524853132,0,"Significant","synonymous"
"8464C>T","14239C>T",626,610.723105706268,0.0107299820848632,0.012,"Significant","synonymous"
"8464C>T","11977C>T",760,744.342376052385,0.00904084782628648,0,"Significant","synonymous"
"8464C>T","11102C>T",543,546.555659494855,-0.00283456612159174,0.59,"Not Significant","synonymous"
"8464C>T","15490C>T",638,569.202993451824,0.0495535033380876,0,"Significant","synonymous"
"8464C>T","15448C>T",790,781.333021515435,0.00479091198421189,0,"Significant","synonymous"
"8464C>T","10592C>T",583,580.526660430309,0.00184638544429037,0.766,"Not Significant","synonymous"
"8464C>T","9569C>T",518,505.79045837231,0.0103591275311122,0.087,"Not Significant","synonymous"
"8464C>T","8841C>T",575,554.859681945744,0.0154846760921405,0.003,"Significant","synonymous"
"8464C>T","13377C>T",501,512.584658559401,-0.00992787792654645,0.079,"Not Significant","synonymous"
"8464C>T","12112C>T",602,565.428437792329,0.027218844045061,0,"Significant","synonymous"
"8464C>T","12867C>T",585,558.634237605239,0.0200283168379083,0,"Significant","synonymous"
"8464C>T","4245C>T",527,515.604303086997,0.00949408201771976,0.102,"Not Significant","synonymous"
"8464C>T","12381A>T",616,529.192703461179,0.0659668646844628,0,"Significant","synonymous"
"8464C>T","9776C>T",666,626.576239476146,0.0265003072809307,0,"Significant","synonymous"
"8464C>T","8173C>T",507,516.359214218896,-0.00794397190007112,0.188,"Not Significant","synonymous"
"8464C>T","3951C>T",519,486.917680074836,0.0277118136998922,0,"Significant","synonymous"
"8464C>T","10874C>T",512,475.594013096352,0.0320335820089503,0,"Significant","synonymous"
"8464C>T","9806C>T",518,507.300280636108,0.00906465717811372,0.112,"Not Significant","synonymous"
"8464C>T","15265C>T",495,462.760523854069,0.0292488949018551,0,"Significant","synonymous"
"8464C>T","8209C>T",531,511.829747427502,0.0159689977011104,0.003,"Significant","synonymous"
"8464C>T","3757C>T",450,462.00561272217,-0.0114347378835074,0.081,"Not Significant","synonymous"
"14239C>T","11977C>T",764,746.187090739008,0.010245627230983,0,"Significant","synonymous"
"14239C>T","11102C>T",597,547.910196445276,0.0372649485287215,0,"Significant","synonymous"
"14239C>T","15490C>T",567,570.613657623948,-0.00275910338036123,0.579,"Not Significant","synonymous"
"14239C>T","15448C>T",788,783.269410664172,0.00261505129312419,0.056,"Not Significant","synonymous"
"14239C>T","10592C>T",630,581.965388213283,0.0344433932486507,0,"Significant","synonymous"
"14239C>T","9569C>T",542,507.043966323667,0.0289536674340607,0,"Significant","synonymous"
"14239C>T","8841C>T",585,556.234798877456,0.0218977105944875,0,"Significant","synonymous"
"14239C>T","13377C>T",572,513.855004677268,0.0465554381090197,0,"Significant","synonymous"
"14239C>T","12112C>T",635,566.829747427502,0.0493210911890067,0,"Significant","synonymous"
"14239C>T","12867C>T",597,560.018709073901,0.0277717949948939,0,"Significant","synonymous"
"14239C>T","4245C>T",568,516.882132834425,0.0409568156259844,0,"Significant","synonymous"
"14239C>T","12381A>T",531,530.504209541628,0.000405686711316063,1,"Not Significant","synonymous"
"14239C>T","9776C>T",675,628.129092609916,0.0312548640514519,0,"Significant","synonymous"
"14239C>T","8173C>T",581,517.638914873714,0.0501492142667111,0,"Significant","synonymous"
"14239C>T","3951C>T",521,488.124415341441,0.0283071922607568,0,"Significant","synonymous"
"14239C>T","10874C>T",530,476.772684752105,0.045964503743704,0,"Significant","synonymous"
"14239C>T","9806C>T",544,508.557530402245,0.0292588102408548,0,"Significant","synonymous"
"14239C>T","15265C>T",508,463.907390084191,0.0394324213620018,0,"Significant","synonymous"
"14239C>T","8209C>T",581,513.098222637979,0.0539756221197633,0,"Significant","synonymous"
"14239C>T","3757C>T",524,463.150608044902,0.0536090484346603,0,"Significant","synonymous"
"11977C>T","11102C>T",685,667.78671655753,0.0110527955628439,0,"Significant","synonymous"
"11977C>T","15490C>T",705,695.457436856876,0.0059185613891906,0.01,"Significant","synonymous"
"11977C>T","15448C>T",963,954.639850327409,0.00378672759916433,0,"Significant","synonymous"
"11977C>T","10592C>T",721,709.292797006548,0.00710971518556376,0.002,"Significant","synonymous"
"11977C>T","9569C>T",633,617.979420018709,0.0104296975840939,0,"Significant","synonymous"
"11977C>T","8841C>T",691,677.932647333957,0.00829149855756911,0,"Significant","synonymous"
"11977C>T","13377C>T",639,626.280636108513,0.00873187414546396,0.003,"Significant","synonymous"
"11977C>T","12112C>T",716,690.845650140318,0.0155319948759537,0,"Significant","synonymous"
"11977C>T","12867C>T",698,682.544434050514,0.0097244931597503,0,"Significant","synonymous"
"11977C>T","4245C>T",648,629.970065481759,0.0122550924566257,0,"Significant","synonymous"
"11977C>T","12381A>T",655,646.572497661366,0.00562407229269039,0.059,"Not Significant","synonymous"
"11977C>T","9776C>T",779,765.55659494855,0.00756015556405638,0,"Significant","synonymous"
"11977C>T","8173C>T",648,630.89242282507,0.0116196944180421,0,"Significant","synonymous"
"11977C>T","3951C>T",612,594.920486435921,0.0122924977778581,0,"Significant","synonymous"
"11977C>T","10874C>T",595,581.085126286249,0.010277206542533,0,"Significant","synonymous"
"11977C>T","9806C>T",634,619.824134705332,0.00982077509547271,0,"Significant","synonymous"
"11977C>T","15265C>T",577,565.405051449953,0.00881612890488154,0.006,"Significant","synonymous"
"11977C>T","8209C>T",639,625.358278765201,0.00937195455890215,0.002,"Significant","synonymous"
"11977C>T","3757C>T",580,564.482694106642,0.0117773616849408,0.001,"Significant","synonymous"
"11102C>T","15490C>T",483,510.6604303087,-0.0241850761066259,0.001,"Significant","synonymous"
"11102C>T","15448C>T",707,700.972871842844,0.00371820301559349,0.026,"Significant","synonymous"
"11102C>T","10592C>T",542,520.819457436857,0.0173120857485838,0.003,"Significant","synonymous"
"11102C>T","9569C>T",454,453.76987839102,0.00022018916790857,1,"Not Significant","synonymous"
"11102C>T","8841C>T",502,497.792329279701,0.00365551707245476,0.552,"Not Significant","synonymous"
"11102C>T","13377C>T",596,459.865294667914,0.112615624471344,0,"Significant","synonymous"
"11102C>T","12112C>T",553,507.274087932647,0.0374824526168559,0,"Significant","synonymous"
"11102C>T","12867C>T",503,501.178671655753,0.001575404336582,0.824,"Not Significant","synonymous"
"11102C>T","4245C>T",498,462.574368568756,0.0320477780898094,0,"Significant","synonymous"
"11102C>T","12381A>T",446,474.765201122544,-0.0271440202428797,0,"Significant","synonymous"
"11102C>T","9776C>T",602,562.132834424696,0.0297575378933766,0,"Significant","synonymous"
"11102C>T","8173C>T",589,463.251637043966,0.104298332078597,0,"Significant","synonymous"
"11102C>T","3951C>T",461,436.838166510758,0.0233803497660062,0.001,"Significant","synonymous"
"11102C>T","10874C>T",439,426.6791393826,0.012363109800168,0.11,"Not Significant","synonymous"
"11102C>T","9806C>T",477,455.124415341441,0.0203882449979154,0.004,"Significant","synonymous"
"11102C>T","15265C>T",423,415.165575304022,0.00811903186825648,0.293,"Not Significant","synonymous"
"11102C>T","8209C>T",499,459.188026192703,0.0361099907679501,0,"Significant","synonymous"
"11102C>T","3757C>T",539,414.488306828812,0.114076482052784,0,"Significant","synonymous"
"15490C>T","15448C>T",734,730.018709073901,0.00236206946213759,0.192,"Not Significant","synonymous"
"15490C>T","10592C>T",539,542.400374181478,-0.00273121527568788,0.646,"Not Significant","synonymous"
"15490C>T","9569C>T",506,472.572497661366,0.0296820734779706,0,"Significant","synonymous"
"15490C>T","8841C>T",539,518.419083255379,0.0169077854415446,0.001,"Significant","synonymous"
"15490C>T","13377C>T",450,478.920486435921,-0.0270509011661482,0,"Significant","synonymous"
"15490C>T","12112C>T",564,528.293732460243,0.0284036456228746,0,"Significant","synonymous"
"15490C>T","12867C>T",557,521.945743685687,0.0282298347817515,0,"Significant","synonymous"
"15490C>T","4245C>T",494,481.741814780168,0.0109126045811161,0.09,"Not Significant","synonymous"
"15490C>T","12381A>T",622,494.43779232928,0.0996787260631461,0,"Significant","synonymous"
"15490C>T","9776C>T",622,585.425631431244,0.0263186516537444,0,"Significant","synonymous"
"15490C>T","8173C>T",454,482.44714686623,-0.0263938895240026,0,"Significant","synonymous"
"15490C>T","3951C>T",485,454.939195509822,0.0277883833059939,0,"Significant","synonymous"
"15490C>T","10874C>T",491,444.359214218896,0.0433473020083815,0,"Significant","synonymous"
"15490C>T","9806C>T",491,473.983161833489,0.015318578408144,0.027,"Significant","synonymous"
"15490C>T","15265C>T",469,432.368568755847,0.0353187275356643,0,"Significant","synonymous"
"15490C>T","8209C>T",482,478.21515434986,0.0034237037107895,0.625,"Not Significant","synonymous"
"15490C>T","3757C>T",402,431.663236669785,-0.0309190097220797,0,"Significant","synonymous"
"15448C>T","10592C>T",753,744.541627689429,0.00490599181511045,0.001,"Significant","synonymous"
"15448C>T","9569C>T",654,648.690364826941,0.00354030103928174,0.082,"Not Significant","synonymous"
"15448C>T","8841C>T",716,711.623012160898,0.00266303863950177,0.118,"Not Significant","synonymous"
"15448C>T","13377C>T",664,657.404115996258,0.00433566050335661,0.021,"Significant","synonymous"
"15448C>T","12112C>T",730,725.177736202058,0.00287839783683055,0.088,"Not Significant","synonymous"
"15448C>T","12867C>T",722,716.463985032741,0.00334283325450395,0.043,"Significant","synonymous"
"15448C>T","4245C>T",665,661.276894293733,0.00243829703741304,0.227,"Not Significant","synonymous"
"15448C>T","12381A>T",684,678.704396632367,0.00337543916929859,0.069,"Not Significant","synonymous"
"15448C>T","9776C>T",810,803.601496725912,0.00344428191841691,0.012,"Significant","synonymous"
"15448C>T","8173C>T",665,662.245088868101,0.00180289899882965,0.342,"Not Significant","synonymous"
"15448C>T","3951C>T",626,624.485500467727,0.00105197399100322,0.625,"Not Significant","synonymous"
"15448C>T","10874C>T",612,609.962581852198,0.00144822810782079,0.494,"Not Significant","synonymous"
"15448C>T","9806C>T",657,650.626753975678,0.0042334519217964,0.04,"Significant","synonymous"
"15448C>T","15265C>T",597,593.503274087933,0.00255121202679512,0.284,"Not Significant","synonymous"
"15448C>T","8209C>T",661,656.43592142189,0.00300912103441794,0.091,"Not Significant","synonymous"
"15448C>T","3757C>T",598,592.535079513564,0.00398711725869038,0.071,"Not Significant","synonymous"
"10592C>T","9569C>T",482,481.973807296539,2.36009453701393e-05,1,"Not Significant","synonymous"
"10592C>T","8841C>T",542,528.732460243218,0.010763312861537,0.059,"Not Significant","synonymous"
"10592C>T","13377C>T",510,488.448082319925,0.018751767224778,0.002,"Significant","synonymous"
"10592C>T","12112C>T",530,538.803554724041,-0.00715458269132915,0.186,"Not Significant","synonymous"
"10592C>T","12867C>T",533,532.329279700655,0.000546854702943026,0.938,"Not Significant","synonymous"
"10592C>T","4245C>T",483,491.325537885875,-0.0074222075226719,0.264,"Not Significant","synonymous"
"10592C>T","12381A>T",503,504.274087932647,-0.00109866750338406,0.897,"Not Significant","synonymous"
"10592C>T","9776C>T",588,597.072029934518,-0.00664940089258721,0.151,"Not Significant","synonymous"
"10592C>T","8173C>T",499,492.044901777362,0.00609580931061948,0.342,"Not Significant","synonymous"
"10592C>T","3951C>T",468,463.989710009355,0.00373750384620246,0.561,"Not Significant","synonymous"
"10592C>T","10874C>T",461,453.199251637044,0.0074117413434118,0.303,"Not Significant","synonymous"
"10592C>T","9806C>T",488,483.412535079514,0.00410191435623153,0.536,"Not Significant","synonymous"
"10592C>T","15265C>T",440,440.970065481759,-0.000956432624880407,0.931,"Not Significant","synonymous"
"10592C>T","8209C>T",511,487.728718428438,0.0202425716749923,0,"Significant","synonymous"
"10592C>T","3757C>T",451,440.250701590271,0.0104764851397439,0.141,"Not Significant","synonymous"
"9569C>T","8841C>T",544,460.66417212348,0.0722144631219222,0,"Significant","synonymous"
"9569C>T","13377C>T",435,425.5659494855,0.00952238518208505,0.252,"Not Significant","synonymous"
"9569C>T","12112C>T",533,469.438727782975,0.0551482938350464,0,"Significant","synonymous"
"9569C>T","12867C>T",510,463.797942001871,0.0412413588749033,0,"Significant","synonymous"
"9569C>T","4245C>T",460,428.072965388213,0.0312400305079861,0,"Significant","synonymous"
"9569C>T","12381A>T",478,439.354536950421,0.0366127811534039,0,"Significant","synonymous"
"9569C>T","9776C>T",544,520.205799812909,0.019423709830054,0,"Significant","synonymous"
"9569C>T","8173C>T",441,428.699719363891,0.0122853902556711,0.129,"Not Significant","synonymous"
"9569C>T","3951C>T",466,404.256314312442,0.0617291045626697,0,"Significant","synonymous"
"9569C>T","10874C>T",523,394.855004677268,0.122064041921617,0,"Significant","synonymous"
"9569C>T","9806C>T",536,421.178671655753,0.104698419146874,0,"Significant","synonymous"
"9569C>T","15265C>T",484,384.200187090739,0.100287789633926,0,"Significant","synonymous"
"9569C>T","8209C>T",513,424.939195509822,0.0817905737526871,0,"Significant","synonymous"
"9569C>T","3757C>T",397,383.573433115061,0.0149419871255017,0.095,"Not Significant","synonymous"
"8841C>T","13377C>T",474,466.852198316183,0.00659893351816503,0.349,"Not Significant","synonymous"
"8841C>T","12112C>T",560,514.981290926099,0.0363965754313102,0,"Significant","synonymous"
"8841C>T","12867C>T",545,508.793264733396,0.0298551486702437,0,"Significant","synonymous"
"8841C>T","4245C>T",491,469.602432179607,0.0193511545660149,0.005,"Significant","synonymous"
"8841C>T","12381A>T",512,481.978484565014,0.02624230913375,0,"Significant","synonymous"
"8841C>T","9776C>T",598,570.67352666043,0.0203134577369166,0,"Significant","synonymous"
"8841C>T","8173C>T",480,470.289990645463,0.00887550178005223,0.177,"Not Significant","synonymous"
"8841C>T","3951C>T",485,443.475210477081,0.0388723900915706,0,"Significant","synonymous"
"8841C>T","10874C>T",524,433.161833489242,0.0826811036547107,0,"Significant","synonymous"
"8841C>T","9806C>T",557,462.039289055192,0.0811762882444708,0,"Significant","synonymous"
"8841C>T","15265C>T",501,421.473339569691,0.0750676174733974,0,"Significant","synonymous"
"8841C>T","8209C>T",548,466.164639850327,0.0702412307418751,0,"Significant","synonymous"
"8841C>T","3757C>T",438,420.785781103835,0.0174130544831174,0.029,"Significant","synonymous"
"13377C>T","12112C>T",519,475.744621141254,0.0377934710772601,0,"Significant","synonymous"
"13377C>T","12867C>T",486,470.028063610851,0.0145124804595905,0.043,"Significant","synonymous"
"13377C>T","4245C>T",483,433.823199251637,0.0466343579982456,0,"Significant","synonymous"
"13377C>T","12381A>T",404,445.256314312442,-0.0422287219277674,0,"Significant","synonymous"
"13377C>T","9776C>T",563,527.193638914874,0.0285382334035434,0,"Significant","synonymous"
"13377C>T","8173C>T",577,434.458372310571,0.123227642363867,0,"Significant","synonymous"
"13377C>T","3951C>T",439,409.686623012161,0.0300127365351228,0,"Significant","synonymous"
"13377C>T","10874C>T",423,400.159027128157,0.0241077488497312,0.004,"Significant","synonymous"
"13377C>T","9806C>T",448,426.836295603368,0.0210166718725902,0.006,"Significant","synonymous"
"13377C>T","15265C>T",398,389.361085126286,0.00953052848354672,0.268,"Not Significant","synonymous"
"13377C>T","8209C>T",482,430.647333956969,0.0489252753000518,0,"Significant","synonymous"
"13377C>T","3757C>T",540,388.725912067353,0.142750268605652,0,"Significant","synonymous"
"12112C>T","12867C>T",581,518.484565014032,0.0494403001686571,0,"Significant","synonymous"
"12112C>T","4245C>T",546,478.5472404116,0.057267826532505,0,"Significant","synonymous"
"12112C>T","12381A>T",531,491.159027128157,0.0338723906241153,0,"Significant","synonymous"
"12112C>T","9776C>T",680,581.543498596819,0.0679267078394632,0,"Significant","synonymous"
"12112C>T","8173C>T",530,479.247895229186,0.0437156553899758,0,"Significant","synonymous"
"12112C>T","3951C>T",519,451.922357343312,0.0601035307224892,0,"Significant","synonymous"
"12112C>T","10874C>T",517,441.412535079514,0.0686458811496581,0,"Significant","synonymous"
"12112C>T","9806C>T",531,470.840037418148,0.0522211355369449,0,"Significant","synonymous"
"12112C>T","15265C>T",506,429.501403180543,0.0711859298306804,0,"Significant","synonymous"
"12112C>T","8209C>T",547,475.043966323667,0.061253519975667,0,"Significant","synonymous"
"12112C>T","3757C>T",486,428.800748362956,0.0543807346260318,0,"Significant","synonymous"
"12867C>T","4245C>T",507,472.797006548176,0.030333241129599,0,"Significant","synonymous"
"12867C>T","12381A>T",524,485.257249766137,0.0333592544948633,0,"Significant","synonymous"
"12867C>T","9776C>T",612,574.555659494855,0.0274193152472844,0,"Significant","synonymous"
"12867C>T","8173C>T",486,473.489242282507,0.0113261530199767,0.076,"Not Significant","synonymous"
"12867C>T","3951C>T",482,446.492048643592,0.0332333090813764,0,"Significant","synonymous"
"12867C>T","10874C>T",487,436.108512628625,0.0479343972388441,0,"Significant","synonymous"
"12867C>T","9806C>T",510,465.182413470533,0.0399468885219048,0,"Significant","synonymous"
"12867C>T","15265C>T",473,424.340505144995,0.0471466516971878,0,"Significant","synonymous"
"12867C>T","8209C>T",510,469.33582787652,0.0360864677086675,0,"Significant","synonymous"
"12867C>T","3757C>T",442,423.648269410664,0.0184168326813283,0.008,"Significant","synonymous"
"4245C>T","12381A>T",459,447.87932647334,0.0106516690978457,0.151,"Not Significant","synonymous"
"4245C>T","9776C>T",584,530.299345182414,0.0418917562635635,0,"Significant","synonymous"
"4245C>T","8173C>T",478,437.017773620206,0.0389287964192396,0,"Significant","synonymous"
"4245C>T","3951C>T",466,412.10009354537,0.0533832035819657,0,"Significant","synonymous"
"4245C>T","10874C>T",442,402.516370439663,0.040638721422746,0,"Significant","synonymous"
"4245C>T","9806C>T",474,429.350795135641,0.0429660701474958,0,"Significant","synonymous"
"4245C>T","15265C>T",440,391.65481758653,0.0505492034950056,0,"Significant","synonymous"
"4245C>T","8209C>T",490,433.184284377923,0.0535233876886841,0,"Significant","synonymous"
"4245C>T","3757C>T",440,391.015902712816,0.0512582558678592,0,"Significant","synonymous"
"12381A>T","9776C>T",575,544.275023386342,0.0238494395556717,0,"Significant","synonymous"
"12381A>T","8173C>T",410,448.535079513564,-0.0390125577582522,0,"Significant","synonymous"
"12381A>T","3951C>T",454,422.960710944808,0.0307558254639484,0,"Significant","synonymous"
"12381A>T","10874C>T",476,413.12441534144,0.061526090509017,0,"Significant","synonymous"
"12381A>T","9806C>T",465,440.66604303087,0.0233433670782429,0,"Significant","synonymous"
"12381A>T","15265C>T",455,401.976613657624,0.0538106093808041,0,"Significant","synonymous"
"12381A>T","8209C>T",451,444.600561272217,0.00620653525301518,0.434,"Not Significant","synonymous"
"12381A>T","3757C>T",360,401.320860617399,-0.0471892341361421,0,"Significant","synonymous"
"9776C>T","8173C>T",572,531.075771749298,0.0322395399056062,0,"Significant","synonymous"
"9776C>T","3951C>T",538,500.795135640786,0.0311221738638196,0,"Significant","synonymous"
"9776C>T","10874C>T",536,489.148737137512,0.0397238530718848,0,"Significant","synonymous"
"9776C>T","9806C>T",561,521.758652946679,0.0314932010350344,0,"Significant","synonymous"
"9776C>T","15265C>T",524,475.949485500468,0.0417704252980074,0,"Significant","synonymous"
"9776C>T","8209C>T",573,526.417212347989,0.0368245409330241,0,"Significant","synonymous"
"9776C>T","3757C>T",522,475.173058933583,0.0408186936893969,0,"Significant","synonymous"
"8173C>T","3951C>T",441,412.703461178672,0.0288004783212258,0,"Significant","synonymous"
"8173C>T","10874C>T",434,403.10570626754,0.0320707835475832,0,"Significant","synonymous"
"8173C>T","9806C>T",451,429.979420018709,0.0207288723127925,0.004,"Significant","synonymous"
"8173C>T","15265C>T",404,392.22825070159,0.0128424940808484,0.147,"Not Significant","synonymous"
"8173C>T","8209C>T",484,433.818521983162,0.0475372712660005,0,"Significant","synonymous"
"8173C>T","3757C>T",539,391.588400374182,0.138758946529809,0,"Significant","synonymous"
"3951C>T","10874C>T",447,380.121608980355,0.070384964251848,0,"Significant","synonymous"
"3951C>T","9806C>T",459,405.463049579046,0.0538614030569337,0,"Significant","synonymous"
"3951C>T","15265C>T",444,369.864359214219,0.0793404861696954,0,"Significant","synonymous"
"3951C>T","8209C>T",473,409.083255378859,0.0630494374442441,0,"Significant","synonymous"
"3951C>T","3757C>T",397,369.260991580917,0.0314570751910558,0.001,"Significant","synonymous"
"10874C>T","9806C>T",516,396.033676333022,0.114917584328557,0,"Significant","synonymous"
"10874C>T","15265C>T",464,361.262862488307,0.108694661791636,0,"Significant","synonymous"
"10874C>T","8209C>T",511,399.569691300281,0.106828362022822,0,"Significant","synonymous"
"10874C>T","3757C>T",390,360.67352666043,0.0339503406361253,0.001,"Significant","synonymous"
"9806C>T","15265C>T",482,385.347053320861,0.0971949958753647,0,"Significant","synonymous"
"9806C>T","8209C>T",524,426.207670720299,0.0897100252715972,0,"Significant","synonymous"
"9806C>T","3757C>T",408,384.718428437792,0.0255171730992651,0.001,"Significant","synonymous"
"15265C>T","8209C>T",482,388.787652011225,0.0933345750621276,0,"Significant","synonymous"
"15265C>T","3757C>T",366,350.941066417212,0.0182468939392073,0.064,"Not Significant","synonymous"
"8209C>T","3757C>T",452,388.153414405987,0.0661350240075198,0,"Significant","synonymous"
