"Variant1","Variant2","Observed","Expected","log10_OE","P_perm","Significance","Variant_Type"
"5348C>A","5260G>A",826,819.276894293732,0.00354934050472217,0.069,"Not Significant","truncating"
"5348C>A","7892C>T",792,766.6791393826,0.0141115349163756,0,"Significant","truncating"
"5348C>A","6280G>A",701,686.44527595884,0.00911209736462702,0.002,"Significant","truncating"
"5348C>A","7902G>A",454,463.573433115061,-0.00906268620724167,0.05,"Not Significant","truncating"
"5348C>A","13031G>A",797,785.400374181478,0.0063672175545152,0.003,"Significant","truncating"
"5348C>A","13923C>A",730,713.189897100094,0.0101176776989626,0,"Significant","truncating"
"5348C>A","3400C>T",631,607.99438727783,0.0161297891581044,0,"Significant","truncating"
"5348C>A","14559C>T",787,772.028063610851,0.00834164491216849,0.001,"Significant","truncating"
"5348C>A","7048C>A",623,603.536950420954,0.0137841825444747,0,"Significant","truncating"
"5348C>A","6211G>A",590,567.87745556595,0.0165973838772424,0,"Significant","truncating"
"5348C>A","15215G>A",608,595.513564078578,0.00901192136763935,0.013,"Significant","truncating"
"5348C>A","8168C>T",573,558.071094480823,0.0114650933274098,0.004,"Significant","truncating"
"5348C>A","3910G>T",532,517.954162768943,0.0116203044751668,0.004,"Significant","truncating"
"5348C>A","7090G>A",556,536.67539756782,0.0153631048946818,0,"Significant","truncating"
"5348C>A","13297C>T",615,590.164639850327,0.0179019309061655,0,"Significant","truncating"
"5348C>A","8372C>T",305,301.322731524789,0.00526794363958107,0.442,"Not Significant","truncating"
"5348C>A","12511C>T",545,516.171188026193,0.0236027431196534,0,"Significant","truncating"
"5348C>A","10396G>A",522,519.737137511693,0.0018867528136993,0.686,"Not Significant","truncating"
"5348C>A","9432C>T",586,570.551917680075,0.0116024466046531,0.002,"Significant","truncating"
"5348C>A","5185G>A",397,396.711880261927,0.00031530035263496,1,"Not Significant","truncating"
"5348C>A","8054C>T",605,607.99438727783,-0.00214419543355812,0.622,"Not Significant","truncating"
"5348C>A","3913G>A",532,528.652011225444,0.00274174350123672,0.558,"Not Significant","truncating"
"5348C>A","11066C>T",572,566.094480823199,0.00450710807149927,0.281,"Not Significant","truncating"
"5348C>A","14006G>A",299,285.275958840037,0.0204060145749683,0.001,"Significant","truncating"
"5348C>A","4485C>T",520,505.473339569691,0.0123050893123418,0.007,"Significant","truncating"
"5348C>A","13636C>T",525,522.411599625818,0.00214649195831754,0.649,"Not Significant","truncating"
"5348C>A","8815C>T",356,349.463049579046,0.00804873552286734,0.184,"Not Significant","truncating"
"5348C>A","3824G>A",501,492.101028999065,0.00778345270849685,0.086,"Not Significant","truncating"
"5348C>A","14160G>T",434,428.805425631431,0.00522945770912934,0.331,"Not Significant","truncating"
"5348C>A","3376G>T",287,263.880261927035,0.0364749902454922,0,"Significant","truncating"
"5348C>A","13156C>T",373,354.811973807297,0.0217105643054454,0,"Significant","truncating"
"5348C>A","14622C>T",406,378.882132834425,0.0300219080973266,0,"Significant","truncating"
"5348C>A","9735C>T",207,197.018709073901,0.0214628763422481,0.019,"Significant","truncating"
"5348C>A","8438C>T",408,391.362956033676,0.0180804474182057,0.001,"Significant","truncating"
"5348C>A","6129G>A",323,327.175865294668,-0.0055787373505331,0.407,"Not Significant","truncating"
"5348C>A","10296C>T",337,321.826941066417,0.0200075035361263,0.001,"Significant","truncating"
"5348C>A","14150C>T",347,320.935453695042,0.0339117785940279,0,"Significant","truncating"
"5348C>A","15230C>T",275,262.98877455566,0.019395482422544,0.007,"Significant","truncating"
"5348C>A","9537C>T",344,347.680074836296,-0.00462135988451615,0.481,"Not Significant","truncating"
"5348C>A","6753G>A",379,374.424695977549,0.00527472414062209,0.373,"Not Significant","truncating"
"5348C>A","8564C>T",363,357.486435921422,0.00664705698637998,0.266,"Not Significant","truncating"
"5348C>A","15800C>T",314,316.478016838167,-0.00341390041142647,0.692,"Not Significant","truncating"
"5348C>A","8782G>A",377,379.7736202058,-0.00318344432647358,0.619,"Not Significant","truncating"
"5348C>A","4255C>T",289,277.252572497661,0.0180222583001555,0.012,"Significant","truncating"
"5348C>A","11669C>T",379,366.401309635173,0.0146821926624508,0.01,"Significant","truncating"
"5348C>A","3445C>T",322,324.501403180543,-0.00336070738277249,0.592,"Not Significant","truncating"
"5348C>A","9216C>T",334,339.65668849392,-0.00729370429360099,0.259,"Not Significant","truncating"
"5348C>A","3563G>A",332,328.958840037418,0.00399652211542634,0.539,"Not Significant","truncating"
"5348C>A","10375G>A",250,248.724976613658,0.00222060996889079,0.824,"Not Significant","truncating"
"5348C>A","9543G>A",245,244.267539756782,0.00130032611459564,0.923,"Not Significant","truncating"
"5348C>A","13261C>T",340,334.307764265669,0.0073324538849857,0.255,"Not Significant","truncating"
"5348C>A","14532C>T",319,310.237605238541,0.0120962436810479,0.073,"Not Significant","truncating"
"5348C>A","6381G>A",193,189.8868101029,0.00706251013948398,0.457,"Not Significant","truncating"
"5348C>A","12629G>A",283,275.469597754911,0.011712760669903,0.106,"Not Significant","truncating"
"5348C>A","6264G>A",301,294.190832553789,0.00993736028640416,0.183,"Not Significant","truncating"
"5348C>A","10971G>A",463,453.767072029935,0.0087480132516441,0.07,"Not Significant","truncating"
"5348C>A","12002C>T",250,237.135640785781,0.0229431766114128,0.004,"Significant","truncating"
"5348C>A","11403G>A",210,208.608044901777,0.00288824189422676,0.838,"Not Significant","truncating"
"5348C>A","8391G>A",246,237.135640785781,0.0159382750427572,0.065,"Not Significant","truncating"
"5348C>A","9253G>A",289,286.167446211413,0.00427761492212591,0.619,"Not Significant","truncating"
"5348C>A","14592C>T",260,250.507951356408,0.0161518326361834,0.055,"Not Significant","truncating"
"5348C>A","3842G>A",246,241.593077642657,0.00785062079942185,0.36,"Not Significant","truncating"
"5348C>A","7896G>A",267,262.097287184284,0.00804873552286648,0.321,"Not Significant","truncating"
"5348C>A","7384G>A",170,173.840037418148,-0.00970088541378683,0.371,"Not Significant","truncating"
"5348C>A","15723G>A",293,279.927034611787,0.0198227768513392,0.004,"Significant","truncating"
"5348C>A","4983C>T",255,245.159027128157,0.0170922911741373,0.029,"Significant","truncating"
"5348C>A","7122C>T",322,319.152478952292,0.00385764962240694,0.585,"Not Significant","truncating"
"5348C>A","4716C>T",219,220.197380729654,-0.00236803384909474,0.817,"Not Significant","truncating"
"5348C>A","12767G>A",302,301.322731524789,0.000975047249947313,0.917,"Not Significant","truncating"
"5348C>A","6573G>A",288,285.275958840037,0.00412731400977507,0.579,"Not Significant","truncating"
"5348C>A","4121G>A",227,216.631431244153,0.020304388165253,0.012,"Significant","truncating"
"5348C>A","7779G>A",267,254.965388213283,0.0200300328059762,0.005,"Significant","truncating"
"5348C>A","12923G>A",187,182.754911131899,0.00997255005119082,0.305,"Not Significant","truncating"
"5348C>A","8980C>T",226,216.631431244153,0.018386970119532,0.039,"Significant","truncating"
"5348C>A","8114G>A",249,234.461178671656,0.0261284031764193,0,"Significant","truncating"
"5348C>A","15561G>A",216,210.391019644528,0.0114265527512706,0.185,"Not Significant","truncating"
"5348C>A","14314A>C",153,155.11880261927,-0.00597301289454547,0.581,"Not Significant","truncating"
"5348C>A","14429C>T",245,238.027128157156,0.0125396275704037,0.119,"Not Significant","truncating"
"5348C>A","12006G>A",202,200.584658559401,0.00305365590571135,0.811,"Not Significant","truncating"
"5348C>A","8852G>A",218,226.43779232928,-0.0164924184448742,0.057,"Not Significant","truncating"
"5348C>A","12931C>T",220,227.329279700655,-0.0142326950412909,0.11,"Not Significant","truncating"
"5348C>A","14283C>T",446,440.394761459308,0.0054927143589453,0.288,"Not Significant","truncating"
"5348C>A","9687C>T",177,177.405986903648,-0.000995005477447807,1,"Not Significant","truncating"
"5348C>A","15882G>A",164,158.684752104771,0.0143086503092465,0.186,"Not Significant","truncating"
"5348C>A","6030C>T",212,211.282507015903,0.00147231948909849,0.9,"Not Significant","truncating"
"5348C>A","6690G>A",148,144.420954162769,0.0106315054227708,0.353,"Not Significant","truncating"
"5348C>A","14360C>T",248,237.135640785781,0.0194548487655929,0.02,"Significant","truncating"
"5348C>A","9376G>A",168,172.948550046773,-0.0126076436339042,0.245,"Not Significant","truncating"
"5348C>A","4214G>A",196,200.584658559401,-0.0100416421844298,0.283,"Not Significant","truncating"
"5348C>A","5035G>A",159,157.793264733396,0.00330866252909435,0.805,"Not Significant","truncating"
"5348C>A","11594C>T",160,152.444340505145,0.0210086768342091,0.054,"Not Significant","truncating"
"5348C>A","13556G>A",179,172.948550046773,0.0149361056201103,0.133,"Not Significant","truncating"
"5348C>A","9819G>A",182,172.948550046773,0.0221544626252879,0.018,"Significant","truncating"
"5348C>A","9984G>A",174,165.816651075772,0.0209211086351226,0.047,"Significant","truncating"
"5348C>A","8572G>T",182,169.382600561272,0.0312025916026797,0.001,"Significant","truncating"
"5348C>A","6922G>A",218,205.933582787652,0.0247293182829005,0.005,"Significant","truncating"
"5348C>A","3668G>A",159,150.661365762395,0.0233952242772146,0.027,"Significant","truncating"
"5348C>A","15761G>A",169,178.297474275023,-0.0232584864798426,0.022,"Significant","truncating"
"5348C>A","4743C>T",168,158.684752104771,0.0247740839874053,0.017,"Significant","truncating"
"5260G>A","7892C>T",757,739.32647333957,0.0102596220791704,0.001,"Significant","truncating"
"5260G>A","6280G>A",663,661.955098222638,0.000684997054957894,0.83,"Not Significant","truncating"
"5260G>A","7902G>A",451,447.034611786717,0.00383539206582725,0.543,"Not Significant","truncating"
"5260G>A","13031G>A",776,757.379794200187,0.0105480066688059,0,"Significant","truncating"
"5260G>A","13923C>A",713,687.745556594949,0.0156617366825864,0,"Significant","truncating"
"5260G>A","3400C>T",596,586.303086997194,0.00712407890642308,0.075,"Not Significant","truncating"
"5260G>A","14559C>T",752,744.484565014032,0.00436214239696169,0.088,"Not Significant","truncating"
"5260G>A","7048C>A",598,582.004677268475,0.0117747091259313,0.005,"Significant","truncating"
"5260G>A","6211G>A",552,547.617399438728,0.00346183921651458,0.492,"Not Significant","truncating"
"5260G>A","15215G>A",571,574.267539756782,-0.00247816040703053,0.588,"Not Significant","truncating"
"5260G>A","8168C>T",545,538.160898035547,0.00548436288887849,0.228,"Not Significant","truncating"
"5260G>A","3910G>T",499,499.475210477081,-0.000413392944274002,1,"Not Significant","truncating"
"5260G>A","7090G>A",520,517.528531337699,0.00206904619964094,0.705,"Not Significant","truncating"
"5260G>A","13297C>T",596,569.10944808232,0.0200504641231999,0,"Significant","truncating"
"5260G>A","8372C>T",297,290.572497661366,0.00950194286222107,0.258,"Not Significant","truncating"
"5260G>A","12511C>T",533,497.755846585594,0.029710839121797,0,"Significant","truncating"
"5260G>A","10396G>A",520,501.194574368569,0.0159969826984487,0.001,"Significant","truncating"
"5260G>A","9432C>T",574,550.196445275959,0.0183941122367499,0,"Significant","truncating"
"5260G>A","5185G>A",410,382.55846585594,0.0300860395614631,0,"Significant","truncating"
"5260G>A","8054C>T",600,586.303086997194,0.0100290695498297,0.013,"Significant","truncating"
"5260G>A","3913G>A",537,509.791393826006,0.0225817861579554,0,"Significant","truncating"
"5260G>A","11066C>T",559,545.89803554724,0.0103002764171125,0.022,"Significant","truncating"
"5260G>A","14006G>A",286,275.098222637979,0.0168782486317978,0.04,"Significant","truncating"
"5260G>A","4485C>T",494,487.43966323667,0.00580608385340591,0.241,"Not Significant","truncating"
"5260G>A","13636C>T",528,503.7736202058,0.0203985003383845,0,"Significant","truncating"
"5260G>A","8815C>T",345,336.995322731525,0.0101952218754806,0.152,"Not Significant","truncating"
"5260G>A","3824G>A",504,474.544434050515,0.0261536525389877,0,"Significant","truncating"
"5260G>A","14160G>T",415,413.507015902713,0.00156521416092727,0.861,"Not Significant","truncating"
"5260G>A","3376G>T",280,254.465855940131,0.0415285141059319,0,"Significant","truncating"
"5260G>A","13156C>T",381,342.153414405987,0.0467040974245852,0,"Significant","truncating"
"5260G>A","14622C>T",387,365.364826941066,0.0249842287912598,0,"Significant","truncating"
"5260G>A","9735C>T",181,189.989710009355,-0.021051504993248,0.061,"Not Significant","truncating"
"5260G>A","8438C>T",393,377.400374181478,0.0175902239559676,0.003,"Significant","truncating"
"5260G>A","6129G>A",322,315.503274087933,0.00885200126640547,0.282,"Not Significant","truncating"
"5260G>A","10296C>T",310,310.34518241347,-0.000483314248718323,1,"Not Significant","truncating"
"5260G>A","14150C>T",338,309.485500467727,0.0382763933330223,0,"Significant","truncating"
"5260G>A","15230C>T",266,253.606173994387,0.0207218144755627,0.011,"Significant","truncating"
"5260G>A","9537C>T",332,335.275958840037,-0.00426432949979492,0.569,"Not Significant","truncating"
"5260G>A","6753G>A",373,361.066417212348,0.01412173523345,0.046,"Significant","truncating"
"5260G>A","8564C>T",352,344.732460243218,0.00906048468061294,0.198,"Not Significant","truncating"
"5260G>A","15800C>T",318,305.187090739008,0.0178609607519996,0.022,"Significant","truncating"
"5260G>A","8782G>A",373,366.22450888681,0.00796142652863329,0.245,"Not Significant","truncating"
"5260G>A","4255C>T",274,267.361085126286,0.0106523676162133,0.208,"Not Significant","truncating"
"5260G>A","11669C>T",365,353.329279700655,0.0141132364030683,0.034,"Significant","truncating"
"5260G>A","3445C>T",310,312.924228250702,-0.00407749599211531,0.634,"Not Significant","truncating"
"5260G>A","9216C>T",329,327.538821328344,0.00193311609702123,0.845,"Not Significant","truncating"
"5260G>A","3563G>A",334,317.22263797942,0.022382294475164,0,"Significant","truncating"
"5260G>A","10375G>A",252,239.851262862488,0.0214585313306045,0.019,"Significant","truncating"
"5260G>A","9543G>A",236,235.55285313377,0.00082363397238496,1,"Not Significant","truncating"
"5260G>A","13261C>T",323,322.380729653882,0.000833448426050459,0.914,"Not Significant","truncating"
"5260G>A","14532C>T",306,299.169317118803,0.00980437635766258,0.221,"Not Significant","truncating"
"5260G>A","6381G>A",189,183.112254443405,0.0137443945571658,0.196,"Not Significant","truncating"
"5260G>A","12629G>A",280,265.641721234799,0.0228617457400429,0.004,"Significant","truncating"
"5260G>A","6264G>A",286,283.695042095416,0.00351428707382098,0.687,"Not Significant","truncating"
"5260G>A","10971G>A",450,437.578110383536,0.0121569252612489,0.033,"Significant","truncating"
"5260G>A","12002C>T",238,228.67539756782,0.0173575142481043,0.061,"Not Significant","truncating"
"5260G>A","11403G>A",212,201.165575304022,0.0227821973412643,0.029,"Significant","truncating"
"5260G>A","8391G>A",222,228.67539756782,-0.0128664683577559,0.216,"Not Significant","truncating"
"5260G>A","9253G>A",286,275.957904583723,0.0155231945468321,0.062,"Not Significant","truncating"
"5260G>A","14592C>T",242,241.570626753976,0.000771239898017862,1,"Not Significant","truncating"
"5260G>A","3842G>A",242,232.973807296539,0.0165082689286853,0.077,"Not Significant","truncating"
"5260G>A","7896G>A",266,252.746492048644,0.0221965000415679,0.011,"Significant","truncating"
"5260G>A","7384G>A",184,167.637979420019,0.0404454054696621,0,"Significant","truncating"
"5260G>A","15723G>A",282,269.940130963517,0.018981654068806,0.022,"Significant","truncating"
"5260G>A","4983C>T",245,236.412535079514,0.0154955843569301,0.076,"Not Significant","truncating"
"5260G>A","7122C>T",314,307.76613657624,0.00870881525200454,0.242,"Not Significant","truncating"
"5260G>A","4716C>T",225,212.34144059869,0.025147758674352,0.008,"Significant","truncating"
"5260G>A","12767G>A",317,290.572497661366,0.037804755762751,0,"Significant","truncating"
"5260G>A","6573G>A",285,275.098222637979,0.0153570755112655,0.06,"Not Significant","truncating"
"5260G>A","4121G>A",214,208.902712815716,0.0104696935735404,0.32,"Not Significant","truncating"
"5260G>A","7779G>A",258,245.869036482694,0.0209158666568455,0.013,"Significant","truncating"
"5260G>A","12923G>A",178,176.234798877456,0.00432833507580401,0.732,"Not Significant","truncating"
"5260G>A","8980C>T",227,208.902712815716,0.0360817774174606,0,"Significant","truncating"
"5260G>A","8114G>A",230,226.096351730589,0.00743428135049852,0.457,"Not Significant","truncating"
"5260G>A","15561G>A",209,202.88493919551,0.0128964769636079,0.21,"Not Significant","truncating"
"5260G>A","14314A>C",158,149.584658559401,0.0237700324944742,0.045,"Significant","truncating"
"5260G>A","14429C>T",236,229.535079513564,0.0120629354281929,0.225,"Not Significant","truncating"
"5260G>A","12006G>A",201,193.428437792329,0.0166757331317847,0.108,"Not Significant","truncating"
"5260G>A","8852G>A",228,218.359214218896,0.018763324203174,0.043,"Significant","truncating"
"5260G>A","12931C>T",226,219.21889616464,0.0132304525361066,0.174,"Not Significant","truncating"
"5260G>A","14283C>T",439,424.682881197381,0.0143997651411378,0.008,"Significant","truncating"
"5260G>A","9687C>T",169,171.076707202993,-0.0053041779733633,0.661,"Not Significant","truncating"
"5260G>A","15882G>A",161,153.023386342376,0.0220680675456084,0.074,"Not Significant","truncating"
"5260G>A","6030C>T",202,203.744621141254,-0.00373478274081155,0.741,"Not Significant","truncating"
"5260G>A","6690G>A",147,139.268475210477,0.0234645140281955,0.06,"Not Significant","truncating"
"5260G>A","14360C>T",245,228.67539756782,0.0299466415561196,0.002,"Significant","truncating"
"5260G>A","9376G>A",178,166.778297474275,0.0282804662013183,0.008,"Significant","truncating"
"5260G>A","4214G>A",203,193.428437792329,0.0209757136245066,0.046,"Significant","truncating"
"5260G>A","5035G>A",155,152.163704396632,0.00802062563114639,0.536,"Not Significant","truncating"
"5260G>A","11594C>T",132,147.00561272217,-0.0467599853636037,0,"Significant","truncating"
"5260G>A","13556G>A",170,166.778297474275,0.00830938527070965,0.505,"Not Significant","truncating"
"5260G>A","9819G>A",174,166.778297474275,0.0184097121750296,0.124,"Not Significant","truncating"
"5260G>A","9984G>A",171,159.900841908326,0.0291453599968866,0.006,"Significant","truncating"
"5260G>A","8572G>T",169,163.3395696913,0.0147952974835025,0.229,"Not Significant","truncating"
"5260G>A","6922G>A",201,198.586529466791,0.00524627135100865,0.658,"Not Significant","truncating"
"5260G>A","3668G>A",161,145.286248830683,0.0446013652408137,0,"Significant","truncating"
"5260G>A","15761G>A",178,171.936389148737,0.0150522004675708,0.184,"Not Significant","truncating"
"5260G>A","4743C>T",153,153.023386342376,-6.63776686283769e-05,1,"Not Significant","truncating"
"7892C>T","6280G>A",635,619.457436856876,0.0107622540847023,0.004,"Significant","truncating"
"7892C>T","7902G>A",440,418.334892422825,0.0219285868165934,0.001,"Significant","truncating"
"7892C>T","13031G>A",709,708.755846585594,0.000149580736228873,1,"Not Significant","truncating"
"7892C>T","13923C>A",652,643.592142188962,0.00563686270518605,0.163,"Not Significant","truncating"
"7892C>T","3400C>T",626,548.66230121609,0.0572692125191512,0,"Significant","truncating"
"7892C>T","14559C>T",719,696.688493919551,0.0136902523307443,0,"Significant","truncating"
"7892C>T","7048C>A",536,544.639850327409,-0.00694462502716263,0.161,"Not Significant","truncating"
"7892C>T","6211G>A",541,512.460243217961,0.0235370867364248,0,"Significant","truncating"
"7892C>T","15215G>A",552,537.399438727783,0.0116418692188615,0.022,"Significant","truncating"
"7892C>T","8168C>T",555,503.610851262862,0.0421979038774489,0,"Significant","truncating"
"7892C>T","3910G>T",503,467.408793264733,0.0318711066308004,0,"Significant","truncating"
"7892C>T","7090G>A",532,484.303086997194,0.040794395002426,0,"Significant","truncating"
"7892C>T","13297C>T",571,532.572497661366,0.0302573727713529,0,"Significant","truncating"
"7892C>T","8372C>T",289,271.917680074836,0.026460396444094,0.003,"Significant","truncating"
"7892C>T","12511C>T",489,465.799812909261,0.02110954936139,0,"Significant","truncating"
"7892C>T","10396G>A",486,469.017773620206,0.0154469684684863,0.008,"Significant","truncating"
"7892C>T","9432C>T",538,514.873713751169,0.0190815556477087,0,"Significant","truncating"
"7892C>T","5185G>A",373,357.99812909261,0.0178280747929615,0.016,"Significant","truncating"
"7892C>T","8054C>T",551,548.66230121609,0.001846478160516,0.758,"Not Significant","truncating"
"7892C>T","3913G>A",497,477.062675397568,0.0177809493342762,0.001,"Significant","truncating"
"7892C>T","11066C>T",533,510.851262862488,0.0184327376998034,0.001,"Significant","truncating"
"7892C>T","14006G>A",283,257.436856875585,0.0411157111695793,0,"Significant","truncating"
"7892C>T","4485C>T",492,456.145930776427,0.0328612978396571,0,"Significant","truncating"
"7892C>T","13636C>T",459,471.431244153414,-0.0116056765156166,0.065,"Not Significant","truncating"
"7892C>T","8815C>T",303,315.360149672591,-0.0173641845529363,0.049,"Significant","truncating"
"7892C>T","3824G>A",472,444.078578110384,0.0264821748700934,0,"Significant","truncating"
"7892C>T","14160G>T",410,386.959775491113,0.0251180343111078,0,"Significant","truncating"
"7892C>T","3376G>T",277,238.129092609916,0.0656673119706947,0,"Significant","truncating"
"7892C>T","13156C>T",344,320.187090739008,0.0311546244630432,0,"Significant","truncating"
"7892C>T","14622C>T",393,341.908325537886,0.0604828742903089,0,"Significant","truncating"
"7892C>T","9735C>T",186,177.792329279701,0.0195999244980052,0.126,"Not Significant","truncating"
"7892C>T","8438C>T",386,353.171188026193,0.0386020383948335,0,"Significant","truncating"
"7892C>T","6129G>A",321,295.247895229186,0.0363182221179812,0,"Significant","truncating"
"7892C>T","10296C>T",277,290.420954162769,-0.0205481788759918,0.025,"Significant","truncating"
"7892C>T","14150C>T",324,289.616463985033,0.0487217634045193,0,"Significant","truncating"
"7892C>T","15230C>T",267,237.32460243218,0.0511684993516021,0,"Significant","truncating"
"7892C>T","9537C>T",321,313.751169317119,0.00991967934358003,0.261,"Not Significant","truncating"
"7892C>T","6753G>A",355,337.885874649205,0.0214583166223978,0.004,"Significant","truncating"
"7892C>T","8564C>T",330,322.600561272217,0.00984882122291254,0.278,"Not Significant","truncating"
"7892C>T","15800C>T",275,285.594013096352,-0.0164164052596153,0.075,"Not Significant","truncating"
"7892C>T","8782G>A",350,342.712815715622,0.00913769921276438,0.282,"Not Significant","truncating"
"7892C>T","4255C>T",267,250.196445275959,0.0282301263029371,0.009,"Significant","truncating"
"7892C>T","11669C>T",354,330.645463049579,0.0296406941149203,0,"Significant","truncating"
"7892C>T","3445C>T",303,292.834424695978,0.0148204988184543,0.098,"Not Significant","truncating"
"7892C>T","9216C>T",320,306.510757717493,0.0187042566094911,0.054,"Not Significant","truncating"
"7892C>T","3563G>A",313,296.856875584659,0.0229972253525909,0.007,"Significant","truncating"
"7892C>T","10375G>A",235,224.4527595884,0.0199429129633403,0.062,"Not Significant","truncating"
"7892C>T","9543G>A",183,220.430308699719,-0.0808202191247079,0,"Significant","truncating"
"7892C>T","13261C>T",310,301.683816651076,0.0118096800717602,0.198,"Not Significant","truncating"
"7892C>T","14532C>T",296,279.962581852198,0.0241917210775595,0.01,"Significant","truncating"
"7892C>T","6381G>A",179,171.356407857811,0.0189526815063549,0.159,"Not Significant","truncating"
"7892C>T","12629G>A",261,248.587464920486,0.0211612818786484,0.064,"Not Significant","truncating"
"7892C>T","6264G>A",289,265.481758652947,0.0368631568438573,0,"Significant","truncating"
"7892C>T","10971G>A",424,409.485500467727,0.0151273282211805,0.028,"Significant","truncating"
"7892C>T","12002C>T",238,213.99438727783,0.0461745743906348,0,"Significant","truncating"
"7892C>T","11403G>A",193,188.250701590271,0.0108207055628355,0.386,"Not Significant","truncating"
"7892C>T","8391G>A",218,213.99438727783,0.00805411093874442,0.46,"Not Significant","truncating"
"7892C>T","9253G>A",263,258.241347053321,0.00792997005009303,0.45,"Not Significant","truncating"
"7892C>T","14592C>T",224,226.061739943873,-0.00397904760570496,0.715,"Not Significant","truncating"
"7892C>T","3842G>A",224,218.016838166511,0.0117579814249621,0.318,"Not Significant","truncating"
"7892C>T","7896G>A",263,236.520112254443,0.0460876720427924,0,"Significant","truncating"
"7892C>T","7384G>A",171,156.875584658559,0.0374407529948233,0.008,"Significant","truncating"
"7892C>T","15723G>A",266,252.609915809167,0.0224312425230537,0.024,"Significant","truncating"
"7892C>T","4983C>T",237,221.234798877456,0.0298949061450384,0.007,"Significant","truncating"
"7892C>T","7122C>T",292,288.00748362956,0.00597907876975219,0.568,"Not Significant","truncating"
"7892C>T","4716C>T",197,198.709073900842,-0.00375147313286061,0.775,"Not Significant","truncating"
"7892C>T","12767G>A",283,271.917680074836,0.0173489892118396,0.074,"Not Significant","truncating"
"7892C>T","6573G>A",263,257.436856875585,0.00928502413505869,0.357,"Not Significant","truncating"
"7892C>T","4121G>A",208,195.491113189897,0.0269363153296463,0.014,"Significant","truncating"
"7892C>T","7779G>A",237,230.084190832554,0.0128615668462657,0.257,"Not Significant","truncating"
"7892C>T","12923G>A",150,164.920486435921,-0.0411833480348366,0.002,"Significant","truncating"
"7892C>T","8980C>T",210,195.491113189897,0.031092275100802,0.009,"Significant","truncating"
"7892C>T","8114G>A",222,211.580916744621,0.0208764799260814,0.065,"Not Significant","truncating"
"7892C>T","15561G>A",195,189.859681945744,0.0116018623576157,0.353,"Not Significant","truncating"
"7892C>T","14314A>C",117,139.981290926099,-0.0778841325711669,0,"Significant","truncating"
"7892C>T","14429C>T",219,214.798877455566,0.00841210744074959,0.49,"Not Significant","truncating"
"7892C>T","12006G>A",187,181.010289990645,0.0141383423903392,0.32,"Not Significant","truncating"
"7892C>T","8852G>A",215,204.340505144995,0.0220839972608671,0.062,"Not Significant","truncating"
"7892C>T","12931C>T",217,205.144995322732,0.0243988073797731,0.051,"Not Significant","truncating"
"7892C>T","14283C>T",410,397.418147801684,0.0135361617612955,0.062,"Not Significant","truncating"
"7892C>T","9687C>T",148,160.093545369504,-0.0341121070495168,0.017,"Significant","truncating"
"7892C>T","15882G>A",152,143.199251637044,0.0259028396010713,0.093,"Not Significant","truncating"
"7892C>T","6030C>T",197,190.66417212348,0.0141971341166921,0.285,"Not Significant","truncating"
"7892C>T","6690G>A",141,130.327408793265,0.0341833520779341,0.016,"Significant","truncating"
"7892C>T","14360C>T",232,213.99438727783,0.0350856022250272,0.001,"Significant","truncating"
"7892C>T","9376G>A",164,156.071094480823,0.0215213720826687,0.144,"Not Significant","truncating"
"7892C>T","4214G>A",194,181.010289990645,0.0300984657840578,0.021,"Significant","truncating"
"7892C>T","5035G>A",146,142.394761459308,0.0108588433878333,0.495,"Not Significant","truncating"
"7892C>T","11594C>T",145,137.567820392891,0.0228511458080152,0.166,"Not Significant","truncating"
"7892C>T","13556G>A",169,156.071094480823,0.0345642286486365,0.012,"Significant","truncating"
"7892C>T","9819G>A",180,156.071094480823,0.0619500291382533,0,"Significant","truncating"
"7892C>T","9984G>A",148,149.635173058934,-0.00477197485774546,0.759,"Not Significant","truncating"
"7892C>T","8572G>T",175,152.853133769878,0.0587637016986399,0,"Significant","truncating"
"7892C>T","6922G>A",199,185.837231057063,0.0297203504827572,0.015,"Significant","truncating"
"7892C>T","3668G>A",158,135.958840037418,0.0652496363059149,0,"Significant","truncating"
"7892C>T","15761G>A",176,160.89803554724,0.0389619261153558,0.003,"Significant","truncating"
"7892C>T","4743C>T",142,143.199251637044,-0.00365240396062464,0.845,"Not Significant","truncating"
"6280G>A","7902G>A",339,374.555659494855,-0.0433166653954087,0,"Significant","truncating"
"6280G>A","13031G>A",634,634.583723105706,-0.000399670494019045,0.929,"Not Significant","truncating"
"6280G>A","13923C>A",569,576.239476145931,-0.0054907405605753,0.295,"Not Significant","truncating"
"6280G>A","3400C>T",484,491.244153414406,-0.00645203297576901,0.298,"Not Significant","truncating"
"6280G>A","14559C>T",651,623.77923292797,0.0185500765871385,0,"Significant","truncating"
"6280G>A","7048C>A",548,487.642656688494,0.0506788698355112,0,"Significant","truncating"
"6280G>A","6211G>A",505,458.830682881197,0.0416389258195985,0,"Significant","truncating"
"6280G>A","15215G>A",569,481.159962581852,0.0728227839558077,0,"Significant","truncating"
"6280G>A","8168C>T",499,450.907390084191,0.0440131924492471,0,"Significant","truncating"
"6280G>A","3910G>T",470,418.493919550982,0.0504087055816715,0,"Significant","truncating"
"6280G>A","7090G>A",464,433.620205799813,0.0294084693333459,0,"Significant","truncating"
"6280G>A","13297C>T",492,476.838166510758,0.0135940933639537,0.034,"Significant","truncating"
"6280G>A","8372C>T",215,243.461178671656,-0.0539912603257296,0,"Significant","truncating"
"6280G>A","12511C>T",478,417.053320860617,0.0592363129209656,0,"Significant","truncating"
"6280G>A","10396G>A",458,419.934518241347,0.0376839032811426,0,"Significant","truncating"
"6280G>A","9432C>T",510,460.991580916745,0.0438771821503363,0,"Significant","truncating"
"6280G>A","5185G>A",298,320.533208606174,-0.03165676686837,0.002,"Significant","truncating"
"6280G>A","8054C>T",509,491.244153414406,0.0154203877165729,0.017,"Significant","truncating"
"6280G>A","3913G>A",425,427.137511693171,-0.00217878327765439,0.791,"Not Significant","truncating"
"6280G>A","11066C>T",471,457.390084190833,0.0127341618732139,0.058,"Not Significant","truncating"
"6280G>A","14006G>A",268,230.495790458372,0.0654717957451527,0,"Significant","truncating"
"6280G>A","4485C>T",435,408.409728718428,0.0273931780980204,0.001,"Significant","truncating"
"6280G>A","13636C>T",428,422.095416276894,0.00603313303137614,0.46,"Not Significant","truncating"
"6280G>A","8815C>T",245,282.357343311506,-0.0616330026196052,0,"Significant","truncating"
"6280G>A","3824G>A",392,397.605238540692,-0.00616603067244397,0.477,"Not Significant","truncating"
"6280G>A","14160G>T",377,346.463985032741,0.0366832538682471,0,"Significant","truncating"
"6280G>A","3376G>T",190,213.208606173994,-0.0500511300697885,0,"Significant","truncating"
"6280G>A","13156C>T",338,286.679139382601,0.07152060824024,0,"Significant","truncating"
"6280G>A","14622C>T",300,306.127221702526,-0.00878069529435006,0.387,"Not Significant","truncating"
"6280G>A","9735C>T",186,159.186155285313,0.0676076505690625,0,"Significant","truncating"
"6280G>A","8438C>T",356,316.21141253508,0.0514724577670346,0,"Significant","truncating"
"6280G>A","6129G>A",224,264.349859681946,-0.0719310658816008,0,"Significant","truncating"
"6280G>A","10296C>T",278,260.028063610851,0.0290245740487038,0.014,"Significant","truncating"
"6280G>A","14150C>T",243,259.307764265669,-0.0282092471326678,0.019,"Significant","truncating"
"6280G>A","15230C>T",183,212.488306828812,-0.0648839462114045,0,"Significant","truncating"
"6280G>A","9537C>T",271,280.916744621141,-0.0156083361157917,0.197,"Not Significant","truncating"
"6280G>A","6753G>A",313,302.525724976614,0.0147820271848394,0.167,"Not Significant","truncating"
"6280G>A","8564C>T",307,288.840037418148,0.0264809828932914,0.014,"Significant","truncating"
"6280G>A","15800C>T",276,255.706267539757,0.0331677090464073,0.003,"Significant","truncating"
"6280G>A","8782G>A",311,306.847521047708,0.00583776996041295,0.622,"Not Significant","truncating"
"6280G>A","4255C>T",212,224.013096351731,-0.0239375480617789,0.069,"Not Significant","truncating"
"6280G>A","11669C>T",290,296.043030869972,-0.00895684394081388,0.401,"Not Significant","truncating"
"6280G>A","3445C>T",262,262.188961646399,-0.000313112293014306,1,"Not Significant","truncating"
"6280G>A","9216C>T",291,274.4340505145,0.0254549933465752,0.017,"Significant","truncating"
"6280G>A","3563G>A",264,265.790458372311,-0.00293545925293205,0.847,"Not Significant","truncating"
"6280G>A","10375G>A",225,200.963517305893,0.049065294874038,0,"Significant","truncating"
"6280G>A","9543G>A",210,197.362020579981,0.0269557119498142,0.046,"Significant","truncating"
"6280G>A","13261C>T",304,270.112254443405,0.0513292959173131,0,"Significant","truncating"
"6280G>A","14532C>T",265,250.66417212348,0.0241536100265137,0.034,"Significant","truncating"
"6280G>A","6381G>A",179,153.423760523854,0.0669604075774112,0,"Significant","truncating"
"6280G>A","12629G>A",215,222.572497661366,-0.0150330394729263,0.278,"Not Significant","truncating"
"6280G>A","6264G>A",225,237.698783910196,-0.0238444417302186,0.069,"Not Significant","truncating"
"6280G>A","10971G>A",386,366.632366697848,0.0223565023712864,0.007,"Significant","truncating"
"6280G>A","12002C>T",173,191.599625818522,-0.0443485534659511,0.001,"Significant","truncating"
"6280G>A","11403G>A",171,168.550046772685,0.00626723301830352,0.729,"Not Significant","truncating"
"6280G>A","8391G>A",207,191.599625818522,0.03357568886213,0.015,"Significant","truncating"
"6280G>A","9253G>A",232,231.216089803555,0.00146993252232307,0.947,"Not Significant","truncating"
"6280G>A","14592C>T",212,202.404115996258,0.0201165210599579,0.142,"Not Significant","truncating"
"6280G>A","3842G>A",200,195.201122544434,0.0105476848258663,0.513,"Not Significant","truncating"
"6280G>A","7896G>A",195,211.76800748363,-0.0358257390133255,0.009,"Significant","truncating"
"6280G>A","7384G>A",151,140.458372310571,0.0314293159669259,0.07,"Not Significant","truncating"
"6280G>A","15723G>A",235,226.173994387278,0.0166251942348103,0.187,"Not Significant","truncating"
"6280G>A","4983C>T",239,198.082319925164,0.0815521871541336,0,"Significant","truncating"
"6280G>A","7122C>T",269,257.867165575304,0.0183562333948228,0.108,"Not Significant","truncating"
"6280G>A","4716C>T",171,177.913938260056,-0.0172138628312059,0.276,"Not Significant","truncating"
"6280G>A","12767G>A",259,243.461178671656,0.0268700438398826,0.016,"Significant","truncating"
"6280G>A","6573G>A",238,230.495790458372,0.0139139587728962,0.262,"Not Significant","truncating"
"6280G>A","4121G>A",214,175.032740879326,0.0872944797871296,0,"Significant","truncating"
"6280G>A","7779G>A",224,206.00561272217,0.036368965241399,0.01,"Significant","truncating"
"6280G>A","12923G>A",141,147.661365762395,-0.0200477683640644,0.255,"Not Significant","truncating"
"6280G>A","8980C>T",184,175.032740879326,0.0216985294475083,0.154,"Not Significant","truncating"
"6280G>A","8114G>A",195,189.438727782975,0.0125658429090498,0.405,"Not Significant","truncating"
"6280G>A","15561G>A",184,169.99064546305,0.0343928000757067,0.019,"Significant","truncating"
"6280G>A","14314A>C",126,125.33208606174,0.00230827687125743,0.92,"Not Significant","truncating"
"6280G>A","14429C>T",198,192.319925163704,0.0126409089332456,0.383,"Not Significant","truncating"
"6280G>A","12006G>A",160,162.067352666043,-0.00557555541913804,0.738,"Not Significant","truncating"
"6280G>A","8852G>A",163,182.956033676333,-0.050159132179655,0.001,"Significant","truncating"
"6280G>A","12931C>T",163,183.676333021515,-0.0518655959936712,0.002,"Significant","truncating"
"6280G>A","14283C>T",358,355.827876520112,0.00264305775652278,0.776,"Not Significant","truncating"
"6280G>A","9687C>T",145,143.3395696913,0.00500190586156091,0.802,"Not Significant","truncating"
"6280G>A","15882G>A",128,128.21328344247,-0.000723052624728852,1,"Not Significant","truncating"
"6280G>A","6030C>T",183,170.710944808232,0.0301897237566046,0.05,"Not Significant","truncating"
"6280G>A","6690G>A",130,116.688493919551,0.0469153178004638,0.019,"Significant","truncating"
"6280G>A","14360C>T",185,191.599625818522,-0.015222928191749,0.345,"Not Significant","truncating"
"6280G>A","9376G>A",159,139.738072965388,0.056082374426484,0,"Significant","truncating"
"6280G>A","4214G>A",165,162.067352666043,0.00778840613883524,0.656,"Not Significant","truncating"
"6280G>A","5035G>A",127,127.492984097287,-0.00168256536955228,1,"Not Significant","truncating"
"6280G>A","11594C>T",131,123.171188026193,0.0267621652998855,0.141,"Not Significant","truncating"
"6280G>A","13556G>A",166,139.738072965388,0.0747933381460761,0,"Significant","truncating"
"6280G>A","9819G>A",127,139.738072965388,-0.0415110289379418,0.03,"Significant","truncating"
"6280G>A","9984G>A",141,133.975678203929,0.0221931484737436,0.211,"Not Significant","truncating"
"6280G>A","8572G>T",128,136.856875584659,-0.0290566512686425,0.142,"Not Significant","truncating"
"6280G>A","6922G>A",178,166.389148737138,0.0292950024530288,0.046,"Significant","truncating"
"6280G>A","3668G>A",106,121.730589335828,-0.0600938593125542,0.001,"Significant","truncating"
"6280G>A","15761G>A",152,144.059869036483,0.0233005723170718,0.207,"Not Significant","truncating"
"6280G>A","4743C>T",124,128.21328344247,-0.0145113371103512,0.459,"Not Significant","truncating"
"7902G>A","13031G>A",432,428.550046772685,0.00348219997684223,0.621,"Not Significant","truncating"
"7902G>A","13923C>A",376,389.148737137512,-0.0149277804902998,0.053,"Not Significant","truncating"
"7902G>A","3400C>T",380,331.749298409729,0.0589735835342933,0,"Significant","truncating"
"7902G>A","14559C>T",412,421.253507951356,-0.00964631441023089,0.165,"Not Significant","truncating"
"7902G>A","7048C>A",245,329.317118802619,-0.128448222746588,0,"Significant","truncating"
"7902G>A","6211G>A",276,309.859681945744,-0.0502559886961367,0,"Significant","truncating"
"7902G>A","15215G>A",269,324.939195509822,-0.0820498208991311,0,"Significant","truncating"
"7902G>A","8168C>T",278,304.508886810103,-0.039555175718361,0,"Significant","truncating"
"7902G>A","3910G>T",251,282.619270346118,-0.0515280493352944,0,"Significant","truncating"
"7902G>A","7090G>A",287,292.834424695978,-0.00874023294985035,0.533,"Not Significant","truncating"
"7902G>A","13297C>T",357,322.020579981291,0.0447845882464589,0,"Significant","truncating"
"7902G>A","8372C>T",241,164.415341440599,0.166074703871109,0,"Significant","truncating"
"7902G>A","12511C>T",224,281.646398503274,-0.0994561838192549,0,"Significant","truncating"
"7902G>A","10396G>A",272,283.592142188962,-0.0181252891508301,0.154,"Not Significant","truncating"
"7902G>A","9432C>T",289,311.318989710009,-0.0323077696533496,0.01,"Significant","truncating"
"7902G>A","5185G>A",274,216.463985032741,0.102364913413393,0,"Significant","truncating"
"7902G>A","8054C>T",323,331.749298409729,-0.0116074907513937,0.285,"Not Significant","truncating"
"7902G>A","3913G>A",325,288.45650140318,0.0518030291885738,0,"Significant","truncating"
"7902G>A","11066C>T",331,308.8868101029,0.0300286300577125,0.007,"Significant","truncating"
"7902G>A","14006G>A",117,155.659494855005,-0.123989754999673,0,"Significant","truncating"
"7902G>A","4485C>T",290,275.809167446211,0.0217893005800206,0.08,"Not Significant","truncating"
"7902G>A","13636C>T",281,285.051449953227,-0.00621693453902975,0.633,"Not Significant","truncating"
"7902G>A","8815C>T",208,190.682881197381,0.0377516295162642,0.03,"Significant","truncating"
"7902G>A","3824G>A",297,268.512628624883,0.0437917331619767,0,"Significant","truncating"
"7902G>A","14160G>T",210,233.975678203929,-0.0469514200659124,0.002,"Significant","truncating"
"7902G>A","3376G>T",210,143.985032740879,0.163901945248865,0,"Significant","truncating"
"7902G>A","13156C>T",154,193.601496725912,-0.0993879896631882,0,"Significant","truncating"
"7902G>A","14622C>T",256,206.735266604303,0.0928253968354765,0,"Significant","truncating"
"7902G>A","9735C>T",90,107.502338634238,-0.0771754026717284,0.014,"Significant","truncating"
"7902G>A","8438C>T",183,213.54536950421,-0.0670390689376791,0,"Significant","truncating"
"7902G>A","6129G>A",249,178.521983161834,0.144507644417557,0,"Significant","truncating"
"7902G>A","10296C>T",160,175.603367633302,-0.0404128576757302,0.05,"Not Significant","truncating"
"7902G>A","14150C>T",251,175.11693171188,0.156345582287655,0,"Significant","truncating"
"7902G>A","15230C>T",218,143.498596819457,0.181608839200317,0,"Significant","truncating"
"7902G>A","9537C>T",216,189.710009354537,0.0563635056983827,0.001,"Significant","truncating"
"7902G>A","6753G>A",217,204.303086997194,0.0261848050245955,0.127,"Not Significant","truncating"
"7902G>A","8564C>T",185,195.060804490178,-0.0229982826431776,0.192,"Not Significant","truncating"
"7902G>A","15800C>T",152,172.684752104771,-0.0554104035363085,0.006,"Significant","truncating"
"7902G>A","8782G>A",208,207.221702525725,0.00162809743402069,0.949,"Not Significant","truncating"
"7902G>A","4255C>T",175,151.281571562208,0.0632520212333968,0,"Significant","truncating"
"7902G>A","11669C>T",237,199.925163704397,0.0738808857079796,0,"Significant","truncating"
"7902G>A","3445C>T",222,177.062675397568,0.0982259523755118,0,"Significant","truncating"
"7902G>A","9216C>T",159,185.33208606174,-0.0665534897811501,0.001,"Significant","truncating"
"7902G>A","3563G>A",203,179.494855004677,0.0534440333281035,0.006,"Significant","truncating"
"7902G>A","10375G>A",127,135.715622076707,-0.0288261207436398,0.237,"Not Significant","truncating"
"7902G>A","9543G>A",111,133.283442469598,-0.0794532224596862,0.004,"Significant","truncating"
"7902G>A","13261C>T",146,182.413470533209,-0.0967040503692436,0,"Significant","truncating"
"7902G>A","14532C>T",166,169.279700654818,-0.00849679433254191,0.711,"Not Significant","truncating"
"7902G>A","6381G>A",100,103.610851262862,-0.0154052418647437,0.633,"Not Significant","truncating"
"7902G>A","12629G>A",165,150.308699719364,0.0404998263630248,0.044,"Significant","truncating"
"7902G>A","6264G>A",198,160.523854069224,0.0911256119575713,0,"Significant","truncating"
"7902G>A","10971G>A",255,247.595884003742,0.0127967596711702,0.383,"Not Significant","truncating"
"7902G>A","12002C>T",170,129.391955098223,0.118541646321106,0,"Significant","truncating"
"7902G>A","11403G>A",117,113.826005612722,0.0119443659099873,0.689,"Not Significant","truncating"
"7902G>A","8391G>A",145,129.391955098223,0.0494607271778507,0.038,"Significant","truncating"
"7902G>A","9253G>A",167,156.145930776427,0.029185800316672,0.171,"Not Significant","truncating"
"7902G>A","14592C>T",129,136.688493919551,-0.0251422480318331,0.294,"Not Significant","truncating"
"7902G>A","3842G>A",136,131.824134705332,0.0135439790697805,0.551,"Not Significant","truncating"
"7902G>A","7896G>A",197,143.012160898036,0.139093257323331,0,"Significant","truncating"
"7902G>A","7384G>A",100,94.8550046772685,0.0229397502114372,0.431,"Not Significant","truncating"
"7902G>A","15723G>A",174,152.740879326473,0.0565939617833288,0.006,"Significant","truncating"
"7902G>A","4983C>T",103,133.76987839102,-0.113521107551015,0,"Significant","truncating"
"7902G>A","7122C>T",170,174.144059869036,-0.0104597436916155,0.605,"Not Significant","truncating"
"7902G>A","4716C>T",120,120.149672591207,-0.000541345638061657,1,"Not Significant","truncating"
"7902G>A","12767G>A",165,164.415341440599,0.00154160551022952,0.946,"Not Significant","truncating"
"7902G>A","6573G>A",165,155.659494855005,0.0253083274679635,0.238,"Not Significant","truncating"
"7902G>A","4121G>A",89,118.203928905519,-0.1232419053793,0,"Significant","truncating"
"7902G>A","7779G>A",134,139.12067352666,-0.0162868731902446,0.518,"Not Significant","truncating"
"7902G>A","12923G>A",90,99.7193638914874,-0.0445369900424035,0.126,"Not Significant","truncating"
"7902G>A","8980C>T",122,118.203928905519,0.0137279186504034,0.628,"Not Significant","truncating"
"7902G>A","8114G>A",123,127.932647333957,-0.0170762754763675,0.544,"Not Significant","truncating"
"7902G>A","15561G>A",132,114.798877455566,0.0606362898096728,0.013,"Significant","truncating"
"7902G>A","14314A>C",69,84.6398503274088,-0.0887257959712492,0.015,"Significant","truncating"
"7902G>A","14429C>T",122,129.878391019645,-0.0271770691158265,0.248,"Not Significant","truncating"
"7902G>A","12006G>A",127,109.448082319925,0.0645955644185184,0.005,"Significant","truncating"
"7902G>A","8852G>A",174,123.55472404116,0.148689893236539,0,"Significant","truncating"
"7902G>A","12931C>T",175,124.041159962582,0.149472229826216,0,"Significant","truncating"
"7902G>A","14283C>T",242,240.299345182414,0.00306277863076187,0.844,"Not Significant","truncating"
"7902G>A","9687C>T",73,96.800748362956,-0.122555854715126,0,"Significant","truncating"
"7902G>A","15882G>A",90,86.5855940130964,0.0167968687043907,0.607,"Not Significant","truncating"
"7902G>A","6030C>T",117,115.285313376988,0.00641187731003106,0.824,"Not Significant","truncating"
"7902G>A","6690G>A",66,78.8026192703461,-0.0769967174266765,0.034,"Significant","truncating"
"7902G>A","14360C>T",130,129.391955098223,0.00203607724974711,0.938,"Not Significant","truncating"
"7902G>A","9376G>A",85,94.3685687558466,-0.0454084426419037,0.164,"Not Significant","truncating"
"7902G>A","4214G>A",119,109.448082319925,0.0363388048551153,0.157,"Not Significant","truncating"
"7902G>A","5035G>A",98,86.0991580916745,0.0562271709046058,0.066,"Not Significant","truncating"
"7902G>A","11594C>T",79,83.1805425631431,-0.0223946575277059,0.508,"Not Significant","truncating"
"7902G>A","13556G>A",86,94.3685687558466,-0.0403289171126347,0.2,"Not Significant","truncating"
"7902G>A","9819G>A",136,94.3685687558466,0.158711540013829,0,"Significant","truncating"
"7902G>A","9984G>A",95,90.4770813844715,0.0211850226448874,0.478,"Not Significant","truncating"
"7902G>A","8572G>T",128,92.422825070159,0.141430730268888,0,"Significant","truncating"
"7902G>A","6922G>A",109,112.366697848456,-0.0132111203775299,0.679,"Not Significant","truncating"
"7902G>A","3668G>A",109,82.2076707202993,0.122514154900799,0,"Significant","truncating"
"7902G>A","15761G>A",116,97.2871842843779,0.0764023551368441,0.002,"Significant","truncating"
"7902G>A","4743C>T",101,86.5855940130964,0.0668757330476559,0.021,"Significant","truncating"
"13031G>A","13923C>A",759,659.307764265669,0.0611535857002583,0,"Significant","truncating"
"13031G>A","3400C>T",570,562.059869036483,0.00609227781274152,0.197,"Not Significant","truncating"
"13031G>A","14559C>T",708,713.700654817587,-0.00348283753084707,0.244,"Not Significant","truncating"
"13031G>A","7048C>A",565,557.939195509822,0.00546157593102333,0.242,"Not Significant","truncating"
"13031G>A","6211G>A",524,524.973807296539,-0.00080634855489357,0.921,"Not Significant","truncating"
"13031G>A","15215G>A",546,550.521983161834,-0.00358202297407773,0.463,"Not Significant","truncating"
"13031G>A","8168C>T",509,515.908325537886,-0.00585475407693981,0.297,"Not Significant","truncating"
"13031G>A","3910G>T",472,478.822263797942,-0.00623233695951155,0.273,"Not Significant","truncating"
"13031G>A","7090G>A",495,496.129092609916,-0.000989495527525588,0.879,"Not Significant","truncating"
"13031G>A","13297C>T",605,545.577174929841,0.0448991820094913,0,"Significant","truncating"
"13031G>A","8372C>T",291,278.557530402245,0.0189780855049761,0.04,"Significant","truncating"
"13031G>A","12511C>T",475,477.173994387278,-0.00198315730583911,0.733,"Not Significant","truncating"
"13031G>A","10396G>A",481,480.470533208606,0.000478318411547587,0.934,"Not Significant","truncating"
"13031G>A","9432C>T",531,527.446211412535,0.00291634389431142,0.569,"Not Significant","truncating"
"13031G>A","5185G>A",391,366.739943872778,0.027818543211658,0.001,"Significant","truncating"
"13031G>A","8054C>T",559,562.059869036483,-0.00237076997332512,0.611,"Not Significant","truncating"
"13031G>A","3913G>A",496,488.711880261927,0.00642877992266366,0.267,"Not Significant","truncating"
"13031G>A","11066C>T",527,523.325537885875,0.00303868671730041,0.557,"Not Significant","truncating"
"13031G>A","14006G>A",261,263.723105706268,-0.00450767418489327,0.668,"Not Significant","truncating"
"13031G>A","4485C>T",471,467.284377923293,0.00343964503271895,0.58,"Not Significant","truncating"
"13031G>A","13636C>T",503,482.942937324602,0.0176721658345633,0.001,"Significant","truncating"
"13031G>A","8815C>T",360,323.060804490178,0.0470182305435463,0,"Significant","truncating"
"13031G>A","3824G>A",465,454.922357343312,0.009515671957483,0.117,"Not Significant","truncating"
"13031G>A","14160G>T",409,396.408793264733,0.0135800284302368,0.041,"Significant","truncating"
"13031G>A","3376G>T",266,243.943872778297,0.0375917223688438,0,"Significant","truncating"
"13031G>A","13156C>T",325,328.00561272217,-0.00399791429808214,0.601,"Not Significant","truncating"
"13031G>A","14622C>T",348,350.257249766137,-0.00280788930699975,0.72,"Not Significant","truncating"
"13031G>A","9735C>T",190,182.133769878391,0.0183631240644386,0.119,"Not Significant","truncating"
"13031G>A","8438C>T",368,361.795135640786,0.00738509522812438,0.337,"Not Significant","truncating"
"13031G>A","6129G>A",310,302.457436856876,0.0106974263789099,0.199,"Not Significant","truncating"
"13031G>A","10296C>T",313,297.512628624883,0.0220389324375135,0.01,"Significant","truncating"
"13031G>A","14150C>T",314,296.688493919551,0.0246289441026496,0.003,"Significant","truncating"
"13031G>A","15230C>T",259,243.119738072965,0.0274795448998079,0.003,"Significant","truncating"
"13031G>A","9537C>T",326,321.412535079514,0.00615478983816799,0.453,"Not Significant","truncating"
"13031G>A","6753G>A",342,346.136576239476,-0.00522138754503388,0.526,"Not Significant","truncating"
"13031G>A","8564C>T",318,330.478016838167,-0.0167154558390144,0.064,"Not Significant","truncating"
"13031G>A","15800C>T",298,292.567820392891,0.00798970781788848,0.386,"Not Significant","truncating"
"13031G>A","8782G>A",362,351.081384471469,0.0133007682271732,0.085,"Not Significant","truncating"
"13031G>A","4255C>T",259,256.305893358279,0.00454117185114255,0.653,"Not Significant","truncating"
"13031G>A","11669C>T",356,338.719363891487,0.0216099728935298,0.003,"Significant","truncating"
"13031G>A","3445C>T",313,299.985032740879,0.0184447506941166,0.034,"Significant","truncating"
"13031G>A","9216C>T",309,313.995322731525,-0.00696469945405235,0.428,"Not Significant","truncating"
"13031G>A","3563G>A",313,304.10570626754,0.0125197681841142,0.129,"Not Significant","truncating"
"13031G>A","10375G>A",237,229.933582787652,0.0131459395332307,0.207,"Not Significant","truncating"
"13031G>A","9543G>A",241,225.812909260992,0.0282682765511984,0.009,"Significant","truncating"
"13031G>A","13261C>T",321,309.050514499532,0.016475561473878,0.063,"Not Significant","truncating"
"13031G>A","14532C>T",279,286.798877455566,-0.011973243876249,0.21,"Not Significant","truncating"
"13031G>A","6381G>A",173,175.540692235734,-0.00633170351320856,0.62,"Not Significant","truncating"
"13031G>A","12629G>A",253,254.657623947615,-0.00283616145228555,0.796,"Not Significant","truncating"
"13031G>A","6264G>A",272,271.964452759588,5.67609530413059e-05,1,"Not Significant","truncating"
"13031G>A","10971G>A",438,419.484565014032,0.0187581249640665,0.002,"Significant","truncating"
"13031G>A","12002C>T",231,219.219831618335,0.0227321400577972,0.032,"Significant","truncating"
"13031G>A","11403G>A",195,192.847521047708,0.00482055074910282,0.683,"Not Significant","truncating"
"13031G>A","8391G>A",210,219.219831618335,-0.018660545100409,0.106,"Not Significant","truncating"
"13031G>A","9253G>A",265,264.5472404116,0.000742638328665502,1,"Not Significant","truncating"
"13031G>A","14592C>T",244,231.581852198316,0.0226853032303701,0.023,"Significant","truncating"
"13031G>A","3842G>A",228,223.340505144995,0.00896735292277423,0.413,"Not Significant","truncating"
"13031G>A","7896G>A",248,242.295603367633,0.010106147210785,0.316,"Not Significant","truncating"
"13031G>A","7384G>A",165,160.706267539757,0.0114511296481113,0.388,"Not Significant","truncating"
"13031G>A","15723G>A",272,258.778297474275,0.0216410527577056,0.019,"Significant","truncating"
"13031G>A","4983C>T",222,226.637043966324,-0.00897792258288994,0.391,"Not Significant","truncating"
"13031G>A","7122C>T",301,295.040224508887,0.00868526574669614,0.356,"Not Significant","truncating"
"13031G>A","4716C>T",215,203.561272217025,0.0237433034526583,0.031,"Significant","truncating"
"13031G>A","12767G>A",286,278.557530402245,0.0114511296481144,0.242,"Not Significant","truncating"
"13031G>A","6573G>A",269,263.723105706268,0.00860409847922878,0.366,"Not Significant","truncating"
"13031G>A","4121G>A",200,200.264733395697,-0.000574481137600673,1,"Not Significant","truncating"
"13031G>A","7779G>A",243,235.702525724977,0.0132420372659938,0.196,"Not Significant","truncating"
"13031G>A","12923G>A",178,168.947614593078,0.0226679380498567,0.067,"Not Significant","truncating"
"13031G>A","8980C>T",208,200.264733395697,0.0164588581611713,0.149,"Not Significant","truncating"
"13031G>A","8114G>A",226,216.747427502339,0.018154487454365,0.1,"Not Significant","truncating"
"13031G>A","15561G>A",207,194.495790458372,0.0270601392835278,0.015,"Significant","truncating"
"13031G>A","14314A>C",152,143.399438727783,0.0252961364588858,0.068,"Not Significant","truncating"
"13031G>A","14429C>T",225,220.043966323667,0.009673053543513,0.407,"Not Significant","truncating"
"13031G>A","12006G>A",185,185.430308699719,-0.00100899291161806,1,"Not Significant","truncating"
"13031G>A","8852G>A",219,209.33021515435,0.0196121950169012,0.083,"Not Significant","truncating"
"13031G>A","12931C>T",209,210.154349859682,-0.0023920975261699,0.863,"Not Significant","truncating"
"13031G>A","14283C>T",421,407.122544434051,0.0145569437087479,0.026,"Significant","truncating"
"13031G>A","9687C>T",169,164.002806361085,0.0130354250006891,0.338,"Not Significant","truncating"
"13031G>A","15882G>A",150,146.695977549111,0.00967305354351074,0.522,"Not Significant","truncating"
"13031G>A","6030C>T",180,195.319925163704,-0.0354740441100488,0.003,"Significant","truncating"
"13031G>A","6690G>A",132,133.509822263798,-0.00493928654004721,0.772,"Not Significant","truncating"
"13031G>A","14360C>T",227,219.219831618335,0.015146017358779,0.158,"Not Significant","truncating"
"13031G>A","9376G>A",164,159.882132834425,0.0110439149141951,0.422,"Not Significant","truncating"
"13031G>A","4214G>A",185,185.430308699719,-0.00100899291161806,1,"Not Significant","truncating"
"13031G>A","5035G>A",152,145.871842843779,0.017872118379684,0.184,"Not Significant","truncating"
"13031G>A","11594C>T",155,140.927034611787,0.0413373845748398,0.003,"Significant","truncating"
"13031G>A","13556G>A",156,159.882132834425,-0.0106753347790276,0.459,"Not Significant","truncating"
"13031G>A","9819G>A",165,159.882132834425,0.0136840110804019,0.314,"Not Significant","truncating"
"13031G>A","9984G>A",156,153.289055191768,0.00761345093327043,0.604,"Not Significant","truncating"
"13031G>A","8572G>T",170,156.585594013096,0.0356971172221532,0.009,"Significant","truncating"
"13031G>A","6922G>A",194,190.375116931712,0.00819154683480751,0.479,"Not Significant","truncating"
"13031G>A","3668G>A",146,139.278765201123,0.0204679479674793,0.157,"Not Significant","truncating"
"13031G>A","15761G>A",168,164.826941066417,0.00828108285860686,0.538,"Not Significant","truncating"
"13031G>A","4743C>T",155,146.695977549111,0.0239134926581117,0.081,"Not Significant","truncating"
"13923C>A","3400C>T",517,510.383536014967,0.00559388665429696,0.337,"Not Significant","truncating"
"13923C>A","14559C>T",647,648.082319925164,-0.000725893131811712,0.853,"Not Significant","truncating"
"13923C>A","7048C>A",511,506.641721234799,0.00371994966640212,0.547,"Not Significant","truncating"
"13923C>A","6211G>A",481,476.707202993452,0.00389336225531494,0.561,"Not Significant","truncating"
"13923C>A","15215G>A",489,499.906454630496,-0.00957988513508908,0.116,"Not Significant","truncating"
"13923C>A","8168C>T",456,468.475210477081,-0.0117217723291577,0.072,"Not Significant","truncating"
"13923C>A","3910G>T",422,434.798877455566,-0.0129759632118194,0.085,"Not Significant","truncating"
"13923C>A","7090G>A",442,450.514499532273,-0.00828650369189634,0.216,"Not Significant","truncating"
"13923C>A","13297C>T",574,495.416276894294,0.0639416211750961,0,"Significant","truncating"
"13923C>A","8372C>T",263,252.946679139383,0.0169267664289311,0.133,"Not Significant","truncating"
"13923C>A","12511C>T",429,433.302151543499,-0.00433355332587653,0.57,"Not Significant","truncating"
"13923C>A","10396G>A",430,436.295603367633,-0.00631238096259173,0.427,"Not Significant","truncating"
"13923C>A","9432C>T",475,478.952291861553,-0.00359864614218536,0.604,"Not Significant","truncating"
"13923C>A","5185G>A",366,333.021515434986,0.0410087926303017,0,"Significant","truncating"
"13923C>A","8054C>T",504,510.383536014967,-0.0054661199941181,0.377,"Not Significant","truncating"
"13923C>A","3913G>A",452,443.77923292797,0.00797145966395224,0.258,"Not Significant","truncating"
"13923C>A","11066C>T",482,475.210477081385,0.006161031163707,0.338,"Not Significant","truncating"
"13923C>A","14006G>A",235,239.476145930776,-0.00819439783133178,0.561,"Not Significant","truncating"
"13923C>A","4485C>T",424,424.321796071094,-0.000329484083339443,1,"Not Significant","truncating"
"13923C>A","13636C>T",456,438.540692235734,0.016954944863175,0.018,"Significant","truncating"
"13923C>A","8815C>T",342,293.358278765201,0.0666277572524911,0,"Significant","truncating"
"13923C>A","3824G>A",421,413.096351730589,0.0082307363233019,0.312,"Not Significant","truncating"
"13923C>A","14160G>T",367,359.962581852198,0.00840870609508965,0.31,"Not Significant","truncating"
"13923C>A","3376G>T",241,221.515434985968,0.0366130497327484,0.003,"Significant","truncating"
"13923C>A","13156C>T",296,297.848456501403,-0.00270364279791393,0.831,"Not Significant","truncating"
"13923C>A","14622C>T",321,318.054256314312,0.00400382057139373,0.71,"Not Significant","truncating"
"13923C>A","9735C>T",179,165.388213283442,0.034348475511597,0.021,"Significant","truncating"
"13923C>A","8438C>T",323,328.531337698784,-0.00737427969418174,0.432,"Not Significant","truncating"
"13923C>A","6129G>A",282,274.649204864359,0.0114707622841021,0.293,"Not Significant","truncating"
"13923C>A","10296C>T",277,270.159027128157,0.0108602853756212,0.333,"Not Significant","truncating"
"13923C>A","14150C>T",286,269.410664172123,0.0259512505785808,0.008,"Significant","truncating"
"13923C>A","15230C>T",244,220.767072029935,0.0434555285773821,0,"Significant","truncating"
"13923C>A","9537C>T",299,291.861552853134,0.0104942995147614,0.286,"Not Significant","truncating"
"13923C>A","6753G>A",305,314.312441534144,-0.013061732834276,0.205,"Not Significant","truncating"
"13923C>A","8564C>T",299,300.093545369504,-0.00158546607891773,0.876,"Not Significant","truncating"
"13923C>A","15800C>T",273,265.668849391955,0.011822012202492,0.336,"Not Significant","truncating"
"13923C>A","8782G>A",325,318.802619270346,0.00836148009298731,0.375,"Not Significant","truncating"
"13923C>A","4255C>T",247,232.740879326473,0.0258242824496519,0.024,"Significant","truncating"
"13923C>A","11669C>T",317,307.577174929841,0.0131051585585125,0.195,"Not Significant","truncating"
"13923C>A","3445C>T",281,272.404115996258,0.0134926544728535,0.207,"Not Significant","truncating"
"13923C>A","9216C>T",281,285.126286248831,-0.00633093755370269,0.565,"Not Significant","truncating"
"13923C>A","3563G>A",279,276.145930776427,0.00446555533137006,0.702,"Not Significant","truncating"
"13923C>A","10375G>A",209,208.793264733396,0.000429801054290714,1,"Not Significant","truncating"
"13923C>A","9543G>A",224,205.051449953227,0.0383851737305914,0,"Significant","truncating"
"13923C>A","13261C>T",300,280.636108512629,0.028977705208768,0.006,"Significant","truncating"
"13923C>A","14532C>T",259,260.430308699719,-0.00239176164849374,0.86,"Not Significant","truncating"
"13923C>A","6381G>A",151,159.401309635173,-0.0235149379287187,0.144,"Not Significant","truncating"
"13923C>A","12629G>A",231,231.244153414406,-0.000458781315855693,1,"Not Significant","truncating"
"13923C>A","6264G>A",248,246.959775491113,0.0018254591651625,0.882,"Not Significant","truncating"
"13923C>A","10971G>A",408,380.916744621141,0.0298300989699481,0,"Significant","truncating"
"13923C>A","12002C>T",216,199.064546304958,0.0354598327366813,0.004,"Significant","truncating"
"13923C>A","11403G>A",183,175.11693171188,0.0191229505371105,0.194,"Not Significant","truncating"
"13923C>A","8391G>A",189,199.064546304958,-0.0225321142409768,0.105,"Not Significant","truncating"
"13923C>A","9253G>A",242,240.22450888681,0.00319805179239228,0.833,"Not Significant","truncating"
"13923C>A","14592C>T",231,210.289990645463,0.0407933782038803,0,"Significant","truncating"
"13923C>A","3842G>A",210,202.806361085126,0.0151377220763406,0.252,"Not Significant","truncating"
"13923C>A","7896G>A",227,220.018709073901,0.0135662449977939,0.302,"Not Significant","truncating"
"13923C>A","7384G>A",160,145.930776426567,0.0399730895102151,0.01,"Significant","truncating"
"13923C>A","15723G>A",245,234.985968194574,0.0181241545081444,0.121,"Not Significant","truncating"
"13923C>A","4983C>T",202,205.799812909261,-0.00809360616680046,0.551,"Not Significant","truncating"
"13923C>A","7122C>T",271,267.913938260056,0.00497398244736399,0.649,"Not Significant","truncating"
"13923C>A","4716C>T",191,184.845650140318,0.0142241322048886,0.335,"Not Significant","truncating"
"13923C>A","12767G>A",262,252.946679139383,0.0152723092589193,0.174,"Not Significant","truncating"
"13923C>A","6573G>A",247,239.476145930776,0.0134346931565887,0.255,"Not Significant","truncating"
"13923C>A","4121G>A",189,181.852198316183,0.0167432487917574,0.243,"Not Significant","truncating"
"13923C>A","7779G>A",220,214.031805425631,0.0119443659099922,0.379,"Not Significant","truncating"
"13923C>A","12923G>A",166,153.414405986904,0.0342419452011137,0.028,"Significant","truncating"
"13923C>A","8980C>T",197,181.852198316183,0.0347476707800968,0.014,"Significant","truncating"
"13923C>A","8114G>A",206,196.819457436857,0.0197991900962201,0.135,"Not Significant","truncating"
"13923C>A","15561G>A",188,176.613657623948,0.0271335645103928,0.054,"Not Significant","truncating"
"13923C>A","14314A>C",144,130.21515434986,0.0437009620294524,0.006,"Significant","truncating"
"13923C>A","14429C>T",203,199.812909260992,0.00687249476546882,0.615,"Not Significant","truncating"
"13923C>A","12006G>A",166,168.381665107577,-0.00618671185446922,0.74,"Not Significant","truncating"
"13923C>A","8852G>A",200,190.084190832554,0.0220839972608663,0.124,"Not Significant","truncating"
"13923C>A","12931C>T",193,190.832553788587,0.00490484679065047,0.749,"Not Significant","truncating"
"13923C>A","14283C>T",387,369.691300280636,0.0198717343120936,0.01,"Significant","truncating"
"13923C>A","9687C>T",155,148.924228250702,0.0173663399774078,0.249,"Not Significant","truncating"
"13923C>A","15882G>A",135,133.208606173994,0.00580148440294224,0.767,"Not Significant","truncating"
"13923C>A","6030C>T",153,177.362020579981,-0.0641691969756317,0,"Significant","truncating"
"13923C>A","6690G>A",115,121.234798877456,-0.0229294559721654,0.221,"Not Significant","truncating"
"13923C>A","14360C>T",210,199.064546304958,0.0232253763196754,0.096,"Not Significant","truncating"
"13923C>A","9376G>A",133,145.182413470533,-0.0380623707462784,0.02,"Significant","truncating"
"13923C>A","4214G>A",163,168.381665107577,-0.0141071954905617,0.373,"Not Significant","truncating"
"13923C>A","5035G>A",144,132.460243217961,0.0362769439502512,0.027,"Significant","truncating"
"13923C>A","11594C>T",136,127.970065481759,0.026430516194878,0.146,"Not Significant","truncating"
"13923C>A","13556G>A",137,145.182413470533,-0.0251934445569669,0.125,"Not Significant","truncating"
"13923C>A","9819G>A",148,145.182413470533,0.00834770368156009,0.66,"Not Significant","truncating"
"13923C>A","9984G>A",144,139.195509822264,0.0147372660941574,0.408,"Not Significant","truncating"
"13923C>A","8572G>T",158,142.188961646398,0.0457912042183976,0.004,"Significant","truncating"
"13923C>A","6922G>A",172,172.871842843779,-0.00219581476775962,0.946,"Not Significant","truncating"
"13923C>A","3668G>A",136,126.473339569691,0.0315399219733544,0.066,"Not Significant","truncating"
"13923C>A","15761G>A",146,149.672591206735,-0.0107894216627023,0.533,"Not Significant","truncating"
"13923C>A","4743C>T",137,133.208606173994,0.0121882830643382,0.513,"Not Significant","truncating"
"3400C>T","14559C>T",562,552.490177736202,0.00741175410401223,0.131,"Not Significant","truncating"
"3400C>T","7048C>A",394,431.912067352666,-0.0398991163072614,0,"Significant","truncating"
"3400C>T","6211G>A",431,406.392890551918,0.0255311683776741,0.002,"Significant","truncating"
"3400C>T","15215G>A",416,426.170252572498,-0.0104898012965014,0.196,"Not Significant","truncating"
"3400C>T","8168C>T",452,399.375116931712,0.0537574321532389,0,"Significant","truncating"
"3400C>T","3910G>T",408,370.66604303087,0.0416773612518375,0,"Significant","truncating"
"3400C>T","7090G>A",448,384.063610851263,0.0668748532926025,0,"Significant","truncating"
"3400C>T","13297C>T",479,422.342376052385,0.0546708545271502,0,"Significant","truncating"
"3400C>T","8372C>T",251,215.637043966324,0.0659503517556542,0,"Significant","truncating"
"3400C>T","12511C>T",389,369.390084190833,0.0224643681505647,0.014,"Significant","truncating"
"3400C>T","10396G>A",386,371.942001870907,0.0161120804650357,0.079,"Not Significant","truncating"
"3400C>T","9432C>T",435,408.306828811974,0.0275026135230427,0,"Significant","truncating"
"3400C>T","5185G>A",312,283.900841908326,0.0409879135897966,0,"Significant","truncating"
"3400C>T","8054C>T",422,435.10196445276,-0.0132785931425029,0.083,"Not Significant","truncating"
"3400C>T","3913G>A",410,378.321796071094,0.0349224939077631,0,"Significant","truncating"
"3400C>T","11066C>T",424,405.11693171188,0.0197854618530512,0.014,"Significant","truncating"
"3400C>T","14006G>A",214,204.153414405987,0.0204571255815742,0.174,"Not Significant","truncating"
"3400C>T","4485C>T",408,361.734331150608,0.0522704347492588,0,"Significant","truncating"
"3400C>T","13636C>T",354,373.855940130964,-0.0237010234399972,0.008,"Significant","truncating"
"3400C>T","8815C>T",240,250.087932647334,-0.0178814947565448,0.182,"Not Significant","truncating"
"3400C>T","3824G>A",372,352.164639850327,0.0237971927049911,0.015,"Significant","truncating"
"3400C>T","14160G>T",312,306.868101028999,0.00720284819690773,0.541,"Not Significant","truncating"
"3400C>T","3376G>T",239,188.841908325538,0.10229952044145,0,"Significant","truncating"
"3400C>T","13156C>T",264,253.915809167446,0.0169141853484358,0.174,"Not Significant","truncating"
"3400C>T","14622C>T",367,271.141253507951,0.131470464754035,0,"Significant","truncating"
"3400C>T","9735C>T",158,140.993451824135,0.0494581438215778,0.005,"Significant","truncating"
"3400C>T","8438C>T",310,280.072965388213,0.0440905041444353,0,"Significant","truncating"
"3400C>T","6129G>A",280,234.138447146866,0.0776852976423986,0,"Significant","truncating"
"3400C>T","10296C>T",224,230.310570626754,-0.0120658530191907,0.432,"Not Significant","truncating"
"3400C>T","14150C>T",273,229.672591206735,0.0750534768257378,0,"Significant","truncating"
"3400C>T","15230C>T",244,188.203928905519,0.112761140912813,0,"Significant","truncating"
"3400C>T","9537C>T",245,248.811973807297,-0.00670519210966497,0.669,"Not Significant","truncating"
"3400C>T","6753G>A",282,267.951356407858,0.0221931484737517,0.081,"Not Significant","truncating"
"3400C>T","8564C>T",244,255.829747427502,-0.0205612157291456,0.147,"Not Significant","truncating"
"3400C>T","15800C>T",205,226.482694106642,-0.0432811614470206,0.005,"Significant","truncating"
"3400C>T","8782G>A",273,271.77923292797,0.00194637849033556,0.898,"Not Significant","truncating"
"3400C>T","4255C>T",215,198.411599625819,0.03487140144105,0.028,"Significant","truncating"
"3400C>T","11669C>T",288,262.209541627689,0.0407439964354459,0.001,"Significant","truncating"
"3400C>T","3445C>T",252,232.22450888681,0.0354924876847725,0.013,"Significant","truncating"
"3400C>T","9216C>T",232,243.070159027128,-0.020243660232412,0.166,"Not Significant","truncating"
"3400C>T","3563G>A",252,235.414405986904,0.0295675051747707,0.022,"Significant","truncating"
"3400C>T","10375G>A",178,177.99625818522,9.12958759548606e-06,1,"Not Significant","truncating"
"3400C>T","9543G>A",137,174.806361085126,-0.105836665111614,0,"Significant","truncating"
"3400C>T","13261C>T",243,239.242282507016,0.00676833642288952,0.626,"Not Significant","truncating"
"3400C>T","14532C>T",227,222.016838166511,0.00963994379883659,0.535,"Not Significant","truncating"
"3400C>T","6381G>A",146,135.889616463985,0.0311665828979764,0.113,"Not Significant","truncating"
"3400C>T","12629G>A",220,197.135640785781,0.0476575319496478,0.001,"Significant","truncating"
"3400C>T","6264G>A",250,210.533208606174,0.0746193993464166,0,"Significant","truncating"
"3400C>T","10971G>A",343,324.731524789523,0.0237696682583036,0.025,"Significant","truncating"
"3400C>T","12002C>T",196,169.702525724977,0.0625677652776738,0,"Significant","truncating"
"3400C>T","11403G>A",159,149.287184284378,0.02737459746259,0.143,"Not Significant","truncating"
"3400C>T","8391G>A",163,169.702525724977,-0.0175007016747996,0.329,"Not Significant","truncating"
"3400C>T","9253G>A",220,204.791393826006,0.0311109789696186,0.033,"Significant","truncating"
"3400C>T","14592C>T",184,179.272217025257,0.0113048336567494,0.495,"Not Significant","truncating"
"3400C>T","3842G>A",176,172.89242282507,0.00773670749203868,0.664,"Not Significant","truncating"
"3400C>T","7896G>A",221,187.5659494855,0.0712382738252175,0,"Significant","truncating"
"3400C>T","7384G>A",137,124.405986903648,0.0418792863461557,0.039,"Significant","truncating"
"3400C>T","15723G>A",210,200.325537885875,0.0204829772129934,0.161,"Not Significant","truncating"
"3400C>T","4983C>T",184,175.444340505145,0.0206784597315614,0.233,"Not Significant","truncating"
"3400C>T","7122C>T",235,228.396632366698,0.0123781661801557,0.376,"Not Significant","truncating"
"3400C>T","4716C>T",147,157.580916744621,-0.0301862879591707,0.118,"Not Significant","truncating"
"3400C>T","12767G>A",225,215.637043966324,0.0184591483859985,0.195,"Not Significant","truncating"
"3400C>T","6573G>A",212,204.153414405987,0.0163792131611366,0.283,"Not Significant","truncating"
"3400C>T","4121G>A",154,155.028999064546,-0.00289222220954823,0.865,"Not Significant","truncating"
"3400C>T","7779G>A",174,182.462114125351,-0.0206234542941327,0.23,"Not Significant","truncating"
"3400C>T","12923G>A",104,130.785781103835,-0.0995271912045893,0,"Significant","truncating"
"3400C>T","8980C>T",158,155.028999064546,0.0082441439084042,0.706,"Not Significant","truncating"
"3400C>T","8114G>A",165,167.78858746492,-0.00727847372354811,0.699,"Not Significant","truncating"
"3400C>T","15561G>A",149,150.563143124415,-0.00453240400553043,0.83,"Not Significant","truncating"
"3400C>T","14314A>C",81,111.008419083255,-0.136870898851506,0,"Significant","truncating"
"3400C>T","14429C>T",177,170.340505144995,0.016655335549521,0.337,"Not Significant","truncating"
"3400C>T","12006G>A",150,143.54536950421,0.0191020714966048,0.365,"Not Significant","truncating"
"3400C>T","8852G>A",188,162.046772684752,0.0645174631960039,0,"Significant","truncating"
"3400C>T","12931C>T",184,162.684752104771,0.0534709731278495,0.003,"Significant","truncating"
"3400C>T","14283C>T",316,315.161833489242,0.00115346424705563,0.949,"Not Significant","truncating"
"3400C>T","9687C>T",107,126.957904583723,-0.0742759681721341,0.001,"Significant","truncating"
"3400C>T","15882G>A",119,113.56033676333,0.0203202896359183,0.404,"Not Significant","truncating"
"3400C>T","6030C>T",158,151.201122544434,0.0191020714966055,0.316,"Not Significant","truncating"
"3400C>T","6690G>A",125,103.352666043031,0.0825883290176518,0,"Significant","truncating"
"3400C>T","14360C>T",184,169.702525724977,0.0351295169307487,0.04,"Significant","truncating"
"3400C>T","9376G>A",129,123.76800748363,0.0179813109213077,0.425,"Not Significant","truncating"
"3400C>T","4214G>A",152,143.54536950421,0.0248544003856924,0.227,"Not Significant","truncating"
"3400C>T","5035G>A",128,112.922357343312,0.0544300338383155,0.011,"Significant","truncating"
"3400C>T","11594C>T",122,109.094480823199,0.0485570508348514,0.033,"Significant","truncating"
"3400C>T","13556G>A",145,123.76800748363,0.0687596028569965,0,"Significant","truncating"
"3400C>T","9819G>A",151,123.76800748363,0.0863685479151792,0,"Significant","truncating"
"3400C>T","9984G>A",119,118.66417212348,0.0012273477269125,1,"Not Significant","truncating"
"3400C>T","8572G>T",153,121.216089803555,0.101131160416994,0,"Significant","truncating"
"3400C>T","6922G>A",138,147.373246024322,-0.0285395629385887,0.149,"Not Significant","truncating"
"3400C>T","3668G>A",137,107.818521983162,0.104027193094946,0,"Significant","truncating"
"3400C>T","15761G>A",141,127.595884003742,0.0433824475436654,0.029,"Significant","truncating"
"3400C>T","4743C>T",116,113.56033676333,0.00923131747031554,0.755,"Not Significant","truncating"
"14559C>T","7048C>A",568,548.43966323667,0.0152194802173033,0.003,"Significant","truncating"
"14559C>T","6211G>A",540,516.035547240412,0.0197141406790457,0,"Significant","truncating"
"14559C>T","15215G>A",579,541.148737137512,0.0293619144433165,0,"Significant","truncating"
"14559C>T","8168C>T",533,507.124415341441,0.0216126890075699,0,"Significant","truncating"
"14559C>T","3910G>T",504,470.66978484565,0.0297142172466197,0,"Significant","truncating"
"14559C>T","7090G>A",516,487.681945743686,0.0245130235608134,0,"Significant","truncating"
"14559C>T","13297C>T",543,536.288119738073,0.00540165334057736,0.294,"Not Significant","truncating"
"14559C>T","8372C>T",270,273.814780168382,-0.00609312292723373,0.548,"Not Significant","truncating"
"14559C>T","12511C>T",515,469.049579045837,0.040588478505178,0,"Significant","truncating"
"14559C>T","10396G>A",516,472.289990645463,0.0384409600596209,0,"Significant","truncating"
"14559C>T","9432C>T",561,518.465855940131,0.0342427004636993,0,"Significant","truncating"
"14559C>T","5185G>A",342,360.495790458372,-0.0228740917333586,0.005,"Significant","truncating"
"14559C>T","8054C>T",573,552.490177736202,0.0158300605023396,0,"Significant","truncating"
"14559C>T","3913G>A",495,480.391019644528,0.0130103187607348,0.022,"Significant","truncating"
"14559C>T","11066C>T",531,514.415341440599,0.0137806089809221,0.012,"Significant","truncating"
"14559C>T","14006G>A",277,259.232927970065,0.0287896039359632,0.002,"Significant","truncating"
"14559C>T","4485C>T",474,459.32834424696,0.0136550959726069,0.021,"Significant","truncating"
"14559C>T","13636C>T",487,474.720299345182,0.0110911583879727,0.052,"Not Significant","truncating"
"14559C>T","8815C>T",293,317.56033676333,-0.0349586334749049,0,"Significant","truncating"
"14559C>T","3824G>A",459,447.176800748363,0.0113334209994911,0.07,"Not Significant","truncating"
"14559C>T","14160G>T",409,389.659494855005,0.0210380448249361,0.002,"Significant","truncating"
"14559C>T","3376G>T",242,239.790458372311,0.00398346811292247,0.722,"Not Significant","truncating"
"14559C>T","13156C>T",359,322.420954162769,0.0466711896960489,0,"Significant","truncating"
"14559C>T","14622C>T",354,344.293732460243,0.0120741451669042,0.144,"Not Significant","truncating"
"14559C>T","9735C>T",181,179.032740879326,0.00474611437550246,0.754,"Not Significant","truncating"
"14559C>T","8438C>T",384,355.635173058934,0.0333265173168318,0,"Significant","truncating"
"14559C>T","6129G>A",293,297.307764265669,-0.0063386307065464,0.489,"Not Significant","truncating"
"14559C>T","10296C>T",312,292.44714686623,0.028107205304207,0.002,"Significant","truncating"
"14559C>T","14150C>T",300,291.637043966324,0.0122785671438023,0.2,"Not Significant","truncating"
"14559C>T","15230C>T",231,238.980355472404,-0.0147502228945811,0.188,"Not Significant","truncating"
"14559C>T","9537C>T",321,315.940130963517,0.006900238569802,0.428,"Not Significant","truncating"
"14559C>T","6753G>A",356,340.243217960711,0.0196605207664005,0.006,"Significant","truncating"
"14559C>T","8564C>T",355,324.851262862488,0.0385437936263318,0,"Significant","truncating"
"14559C>T","15800C>T",302,287.586529466791,0.0212384030934806,0.02,"Significant","truncating"
"14559C>T","8782G>A",366,345.10383536015,0.0255312994831159,0,"Significant","truncating"
"14559C>T","4255C>T",255,251.942001870907,0.00523960459854697,0.578,"Not Significant","truncating"
"14559C>T","11669C>T",348,332.952291861553,0.0191972352619375,0.018,"Significant","truncating"
"14559C>T","3445C>T",295,294.87745556595,0.000180445520538213,1,"Not Significant","truncating"
"14559C>T","9216C>T",325,308.649204864359,0.0224181984946794,0.008,"Significant","truncating"
"14559C>T","3563G>A",305,298.927970065482,0.00873328637915396,0.31,"Not Significant","truncating"
"14559C>T","10375G>A",239,226.018709073901,0.024253510865961,0.02,"Significant","truncating"
"14559C>T","9543G>A",215,221.968194574369,-0.0138522897133449,0.242,"Not Significant","truncating"
"14559C>T","13261C>T",327,303.78858746492,0.0319762981239884,0,"Significant","truncating"
"14559C>T","14532C>T",292,281.915809167446,0.0152634206932634,0.093,"Not Significant","truncating"
"14559C>T","6381G>A",189,172.551917680075,0.0395420139259159,0.002,"Significant","truncating"
"14559C>T","12629G>A",255,250.321796071094,0.00804151420054872,0.472,"Not Significant","truncating"
"14559C>T","6264G>A",267,267.33395696913,-0.000542865321880686,1,"Not Significant","truncating"
"14559C>T","10971G>A",432,412.342376052385,0.0202257776695799,0.003,"Significant","truncating"
"14559C>T","12002C>T",219,215.487371375117,0.00702229140047945,0.533,"Not Significant","truncating"
"14559C>T","11403G>A",199,189.56407857811,0.0210970321909844,0.086,"Not Significant","truncating"
"14559C>T","8391G>A",229,215.487371375117,0.0264136589002404,0.018,"Significant","truncating"
"14559C>T","9253G>A",272,260.043030869972,0.0195236848207506,0.059,"Not Significant","truncating"
"14559C>T","14592C>T",227,227.638914873714,-0.00122064952052526,0.935,"Not Significant","truncating"
"14559C>T","3842G>A",234,219.537885874649,0.0277063797271562,0.011,"Significant","truncating"
"14559C>T","7896G>A",242,238.170252572498,0.00692784875970247,0.559,"Not Significant","truncating"
"14559C>T","7384G>A",166,157.970065481759,0.0215332898689551,0.091,"Not Significant","truncating"
"14559C>T","15723G>A",262,254.372310570627,0.0128314564379569,0.197,"Not Significant","truncating"
"14559C>T","4983C>T",246,222.778297474275,0.0430622264645294,0,"Significant","truncating"
"14559C>T","7122C>T",297,290.016838166511,0.0103332358647657,0.285,"Not Significant","truncating"
"14559C>T","4716C>T",204,200.095416276894,0.00839302735766022,0.543,"Not Significant","truncating"
"14559C>T","12767G>A",282,273.814780168382,0.0127922212331333,0.186,"Not Significant","truncating"
"14559C>T","6573G>A",276,259.232927970065,0.0272189169367329,0.004,"Significant","truncating"
"14559C>T","4121G>A",218,196.855004677269,0.0443100331977025,0,"Significant","truncating"
"14559C>T","7779G>A",240,231.689429373246,0.0153050217739879,0.157,"Not Significant","truncating"
"14559C>T","12923G>A",172,166.071094480823,0.0152343990432169,0.261,"Not Significant","truncating"
"14559C>T","8980C>T",208,196.855004677269,0.0239168745558688,0.038,"Significant","truncating"
"14559C>T","8114G>A",226,213.057062675398,0.0256125038490627,0.029,"Significant","truncating"
"14559C>T","15561G>A",196,191.184284377923,0.0108038815777952,0.412,"Not Significant","truncating"
"14559C>T","14314A>C",132,140.957904583723,-0.0285155038852976,0.069,"Not Significant","truncating"
"14559C>T","14429C>T",225,216.297474275023,0.0171310699382109,0.115,"Not Significant","truncating"
"14559C>T","12006G>A",184,182.273152478952,0.00409511808960319,0.803,"Not Significant","truncating"
"14559C>T","8852G>A",199,205.76613657624,-0.0145208270187929,0.246,"Not Significant","truncating"
"14559C>T","12931C>T",207,206.576239476146,0.000889978214393504,1,"Not Significant","truncating"
"14559C>T","14283C>T",411,400.190832553789,0.0115746861438507,0.106,"Not Significant","truncating"
"14559C>T","9687C>T",160,161.210477081384,-0.00327328056234847,0.831,"Not Significant","truncating"
"14559C>T","15882G>A",148,144.198316183349,0.011301526277487,0.45,"Not Significant","truncating"
"14559C>T","6030C>T",205,191.99438727783,0.0284653282370674,0.011,"Significant","truncating"
"14559C>T","6690G>A",144,131.236669784846,0.0403072907440207,0.008,"Significant","truncating"
"14559C>T","14360C>T",221,215.487371375117,0.01097045024547,0.346,"Not Significant","truncating"
"14559C>T","9376G>A",165,157.159962581852,0.0211420274750985,0.126,"Not Significant","truncating"
"14559C>T","4214G>A",187,182.273152478952,0.0111189016165618,0.365,"Not Significant","truncating"
"14559C>T","5035G>A",147,143.388213283442,0.0108038815777934,0.475,"Not Significant","truncating"
"14559C>T","11594C>T",136,138.527595884004,-0.00799738883049912,0.617,"Not Significant","truncating"
"14559C>T","13556G>A",167,157.159962581852,0.0263745544087723,0.051,"Not Significant","truncating"
"14559C>T","9819G>A",162,157.159962581852,0.013173097803828,0.348,"Not Significant","truncating"
"14559C>T","9984G>A",158,150.679139382601,0.0206039559279243,0.157,"Not Significant","truncating"
"14559C>T","8572G>T",153,153.919550982226,-0.00260235694379708,0.935,"Not Significant","truncating"
"14559C>T","6922G>A",205,187.133769878391,0.0396016943550211,0,"Significant","truncating"
"14559C>T","3668G>A",135,136.907390084191,-0.00609312292723148,0.738,"Not Significant","truncating"
"14559C>T","15761G>A",171,162.020579981291,0.0234259279195899,0.072,"Not Significant","truncating"
"14559C>T","4743C>T",139,144.198316183349,-0.0159453888633563,0.297,"Not Significant","truncating"
"7048C>A","6211G>A",448,403.413470533209,0.0455276181864166,0,"Significant","truncating"
"7048C>A","15215G>A",495,423.045837231057,0.0682177729816418,0,"Significant","truncating"
"7048C>A","8168C>T",423,396.44714686623,0.0281550706882395,0,"Significant","truncating"
"7048C>A","3910G>T",407,367.948550046773,0.0438073133585116,0,"Significant","truncating"
"7048C>A","7090G>A",393,381.247895229186,0.0131850956412324,0.128,"Not Significant","truncating"
"7048C>A","13297C>T",405,419.246024321796,-0.0150139297013939,0.073,"Not Significant","truncating"
"7048C>A","8372C>T",140,214.056127221702,-0.184399628075676,0,"Significant","truncating"
"7048C>A","12511C>T",439,366.681945743686,0.0781749930382995,0,"Significant","truncating"
"7048C>A","10396G>A",400,369.21515434986,0.0347804730925729,0,"Significant","truncating"
"7048C>A","9432C>T",457,405.313376987839,0.0521252626095847,0,"Significant","truncating"
"7048C>A","5185G>A",250,281.819457436857,-0.0520309657852406,0,"Significant","truncating"
"7048C>A","8054C>T",460,431.912067352666,0.0273624935487227,0,"Significant","truncating"
"7048C>A","3913G>A",353,375.548175865295,-0.0268909514527988,0.002,"Significant","truncating"
"7048C>A","11066C>T",409,402.146866230122,0.00733861923899808,0.423,"Not Significant","truncating"
"7048C>A","14006G>A",250,202.65668849392,0.0911790668757248,0,"Significant","truncating"
"7048C>A","4485C>T",359,359.082319925164,-9.95737909537525e-05,1,"Not Significant","truncating"
"7048C>A","13636C>T",422,371.11506080449,0.0558038714672028,0,"Significant","truncating"
"7048C>A","8815C>T",245,248.254443405051,-0.00573094613228873,0.697,"Not Significant","truncating"
"7048C>A","3824G>A",348,349.582787652011,-0.00197079725898373,0.852,"Not Significant","truncating"
"7048C>A","14160G>T",320,304.618334892423,0.0213939384697011,0.046,"Significant","truncating"
"7048C>A","3376G>T",149,187.457436856876,-0.099716406122971,0,"Significant","truncating"
"7048C>A","13156C>T",324,252.054256314312,0.10905097465652,0,"Significant","truncating"
"7048C>A","14622C>T",251,269.153414405987,-0.030326172045628,0.018,"Significant","truncating"
"7048C>A","9735C>T",147,139.959775491113,0.0213140975866842,0.284,"Not Significant","truncating"
"7048C>A","8438C>T",319,278.019644527596,0.0597151993386735,0,"Significant","truncating"
"7048C>A","6129G>A",172,232.421889616464,-0.130748580820841,0,"Significant","truncating"
"7048C>A","10296C>T",281,228.622076707203,0.0895881545230203,0,"Significant","truncating"
"7048C>A","14150C>T",182,227.98877455566,-0.0978420762585306,0,"Significant","truncating"
"7048C>A","15230C>T",124,186.824134705332,-0.178011294292176,0,"Significant","truncating"
"7048C>A","9537C>T",233,246.987839101964,-0.025319649476836,0.069,"Not Significant","truncating"
"7048C>A","6753G>A",279,265.986903648269,0.0207439493993232,0.075,"Not Significant","truncating"
"7048C>A","8564C>T",293,253.954162768943,0.0621122842575381,0,"Significant","truncating"
"7048C>A","15800C>T",279,224.822263797942,0.0937648867420997,0,"Significant","truncating"
"7048C>A","8782G>A",295,269.78671655753,0.0388014533990641,0,"Significant","truncating"
"7048C>A","4255C>T",183,196.956969130028,-0.0319202627727575,0.06,"Not Significant","truncating"
"7048C>A","11669C>T",246,260.287184284378,-0.0245176782490467,0.076,"Not Significant","truncating"
"7048C>A","3445C>T",191,230.521983161833,-0.0816789798776557,0,"Significant","truncating"
"7048C>A","9216C>T",282,241.288119738073,0.0677131691673495,0,"Significant","truncating"
"7048C>A","3563G>A",208,233.688493919551,-0.0505739946726421,0,"Significant","truncating"
"7048C>A","10375G>A",201,176.691300280636,0.0559808906704954,0,"Significant","truncating"
"7048C>A","9543G>A",212,173.524789522919,0.0869743346319519,0,"Significant","truncating"
"7048C>A","13261C>T",291,237.488306828812,0.0882507577817885,0,"Significant","truncating"
"7048C>A","14532C>T",244,220.389148737138,0.0441996189157631,0.001,"Significant","truncating"
"7048C>A","6381G>A",163,134.893358278765,0.0821970374887983,0,"Significant","truncating"
"7048C>A","12629G>A",173,195.690364826941,-0.0535233397723764,0.002,"Significant","truncating"
"7048C>A","6264G>A",193,208.989710009355,-0.0345675943464628,0.038,"Significant","truncating"
"7048C>A","10971G>A",338,322.350795135641,0.0205879544645234,0.065,"Not Significant","truncating"
"7048C>A","12002C>T",134,168.458372310571,-0.0993878017425594,0,"Significant","truncating"
"7048C>A","11403G>A",168,148.192703461179,0.0544824608393192,0,"Significant","truncating"
"7048C>A","8391G>A",188,168.458372310571,0.0476652491562197,0,"Significant","truncating"
"7048C>A","9253G>A",208,203.289990645463,0.00994733908151839,0.546,"Not Significant","truncating"
"7048C>A","14592C>T",191,177.957904583723,0.0307160838662648,0.065,"Not Significant","truncating"
"7048C>A","3842G>A",184,171.624883068288,0.0302375686587474,0.069,"Not Significant","truncating"
"7048C>A","7896G>A",162,186.190832553789,-0.0604432793458578,0.002,"Significant","truncating"
"7048C>A","7384G>A",143,123.493919550982,0.0636904626261295,0.002,"Significant","truncating"
"7048C>A","15723G>A",202,198.856875584659,0.00681075789703916,0.668,"Not Significant","truncating"
"7048C>A","4983C>T",203,174.158091674462,0.0665523806065485,0,"Significant","truncating"
"7048C>A","7122C>T",250,226.722170252572,0.0424460185517792,0.002,"Significant","truncating"
"7048C>A","4716C>T",170,156.425631431244,0.0361410046422197,0.031,"Significant","truncating"
"7048C>A","12767G>A",219,214.056127221702,0.00991645108609279,0.532,"Not Significant","truncating"
"7048C>A","6573G>A",204,202.65668849392,0.00286922562962518,0.892,"Not Significant","truncating"
"7048C>A","4121G>A",187,153.89242282507,0.0846243694617706,0,"Significant","truncating"
"7048C>A","7779G>A",216,181.124415341441,0.0764767545454829,0,"Significant","truncating"
"7048C>A","12923G>A",151,129.826941066417,0.0656121227610019,0.001,"Significant","truncating"
"7048C>A","8980C>T",184,153.89242282507,0.0776005859348118,0,"Significant","truncating"
"7048C>A","8114G>A",186,166.55846585594,0.047946232251765,0.006,"Significant","truncating"
"7048C>A","15561G>A",166,149.459307764266,0.0455851215935534,0.012,"Significant","truncating"
"7048C>A","14314A>C",130,110.194574368569,0.0717831405478106,0.001,"Significant","truncating"
"7048C>A","14429C>T",178,169.091674462114,0.0222977774679396,0.214,"Not Significant","truncating"
"7048C>A","12006G>A",157,142.492984097287,0.0421061708214769,0.017,"Significant","truncating"
"7048C>A","8852G>A",114,160.858746492049,-0.149539828759721,0,"Significant","truncating"
"7048C>A","12931C>T",124,161.492048643592,-0.114729458748005,0,"Significant","truncating"
"7048C>A","14283C>T",331,312.851262862488,0.0244900813756979,0.039,"Significant","truncating"
"7048C>A","9687C>T",143,126.027128157156,0.0548719975789479,0.004,"Significant","truncating"
"7048C>A","15882G>A",116,112.727782974743,0.0124270234416474,0.603,"Not Significant","truncating"
"7048C>A","6030C>T",169,150.092609915809,0.051527395127171,0.005,"Significant","truncating"
"7048C>A","6690G>A",123,102.594948550047,0.0787791334203305,0,"Significant","truncating"
"7048C>A","14360C>T",164,168.458372310571,-0.0116487520597284,0.592,"Not Significant","truncating"
"7048C>A","9376G>A",133,122.860617399439,0.0344389475604665,0.107,"Not Significant","truncating"
"7048C>A","4214G>A",155,142.492984097287,0.0365382165825383,0.043,"Significant","truncating"
"7048C>A","5035G>A",116,112.094480823199,0.0148737593887326,0.526,"Not Significant","truncating"
"7048C>A","11594C>T",119,108.294667913938,0.0409398875239746,0.06,"Not Significant","truncating"
"7048C>A","13556G>A",138,122.860617399439,0.0504663929946054,0.011,"Significant","truncating"
"7048C>A","9819G>A",96,122.860617399439,-0.107141460366925,0,"Significant","truncating"
"7048C>A","9984G>A",132,117.794200187091,0.0494500235115275,0.027,"Significant","truncating"
"7048C>A","8572G>T",87,120.327408793265,-0.140845311810438,0,"Significant","truncating"
"7048C>A","6922G>A",157,146.292797006548,0.0306767090407029,0.122,"Not Significant","truncating"
"7048C>A","3668G>A",92,107.028063610851,-0.0657098407444182,0.007,"Significant","truncating"
"7048C>A","15761G>A",125,126.6604303087,-0.00573094613228654,0.809,"Not Significant","truncating"
"7048C>A","4743C>T",114,112.727782974743,0.00487388555120803,0.887,"Not Significant","truncating"
"6211G>A","15215G>A",471,398.050514499532,0.0730827175267611,0,"Significant","truncating"
"6211G>A","8168C>T",439,373.023386342376,0.0707284599051018,0,"Significant","truncating"
"6211G>A","3910G>T",402,346.208606173994,0.0648881935675494,0,"Significant","truncating"
"6211G>A","7090G>A",404,358.722170252572,0.0516231467261944,0,"Significant","truncating"
"6211G>A","13297C>T",431,394.475210477081,0.0384575535944499,0,"Significant","truncating"
"6211G>A","8372C>T",176,201.408793264733,-0.0585657595900463,0,"Significant","truncating"
"6211G>A","12511C>T",416,345.016838166511,0.0812530397727127,0,"Significant","truncating"
"6211G>A","10396G>A",383,347.400374181478,0.0423684920830246,0,"Significant","truncating"
"6211G>A","9432C>T",411,381.365762394761,0.0325001207656014,0,"Significant","truncating"
"6211G>A","5185G>A",229,265.168381665108,-0.0636862557675901,0,"Significant","truncating"
"6211G>A","8054C>T",409,406.392890551918,0.00277720622428973,0.736,"Not Significant","truncating"
"6211G>A","3913G>A",353,353.359214218896,-0.000441715103012263,1,"Not Significant","truncating"
"6211G>A","11066C>T",391,378.386342376052,0.014241304977315,0.108,"Not Significant","truncating"
"6211G>A","14006G>A",218,190.682881197381,0.0581447881580979,0,"Significant","truncating"
"6211G>A","4485C>T",362,337.866230121609,0.0299637845136781,0,"Significant","truncating"
"6211G>A","13636C>T",357,349.188026192703,0.00960887296752749,0.357,"Not Significant","truncating"
"6211G>A","8815C>T",203,233.586529466791,-0.0609517562337887,0,"Significant","truncating"
"6211G>A","3824G>A",335,328.927970065482,0.00794400218107149,0.466,"Not Significant","truncating"
"6211G>A","14160G>T",305,286.620205799813,0.0269930358463725,0.027,"Significant","truncating"
"6211G>A","3376G>T",165,176.381665107577,-0.0289694939715877,0.136,"Not Significant","truncating"
"6211G>A","13156C>T",281,237.161833489242,0.073661520704791,0,"Significant","truncating"
"6211G>A","14622C>T",261,253.250701590271,0.0130898501613919,0.335,"Not Significant","truncating"
"6211G>A","9735C>T",175,131.690364826941,0.12348404787453,0,"Significant","truncating"
"6211G>A","8438C>T",331,261.593077642657,0.10220174640699,0,"Significant","truncating"
"6211G>A","6129G>A",181,218.689429373246,-0.082149216509436,0,"Significant","truncating"
"6211G>A","10296C>T",232,215.114125350795,0.0328190558586546,0.028,"Significant","truncating"
"6211G>A","14150C>T",197,214.518241347053,-0.0369980017322488,0.016,"Significant","truncating"
"6211G>A","15230C>T",151,175.785781103835,-0.0660067958115255,0.002,"Significant","truncating"
"6211G>A","9537C>T",238,232.394761459308,0.0103506229034359,0.5,"Not Significant","truncating"
"6211G>A","6753G>A",259,250.271281571562,0.0148887465567731,0.274,"Not Significant","truncating"
"6211G>A","8564C>T",265,238.949485500468,0.0449397741900352,0,"Significant","truncating"
"6211G>A","15800C>T",219,211.538821328344,0.0150540346584448,0.34,"Not Significant","truncating"
"6211G>A","8782G>A",270,253.846585594013,0.0267924379296857,0.037,"Significant","truncating"
"6211G>A","4255C>T",177,185.319925163704,-0.0199488497915924,0.276,"Not Significant","truncating"
"6211G>A","11669C>T",242,244.908325537886,-0.00518818302220819,0.739,"Not Significant","truncating"
"6211G>A","3445C>T",201,216.901777362021,-0.0330670533551238,0.042,"Significant","truncating"
"6211G>A","9216C>T",247,227.031805425631,0.0366102504574585,0.007,"Significant","truncating"
"6211G>A","3563G>A",202,219.88119738073,-0.0368367238389916,0.028,"Significant","truncating"
"6211G>A","10375G>A",180,166.251637043966,0.0345065747031161,0.057,"Not Significant","truncating"
"6211G>A","9543G>A",133,163.272217025257,-0.0890606489798141,0,"Significant","truncating"
"6211G>A","13261C>T",270,223.456501403181,0.0821707693046625,0,"Significant","truncating"
"6211G>A","14532C>T",233,207.367633302152,0.0506149499528425,0.002,"Significant","truncating"
"6211G>A","6381G>A",143,126.923292797007,0.0517947068997132,0.015,"Significant","truncating"
"6211G>A","12629G>A",189,184.128157156221,0.011341597621831,0.546,"Not Significant","truncating"
"6211G>A","6264G>A",196,196.641721234799,-0.00141959564798315,0.944,"Not Significant","truncating"
"6211G>A","10971G>A",327,303.304957904584,0.0326682431969444,0.006,"Significant","truncating"
"6211G>A","12002C>T",146,158.505144995323,-0.0356905079731789,0.063,"Not Significant","truncating"
"6211G>A","11403G>A",150,139.436856875585,0.031713674518944,0.125,"Not Significant","truncating"
"6211G>A","8391G>A",166,158.505144995323,0.0200647242824033,0.304,"Not Significant","truncating"
"6211G>A","9253G>A",177,191.278765201123,-0.0336934931696197,0.056,"Not Significant","truncating"
"6211G>A","14592C>T",178,167.44340505145,0.0265519552772263,0.137,"Not Significant","truncating"
"6211G>A","3842G>A",178,161.484565014032,0.0422889843078908,0.017,"Significant","truncating"
"6211G>A","7896G>A",173,175.189897100094,-0.00546295440993121,0.796,"Not Significant","truncating"
"6211G>A","7384G>A",127,116.197380729654,0.0386073824668345,0.083,"Not Significant","truncating"
"6211G>A","15723G>A",186,187.10757717493,-0.00257843098186972,0.906,"Not Significant","truncating"
"6211G>A","4983C>T",201,163.868101028999,0.0887016364636047,0,"Significant","truncating"
"6211G>A","7122C>T",229,213.32647333957,0.0307907285694273,0.039,"Significant","truncating"
"6211G>A","4716C>T",139,147.183348924228,-0.0248438801321257,0.257,"Not Significant","truncating"
"6211G>A","12767G>A",204,201.408793264733,0.00555174002166886,0.756,"Not Significant","truncating"
"6211G>A","6573G>A",189,190.682881197381,-0.00384990127323221,0.832,"Not Significant","truncating"
"6211G>A","4121G>A",177,144.799812909261,0.0872052656368674,0,"Significant","truncating"
"6211G>A","7779G>A",202,170.422825070159,0.0738236091909685,0,"Significant","truncating"
"6211G>A","12923G>A",104,122.156220767072,-0.0698822488834844,0.008,"Significant","truncating"
"6211G>A","8980C>T",172,144.799812909261,0.0747604461826168,0.001,"Significant","truncating"
"6211G>A","8114G>A",167,156.717492984097,0.0275989955312359,0.142,"Not Significant","truncating"
"6211G>A","15561G>A",153,140.628624883068,0.0366177007208948,0.072,"Not Significant","truncating"
"6211G>A","14314A>C",85,103.683816651076,-0.0862920496947874,0.002,"Significant","truncating"
"6211G>A","14429C>T",150,159.101028999065,-0.0255817294354498,0.224,"Not Significant","truncating"
"6211G>A","12006G>A",135,134.073900841908,0.00298952325706898,0.945,"Not Significant","truncating"
"6211G>A","8852G>A",116,151.354536950421,-0.115537454519505,0,"Significant","truncating"
"6211G>A","12931C>T",134,151.950420954163,-0.0545971091956816,0.01,"Significant","truncating"
"6211G>A","14283C>T",320,294.366697848457,0.0362613022696748,0.001,"Significant","truncating"
"6211G>A","9687C>T",120,118.580916744621,0.00516644251134135,0.868,"Not Significant","truncating"
"6211G>A","15882G>A",121,106.067352666043,0.0572036408809331,0.021,"Significant","truncating"
"6211G>A","6030C>T",167,141.22450888681,0.0728063980108594,0,"Significant","truncating"
"6211G>A","6690G>A",117,96.533208606174,0.0835091200768796,0,"Significant","truncating"
"6211G>A","14360C>T",155,158.505144995323,-0.0097116655873418,0.597,"Not Significant","truncating"
"6211G>A","9376G>A",123,115.601496725912,0.0269416543825768,0.281,"Not Significant","truncating"
"6211G>A","4214G>A",131,134.073900841908,-0.0100729495821631,0.657,"Not Significant","truncating"
"6211G>A","5035G>A",95,105.471468662301,-0.0454113881994859,0.101,"Not Significant","truncating"
"6211G>A","11594C>T",129,101.89616463985,0.102431872780433,0,"Significant","truncating"
"6211G>A","13556G>A",143,115.601496725912,0.0923725804081913,0,"Significant","truncating"
"6211G>A","9819G>A",113,115.601496725912,-0.00988501357337011,0.676,"Not Significant","truncating"
"6211G>A","9984G>A",111,110.834424695978,0.000648307442168023,1,"Not Significant","truncating"
"6211G>A","8572G>T",99,113.217960710945,-0.0582801334817964,0.017,"Significant","truncating"
"6211G>A","6922G>A",155,137.649204864359,0.0515579911515394,0.007,"Significant","truncating"
"6211G>A","3668G>A",87,100.704396632367,-0.0635291791215595,0.021,"Significant","truncating"
"6211G>A","15761G>A",128,119.176800748363,0.0310182468572895,0.18,"Not Significant","truncating"
"6211G>A","4743C>T",108,106.067352666043,0.00784202605147595,0.775,"Not Significant","truncating"
"15215G>A","8168C>T",449,391.176800748363,0.0598732505261115,0,"Significant","truncating"
"15215G>A","3910G>T",417,363.057062675398,0.0601611653166436,0,"Significant","truncating"
"15215G>A","7090G>A",436,376.179607109448,0.064091240743978,0,"Significant","truncating"
"15215G>A","13297C>T",429,413.672591206735,0.0158005454782529,0.063,"Not Significant","truncating"
"15215G>A","8372C>T",172,211.210477081384,-0.0891870106368266,0,"Significant","truncating"
"15215G>A","12511C>T",462,361.807296538821,0.106164654561896,0,"Significant","truncating"
"15215G>A","10396G>A",393,364.306828811974,0.0329252383496362,0,"Significant","truncating"
"15215G>A","9432C>T",467,399.925163704397,0.0673381493154417,0,"Significant","truncating"
"15215G>A","5185G>A",229,278.072965388213,-0.0843232859077778,0,"Significant","truncating"
"15215G>A","8054C>T",456,426.170252572498,0.0293817107411816,0,"Significant","truncating"
"15215G>A","3913G>A",355,370.555659494855,-0.018625097575931,0.048,"Significant","truncating"
"15215G>A","11066C>T",420,396.800748362956,0.0246768078391511,0.005,"Significant","truncating"
"15215G>A","14006G>A",243,199.962581852198,0.0846575380116001,0,"Significant","truncating"
"15215G>A","4485C>T",373,354.308699719364,0.0223270156490072,0.015,"Significant","truncating"
"15215G>A","13636C>T",376,366.181478016838,0.0114914716427996,0.228,"Not Significant","truncating"
"15215G>A","8815C>T",187,244.954162768943,-0.117243217750671,0,"Significant","truncating"
"15215G>A","3824G>A",340,344.935453695042,-0.00625891795370963,0.575,"Not Significant","truncating"
"15215G>A","14160G>T",347,300.568755846586,0.0623856411502549,0,"Significant","truncating"
"15215G>A","3376G>T",151,184.965388213283,-0.088113521032484,0,"Significant","truncating"
"15215G>A","13156C>T",323,248.703461178672,0.113520692990607,0,"Significant","truncating"
"15215G>A","14622C>T",251,265.575304022451,-0.0245139658360316,0.048,"Significant","truncating"
"15215G>A","9735C>T",178,138.099158091674,0.110228971356945,0,"Significant","truncating"
"15215G>A","8438C>T",330,274.323666978485,0.0802506623689718,0,"Significant","truncating"
"15215G>A","6129G>A",176,229.33208606174,-0.11495215370465,0,"Significant","truncating"
"15215G>A","10296C>T",235,225.582787652011,0.017761903099303,0.227,"Not Significant","truncating"
"15215G>A","14150C>T",187,224.957904583723,-0.0802596514975168,0,"Significant","truncating"
"15215G>A","15230C>T",128,184.340505144995,-0.158410803596959,0,"Significant","truncating"
"15215G>A","9537C>T",222,243.704396632367,-0.0405103898426108,0.002,"Significant","truncating"
"15215G>A","6753G>A",272,262.45088868101,0.0155208563695247,0.217,"Not Significant","truncating"
"15215G>A","8564C>T",277,250.578110383536,0.043536639177482,0,"Significant","truncating"
"15215G>A","15800C>T",240,221.833489242283,0.0341841313897294,0.022,"Significant","truncating"
"15215G>A","8782G>A",288,266.200187090739,0.0341841313897319,0.007,"Significant","truncating"
"15215G>A","4255C>T",181,194.338634237605,-0.0308805714244042,0.075,"Not Significant","truncating"
"15215G>A","11669C>T",246,256.826941066417,-0.0187054720394502,0.166,"Not Significant","truncating"
"15215G>A","3445C>T",211,227.457436856876,-0.0326176856181161,0.025,"Significant","truncating"
"15215G>A","9216C>T",275,238.080449017774,0.0626089608878512,0,"Significant","truncating"
"15215G>A","3563G>A",217,230.581852198316,-0.0263653895772867,0.08,"Not Significant","truncating"
"15215G>A","10375G>A",199,174.342376052385,0.0574501158693105,0.001,"Significant","truncating"
"15215G>A","9543G>A",154,171.217960710945,-0.0460285992506642,0.004,"Significant","truncating"
"15215G>A","13261C>T",290,234.331150608045,0.092567972904434,0,"Significant","truncating"
"15215G>A","14532C>T",235,217.459307764266,0.0336898610583728,0.011,"Significant","truncating"
"15215G>A","6381G>A",164,133.10009354537,0.090665487342131,0,"Significant","truncating"
"15215G>A","12629G>A",202,193.088868101029,0.0195941327550116,0.231,"Not Significant","truncating"
"15215G>A","6264G>A",184,206.21141253508,-0.0494948741350933,0.002,"Significant","truncating"
"15215G>A","10971G>A",340,318.065481758653,0.0289623774387198,0.006,"Significant","truncating"
"15215G>A","12002C>T",127,166.21889616464,-0.116876672941797,0,"Significant","truncating"
"15215G>A","11403G>A",164,146.22263797942,0.0498292333707552,0.005,"Significant","truncating"
"15215G>A","8391G>A",181,166.21889616464,0.0369981809713285,0.03,"Significant","truncating"
"15215G>A","9253G>A",212,200.587464920486,0.0240320712570999,0.127,"Not Significant","truncating"
"15215G>A","14592C>T",176,175.592142188962,0.00100759064230174,1,"Not Significant","truncating"
"15215G>A","3842G>A",180,169.34331150608,0.0265044569621174,0.109,"Not Significant","truncating"
"15215G>A","7896G>A",162,183.715622076707,-0.0546310731362623,0.001,"Significant","truncating"
"15215G>A","7384G>A",136,121.852198316183,0.0477055397408947,0.018,"Significant","truncating"
"15215G>A","15723G>A",204,196.21328344247,0.0169017620859077,0.286,"Not Significant","truncating"
"15215G>A","4983C>T",219,171.842843779233,0.105312663743034,0,"Significant","truncating"
"15215G>A","7122C>T",233,223.708138447147,0.0176741371153692,0.237,"Not Significant","truncating"
"15215G>A","4716C>T",160,154.346117867166,0.0156242721294815,0.404,"Not Significant","truncating"
"15215G>A","12767G>A",222,211.210477081384,0.0216375169062062,0.167,"Not Significant","truncating"
"15215G>A","6573G>A",193,199.962581852198,-0.015391426578892,0.392,"Not Significant","truncating"
"15215G>A","4121G>A",200,151.846585594013,0.119624964798832,0,"Significant","truncating"
"15215G>A","7779G>A",209,178.716557530402,0.0679814957152081,0,"Significant","truncating"
"15215G>A","12923G>A",131,128.101028999065,0.00971867733323475,0.669,"Not Significant","truncating"
"15215G>A","8980C>T",166,151.846585594013,0.0387030571749508,0.032,"Significant","truncating"
"15215G>A","8114G>A",180,164.344246959775,0.0395179993467576,0.013,"Significant","truncating"
"15215G>A","15561G>A",157,147.472404115996,0.0271888921723417,0.16,"Not Significant","truncating"
"15215G>A","14314A>C",91,108.729653882133,-0.077306613228196,0.004,"Significant","truncating"
"15215G>A","14429C>T",180,166.843779232928,0.0329624864719441,0.055,"Not Significant","truncating"
"15215G>A","12006G>A",135,140.598690364827,-0.0176475068831113,0.394,"Not Significant","truncating"
"15215G>A","8852G>A",124,158.720299345182,-0.107210788724394,0,"Significant","truncating"
"15215G>A","12931C>T",122,159.345182413471,-0.115979107025891,0,"Significant","truncating"
"15215G>A","14283C>T",333,308.692235734331,0.032918527315895,0.005,"Significant","truncating"
"15215G>A","9687C>T",132,124.351730589336,0.0259220975293552,0.218,"Not Significant","truncating"
"15215G>A","15882G>A",112,111.229186155285,0.00299926309451719,0.942,"Not Significant","truncating"
"15215G>A","6030C>T",163,148.097287184284,0.0416405011270595,0.027,"Significant","truncating"
"15215G>A","6690G>A",119,101.231057062675,0.0702331895830682,0.001,"Significant","truncating"
"15215G>A","14360C>T",167,166.21889616464,0.0020360772497474,0.945,"Not Significant","truncating"
"15215G>A","9376G>A",141,121.227315247895,0.0656186254583359,0,"Significant","truncating"
"15215G>A","4214G>A",151,140.598690364827,0.030995671915018,0.111,"Not Significant","truncating"
"15215G>A","5035G>A",106,110.604303086997,-0.0184661583637871,0.445,"Not Significant","truncating"
"15215G>A","11594C>T",124,106.855004677268,0.0646268175032574,0.003,"Significant","truncating"
"15215G>A","13556G>A",142,121.227315247895,0.0686878571860103,0,"Significant","truncating"
"15215G>A","9819G>A",99,121.227315247895,-0.0879652925993634,0.002,"Significant","truncating"
"15215G>A","9984G>A",129,116.22825070159,0.0452780088145279,0.047,"Significant","truncating"
"15215G>A","8572G>T",97,118.727782974743,-0.0877806239532698,0,"Significant","truncating"
"15215G>A","6922G>A",160,144.347988774556,0.0447092454969834,0.016,"Significant","truncating"
"15215G>A","3668G>A",85,105.605238540692,-0.0942665361660488,0,"Significant","truncating"
"15215G>A","15761G>A",130,124.976613657624,0.0171145993760744,0.41,"Not Significant","truncating"
"15215G>A","4743C>T",102,111.229186155285,-0.0376185878137088,0.118,"Not Significant","truncating"
"8168C>T","3910G>T",462,340.23012160898,0.132869215164109,0,"Significant","truncating"
"8168C>T","7090G>A",460,352.527595884004,0.115564712422069,0,"Significant","truncating"
"8168C>T","13297C>T",424,387.663236669785,0.0389112391513715,0,"Significant","truncating"
"8168C>T","8372C>T",185,197.930776426567,-0.0293415998762772,0.096,"Not Significant","truncating"
"8168C>T","12511C>T",405,339.058933582788,0.0771798314855599,0,"Significant","truncating"
"8168C>T","10396G>A",395,341.401309635173,0.0633319128657772,0,"Significant","truncating"
"8168C>T","9432C>T",420,374.780168381665,0.0494726884123491,0,"Significant","truncating"
"8168C>T","5185G>A",248,260.589335827876,-0.0215049581563584,0.121,"Not Significant","truncating"
"8168C>T","8054C>T",390,399.375116931712,-0.0103163956316288,0.24,"Not Significant","truncating"
"8168C>T","3913G>A",351,347.257249766137,0.00465579509990852,0.633,"Not Significant","truncating"
"8168C>T","11066C>T",396,371.852198316183,0.0273248326318778,0.005,"Significant","truncating"
"8168C>T","14006G>A",223,187.390084190833,0.075558256726566,0,"Significant","truncating"
"8168C>T","4485C>T",374,332.031805425631,0.0516919153059072,0,"Significant","truncating"
"8168C>T","13636C>T",352,343.158091674462,0.0110484194583856,0.294,"Not Significant","truncating"
"8168C>T","8815C>T",191,229.55285313377,-0.0798493277743431,0,"Significant","truncating"
"8168C>T","3824G>A",326,323.247895229186,0.00368189433708725,0.747,"Not Significant","truncating"
"8168C>T","14160G>T",314,281.670720299345,0.0471879436977157,0,"Significant","truncating"
"8168C>T","3376G>T",168,173.33582787652,-0.0135790573347194,0.496,"Not Significant","truncating"
"8168C>T","13156C>T",278,233.066417212348,0.0765650958427067,0,"Significant","truncating"
"8168C>T","14622C>T",281,248.87745556595,0.0527207618530967,0,"Significant","truncating"
"8168C>T","9735C>T",153,129.416276894294,0.0727025291307847,0,"Significant","truncating"
"8168C>T","8438C>T",298,257.075771749298,0.064155115832459,0,"Significant","truncating"
"8168C>T","6129G>A",198,214.913002806361,-0.0355975019921926,0.038,"Significant","truncating"
"8168C>T","10296C>T",228,211.399438727783,0.0328310170931293,0.034,"Significant","truncating"
"8168C>T","14150C>T",205,210.813844714687,-0.0121452677131788,0.443,"Not Significant","truncating"
"8168C>T","15230C>T",154,172.750233863424,-0.049897923143321,0.014,"Significant","truncating"
"8168C>T","9537C>T",218,228.381665107577,-0.0202047414235369,0.212,"Not Significant","truncating"
"8168C>T","6753G>A",261,245.949485500468,0.0257945889387187,0.057,"Not Significant","truncating"
"8168C>T","8564C>T",245,234.823199251637,0.0184250837426908,0.175,"Not Significant","truncating"
"8168C>T","15800C>T",215,207.885874649205,0.0146134788588527,0.356,"Not Significant","truncating"
"8168C>T","8782G>A",264,249.463049579046,0.024597699765451,0.065,"Not Significant","truncating"
"8168C>T","4255C>T",174,182.119738072965,-0.0198077687458783,0.286,"Not Significant","truncating"
"8168C>T","11669C>T",244,240.679139382601,0.00595137646100612,0.717,"Not Significant","truncating"
"8168C>T","3445C>T",201,213.156220767072,-0.0255019542302064,0.116,"Not Significant","truncating"
"8168C>T","9216C>T",244,223.11131898971,0.0388682226614418,0.005,"Significant","truncating"
"8168C>T","3563G>A",216,216.084190832554,-0.00016924300978105,1,"Not Significant","truncating"
"8168C>T","10375G>A",172,163.380729653882,0.0223276156322864,0.217,"Not Significant","truncating"
"8168C>T","9543G>A",130,160.4527595884,-0.0914038385151395,0,"Significant","truncating"
"8168C>T","13261C>T",254,219.597754911132,0.0632058208905407,0,"Significant","truncating"
"8168C>T","14532C>T",214,203.78671655753,0.0212379014009481,0.196,"Not Significant","truncating"
"8168C>T","6381G>A",164,124.731524789523,0.118867616607225,0,"Significant","truncating"
"8168C>T","12629G>A",185,180.948550046773,0.00961662097652225,0.547,"Not Significant","truncating"
"8168C>T","6264G>A",188,193.246024321796,-0.011952718615853,0.501,"Not Significant","truncating"
"8168C>T","10971G>A",323,298.067352666043,0.0348881119926813,0.001,"Significant","truncating"
"8168C>T","12002C>T",148,155.76800748363,-0.0222165492377467,0.252,"Not Significant","truncating"
"8168C>T","11403G>A",153,137.028999064546,0.0478789454057712,0.023,"Significant","truncating"
"8168C>T","8391G>A",158,155.76800748363,0.00617882232169999,0.789,"Not Significant","truncating"
"8168C>T","9253G>A",186,187.975678203929,-0.00458871618860499,0.831,"Not Significant","truncating"
"8168C>T","14592C>T",170,164.551917680075,0.014145973471534,0.454,"Not Significant","truncating"
"8168C>T","3842G>A",177,158.695977549111,0.0474073474857209,0.016,"Significant","truncating"
"8168C>T","7896G>A",185,172.164639850327,0.0312277699891873,0.078,"Not Significant","truncating"
"8168C>T","7384G>A",128,114.190832553789,0.0495787302836576,0.027,"Significant","truncating"
"8168C>T","15723G>A",186,183.876520112254,0.00498666814304693,0.785,"Not Significant","truncating"
"8168C>T","4983C>T",202,161.038353601497,0.0984220476146547,0,"Significant","truncating"
"8168C>T","7122C>T",218,209.642656688494,0.0169768389590709,0.304,"Not Significant","truncating"
"8168C>T","4716C>T",133,144.641721234799,-0.0364419402942054,0.089,"Not Significant","truncating"
"8168C>T","12767G>A",213,197.930776426567,0.0318662751594159,0.039,"Significant","truncating"
"8168C>T","6573G>A",199,187.390084190833,0.0261064700881355,0.106,"Not Significant","truncating"
"8168C>T","4121G>A",173,142.299345182413,0.0848432015287774,0,"Significant","truncating"
"8168C>T","7779G>A",177,167.479887745557,0.024010605231098,0.183,"Not Significant","truncating"
"8168C>T","12923G>A",96,120.046772684752,-0.0970792560177469,0,"Significant","truncating"
"8168C>T","8980C>T",151,142.299345182413,0.0257740456931879,0.227,"Not Significant","truncating"
"8168C>T","8114G>A",155,154.01122544434,0.0027793216788801,0.944,"Not Significant","truncating"
"8168C>T","15561G>A",135,138.200187090739,-0.0101748624767447,0.663,"Not Significant","truncating"
"8168C>T","14314A>C",83,101.893358278765,-0.0890677839080804,0.005,"Significant","truncating"
"8168C>T","14429C>T",161,156.353601496726,0.0127179866656148,0.524,"Not Significant","truncating"
"8168C>T","12006G>A",129,131.758652946679,-0.00918943581375816,0.714,"Not Significant","truncating"
"8168C>T","8852G>A",139,148.740879326473,-0.0294155443674742,0.155,"Not Significant","truncating"
"8168C>T","12931C>T",136,149.32647333957,-0.0405979000653608,0.057,"Not Significant","truncating"
"8168C>T","14283C>T",311,289.283442469598,0.0314368121015283,0.011,"Significant","truncating"
"8168C>T","9687C>T",109,116.533208606174,-0.0290232064707089,0.211,"Not Significant","truncating"
"8168C>T","15882G>A",115,104.235734331151,0.042681210043027,0.076,"Not Significant","truncating"
"8168C>T","6030C>T",170,138.785781103835,0.088103947366461,0,"Significant","truncating"
"8168C>T","6690G>A",123,94.866230121609,0.112793468895011,0,"Significant","truncating"
"8168C>T","14360C>T",170,155.76800748363,0.0379706567455318,0.034,"Significant","truncating"
"8168C>T","9376G>A",125,113.605238540692,0.0415116550761438,0.075,"Not Significant","truncating"
"8168C>T","4214G>A",140,131.758652946679,0.0263488895652045,0.213,"Not Significant","truncating"
"8168C>T","5035G>A",105,103.650140318054,0.00561940470647441,0.871,"Not Significant","truncating"
"8168C>T","11594C>T",123,100.136576239476,0.0893123730455119,0.001,"Significant","truncating"
"8168C>T","13556G>A",136,113.605238540692,0.0781405504382768,0.001,"Significant","truncating"
"8168C>T","9819G>A",109,113.605238540692,-0.0179718599912379,0.453,"Not Significant","truncating"
"8168C>T","9984G>A",116,108.920486435921,0.0273484170073262,0.227,"Not Significant","truncating"
"8168C>T","8572G>T",117,111.262862488307,0.0218356327916619,0.351,"Not Significant","truncating"
"8168C>T","6922G>A",148,135.272217025257,0.0390531075011338,0.065,"Not Significant","truncating"
"8168C>T","3668G>A",105,98.9653882132834,0.0257059664545877,0.316,"Not Significant","truncating"
"8168C>T","15761G>A",134,117.11880261927,0.058478174699128,0.008,"Significant","truncating"
"8168C>T","4743C>T",93,104.235734331151,-0.0495336817565603,0.071,"Not Significant","truncating"
"3910G>T","7090G>A",453,327.186155285313,0.141303283573418,0,"Significant","truncating"
"3910G>T","13297C>T",394,359.796071094481,0.039439805204311,0,"Significant","truncating"
"3910G>T","8372C>T",174,183.702525724977,-0.0235658791765945,0.207,"Not Significant","truncating"
"3910G>T","12511C>T",388,314.685687558466,0.0909547346851923,0,"Significant","truncating"
"3910G>T","10396G>A",375,316.859681945744,0.0731642857871308,0,"Significant","truncating"
"3910G>T","9432C>T",408,347.839101964453,0.0692817619244217,0,"Significant","truncating"
"3910G>T","5185G>A",216,241.856875584659,-0.0491046870115319,0.001,"Significant","truncating"
"3910G>T","8054C>T",366,370.66604303087,-0.00550171644361951,0.568,"Not Significant","truncating"
"3910G>T","3913G>A",315,322.294667913938,-0.00994256675621163,0.373,"Not Significant","truncating"
"3910G>T","11066C>T",369,345.121608980355,0.0290542136855239,0.003,"Significant","truncating"
"3910G>T","14006G>A",215,173.919550982226,0.092090054414099,0,"Significant","truncating"
"3910G>T","4485C>T",345,308.163704396632,0.0490376089987997,0,"Significant","truncating"
"3910G>T","13636C>T",330,318.490177736202,0.0154178966782394,0.153,"Not Significant","truncating"
"3910G>T","8815C>T",179,213.051449953227,-0.075631463222078,0,"Significant","truncating"
"3910G>T","3824G>A",297,300.011225444341,-0.00438105559353786,0.705,"Not Significant","truncating"
"3910G>T","14160G>T",298,261.422825070159,0.0568727605208504,0,"Significant","truncating"
"3910G>T","3376G>T",150,160.875584658559,-0.0303988791847904,0.151,"Not Significant","truncating"
"3910G>T","13156C>T",260,216.312441534144,0.0798918487155436,0,"Significant","truncating"
"3910G>T","14622C>T",266,230.986903648269,0.061294279399178,0,"Significant","truncating"
"3910G>T","9735C>T",157,120.1131898971,0.116308951542485,0,"Significant","truncating"
"3910G>T","8438C>T",281,238.595884003742,0.0710433724813783,0,"Significant","truncating"
"3910G>T","6129G>A",189,199.463985032741,-0.0234026872603859,0.207,"Not Significant","truncating"
"3910G>T","10296C>T",223,196.202993451824,0.0555992339609235,0,"Significant","truncating"
"3910G>T","14150C>T",187,195.659494855005,-0.0196593214123308,0.28,"Not Significant","truncating"
"3910G>T","15230C>T",153,160.33208606174,-0.020329012342104,0.311,"Not Significant","truncating"
"3910G>T","9537C>T",206,211.964452759588,-0.0123958138388926,0.457,"Not Significant","truncating"
"3910G>T","6753G>A",256,228.269410664172,0.0497922477323758,0,"Significant","truncating"
"3910G>T","8564C>T",237,217.942937324602,0.0364055462083528,0.013,"Significant","truncating"
"3910G>T","15800C>T",208,192.942001870907,0.0326365547260985,0.052,"Not Significant","truncating"
"3910G>T","8782G>A",258,231.530402245089,0.0470116796789393,0.001,"Significant","truncating"
"3910G>T","4255C>T",156,169.028063610851,-0.0348342178539072,0.068,"Not Significant","truncating"
"3910G>T","11669C>T",218,223.377923292797,-0.0105837554530123,0.528,"Not Significant","truncating"
"3910G>T","3445C>T",185,197.833489242283,-0.0291280824275797,0.096,"Not Significant","truncating"
"3910G>T","9216C>T",235,207.072965388213,0.0549444594145393,0.001,"Significant","truncating"
"3910G>T","3563G>A",198,200.55098222638,-0.00555960307907918,0.725,"Not Significant","truncating"
"3910G>T","10375G>A",167,151.636108512629,0.0419138406924066,0.048,"Significant","truncating"
"3910G>T","9543G>A",131,148.918615528531,-0.0556776943461365,0.015,"Significant","truncating"
"3910G>T","13261C>T",240,203.811973807297,0.0709815468023023,0,"Significant","truncating"
"3910G>T","14532C>T",207,189.137511693171,0.0391926743287643,0.026,"Significant","truncating"
"3910G>T","6381G>A",150,115.765201122544,0.112513228435305,0,"Significant","truncating"
"3910G>T","12629G>A",175,167.941066417212,0.0178811420798967,0.337,"Not Significant","truncating"
"3910G>T","6264G>A",177,179.354536950421,-0.00573910069763038,0.777,"Not Significant","truncating"
"3910G>T","10971G>A",289,276.640785781104,0.0189816332382296,0.128,"Not Significant","truncating"
"3910G>T","12002C>T",135,144.570626753976,-0.0297462953175923,0.163,"Not Significant","truncating"
"3910G>T","11403G>A",144,127.178671655753,0.0539482075035142,0.014,"Significant","truncating"
"3910G>T","8391G>A",150,144.570626753976,0.0160111952430506,0.495,"Not Significant","truncating"
"3910G>T","9253G>A",179,174.463049579046,0.0111495713934621,0.542,"Not Significant","truncating"
"3910G>T","14592C>T",151,152.723105706268,-0.00492779979345987,0.839,"Not Significant","truncating"
"3910G>T","3842G>A",165,147.288119738073,0.0493162261579162,0.014,"Significant","truncating"
"3910G>T","7896G>A",158,159.78858746492,-0.0048886706392843,0.828,"Not Significant","truncating"
"3910G>T","7384G>A",125,105.982226379794,0.0716769744639233,0.003,"Significant","truncating"
"3910G>T","15723G>A",185,170.65855940131,0.0350436531482264,0.068,"Not Significant","truncating"
"3910G>T","4983C>T",191,149.462114125351,0.106502246235849,0,"Significant","truncating"
"3910G>T","7122C>T",204,194.572497661366,0.0205487136004614,0.254,"Not Significant","truncating"
"3910G>T","4716C>T",112,134.244153414406,-0.0786773577709725,0.004,"Significant","truncating"
"3910G>T","12767G>A",206,183.702525724977,0.0497520929099204,0.008,"Significant","truncating"
"3910G>T","6573G>A",185,173.919550982226,0.0268233229015402,0.154,"Not Significant","truncating"
"3910G>T","4121G>A",166,132.070159027128,0.099303387260123,0,"Significant","truncating"
"3910G>T","7779G>A",167,155.440598690365,0.0311520108369682,0.098,"Not Significant","truncating"
"3910G>T","12923G>A",91,111.417212347989,-0.087910895916126,0.002,"Significant","truncating"
"3910G>T","8980C>T",143,132.070159027128,0.0345313366851717,0.112,"Not Significant","truncating"
"3910G>T","8114G>A",157,142.940130963517,0.040745476737896,0.045,"Significant","truncating"
"3910G>T","15561G>A",133,128.265668849392,0.0157412108154145,0.511,"Not Significant","truncating"
"3910G>T","14314A>C",77,94.5687558465856,-0.0892569502915658,0.001,"Significant","truncating"
"3910G>T","14429C>T",142,145.114125350795,-0.00942134416306495,0.661,"Not Significant","truncating"
"3910G>T","12006G>A",123,122.287184284378,0.0025241661464807,0.947,"Not Significant","truncating"
"3910G>T","8852G>A",121,138.048643592142,-0.0572467734849963,0.011,"Significant","truncating"
"3910G>T","12931C>T",117,138.592142188962,-0.0735527458692884,0.006,"Significant","truncating"
"3910G>T","14283C>T",295,268.488306828812,0.0408966398729488,0.001,"Significant","truncating"
"3910G>T","9687C>T",100,108.156220767072,-0.0340515035912267,0.225,"Not Significant","truncating"
"3910G>T","15882G>A",108,96.7427502338634,0.0478053259964562,0.062,"Not Significant","truncating"
"3910G>T","6030C>T",160,128.809167446211,0.0941732094642024,0,"Significant","truncating"
"3910G>T","6690G>A",109,88.0467726847521,0.0927130562163452,0.001,"Significant","truncating"
"3910G>T","14360C>T",140,144.570626753976,-0.0139520281343719,0.517,"Not Significant","truncating"
"3910G>T","9376G>A",113,105.438727782975,0.0300782863716134,0.25,"Not Significant","truncating"
"3910G>T","4214G>A",128,122.287184284378,0.0198290243549372,0.423,"Not Significant","truncating"
"3910G>T","5035G>A",97,96.199251637044,0.00360004072288177,0.953,"Not Significant","truncating"
"3910G>T","11594C>T",107,92.9382600561272,0.0611892401114417,0.023,"Significant","truncating"
"3910G>T","13556G>A",136,105.438727782975,0.110538751258346,0,"Significant","truncating"
"3910G>T","9819G>A",100,105.438727782975,-0.0230001571117564,0.422,"Not Significant","truncating"
"3910G>T","9984G>A",105,101.090739008419,0.016477927670453,0.54,"Not Significant","truncating"
"3910G>T","8572G>T",100,103.264733395697,-0.0139520281343679,0.624,"Not Significant","truncating"
"3910G>T","6922G>A",129,125.548175865295,0.0117793032255426,0.661,"Not Significant","truncating"
"3910G>T","3668G>A",97,91.8512628624883,0.0236866024709936,0.409,"Not Significant","truncating"
"3910G>T","15761G>A",110,108.699719363891,0.00516426231268642,0.872,"Not Significant","truncating"
"3910G>T","4743C>T",85,96.7427502338634,-0.056199503776092,0.054,"Not Significant","truncating"
"7090G>A","13297C>T",430,372.800748362956,0.0619916800908246,0,"Significant","truncating"
"7090G>A","8372C>T",205,190.342376052385,0.0322183747290368,0.068,"Not Significant","truncating"
"7090G>A","12511C>T",382,326.059869036483,0.0687660131352064,0,"Significant","truncating"
"7090G>A","10396G>A",370,328.312441534144,0.0519143832589195,0,"Significant","truncating"
"7090G>A","9432C>T",414,360.411599625818,0.0602015810879497,0,"Significant","truncating"
"7090G>A","5185G>A",240,250.598690364827,-0.0187675553183644,0.187,"Not Significant","truncating"
"7090G>A","8054C>T",384,384.063610851263,-7.19363379946524e-05,1,"Not Significant","truncating"
"7090G>A","3913G>A",327,333.943872778297,-0.00912572675302032,0.376,"Not Significant","truncating"
"7090G>A","11066C>T",378,357.595884003742,0.0240992884961965,0.009,"Significant","truncating"
"7090G>A","14006G>A",221,180.205799812909,0.0886235093161138,0,"Significant","truncating"
"7090G>A","4485C>T",370,319.302151543499,0.0639998791250232,0,"Significant","truncating"
"7090G>A","13636C>T",326,330.00187090739,-0.00529880199919653,0.646,"Not Significant","truncating"
"7090G>A","8815C>T",178,220.752104770814,-0.0934848507605626,0,"Significant","truncating"
"7090G>A","3824G>A",307,310.855004677268,-0.00541948830105721,0.697,"Not Significant","truncating"
"7090G>A","14160G>T",298,270.871842843779,0.0414524016533624,0.002,"Significant","truncating"
"7090G>A","3376G>T",186,166.690364826941,0.0476024471099042,0.007,"Significant","truncating"
"7090G>A","13156C>T",256,224.130963517306,0.0577381071890911,0,"Significant","truncating"
"7090G>A","14622C>T",285,239.33582787652,0.0758371439091231,0,"Significant","truncating"
"7090G>A","9735C>T",153,124.45463049579,0.0896803710833764,0,"Significant","truncating"
"7090G>A","8438C>T",282,247.219831618335,0.0571658020281716,0,"Significant","truncating"
"7090G>A","6129G>A",199,206.67352666043,-0.0164317738914211,0.326,"Not Significant","truncating"
"7090G>A","10296C>T",221,203.294667913938,0.0362662857303892,0.023,"Significant","truncating"
"7090G>A","14150C>T",221,202.731524789523,0.0374709868687591,0.015,"Significant","truncating"
"7090G>A","15230C>T",164,166.127221702526,-0.00559695397950828,0.799,"Not Significant","truncating"
"7090G>A","9537C>T",218,219.625818521983,-0.00322689947093949,0.868,"Not Significant","truncating"
"7090G>A","6753G>A",263,236.520112254443,0.0460876720427924,0.001,"Significant","truncating"
"7090G>A","8564C>T",227,225.820392890552,0.00226269852389289,0.897,"Not Significant","truncating"
"7090G>A","15800C>T",204,199.915809167446,0.00878302832175381,0.59,"Not Significant","truncating"
"7090G>A","8782G>A",250,239.898971000935,0.0179116235202649,0.212,"Not Significant","truncating"
"7090G>A","4255C>T",173,175.137511693171,-0.00533307194708561,0.779,"Not Significant","truncating"
"7090G>A","11669C>T",240,231.451824134705,0.0157506337864837,0.293,"Not Significant","truncating"
"7090G>A","3445C>T",192,204.984097287184,-0.0284189409945386,0.097,"Not Significant","truncating"
"7090G>A","9216C>T",232,214.557530402245,0.0339442231662187,0.031,"Significant","truncating"
"7090G>A","3563G>A",195,207.799812909261,-0.0276105408455752,0.108,"Not Significant","truncating"
"7090G>A","10375G>A",185,157.11693171188,0.070948739080328,0,"Significant","truncating"
"7090G>A","9543G>A",113,154.301216089804,-0.135290905385912,0,"Significant","truncating"
"7090G>A","13261C>T",244,211.178671655753,0.0627397725619364,0,"Significant","truncating"
"7090G>A","14532C>T",214,195.973807296539,0.0382157433535447,0.02,"Significant","truncating"
"7090G>A","6381G>A",154,119.949485500468,0.108522331348599,0,"Significant","truncating"
"7090G>A","12629G>A",192,174.01122544434,0.042723963229645,0.019,"Significant","truncating"
"7090G>A","6264G>A",196,185.837231057063,0.0231233454295298,0.181,"Not Significant","truncating"
"7090G>A","10971G>A",299,286.639850327409,0.0183346199386181,0.139,"Not Significant","truncating"
"7090G>A","12002C>T",152,149.796071094481,0.00634316526465484,0.778,"Not Significant","truncating"
"7090G>A","11403G>A",135,131.77549111319,0.0104991250358089,0.67,"Not Significant","truncating"
"7090G>A","8391G>A",165,149.796071094481,0.041983521533766,0.037,"Significant","truncating"
"7090G>A","9253G>A",188,180.768942937325,0.0170340308097521,0.359,"Not Significant","truncating"
"7090G>A","14592C>T",156,158.243217960711,-0.0062005075996608,0.78,"Not Significant","truncating"
"7090G>A","3842G>A",168,152.611786716558,0.0417212048023845,0.043,"Significant","truncating"
"7090G>A","7896G>A",169,165.56407857811,0.00892058815246434,0.694,"Not Significant","truncating"
"7090G>A","7384G>A",125,109.812909260992,0.0562566155964438,0.019,"Significant","truncating"
"7090G>A","15723G>A",194,176.826941066417,0.0402532958079428,0.021,"Significant","truncating"
"7090G>A","4983C>T",183,154.864359214219,0.0724996098510772,0,"Significant","truncating"
"7090G>A","7122C>T",211,201.605238540692,0.0197806426047622,0.219,"Not Significant","truncating"
"7090G>A","4716C>T",121,139.096351730589,-0.0605303689922154,0.005,"Significant","truncating"
"7090G>A","12767G>A",210,190.342376052385,0.0426838084071967,0.017,"Significant","truncating"
"7090G>A","6573G>A",180,180.205799812909,-0.000496259265646135,1,"Not Significant","truncating"
"7090G>A","4121G>A",164,136.843779232928,0.0786187884002866,0,"Significant","truncating"
"7090G>A","7779G>A",171,161.058933582788,0.0260112912140487,0.196,"Not Significant","truncating"
"7090G>A","12923G>A",100,115.444340505145,-0.0623726471047427,0.026,"Significant","truncating"
"7090G>A","8980C>T",154,136.843779232928,0.051295661189069,0.015,"Significant","truncating"
"7090G>A","8114G>A",147,148.106641721235,-0.00325719979062604,0.883,"Not Significant","truncating"
"7090G>A","15561G>A",135,132.901777362021,0.006802979475848,0.767,"Not Significant","truncating"
"7090G>A","14314A>C",73,97.9869036482694,-0.127845174211039,0,"Significant","truncating"
"7090G>A","14429C>T",130,150.359214218896,-0.0631866951067398,0.004,"Significant","truncating"
"7090G>A","12006G>A",122,126.707202993452,-0.0164414734856476,0.494,"Not Significant","truncating"
"7090G>A","8852G>A",138,143.038353601497,-0.015573416267737,0.439,"Not Significant","truncating"
"7090G>A","12931C>T",137,143.601496725912,-0.0204383993265803,0.334,"Not Significant","truncating"
"7090G>A","14283C>T",297,278.192703461179,0.028410714344509,0.02,"Significant","truncating"
"7090G>A","9687C>T",109,112.065481758653,-0.0120453645181186,0.635,"Not Significant","truncating"
"7090G>A","15882G>A",113,100.239476145931,0.0520396551254303,0.044,"Significant","truncating"
"7090G>A","6030C>T",152,133.464920486436,0.0564764558855825,0.006,"Significant","truncating"
"7090G>A","6690G>A",114,91.2291861552853,0.0967710507447001,0,"Significant","truncating"
"7090G>A","14360C>T",160,149.796071094481,0.0286195599757928,0.15,"Not Significant","truncating"
"7090G>A","9376G>A",115,109.249766136576,0.0222773243743193,0.369,"Not Significant","truncating"
"7090G>A","4214G>A",132,126.707202993452,0.0177726270454271,0.453,"Not Significant","truncating"
"7090G>A","5035G>A",103,99.6763330215154,0.0142451722943051,0.609,"Not Significant","truncating"
"7090G>A","11594C>T",103,96.2974742750234,0.0292223282639425,0.272,"Not Significant","truncating"
"7090G>A","13556G>A",139,109.249766136576,0.104594284274737,0,"Significant","truncating"
"7090G>A","9819G>A",130,109.249766136576,0.0755228363275007,0,"Significant","truncating"
"7090G>A","9984G>A",102,104.744621141254,-0.0115315585050341,0.668,"Not Significant","truncating"
"7090G>A","8572G>T",117,106.997193638915,0.0388134747442516,0.101,"Not Significant","truncating"
"7090G>A","6922G>A",137,130.086061739944,0.0224898012151991,0.333,"Not Significant","truncating"
"7090G>A","3668G>A",101,95.1711880261927,0.0258158831198962,0.341,"Not Significant","truncating"
"7090G>A","15761G>A",123,112.628624883068,0.0382563297263377,0.114,"Not Significant","truncating"
"7090G>A","4743C>T",96,100.239476145931,-0.018767555318353,0.532,"Not Significant","truncating"
"13297C>T","8372C>T",249,209.313376987839,0.0754023625871266,0,"Significant","truncating"
"13297C>T","12511C>T",391,358.557530402245,0.0376179094374987,0,"Significant","truncating"
"13297C>T","10396G>A",379,361.034611786717,0.0210903709781306,0.023,"Significant","truncating"
"13297C>T","9432C>T",437,396.333021515435,0.0424211787556026,0,"Significant","truncating"
"13297C>T","5185G>A",284,275.575304022451,0.0130780448351796,0.312,"Not Significant","truncating"
"13297C>T","8054C>T",414,422.342376052385,-0.00866431776649981,0.292,"Not Significant","truncating"
"13297C>T","3913G>A",388,367.227315247895,0.0238967479990164,0.013,"Significant","truncating"
"13297C>T","11066C>T",426,393.236669784846,0.0347555895798128,0,"Significant","truncating"
"13297C>T","14006G>A",213,198.166510757717,0.0313493408878946,0.049,"Significant","truncating"
"13297C>T","4485C>T",406,351.126286248831,0.063062690453349,0,"Significant","truncating"
"13297C>T","13636C>T",365,362.89242282507,0.00251496420746147,0.79,"Not Significant","truncating"
"13297C>T","8815C>T",230,242.753975678204,-0.0234385152337763,0.094,"Not Significant","truncating"
"13297C>T","3824G>A",366,341.837231057063,0.0296617234342815,0.004,"Significant","truncating"
"13297C>T","14160G>T",306,297.869036482694,0.0116960658768225,0.334,"Not Significant","truncating"
"13297C>T","3376G>T",242,183.304022450889,0.120643370690513,0,"Significant","truncating"
"13297C>T","13156C>T",277,246.469597754911,0.0507164127598194,0,"Significant","truncating"
"13297C>T","14622C>T",304,263.189897100094,0.0626043693274982,0,"Significant","truncating"
"13297C>T","9735C>T",164,136.858746492049,0.0785712901316128,0,"Significant","truncating"
"13297C>T","8438C>T",293,271.859681945744,0.0325228158810547,0.008,"Significant","truncating"
"13297C>T","6129G>A",239,227.272217025257,0.0218515524651171,0.116,"Not Significant","truncating"
"13297C>T","10296C>T",223,223.55659494855,-0.00108262308841861,0.946,"Not Significant","truncating"
"13297C>T","14150C>T",281,222.937324602432,0.10052353490683,0,"Significant","truncating"
"13297C>T","15230C>T",212,182.684752104771,0.0646335607196336,0,"Significant","truncating"
"13297C>T","9537C>T",248,241.515434985968,0.0115067895687905,0.398,"Not Significant","truncating"
"13297C>T","6753G>A",275,260.093545369504,0.0242031192014313,0.073,"Not Significant","truncating"
"13297C>T","8564C>T",245,248.327408793265,-0.00585857248656935,0.705,"Not Significant","truncating"
"13297C>T","15800C>T",224,219.840972871843,0.00813938104814322,0.596,"Not Significant","truncating"
"13297C>T","8782G>A",281,263.809167446211,0.0274164365714291,0.028,"Significant","truncating"
"13297C>T","4255C>T",208,192.593077642657,0.0334226617049855,0.047,"Significant","truncating"
"13297C>T","11669C>T",273,254.520112254443,0.0304405409337534,0.025,"Significant","truncating"
"13297C>T","3445C>T",237,225.414405986904,0.0217666781301165,0.145,"Not Significant","truncating"
"13297C>T","9216C>T",213,235.942001870907,-0.0444256564677836,0.003,"Significant","truncating"
"13297C>T","3563G>A",238,228.510757717493,0.0176703066665221,0.226,"Not Significant","truncating"
"13297C>T","10375G>A",178,172.776426566885,0.0129355148043671,0.466,"Not Significant","truncating"
"13297C>T","9543G>A",124,169.680074836296,-0.13620916188898,0,"Significant","truncating"
"13297C>T","13261C>T",258,232.2263797942,0.0457081540045707,0.002,"Significant","truncating"
"13297C>T","14532C>T",219,215.506080449018,0.00698458666261226,0.701,"Not Significant","truncating"
"13297C>T","6381G>A",141,131.904583723106,0.0289592249856992,0.166,"Not Significant","truncating"
"13297C>T","12629G>A",213,191.354536950421,0.0465408397829582,0.005,"Significant","truncating"
"13297C>T","6264G>A",237,204.359214218896,0.0643541219012652,0,"Significant","truncating"
"13297C>T","10971G>A",353,315.208606173994,0.0491766388201272,0,"Significant","truncating"
"13297C>T","12002C>T",196,164.725912067353,0.0754941504944451,0,"Significant","truncating"
"13297C>T","11403G>A",157,144.909260991581,0.0348035107681459,0.078,"Not Significant","truncating"
"13297C>T","8391G>A",165,164.725912067353,0.000722023351916987,1,"Not Significant","truncating"
"13297C>T","9253G>A",208,198.785781103835,0.0196780183269579,0.206,"Not Significant","truncating"
"13297C>T","14592C>T",171,174.014967259121,-0.00759049374384352,0.676,"Not Significant","truncating"
"13297C>T","3842G>A",165,167.822263797942,-0.00736563089141696,0.721,"Not Significant","truncating"
"13297C>T","7896G>A",209,182.065481758653,0.0599186714679441,0,"Significant","truncating"
"13297C>T","7384G>A",139,120.757717492984,0.0610999046606079,0.004,"Significant","truncating"
"13297C>T","15723G>A",222,194.45088868101,0.057543042146474,0,"Significant","truncating"
"13297C>T","4983C>T",197,170.299345182413,0.0632532481003738,0,"Significant","truncating"
"13297C>T","7122C>T",224,221.698783910196,0.00448470745936452,0.792,"Not Significant","truncating"
"13297C>T","4716C>T",157,152.959775491113,0.0113224149186388,0.541,"Not Significant","truncating"
"13297C>T","12767G>A",222,209.313376987839,0.0255559899420502,0.105,"Not Significant","truncating"
"13297C>T","6573G>A",204,198.166510757717,0.0125999048750646,0.444,"Not Significant","truncating"
"13297C>T","4121G>A",178,150.482694106642,0.0729334444796153,0,"Significant","truncating"
"13297C>T","7779G>A",210,177.11131898971,0.073972977373916,0,"Significant","truncating"
"13297C>T","12923G>A",112,126.950420954163,-0.054416122616449,0.025,"Significant","truncating"
"13297C>T","8980C>T",166,150.482694106642,0.042621530210794,0.019,"Significant","truncating"
"13297C>T","8114G>A",161,162.868101028999,-0.005010156688827,0.853,"Not Significant","truncating"
"13297C>T","15561G>A",163,146.147801683817,0.0473953172028986,0.014,"Significant","truncating"
"13297C>T","14314A>C",70,107.753040224509,-0.187331492499047,0,"Significant","truncating"
"13297C>T","14429C>T",167,165.345182413471,0.0043249255520836,0.832,"Not Significant","truncating"
"13297C>T","12006G>A",140,139.33582787652,0.00206523333595213,0.939,"Not Significant","truncating"
"13297C>T","8852G>A",168,157.294667913938,0.0285952808749853,0.151,"Not Significant","truncating"
"13297C>T","12931C>T",169,157.913938260056,0.0294662399487784,0.097,"Not Significant","truncating"
"13297C>T","14283C>T",325,305.919550982226,0.0262761278242972,0.014,"Significant","truncating"
"13297C>T","9687C>T",97,123.234798877456,-0.103961626374288,0,"Significant","truncating"
"13297C>T","15882G>A",126,110.23012160898,0.0580702585776977,0.005,"Significant","truncating"
"13297C>T","6030C>T",133,146.767072029935,-0.0427769892739094,0.03,"Significant","truncating"
"13297C>T","6690G>A",101,100.321796071094,0.00292607500908686,0.922,"Not Significant","truncating"
"13297C>T","14360C>T",175,164.725912067353,0.0262761278242901,0.154,"Not Significant","truncating"
"13297C>T","9376G>A",118,120.138447146866,-0.00780000685501603,0.757,"Not Significant","truncating"
"13297C>T","4214G>A",145,139.33582787652,0.0173051998926783,0.407,"Not Significant","truncating"
"13297C>T","5035G>A",116,109.610851262862,0.0246044386341681,0.301,"Not Significant","truncating"
"13297C>T","11594C>T",117,105.895229186155,0.043309467123047,0.054,"Not Significant","truncating"
"13297C>T","13556G>A",128,120.138447146866,0.0275279554866982,0.206,"Not Significant","truncating"
"13297C>T","9819G>A",137,120.138447146866,0.0570385529952143,0.009,"Significant","truncating"
"13297C>T","9984G>A",124,115.184284377923,0.03202845671337,0.161,"Not Significant","truncating"
"13297C>T","8572G>T",137,117.661365762395,0.0660866819726038,0.001,"Significant","truncating"
"13297C>T","6922G>A",158,143.051449953227,0.0431648228313277,0.029,"Significant","truncating"
"13297C>T","3668G>A",124,104.65668849392,0.0736546963175749,0,"Significant","truncating"
"13297C>T","15761G>A",134,123.854069223573,0.034194518469878,0.094,"Not Significant","truncating"
"13297C>T","4743C>T",108,110.23012160898,-0.00887653105285807,0.734,"Not Significant","truncating"
"8372C>T","12511C>T",152,183.070159027128,-0.0807739708514918,0,"Significant","truncating"
"8372C>T","10396G>A",184,184.334892422825,-0.000789726818353934,1,"Not Significant","truncating"
"8372C>T","9432C>T",193,202.357343311506,-0.0205616600449797,0.221,"Not Significant","truncating"
"8372C>T","5185G>A",170,140.701590271282,0.0821499153284125,0,"Significant","truncating"
"8372C>T","8054C>T",214,215.637043966324,-0.00330959637616322,0.824,"Not Significant","truncating"
"8372C>T","3913G>A",216,187.496725912067,0.0614600627177611,0,"Significant","truncating"
"8372C>T","11066C>T",220,200.776426566885,0.0397099604613349,0.012,"Significant","truncating"
"8372C>T","14006G>A",77,101.178671655753,-0.118598248216166,0,"Significant","truncating"
"8372C>T","4485C>T",203,179.275958840037,0.0539739839514014,0,"Significant","truncating"
"8372C>T","13636C>T",163,185.283442469598,-0.0556490066829775,0.002,"Significant","truncating"
"8372C>T","8815C>T",158,123.943872778297,0.105432024865013,0,"Significant","truncating"
"8372C>T","3824G>A",195,174.533208606174,0.0481565385644163,0.008,"Significant","truncating"
"8372C>T","14160G>T",145,152.084190832554,-0.0207160692077196,0.339,"Not Significant","truncating"
"8372C>T","3376G>T",140,93.5902712815715,0.174897329550269,0,"Significant","truncating"
"8372C>T","13156C>T",104,125.840972871843,-0.0827887278437118,0.002,"Significant","truncating"
"8372C>T","14622C>T",166,134.377923292797,0.0917801629208053,0,"Significant","truncating"
"8372C>T","9735C>T",45,69.8765201122544,-0.1911187549783,0,"Significant","truncating"
"8372C>T","8438C>T",129,138.804490177736,-0.0318138050117254,0.204,"Not Significant","truncating"
"8372C>T","6129G>A",169,116.039289055192,0.16328164529259,0,"Significant","truncating"
"8372C>T","10296C>T",96,114.142188961646,-0.0751749639348943,0.014,"Significant","truncating"
"8372C>T","14150C>T",158,113.826005612722,0.142415591118152,0,"Significant","truncating"
"8372C>T","15230C>T",159,93.2740879326473,0.231636113273219,0,"Significant","truncating"
"8372C>T","9537C>T",152,123.311506080449,0.0908399858493301,0,"Significant","truncating"
"8372C>T","6753G>A",137,132.797006548176,0.0135322816896196,0.594,"Not Significant","truncating"
"8372C>T","8564C>T",115,126.789522918616,-0.0423855273354122,0.117,"Not Significant","truncating"
"8372C>T","15800C>T",81,112.245088868101,-0.141682329245172,0,"Significant","truncating"
"8372C>T","8782G>A",141,134.694106641721,0.0198705184837699,0.403,"Not Significant","truncating"
"8372C>T","4255C>T",113,98.333021515435,0.0603790593876482,0.038,"Significant","truncating"
"8372C>T","11669C>T",161,129.951356407858,0.0930450590868394,0,"Significant","truncating"
"8372C>T","3445C>T",141,115.090739008419,0.0881787339373778,0,"Significant","truncating"
"8372C>T","9216C>T",91,120.465855940131,-0.121822578423286,0,"Significant","truncating"
"8372C>T","3563G>A",134,116.67165575304,0.0601394371368225,0.024,"Significant","truncating"
"8372C>T","10375G>A",83,88.2151543498597,-0.0264651059663694,0.427,"Not Significant","truncating"
"8372C>T","9543G>A",62,86.6342376052385,-0.145297868390812,0,"Significant","truncating"
"8372C>T","13261C>T",98,118.568755846586,-0.0827441871040238,0.004,"Significant","truncating"
"8372C>T","14532C>T",97,110.031805425631,-0.0547465047491597,0.081,"Not Significant","truncating"
"8372C>T","6381G>A",57,67.3470533208606,-0.0724437428350059,0.101,"Not Significant","truncating"
"8372C>T","12629G>A",122,97.7006548175865,0.0964623561809484,0.001,"Significant","truncating"
"8372C>T","6264G>A",135,104.340505144995,0.111880833548147,0,"Significant","truncating"
"8372C>T","10971G>A",178,160.937324602432,0.0437632249032327,0.029,"Significant","truncating"
"8372C>T","12002C>T",112,84.1047708138447,0.124397390970109,0,"Significant","truncating"
"8372C>T","11403G>A",72,73.9869036482694,-0.0118223560477348,0.814,"Not Significant","truncating"
"8372C>T","8391G>A",90,84.1047708138447,0.0294218777393474,0.396,"Not Significant","truncating"
"8372C>T","9253G>A",95,101.494855004677,-0.0287204221848718,0.373,"Not Significant","truncating"
"8372C>T","14592C>T",85,88.8475210477081,-0.0192263892596417,0.622,"Not Significant","truncating"
"8372C>T","3842G>A",83,85.6856875584658,-0.0138301935671921,0.694,"Not Significant","truncating"
"8372C>T","7896G>A",108,92.9579045837231,0.0651374300058506,0.021,"Significant","truncating"
"8372C>T","7384G>A",71,61.6557530402245,0.0612847422875879,0.155,"Not Significant","truncating"
"8372C>T","15723G>A",111,99.2815715622077,0.0484543356445196,0.084,"Not Significant","truncating"
"8372C>T","4983C>T",76,86.9504209541628,-0.058458096618276,0.117,"Not Significant","truncating"
"8372C>T","7122C>T",108,113.193638914874,-0.0203982662257829,0.468,"Not Significant","truncating"
"8372C>T","4716C>T",85,78.0972871842844,0.0367829773857051,0.311,"Not Significant","truncating"
"8372C>T","12767G>A",109,106.869971936389,0.00857080259408432,0.765,"Not Significant","truncating"
"8372C>T","6573G>A",108,101.178671655753,0.0283347820981399,0.355,"Not Significant","truncating"
"8372C>T","4121G>A",62,76.8325537885875,-0.0931535791687998,0.016,"Significant","truncating"
"8372C>T","7779G>A",89,90.4284377923293,-0.00691502155299922,0.885,"Not Significant","truncating"
"8372C>T","12923G>A",57,64.8175865294668,-0.0558180004520478,0.217,"Not Significant","truncating"
"8372C>T","8980C>T",69,76.8325537885875,-0.0466961779298694,0.254,"Not Significant","truncating"
"8372C>T","8114G>A",85,83.156220767072,0.00952418215564686,0.809,"Not Significant","truncating"
"8372C>T","15561G>A",82,74.6192703461179,0.040962854344681,0.282,"Not Significant","truncating"
"8372C>T","14314A>C",40,55.0159027128157,-0.138428252023218,0.007,"Significant","truncating"
"8372C>T","14429C>T",82,84.4209541627689,-0.01263640404972,0.758,"Not Significant","truncating"
"8372C>T","12006G>A",76,71.1412535079513,0.0286920791005132,0.476,"Not Significant","truncating"
"8372C>T","8852G>A",112,80.310570626754,0.144445310981214,0,"Significant","truncating"
"8372C>T","12931C>T",105,80.6267539756782,0.114710123566981,0,"Significant","truncating"
"8372C>T","14283C>T",152,156.194574368569,-0.0118223560477434,0.593,"Not Significant","truncating"
"8372C>T","9687C>T",55,62.9204864359214,-0.0584293819842401,0.184,"Not Significant","truncating"
"8372C>T","15882G>A",59,56.2806361085126,0.020493014264338,0.663,"Not Significant","truncating"
"8372C>T","6030C>T",63,74.9354536950421,-0.075346791625289,0.088,"Not Significant","truncating"
"8372C>T","6690G>A",46,51.221702525725,-0.0466961779298373,0.344,"Not Significant","truncating"
"8372C>T","14360C>T",99,84.1047708138447,0.0708145628975286,0.018,"Significant","truncating"
"8372C>T","9376G>A",63,61.3395696913003,0.0115998244544604,0.788,"Not Significant","truncating"
"8372C>T","4214G>A",75,71.1412535079513,0.0229397502114294,0.572,"Not Significant","truncating"
"8372C>T","5035G>A",60,55.9644527595884,0.0302389889529081,0.534,"Not Significant","truncating"
"8372C>T","11594C>T",52,54.067352666043,-0.0169317618261994,0.709,"Not Significant","truncating"
"8372C>T","13556G>A",54,61.3395696913003,-0.0553469651760379,0.233,"Not Significant","truncating"
"8372C>T","9819G>A",97,61.3395696913003,0.199031009266882,0,"Significant","truncating"
"8372C>T","9984G>A",60,58.8101028999065,0.00869931109683596,0.861,"Not Significant","truncating"
"8372C>T","8572G>T",99,60.0748362956034,0.21694259857556,0,"Significant","truncating"
"8372C>T","6922G>A",88,73.0383536014967,0.0809316971890465,0.024,"Significant","truncating"
"8372C>T","3668G>A",78,53.4349859681946,0.164268903007674,0,"Significant","truncating"
"8372C>T","15761G>A",74,63.2366697848456,0.0682627289980184,0.063,"Not Significant","truncating"
"8372C>T","4743C>T",62,56.2806361085126,0.042032692120412,0.314,"Not Significant","truncating"
"12511C>T","10396G>A",356,315.768942937325,0.0520805846951874,0,"Significant","truncating"
"12511C>T","9432C>T",436,346.641721234799,0.099605656766015,0,"Significant","truncating"
"12511C>T","5185G>A",184,241.024321796071,-0.117243046489997,0,"Significant","truncating"
"12511C>T","8054C>T",388,369.390084190833,0.0213464924190646,0.028,"Significant","truncating"
"12511C>T","3913G>A",329,321.185219831618,0.0104403460670504,0.354,"Not Significant","truncating"
"12511C>T","11066C>T",361,343.933582787652,0.021032618095018,0.032,"Significant","truncating"
"12511C>T","14006G>A",241,173.320860617399,0.143166205736234,0,"Significant","truncating"
"12511C>T","4485C>T",326,307.102899906455,0.025933682656366,0.023,"Significant","truncating"
"12511C>T","13636C>T",333,317.393826005613,0.0208457589695648,0.059,"Not Significant","truncating"
"12511C>T","8815C>T",151,212.318054256314,-0.148009978245863,0,"Significant","truncating"
"12511C>T","3824G>A",310,298.978484565014,0.0157217575864104,0.172,"Not Significant","truncating"
"12511C>T","14160G>T",288,260.522918615529,0.043546552866725,0.001,"Significant","truncating"
"12511C>T","3376G>T",141,160.321796071094,-0.0557734569221797,0.012,"Significant","truncating"
"12511C>T","13156C>T",336,215.567820392891,0.192755346797426,0,"Significant","truncating"
"12511C>T","14622C>T",253,230.191768007484,0.0410307326068312,0.004,"Significant","truncating"
"12511C>T","9735C>T",151,119.699719363891,0.100883815089325,0,"Significant","truncating"
"12511C>T","8438C>T",311,237.774555659495,0.116595010266015,0,"Significant","truncating"
"12511C>T","6129G>A",142,198.77736202058,-0.146078578387604,0,"Significant","truncating"
"12511C>T","10296C>T",228,195.527595884004,0.0667267865761061,0,"Significant","truncating"
"12511C>T","14150C>T",183,194.985968194574,-0.0275522695555014,0.134,"Not Significant","truncating"
"12511C>T","15230C>T",119,159.780168381665,-0.127975913104197,0,"Significant","truncating"
"12511C>T","9537C>T",185,211.234798877456,-0.0575937371421144,0.001,"Significant","truncating"
"12511C>T","6753G>A",267,227.483629560337,0.0695611124479884,0,"Significant","truncating"
"12511C>T","8564C>T",243,217.192703461179,0.0487610424594505,0,"Significant","truncating"
"12511C>T","15800C>T",220,192.277829747427,0.0584934692484255,0,"Significant","truncating"
"12511C>T","8782G>A",263,230.733395696913,0.0568452908683577,0,"Significant","truncating"
"12511C>T","4255C>T",144,168.446211412535,-0.0680987554502023,0.001,"Significant","truncating"
"12511C>T","11669C>T",220,222.608980355472,-0.00511999957251884,0.742,"Not Significant","truncating"
"12511C>T","3445C>T",160,197.152478952292,-0.0906822595117382,0,"Significant","truncating"
"12511C>T","9216C>T",250,206.360149672591,0.0833141744777234,0,"Significant","truncating"
"12511C>T","3563G>A",190,199.860617399439,-0.0219736237248783,0.206,"Not Significant","truncating"
"12511C>T","10375G>A",178,151.114125350795,0.0711149405165949,0,"Significant","truncating"
"12511C>T","9543G>A",129,148.405986903648,-0.0608617110397531,0.006,"Significant","truncating"
"12511C>T","13261C>T",256,203.110383536015,0.100507839065428,0,"Significant","truncating"
"12511C>T","14532C>T",214,188.486435921422,0.0551336708839242,0.001,"Significant","truncating"
"12511C>T","6381G>A",162,115.366697848456,0.147434552585127,0,"Significant","truncating"
"12511C>T","12629G>A",182,167.362956033676,0.0364120500415611,0.058,"Not Significant","truncating"
"12511C>T","6264G>A",165,178.737137511693,-0.0347308541826191,0.073,"Not Significant","truncating"
"12511C>T","10971G>A",298,275.688493919551,0.0337976232208264,0.006,"Significant","truncating"
"12511C>T","12002C>T",118,144.072965388213,-0.0867004878435331,0,"Significant","truncating"
"12511C>T","11403G>A",143,126.740879326473,0.0524193215362218,0.03,"Significant","truncating"
"12511C>T","8391G>A",154,144.072965388213,0.0289382256867185,0.176,"Not Significant","truncating"
"12511C>T","9253G>A",182,173.862488306829,0.0198654970615333,0.292,"Not Significant","truncating"
"12511C>T","14592C>T",148,152.197380729654,-0.0121454630287726,0.58,"Not Significant","truncating"
"12511C>T","3842G>A",165,146.78110383536,0.0508137948208097,0.006,"Significant","truncating"
"12511C>T","7896G>A",140,159.238540692236,-0.0559201532525399,0.009,"Significant","truncating"
"12511C>T","7384G>A",127,105.617399438728,0.0800682510747115,0.001,"Significant","truncating"
"12511C>T","15723G>A",192,170.071094480823,0.0526707221116473,0.001,"Significant","truncating"
"12511C>T","4983C>T",206,148.947614593078,0.140833668020152,0,"Significant","truncating"
"12511C>T","7122C>T",193,193.902712815716,-0.0020265761547577,0.949,"Not Significant","truncating"
"12511C>T","4716C>T",140,133.782039289055,0.0197302238998997,0.387,"Not Significant","truncating"
"12511C>T","12767G>A",211,183.070159027128,0.0616648965013484,0,"Significant","truncating"
"12511C>T","6573G>A",165,173.320860617399,-0.0213668926246452,0.296,"Not Significant","truncating"
"12511C>T","4121G>A",183,131.615528531338,0.143143957613366,0,"Significant","truncating"
"12511C>T","7779G>A",197,154.905519176801,0.104399334513832,0,"Significant","truncating"
"12511C>T","12923G>A",114,111.033676333022,0.0114501317620499,0.696,"Not Significant","truncating"
"12511C>T","8980C>T",166,131.615528531338,0.100800955923016,0,"Significant","truncating"
"12511C>T","8114G>A",155,142.448082319925,0.0366750911618507,0.083,"Not Significant","truncating"
"12511C>T","15561G>A",147,127.824134705332,0.0607044732593671,0.01,"Significant","truncating"
"12511C>T","14314A>C",74,94.243217960711,-0.105018387070156,0.001,"Significant","truncating"
"12511C>T","14429C>T",153,144.614593077643,0.0244793109343489,0.243,"Not Significant","truncating"
"12511C>T","12006G>A",125,121.866230121609,0.0110266363780269,0.652,"Not Significant","truncating"
"12511C>T","8852G>A",105,137.573433115061,-0.11734527606856,0,"Significant","truncating"
"12511C>T","12931C>T",110,138.11506080449,-0.0988483537943079,0,"Significant","truncating"
"12511C>T","14283C>T",279,267.56407857811,0.0181763958312859,0.191,"Not Significant","truncating"
"12511C>T","9687C>T",103,107.783910196445,-0.0197167102231739,0.458,"Not Significant","truncating"
"12511C>T","15882G>A",118,96.4097287184284,0.0877611464784908,0,"Significant","truncating"
"12511C>T","6030C>T",141,128.365762394761,0.0407699081265876,0.067,"Not Significant","truncating"
"12511C>T","6690G>A",107,87.7436856875585,0.0861679046238315,0.002,"Significant","truncating"
"12511C>T","14360C>T",144,144.072965388213,-0.000220003054475344,1,"Not Significant","truncating"
"12511C>T","9376G>A",121,105.075771749298,0.0612827818675115,0.014,"Significant","truncating"
"12511C>T","4214G>A",138,121.866230121609,0.0539957097711741,0.021,"Significant","truncating"
"12511C>T","5035G>A",95,95.8681010289991,-0.00395051959161288,0.933,"Not Significant","truncating"
"12511C>T","11594C>T",94,92.6183348924228,0.00643088468887984,0.862,"Not Significant","truncating"
"12511C>T","13556G>A",132,105.075771749298,0.0990713427568813,0,"Significant","truncating"
"12511C>T","9819G>A",82,105.075771749298,-0.107688736065051,0,"Significant","truncating"
"12511C>T","9984G>A",110,100.742750233863,0.0381788824216143,0.143,"Not Significant","truncating"
"12511C>T","8572G>T",87,102.909260991581,-0.0729352068527914,0.01,"Significant","truncating"
"12511C>T","6922G>A",150,125.115996258185,0.0787784206448212,0,"Significant","truncating"
"12511C>T","3668G>A",79,91.5350795135641,-0.0639604718418149,0.046,"Significant","truncating"
"12511C>T","15761G>A",109,108.325537885875,0.0026956437579818,0.931,"Not Significant","truncating"
"12511C>T","4743C>T",80,96.4097287184284,-0.0810308738355162,0.01,"Significant","truncating"
"10396G>A","9432C>T",383,349.036482694107,0.0403279504344885,0,"Significant","truncating"
"10396G>A","5185G>A",241,242.689429373246,-0.00303381795629801,0.846,"Not Significant","truncating"
"10396G>A","8054C>T",395,371.942001870907,0.0261218714197384,0.002,"Significant","truncating"
"10396G>A","3913G>A",333,323.404115996258,0.0126986905918173,0.235,"Not Significant","truncating"
"10396G>A","11066C>T",374,346.309635173059,0.0334070273582591,0.001,"Significant","truncating"
"10396G>A","14006G>A",212,174.518241347053,0.0844950330585654,0,"Significant","truncating"
"10396G>A","4485C>T",321,309.22450888681,0.0162311239617243,0.181,"Not Significant","truncating"
"10396G>A","13636C>T",331,319.586529466791,0.0152395282073873,0.156,"Not Significant","truncating"
"10396G>A","8815C>T",191,213.78484565014,-0.0489435493229415,0.001,"Significant","truncating"
"10396G>A","3824G>A",304,301.043966323667,0.00424365632931725,0.753,"Not Significant","truncating"
"10396G>A","14160G>T",300,262.32273152479,0.0582853287955738,0,"Significant","truncating"
"10396G>A","3376G>T",168,161.429373246024,0.0173267211166777,0.368,"Not Significant","truncating"
"10396G>A","13156C>T",256,217.057062675398,0.0716660436878952,0,"Significant","truncating"
"10396G>A","14622C>T",258,231.782039289055,0.0465399263626634,0.002,"Significant","truncating"
"10396G>A","9735C>T",120,120.526660430309,-0.00190187718772038,0.939,"Not Significant","truncating"
"10396G>A","8438C>T",289,239.417212347989,0.0817424729641593,0,"Significant","truncating"
"10396G>A","6129G>A",187,200.150608044902,-0.0295153072658112,0.101,"Not Significant","truncating"
"10396G>A","10296C>T",203,196.878391019645,0.0132979864573122,0.445,"Not Significant","truncating"
"10396G>A","14150C>T",198,196.333021515435,0.00367183994400589,0.848,"Not Significant","truncating"
"10396G>A","15230C>T",158,160.884003741815,-0.00785577857397158,0.722,"Not Significant","truncating"
"10396G>A","9537C>T",215,212.694106641721,0.0046830033388678,0.795,"Not Significant","truncating"
"10396G>A","6753G>A",242,229.055191768007,0.0238752260322846,0.117,"Not Significant","truncating"
"10396G>A","8564C>T",252,218.693171188026,0.0615653186110994,0,"Significant","truncating"
"10396G>A","15800C>T",202,193.606173994387,0.0184321668412843,0.302,"Not Significant","truncating"
"10396G>A","8782G>A",244,232.327408793265,0.0212893776857655,0.144,"Not Significant","truncating"
"10396G>A","4255C>T",182,169.609915809167,0.0306201494079837,0.103,"Not Significant","truncating"
"10396G>A","11669C>T",235,224.146866230122,0.0205351908454221,0.203,"Not Significant","truncating"
"10396G>A","3445C>T",199,198.514499532273,0.00106084321041407,1,"Not Significant","truncating"
"10396G>A","9216C>T",224,207.785781103835,0.0326321931082923,0.038,"Significant","truncating"
"10396G>A","3563G>A",215,201.241347053321,0.0287212442062951,0.085,"Not Significant","truncating"
"10396G>A","10375G>A",189,152.158091674462,0.0941667513493549,0,"Significant","truncating"
"10396G>A","9543G>A",144,149.431244153414,-0.0160789202753634,0.456,"Not Significant","truncating"
"10396G>A","13261C>T",229,204.513564078578,0.0491133650619104,0.001,"Significant","truncating"
"10396G>A","14532C>T",193,189.78858746492,0.0072872155109529,0.696,"Not Significant","truncating"
"10396G>A","6381G>A",166,116.163704396632,0.155037635050969,0,"Significant","truncating"
"10396G>A","12629G>A",162,168.519176800748,-0.0171343144324294,0.388,"Not Significant","truncating"
"10396G>A","6264G>A",188,179.971936389149,0.0189530598355459,0.286,"Not Significant","truncating"
"10396G>A","10971G>A",300,277.593077642657,0.0337126228326559,0.005,"Significant","truncating"
"10396G>A","12002C>T",154,145.068288119738,0.0259482346551426,0.224,"Not Significant","truncating"
"10396G>A","11403G>A",145,127.616463985033,0.0554612952745552,0.01,"Significant","truncating"
"10396G>A","8391G>A",161,145.068288119738,0.045253389850517,0.03,"Significant","truncating"
"10396G>A","9253G>A",194,175.063610851263,0.0446058479750937,0.01,"Significant","truncating"
"10396G>A","14592C>T",141,153.248830682881,-0.0361780567999114,0.1,"Not Significant","truncating"
"10396G>A","3842G>A",171,147.795135640786,0.0633359699674722,0.001,"Significant","truncating"
"10396G>A","7896G>A",157,160.338634237605,-0.0091385275531539,0.693,"Not Significant","truncating"
"10396G>A","7384G>A",123,106.347053320861,0.0631796505265885,0.006,"Significant","truncating"
"10396G>A","15723G>A",182,171.246024321796,0.0264508903616088,0.164,"Not Significant","truncating"
"10396G>A","4983C>T",173,149.976613657624,0.0620225597482582,0.002,"Significant","truncating"
"10396G>A","7122C>T",212,195.242282507016,0.0357619847346235,0.035,"Significant","truncating"
"10396G>A","4716C>T",126,134.706267539757,-0.0290172576923166,0.21,"Not Significant","truncating"
"10396G>A","12767G>A",199,184.334892422825,0.0332455265817984,0.053,"Not Significant","truncating"
"10396G>A","6573G>A",199,174.518241347053,0.0570122485395339,0.001,"Significant","truncating"
"10396G>A","4121G>A",151,132.524789522919,0.056679824144581,0.006,"Significant","truncating"
"10396G>A","7779G>A",167,155.975678203929,0.0296595884682858,0.124,"Not Significant","truncating"
"10396G>A","12923G>A",109,111.800748362956,-0.0110182126653568,0.72,"Not Significant","truncating"
"10396G>A","8980C>T",141,132.524789522919,0.0269219895068118,0.226,"Not Significant","truncating"
"10396G>A","8114G>A",140,143.432179607109,-0.0105185623617485,0.686,"Not Significant","truncating"
"10396G>A","15561G>A",136,128.707202993452,0.0239360558498567,0.317,"Not Significant","truncating"
"10396G>A","14314A>C",84,94.8942937324603,-0.0529608117708948,0.074,"Not Significant","truncating"
"10396G>A","14429C>T",154,145.613657623948,0.0243186099216355,0.263,"Not Significant","truncating"
"10396G>A","12006G>A",128,122.708138447147,0.0183366019862551,0.452,"Not Significant","truncating"
"10396G>A","8852G>A",158,138.523854069224,0.0571325207842099,0.005,"Significant","truncating"
"10396G>A","12931C>T",144,139.069223573433,0.0151314621110477,0.538,"Not Significant","truncating"
"10396G>A","14283C>T",290,269.412535079514,0.0319801994250616,0.013,"Significant","truncating"
"10396G>A","9687C>T",109,108.528531337699,0.00188257198067919,1,"Not Significant","truncating"
"10396G>A","15882G>A",108,97.0757717492984,0.0463129036277743,0.076,"Not Significant","truncating"
"10396G>A","6030C>T",145,129.252572497661,0.0499288066745984,0.026,"Significant","truncating"
"10396G>A","6690G>A",108,88.3498596819458,0.0872178913939931,0,"Significant","truncating"
"10396G>A","14360C>T",149,145.068288119738,0.011613782230963,0.6,"Not Significant","truncating"
"10396G>A","9376G>A",117,105.801683816651,0.0436932822656603,0.072,"Not Significant","truncating"
"10396G>A","4214G>A",134,122.708138447147,0.0382314307031792,0.081,"Not Significant","truncating"
"10396G>A","5035G>A",96,96.5304022450889,-0.00239288287247184,0.924,"Not Significant","truncating"
"10396G>A","11594C>T",84,93.2581852198316,-0.0454076738804569,0.117,"Not Significant","truncating"
"10396G>A","13556G>A",121,105.801683816651,0.0582927908359364,0.014,"Significant","truncating"
"10396G>A","9819G>A",102,105.801683816651,-0.0158924077185292,0.578,"Not Significant","truncating"
"10396G>A","9984G>A",105,101.438727782975,0.0149855053017711,0.57,"Not Significant","truncating"
"10396G>A","8572G>T",104,103.620205799813,0.00158888879571385,1,"Not Significant","truncating"
"10396G>A","6922G>A",133,125.980355472404,0.0235488115246872,0.301,"Not Significant","truncating"
"10396G>A","3668G>A",89,92.1674462114125,-0.0151875475189801,0.604,"Not Significant","truncating"
"10396G>A","15761G>A",124,109.073900841908,0.0557008399479698,0.024,"Significant","truncating"
"10396G>A","4743C>T",96,97.0757717492984,-0.00483961881955671,0.862,"Not Significant","truncating"
"9432C>T","5185G>A",244,266.417212347989,-0.0381724534172963,0.001,"Significant","truncating"
"9432C>T","8054C>T",423,408.306828811974,0.0153537239434505,0.065,"Not Significant","truncating"
"9432C>T","3913G>A",387,355.023386342376,0.0374540028795295,0,"Significant","truncating"
"9432C>T","11066C>T",429,380.168381665108,0.0524812981176264,0,"Significant","truncating"
"9432C>T","14006G>A",222,191.580916744621,0.0640007273555924,0,"Significant","truncating"
"9432C>T","4485C>T",360,339.457436856876,0.0255171730992643,0.012,"Significant","truncating"
"9432C>T","13636C>T",384,350.832553788587,0.0392313395743204,0,"Significant","truncating"
"9432C>T","8815C>T",187,234.686623012161,-0.0986467292590202,0,"Significant","truncating"
"9432C>T","3824G>A",357,330.477081384471,0.0335268696078754,0.001,"Significant","truncating"
"9432C>T","14160G>T",363,287.970065481759,0.10055927988714,0,"Significant","truncating"
"9432C>T","3376G>T",185,177.212347988775,0.0186777485689557,0.278,"Not Significant","truncating"
"9432C>T","13156C>T",334,238.278765201123,0.146661125962715,0,"Significant","truncating"
"9432C>T","14622C>T",271,254.44340505145,0.0273780920489746,0.028,"Significant","truncating"
"9432C>T","9735C>T",144,132.310570626754,0.0367679496350032,0.092,"Not Significant","truncating"
"9432C>T","8438C>T",324,262.825070159027,0.0908782211893505,0,"Significant","truncating"
"9432C>T","6129G>A",193,219.719363891487,-0.0563110240193974,0,"Significant","truncating"
"9432C>T","10296C>T",233,216.127221702526,0.0326464503452374,0.034,"Significant","truncating"
"9432C>T","14150C>T",235,215.528531337699,0.0375630927293231,0.018,"Significant","truncating"
"9432C>T","15230C>T",160,176.613657623948,-0.0429043020973218,0.023,"Significant","truncating"
"9432C>T","9537C>T",216,233.489242282507,-0.0338131246506624,0.031,"Significant","truncating"
"9432C>T","6753G>A",284,251.449953227315,0.0528667808740083,0,"Significant","truncating"
"9432C>T","8564C>T",267,240.074836295603,0.0461646199692655,0,"Significant","truncating"
"9432C>T","15800C>T",244,212.535079513564,0.0599592045084999,0,"Significant","truncating"
"9432C>T","8782G>A",277,255.042095416277,0.0358679011866071,0.005,"Significant","truncating"
"9432C>T","4255C>T",178,186.192703461179,-0.019542655493042,0.26,"Not Significant","truncating"
"9432C>T","11669C>T",259,246.061739943873,0.0222556734300646,0.11,"Not Significant","truncating"
"9432C>T","3445C>T",193,217.923292797007,-0.0527463434163657,0.004,"Significant","truncating"
"9432C>T","9216C>T",254,228.101028999065,0.0467064721691903,0.001,"Significant","truncating"
"9432C>T","3563G>A",228,220.916744621141,0.0137062120662783,0.364,"Not Significant","truncating"
"9432C>T","10375G>A",186,167.034611786717,0.0467064721691832,0.011,"Significant","truncating"
"9432C>T","9543G>A",154,164.041159962582,-0.0274321107590167,0.162,"Not Significant","truncating"
"9432C>T","13261C>T",252,224.508886810103,0.050167004278695,0,"Significant","truncating"
"9432C>T","14532C>T",223,208.344246959775,0.0295233503264569,0.064,"Not Significant","truncating"
"9432C>T","6381G>A",163,127.521047708138,0.106605732190037,0,"Significant","truncating"
"9432C>T","12629G>A",179,184.995322731525,-0.0143077172200427,0.442,"Not Significant","truncating"
"9432C>T","6264G>A",195,197.567820392891,-0.00568159729047572,0.719,"Not Significant","truncating"
"9432C>T","10971G>A",326,304.733395696913,0.0292975489560618,0.006,"Significant","truncating"
"9432C>T","12002C>T",146,159.251637043966,-0.0377310496217143,0.052,"Not Significant","truncating"
"9432C>T","11403G>A",155,140.093545369504,0.0439135719850097,0.015,"Significant","truncating"
"9432C>T","8391G>A",156,159.251637043966,-0.00895930705170887,0.679,"Not Significant","truncating"
"9432C>T","9253G>A",215,192.179607109448,0.0487311587356001,0.002,"Significant","truncating"
"9432C>T","14592C>T",170,168.23199251637,0.00454033269808226,0.843,"Not Significant","truncating"
"9432C>T","3842G>A",174,162.245088868101,0.0303776886330668,0.109,"Not Significant","truncating"
"9432C>T","7896G>A",188,176.014967259121,0.0286082500763977,0.121,"Not Significant","truncating"
"9432C>T","7384G>A",141,116.744621141254,0.0819822325176887,0,"Significant","truncating"
"9432C>T","15723G>A",196,187.98877455566,0.0181241545081425,0.292,"Not Significant","truncating"
"9432C>T","4983C>T",194,164.639850327409,0.0712667673248143,0,"Significant","truncating"
"9432C>T","7122C>T",215,214.331150608045,0.00135316449662112,0.947,"Not Significant","truncating"
"9432C>T","4716C>T",153,147.876520112254,0.014792208782814,0.489,"Not Significant","truncating"
"9432C>T","12767G>A",227,202.357343311506,0.0499068881403356,0.001,"Significant","truncating"
"9432C>T","6573G>A",191,191.580916744621,-0.00131887984728687,0.953,"Not Significant","truncating"
"9432C>T","4121G>A",162,145.481758652947,0.0467064721691791,0.012,"Significant","truncating"
"9432C>T","7779G>A",210,171.225444340505,0.0886509928297203,0,"Significant","truncating"
"9432C>T","12923G>A",131,122.731524789523,0.0283151658248784,0.196,"Not Significant","truncating"
"9432C>T","8980C>T",164,145.481758652947,0.0520353056742428,0.007,"Significant","truncating"
"9432C>T","8114G>A",164,157.455565949486,0.0176858307828199,0.32,"Not Significant","truncating"
"9432C>T","15561G>A",159,141.290926099158,0.0512828525752015,0.006,"Significant","truncating"
"9432C>T","14314A>C",87,104.172123479888,-0.0782322644390081,0.008,"Significant","truncating"
"9432C>T","14429C>T",171,159.850327408793,0.0292825802524518,0.109,"Not Significant","truncating"
"9432C>T","12006G>A",153,134.705332086062,0.0553066439310887,0.005,"Significant","truncating"
"9432C>T","8852G>A",140,152.067352666043,-0.0359079497167845,0.072,"Not Significant","truncating"
"9432C>T","12931C>T",145,152.66604303087,-0.0223744469740743,0.282,"Not Significant","truncating"
"9432C>T","14283C>T",308,295.753040224509,0.0176214988016823,0.126,"Not Significant","truncating"
"9432C>T","9687C>T",107,119.139382600561,-0.0466715674995648,0.057,"Not Significant","truncating"
"9432C>T","15882G>A",116,106.566884939196,0.0368357181428822,0.147,"Not Significant","truncating"
"9432C>T","6030C>T",149,141.889616463985,0.0212356536270464,0.287,"Not Significant","truncating"
"9432C>T","6690G>A",115,96.9878391019644,0.0739805570358015,0.002,"Significant","truncating"
"9432C>T","14360C>T",166,159.251637043966,0.0180241826338678,0.382,"Not Significant","truncating"
"9432C>T","9376G>A",130,116.145930776427,0.0489393536014617,0.025,"Significant","truncating"
"9432C>T","4214G>A",150,134.705332086062,0.0467064721691768,0.027,"Significant","truncating"
"9432C>T","5035G>A",106,105.968194574369,0.000130330127854321,1,"Not Significant","truncating"
"9432C>T","11594C>T",97,102.376052385407,-0.0234266449009946,0.393,"Not Significant","truncating"
"9432C>T","13556G>A",134,116.145930776427,0.0621007996594226,0.001,"Significant","truncating"
"9432C>T","9819G>A",112,116.145930776427,-0.0157859760351397,0.522,"Not Significant","truncating"
"9432C>T","9984G>A",120,111.356407857811,0.0324660330545713,0.16,"Not Significant","truncating"
"9432C>T","8572G>T",116,113.751169317119,0.00850211949897298,0.747,"Not Significant","truncating"
"9432C>T","6922G>A",154,138.297474275023,0.0467064721691776,0.025,"Significant","truncating"
"9432C>T","3668G>A",92,101.178671655753,-0.0413011460431845,0.121,"Not Significant","truncating"
"9432C>T","15761G>A",130,119.738072965388,0.0357110878677178,0.12,"Not Significant","truncating"
"9432C>T","4743C>T",102,106.566884939196,-0.0190220993220673,0.453,"Not Significant","truncating"
"5185G>A","8054C>T",283,283.900841908326,-0.00138024490434169,0.942,"Not Significant","truncating"
"5185G>A","3913G>A",273,246.852198316183,0.0437256479043231,0,"Significant","truncating"
"5185G>A","11066C>T",265,264.33582787652,0.00108984287267822,0.949,"Not Significant","truncating"
"5185G>A","14006G>A",96,133.208606173994,-0.142261051052365,0,"Significant","truncating"
"5185G>A","4485C>T",242,236.028999064546,0.0108500013153666,0.481,"Not Significant","truncating"
"5185G>A","13636C>T",267,243.938260056127,0.0392313395743156,0.005,"Significant","truncating"
"5185G>A","8815C>T",216,163.180542563143,0.121785378358255,0,"Significant","truncating"
"5185G>A","3824G>A",254,229.78484565014,0.0435123331185675,0.004,"Significant","truncating"
"5185G>A","14160G>T",190,200.229186155285,-0.0227737811931447,0.202,"Not Significant","truncating"
"5185G>A","3376G>T",167,123.217960710945,0.132042454316399,0,"Significant","truncating"
"5185G>A","13156C>T",133,165.678203928906,-0.0954137368786912,0,"Significant","truncating"
"5185G>A","14622C>T",210,176.917680074836,0.0744480589114155,0,"Significant","truncating"
"5185G>A","9735C>T",72,91.9971936389149,-0.106442083025865,0.003,"Significant","truncating"
"5185G>A","8438C>T",153,182.745556594949,-0.0771553951966299,0.001,"Significant","truncating"
"5185G>A","6129G>A",203,152.7736202058,0.1234476678889,0,"Significant","truncating"
"5185G>A","10296C>T",146,150.275958840037,-0.0125366518933659,0.588,"Not Significant","truncating"
"5185G>A","14150C>T",203,149.859681945744,0.131811231373696,0,"Significant","truncating"
"5185G>A","15230C>T",181,122.801683816651,0.168474253118754,0,"Significant","truncating"
"5185G>A","9537C>T",174,162.347988774556,0.030102335483929,0.162,"Not Significant","truncating"
"5185G>A","6753G>A",167,174.836295603368,-0.019915125022459,0.359,"Not Significant","truncating"
"5185G>A","8564C>T",155,166.927034611787,-0.0321949802220243,0.157,"Not Significant","truncating"
"5185G>A","15800C>T",154,147.778297474275,0.0179100620092035,0.433,"Not Significant","truncating"
"5185G>A","8782G>A",191,177.33395696913,0.0322414623728376,0.105,"Not Significant","truncating"
"5185G>A","4255C>T",161,129.462114125351,0.0946831812327929,0,"Significant","truncating"
"5185G>A","11669C>T",203,171.089803554724,0.0742719102649503,0,"Significant","truncating"
"5185G>A","3445C>T",188,151.524789522919,0.0936741598424147,0,"Significant","truncating"
"5185G>A","9216C>T",130,158.601496725912,-0.0863639291408758,0,"Significant","truncating"
"5185G>A","3563G>A",187,153.606173994387,0.0854329346052346,0,"Significant","truncating"
"5185G>A","10375G>A",114,116.141253507951,-0.00808165770927146,0.784,"Not Significant","truncating"
"5185G>A","9543G>A",147,114.059869036483,0.110184466155549,0,"Significant","truncating"
"5185G>A","13261C>T",145,156.10383536015,-0.0320455712648763,0.159,"Not Significant","truncating"
"5185G>A","14532C>T",142,144.864359214219,-0.00867320533567196,0.734,"Not Significant","truncating"
"5185G>A","6381G>A",61,88.666978484565,-0.162432074199902,0,"Significant","truncating"
"5185G>A","12629G>A",142,128.629560336763,0.0429475591860365,0.073,"Not Significant","truncating"
"5185G>A","6264G>A",153,137.371375116932,0.0467951851675254,0.04,"Significant","truncating"
"5185G>A","10971G>A",227,211.88493919551,0.0299257690841968,0.046,"Significant","truncating"
"5185G>A","12002C>T",146,110.729653882133,0.120088913381122,0,"Significant","truncating"
"5185G>A","11403G>A",99,97.4087932647334,0.00703703141524642,0.808,"Not Significant","truncating"
"5185G>A","8391G>A",98,110.729653882133,-0.0530378667106748,0.082,"Not Significant","truncating"
"5185G>A","9253G>A",138,133.624883068288,0.0139917482242005,0.555,"Not Significant","truncating"
"5185G>A","14592C>T",119,116.973807296539,0.00745833571529103,0.777,"Not Significant","truncating"
"5185G>A","3842G>A",127,112.811038353601,0.0514521243093546,0.038,"Significant","truncating"
"5185G>A","7896G>A",163,122.385406922357,0.124457968219559,0,"Significant","truncating"
"5185G>A","7384G>A",93,81.1739943872778,0.0590660314191955,0.061,"Not Significant","truncating"
"5185G>A","15723G>A",146,130.710944808232,0.0480409019390338,0.042,"Significant","truncating"
"5185G>A","4983C>T",95,114.476145930776,-0.0809913943134906,0.002,"Significant","truncating"
"5185G>A","7122C>T",143,149.027128157156,-0.0179292949509538,0.419,"Not Significant","truncating"
"5185G>A","4716C>T",112,102.820392890552,0.0371387636383277,0.179,"Not Significant","truncating"
"5185G>A","12767G>A",160,140.701590271282,0.0558209766060794,0.012,"Significant","truncating"
"5185G>A","6573G>A",135,133.208606173994,0.00580148440294224,0.845,"Not Significant","truncating"
"5185G>A","4121G>A",80,101.155285313377,-0.101898592378409,0.002,"Significant","truncating"
"5185G>A","7779G>A",121,119.055191768007,0.00703703141524775,0.842,"Not Significant","truncating"
"5185G>A","12923G>A",89,85.3367633302152,0.0182538398169839,0.59,"Not Significant","truncating"
"5185G>A","8980C>T",105,101.155285313377,0.0162007196994566,0.604,"Not Significant","truncating"
"5185G>A","8114G>A",107,109.480823199252,-0.00995427657669257,0.767,"Not Significant","truncating"
"5185G>A","15561G>A",119,98.2413470533209,0.0832526526501935,0.002,"Significant","truncating"
"5185G>A","14314A>C",81,72.4321796071094,0.048553464823833,0.139,"Not Significant","truncating"
"5185G>A","14429C>T",120,111.145930776427,0.0332876789108672,0.195,"Not Significant","truncating"
"5185G>A","12006G>A",99,93.6623012160898,0.0240703707140089,0.456,"Not Significant","truncating"
"5185G>A","8852G>A",147,105.734331150608,0.143101312355969,0,"Significant","truncating"
"5185G>A","12931C>T",151,106.150608044902,0.153054461086939,0,"Significant","truncating"
"5185G>A","14283C>T",199,205.640785781104,-0.0142561782860868,0.411,"Not Significant","truncating"
"5185G>A","9687C>T",98,82.8391019644528,0.0729906935105536,0.008,"Significant","truncating"
"5185G>A","15882G>A",61,74.0972871842844,-0.0844724730701546,0.029,"Significant","truncating"
"5185G>A","6030C>T",91,98.6576239476146,-0.0350892594611268,0.266,"Not Significant","truncating"
"5185G>A","6690G>A",54,67.4368568755847,-0.0965035604916557,0.028,"Significant","truncating"
"5185G>A","14360C>T",141,110.729653882133,0.104955170252075,0,"Significant","truncating"
"5185G>A","9376G>A",71,80.7577174929841,-0.0559256869832303,0.113,"Not Significant","truncating"
"5185G>A","4214G>A",103,93.6623012160898,0.0412724008216142,0.154,"Not Significant","truncating"
"5185G>A","5035G>A",73,73.6810102899906,-0.00403271201349873,0.93,"Not Significant","truncating"
"5185G>A","11594C>T",63,71.1833489242282,-0.0530378667106464,0.182,"Not Significant","truncating"
"5185G>A","13556G>A",72,80.7577174929841,-0.0498515392710457,0.177,"Not Significant","truncating"
"5185G>A","9819G>A",112,80.7577174929841,0.142033986967652,0,"Significant","truncating"
"5185G>A","9984G>A",77,77.4275023386342,-0.00240452481758494,1,"Not Significant","truncating"
"5185G>A","8572G>T",109,79.0926099158092,0.13929059121549,0,"Significant","truncating"
"5185G>A","6922G>A",89,96.1599625818522,-0.0336042790193488,0.273,"Not Significant","truncating"
"5185G>A","3668G>A",98,70.3507951356408,0.143957065306494,0,"Significant","truncating"
"5185G>A","15761G>A",93,83.2553788587465,0.0480706471177456,0.109,"Not Significant","truncating"
"5185G>A","4743C>T",90,74.0972871842844,0.0844402013581738,0.01,"Significant","truncating"
"8054C>T","3913G>A",389,378.321796071094,0.0120882385137411,0.19,"Not Significant","truncating"
"8054C>T","11066C>T",415,405.11693171188,0.0104677019724136,0.216,"Not Significant","truncating"
"8054C>T","14006G>A",218,204.153414405987,0.0284998458369844,0.054,"Not Significant","truncating"
"8054C>T","4485C>T",361,361.734331150608,-0.000882526434949345,0.956,"Not Significant","truncating"
"8054C>T","13636C>T",395,373.855940130964,0.0238928101606625,0.008,"Significant","truncating"
"8054C>T","8815C>T",242,250.087932647334,-0.0142773704877211,0.28,"Not Significant","truncating"
"8054C>T","3824G>A",361,352.164639850327,0.010761454728755,0.294,"Not Significant","truncating"
"8054C>T","14160G>T",313,306.868101028999,0.00859259172491304,0.421,"Not Significant","truncating"
"8054C>T","3376G>T",187,188.841908325538,-0.0042567739701383,0.826,"Not Significant","truncating"
"8054C>T","13156C>T",288,253.915809167446,0.0547027462378219,0,"Significant","truncating"
"8054C>T","14622C>T",277,271.141253507951,0.00928416956643267,0.435,"Not Significant","truncating"
"8054C>T","9735C>T",129,140.993451824135,-0.038609232833534,0.062,"Not Significant","truncating"
"8054C>T","8438C>T",302,280.072965388213,0.0327357532673171,0.002,"Significant","truncating"
"8054C>T","6129G>A",221,234.138447146866,-0.0250804600146685,0.075,"Not Significant","truncating"
"8054C>T","10296C>T",242,230.310570626754,0.0215014946270634,0.111,"Not Significant","truncating"
"8054C>T","14150C>T",226,229.672591206735,-0.00700073106758422,0.648,"Not Significant","truncating"
"8054C>T","15230C>T",175,188.203928905519,-0.0315906367395521,0.068,"Not Significant","truncating"
"8054C>T","9537C>T",250,248.811973807297,0.00206873219783665,0.903,"Not Significant","truncating"
"8054C>T","6753G>A",284,267.951356407858,0.0252623802014271,0.04,"Significant","truncating"
"8054C>T","8564C>T",293,255.829747427502,0.0589165782862047,0,"Significant","truncating"
"8054C>T","15800C>T",247,226.482694106642,0.0376619307568548,0.007,"Significant","truncating"
"8054C>T","8782G>A",288,271.77923292797,0.025176219208802,0.048,"Significant","truncating"
"8054C>T","4255C>T",211,198.411599625819,0.0267153968231411,0.078,"Not Significant","truncating"
"8054C>T","11669C>T",261,262.209541627689,-0.00200798398548837,0.901,"Not Significant","truncating"
"8054C>T","3445C>T",234,232.22450888681,0.00330780431338453,0.843,"Not Significant","truncating"
"8054C>T","9216C>T",268,243.070159027128,0.042403148905452,0,"Significant","truncating"
"8054C>T","3563G>A",266,235.414405986904,0.0530486010242846,0,"Significant","truncating"
"8054C>T","10375G>A",200,177.99625818522,0.0506191229426559,0,"Significant","truncating"
"8054C>T","9543G>A",194,174.806361085126,0.0452444976621126,0.004,"Significant","truncating"
"8054C>T","13261C>T",257,239.242282507016,0.0310951861558622,0.02,"Significant","truncating"
"8054C>T","14532C>T",232,222.016838166511,0.0191020714966094,0.208,"Not Significant","truncating"
"8054C>T","6381G>A",152,135.889616463985,0.0486573150583001,0.011,"Significant","truncating"
"8054C>T","12629G>A",190,197.135640785781,-0.0160115479196983,0.295,"Not Significant","truncating"
"8054C>T","6264G>A",205,210.533208606174,-0.0115667482698286,0.466,"Not Significant","truncating"
"8054C>T","10971G>A",330,324.731524789523,0.00698948809342565,0.543,"Not Significant","truncating"
"8054C>T","12002C>T",164,169.702525724977,-0.0148444580310611,0.419,"Not Significant","truncating"
"8054C>T","11403G>A",173,149.287184284378,0.0640235762709118,0,"Significant","truncating"
"8054C>T","8391G>A",184,169.702525724977,0.0351295169307487,0.045,"Significant","truncating"
"8054C>T","9253G>A",227,204.791393826006,0.044714155340529,0.003,"Significant","truncating"
"8054C>T","14592C>T",189,179.272217025257,0.0229488148204509,0.169,"Not Significant","truncating"
"8054C>T","3842G>A",180,172.89242282507,0.0174965447811894,0.297,"Not Significant","truncating"
"8054C>T","7896G>A",187,187.5659494855,-0.00131239332335847,0.948,"Not Significant","truncating"
"8054C>T","7384G>A",133,124.405986903648,0.0290103601568442,0.158,"Not Significant","truncating"
"8054C>T","15723G>A",201,200.325537885875,0.00145973989957222,0.954,"Not Significant","truncating"
"8054C>T","4983C>T",195,175.444340505145,0.0458952480845295,0.001,"Significant","truncating"
"8054C>T","7122C>T",236,228.396632366698,0.0142223068785252,0.31,"Not Significant","truncating"
"8054C>T","4716C>T",173,157.580916744621,0.0405424804214043,0.033,"Significant","truncating"
"8054C>T","12767G>A",239,215.637043966324,0.0446745312227624,0.002,"Significant","truncating"
"8054C>T","6573G>A",221,204.153414405987,0.0344356259174876,0.015,"Significant","truncating"
"8054C>T","4121G>A",172,155.028999064546,0.0451155038615082,0.017,"Significant","truncating"
"8054C>T","7779G>A",191,182.462114125351,0.0198606646709729,0.217,"Not Significant","truncating"
"8054C>T","12923G>A",137,130.785781103835,0.0201600366529364,0.333,"Not Significant","truncating"
"8054C>T","8980C>T",171,155.028999064546,0.0425831673461146,0.02,"Significant","truncating"
"8054C>T","8114G>A",173,167.78858746492,0.0132836851913289,0.473,"Not Significant","truncating"
"8054C>T","15561G>A",158,150.563143124415,0.0209384145366016,0.297,"Not Significant","truncating"
"8054C>T","14314A>C",120,111.008419083255,0.033825328317295,0.158,"Not Significant","truncating"
"8054C>T","14429C>T",191,170.340505144995,0.0497154364354238,0.003,"Significant","truncating"
"8054C>T","12006G>A",160,143.54536950421,0.0471307950968303,0.013,"Significant","truncating"
"8054C>T","8852G>A",197,162.046772684752,0.0848258400939064,0,"Significant","truncating"
"8054C>T","12931C>T",201,162.684752104771,0.0918492075387819,0,"Significant","truncating"
"8054C>T","14283C>T",336,315.161833489242,0.0278056590184877,0.007,"Significant","truncating"
"8054C>T","9687C>T",144,126.957904583723,0.0547027462378016,0.006,"Significant","truncating"
"8054C>T","15882G>A",127,113.56033676333,0.0485770491993215,0.017,"Significant","truncating"
"8054C>T","6030C>T",175,151.201122544434,0.0634830332284506,0,"Significant","truncating"
"8054C>T","6690G>A",101,103.352666043031,-0.0100003102076795,0.716,"Not Significant","truncating"
"8054C>T","14360C>T",177,169.702525724977,0.0182849602830282,0.281,"Not Significant","truncating"
"8054C>T","9376G>A",136,123.76800748363,0.040930508992259,0.057,"Not Significant","truncating"
"8054C>T","4214G>A",145,143.54536950421,0.00437881467590853,0.861,"Not Significant","truncating"
"8054C>T","5035G>A",118,112.922357343312,0.0191020714966013,0.377,"Not Significant","truncating"
"8054C>T","11594C>T",105,109.094480823199,-0.0166134807699011,0.494,"Not Significant","truncating"
"8054C>T","13556G>A",136,123.76800748363,0.040930508992259,0.064,"Not Significant","truncating"
"8054C>T","9819G>A",119,123.76800748363,-0.0170614379853821,0.442,"Not Significant","truncating"
"8054C>T","9984G>A",121,118.66417212348,0.0084657566508258,0.752,"Not Significant","truncating"
"8054C>T","8572G>T",135,121.216089803555,0.0467734980944396,0.034,"Significant","truncating"
"8054C>T","6922G>A",154,147.373246024322,0.0191020714966052,0.322,"Not Significant","truncating"
"8054C>T","3668G>A",107,107.818521983162,-0.00330959637616171,0.926,"Not Significant","truncating"
"8054C>T","15761G>A",132,127.595884003742,0.0147372660941564,0.567,"Not Significant","truncating"
"8054C>T","4743C>T",117,113.56033676333,0.0129591899895555,0.605,"Not Significant","truncating"
"3913G>A","11066C>T",379,352.249766136576,0.0317884965206034,0,"Significant","truncating"
"3913G>A","14006G>A",175,177.511693171188,-0.0061889177890926,0.714,"Not Significant","truncating"
"3913G>A","4485C>T",333,314.528531337699,0.0247841864579211,0.024,"Significant","truncating"
"3913G>A","13636C>T",335,325.068288119738,0.0130702028632661,0.26,"Not Significant","truncating"
"3913G>A","8815C>T",228,217.451824134705,0.0205717918245028,0.181,"Not Significant","truncating"
"3913G>A","3824G>A",438,306.207670720299,0.155458044619373,0,"Significant","truncating"
"3913G>A","14160G>T",265,266.822263797942,-0.00297619059250742,0.854,"Not Significant","truncating"
"3913G>A","3376G>T",198,164.198316183349,0.0812964910470628,0,"Significant","truncating"
"3913G>A","13156C>T",235,220.780168381665,0.027107802042552,0.066,"Not Significant","truncating"
"3913G>A","14622C>T",249,235.757717492984,0.0237334288899305,0.094,"Not Significant","truncating"
"3913G>A","9735C>T",110,122.594013096352,-0.0470765766823296,0.056,"Not Significant","truncating"
"3913G>A","8438C>T",251,243.523854069224,0.0131322130834268,0.384,"Not Significant","truncating"
"3913G>A","6129G>A",227,203.583723105706,0.0472828047855268,0.003,"Significant","truncating"
"3913G>A","10296C>T",198,200.255378858746,-0.00491899979960887,0.793,"Not Significant","truncating"
"3913G>A","14150C>T",226,199.700654817587,0.0537289502246037,0.001,"Significant","truncating"
"3913G>A","15230C>T",196,163.643592142189,0.0783570672227846,0,"Significant","truncating"
"3913G>A","9537C>T",227,216.342376052385,0.0208842620111295,0.209,"Not Significant","truncating"
"3913G>A","6753G>A",273,232.984097287184,0.0688363684873437,0,"Significant","truncating"
"3913G>A","8564C>T",227,222.444340505145,0.008804496417452,0.552,"Not Significant","truncating"
"3913G>A","15800C>T",208,196.927034611787,0.0237579937521712,0.165,"Not Significant","truncating"
"3913G>A","8782G>A",239,236.312441534144,0.00491131368993217,0.738,"Not Significant","truncating"
"3913G>A","4255C>T",189,172.519176800748,0.0396244269909001,0.033,"Significant","truncating"
"3913G>A","11669C>T",262,227.991580916745,0.060382481288167,0,"Significant","truncating"
"3913G>A","3445C>T",245,201.919550982226,0.083987712559954,0,"Significant","truncating"
"3913G>A","9216C>T",225,211.349859681946,0.0271805542802462,0.071,"Not Significant","truncating"
"3913G>A","3563G>A",233,204.693171188026,0.0562525667114483,0.001,"Significant","truncating"
"3913G>A","10375G>A",155,154.76800748363,0.000650506741208945,1,"Not Significant","truncating"
"3913G>A","9543G>A",160,151.99438727783,0.0222924316800379,0.257,"Not Significant","truncating"
"3913G>A","13261C>T",190,208.021515434986,-0.0393546549303547,0.022,"Significant","truncating"
"3913G>A","14532C>T",194,193.043966323667,0.0021454978281594,0.958,"Not Significant","truncating"
"3913G>A","6381G>A",126,118.156220767072,0.0279139535233177,0.256,"Not Significant","truncating"
"3913G>A","12629G>A",190,171.409728718428,0.044718133372485,0.021,"Significant","truncating"
"3913G>A","6264G>A",203,183.058933582788,0.0449051098798176,0.009,"Significant","truncating"
"3913G>A","10971G>A",303,282.354536950421,0.0306478580100512,0.014,"Significant","truncating"
"3913G>A","12002C>T",168,147.55659494855,0.0563506569392755,0.005,"Significant","truncating"
"3913G>A","11403G>A",144,129.805425631431,0.0450696465295893,0.036,"Significant","truncating"
"3913G>A","8391G>A",149,147.55659494855,0.00422764362571961,0.896,"Not Significant","truncating"
"3913G>A","9253G>A",187,178.066417212348,0.0212595859761306,0.253,"Not Significant","truncating"
"3913G>A","14592C>T",173,155.877455565949,0.0452627950682035,0.019,"Significant","truncating"
"3913G>A","3842G>A",169,150.33021515435,0.0508404255837513,0.007,"Significant","truncating"
"3913G>A","7896G>A",189,163.088868101029,0.0640374856055658,0,"Significant","truncating"
"3913G>A","7384G>A",126,108.171188026193,0.0662589455995035,0.007,"Significant","truncating"
"3913G>A","15723G>A",198,174.183348924228,0.0556585540328016,0.001,"Significant","truncating"
"3913G>A","4983C>T",147,152.54911131899,-0.0160923472375603,0.438,"Not Significant","truncating"
"3913G>A","7122C>T",215,198.591206735267,0.0344784451162298,0.042,"Significant","truncating"
"3913G>A","4716C>T",163,137.016838166511,0.075413662988757,0,"Significant","truncating"
"3913G>A","12767G>A",200,187.496725912067,0.0280363072308275,0.091,"Not Significant","truncating"
"3913G>A","6573G>A",194,177.511693171188,0.0385747634548147,0.021,"Significant","truncating"
"3913G>A","4121G>A",124,134.797942001871,-0.0362615765915336,0.137,"Not Significant","truncating"
"3913G>A","7779G>A",160,158.651075771749,0.00367696137139491,0.893,"Not Significant","truncating"
"3913G>A","12923G>A",129,113.718428437792,0.0547588610879648,0.018,"Significant","truncating"
"3913G>A","8980C>T",140,134.797942001871,0.0164447739244292,0.455,"Not Significant","truncating"
"3913G>A","8114G>A",138,145.89242282507,-0.0241536502439888,0.284,"Not Significant","truncating"
"3913G>A","15561G>A",152,130.914873713751,0.0648545968191354,0.004,"Significant","truncating"
"3913G>A","14314A>C",100,96.5219831618335,0.0153737635619,0.616,"Not Significant","truncating"
"3913G>A","14429C>T",154,148.11131898971,0.016932471316392,0.438,"Not Significant","truncating"
"3913G>A","12006G>A",151,124.812909260992,0.082717441026262,0,"Significant","truncating"
"3913G>A","8852G>A",161,140.89990645463,0.0579151712563886,0.003,"Significant","truncating"
"3913G>A","12931C>T",170,141.45463049579,0.0798317527887827,0,"Significant","truncating"
"3913G>A","14283C>T",283,274.033676333022,0.0139824984451538,0.288,"Not Significant","truncating"
"3913G>A","9687C>T",101,110.390084190833,-0.038608690782512,0.145,"Not Significant","truncating"
"3913G>A","15882G>A",94,98.7408793264733,-0.0213691368646577,0.462,"Not Significant","truncating"
"3913G>A","6030C>T",135,131.469597754911,0.011508434329409,0.586,"Not Significant","truncating"
"3913G>A","6690G>A",99,89.8652946679139,0.0420431918993899,0.123,"Not Significant","truncating"
"3913G>A","14360C>T",154,147.55659494855,0.0185620960498992,0.409,"Not Significant","truncating"
"3913G>A","9376G>A",111,107.616463985033,0.0134442607009345,0.65,"Not Significant","truncating"
"3913G>A","4214G>A",124,124.812909260992,-0.00283782110460966,0.946,"Not Significant","truncating"
"3913G>A","5035G>A",100,98.1861552853134,0.0079497454827008,0.823,"Not Significant","truncating"
"3913G>A","11594C>T",92,94.8578110383536,-0.0132852712020689,0.68,"Not Significant","truncating"
"3913G>A","13556G>A",106,107.616463985033,-0.00657285282093418,0.813,"Not Significant","truncating"
"3913G>A","9819G>A",117,107.616463985033,0.0363071436604187,0.134,"Not Significant","truncating"
"3913G>A","9984G>A",105,103.178671655753,0.00759936669652985,0.799,"Not Significant","truncating"
"3913G>A","8572G>T",128,105.397567820393,0.084379380539482,0,"Significant","truncating"
"3913G>A","6922G>A",140,128.141253507951,0.0384390676305804,0.093,"Not Significant","truncating"
"3913G>A","3668G>A",120,93.7483629560337,0.107217553278365,0,"Significant","truncating"
"3913G>A","15761G>A",127,110.944808231992,0.0586967371364417,0.012,"Significant","truncating"
"3913G>A","4743C>T",116,98.7408793264733,0.0699609987624745,0.004,"Significant","truncating"
"11066C>T","14006G>A",190,190.084190832554,-0.000192397450274584,1,"Not Significant","truncating"
"11066C>T","4485C>T",358,336.805425631431,0.0265039476677625,0.008,"Significant","truncating"
"11066C>T","13636C>T",374,348.091674462114,0.0311779660991832,0.001,"Significant","truncating"
"11066C>T","8815C>T",224,232.853133769878,-0.0168340687694847,0.251,"Not Significant","truncating"
"11066C>T","3824G>A",350,327.895229186155,0.0283329465378706,0.002,"Significant","truncating"
"11066C>T","14160G>T",349,285.720299345182,0.0868843305021229,0,"Significant","truncating"
"11066C>T","3376G>T",188,175.827876520112,0.0290701181215277,0.103,"Not Significant","truncating"
"11066C>T","13156C>T",266,236.417212347989,0.051202544474161,0,"Significant","truncating"
"11066C>T","14622C>T",273,252.455565949486,0.0339776969072338,0.006,"Significant","truncating"
"11066C>T","9735C>T",143,131.276894293732,0.0371477436967263,0.078,"Not Significant","truncating"
"11066C>T","8438C>T",280,260.77174929841,0.0308974910168888,0.021,"Significant","truncating"
"11066C>T","6129G>A",225,218.002806361085,0.0137204337760693,0.395,"Not Significant","truncating"
"11066C>T","10296C>T",229,214.438727782975,0.0285322603510196,0.065,"Not Significant","truncating"
"11066C>T","14150C>T",236,213.844714686623,0.0428134821196026,0.005,"Significant","truncating"
"11066C>T","15230C>T",178,175.233863423761,0.00680196624752942,0.726,"Not Significant","truncating"
"11066C>T","9537C>T",232,231.665107577175,0.00062735778120251,1,"Not Significant","truncating"
"11066C>T","6753G>A",282,249.485500467727,0.053203797838243,0,"Significant","truncating"
"11066C>T","8564C>T",264,238.199251637044,0.0446635341664333,0.001,"Significant","truncating"
"11066C>T","15800C>T",240,210.874649204864,0.0561868685732893,0,"Significant","truncating"
"11066C>T","8782G>A",261,253.049579045837,0.0134348881523592,0.338,"Not Significant","truncating"
"11066C>T","4255C>T",201,184.738072965388,0.0366396483104346,0.031,"Significant","truncating"
"11066C>T","11669C>T",258,244.139382600561,0.0239818640039538,0.089,"Not Significant","truncating"
"11066C>T","3445C>T",230,216.22076707203,0.0268304322853271,0.082,"Not Significant","truncating"
"11066C>T","9216C>T",231,226.318989710009,0.00889098413332342,0.565,"Not Significant","truncating"
"11066C>T","3563G>A",236,219.190832553789,0.0320896167278345,0.031,"Significant","truncating"
"11066C>T","10375G>A",159,165.729653882133,-0.0180030990363327,0.328,"Not Significant","truncating"
"11066C>T","9543G>A",155,162.759588400374,-0.0212148847332808,0.319,"Not Significant","truncating"
"11066C>T","13261C>T",234,222.754911131899,0.0213885695992169,0.143,"Not Significant","truncating"
"11066C>T","14532C>T",208,206.716557530402,0.00268807093298166,0.878,"Not Significant","truncating"
"11066C>T","6381G>A",128,126.524789522919,0.00503434612592897,0.878,"Not Significant","truncating"
"11066C>T","12629G>A",195,183.550046772685,0.0262801118544719,0.129,"Not Significant","truncating"
"11066C>T","6264G>A",195,196.024321796071,-0.00227534859856602,0.882,"Not Significant","truncating"
"11066C>T","10971G>A",345,302.352666043031,0.0573052926532999,0,"Significant","truncating"
"11066C>T","12002C>T",156,158.00748362956,-0.00555305835979954,0.77,"Not Significant","truncating"
"11066C>T","11403G>A",145,138.999064546305,0.0183561247416214,0.358,"Not Significant","truncating"
"11066C>T","8391G>A",166,158.00748362956,0.0214304313257772,0.286,"Not Significant","truncating"
"11066C>T","9253G>A",213,190.678203928906,0.0480785509506442,0.002,"Significant","truncating"
"11066C>T","14592C>T",158,166.917680074836,-0.0238452530338402,0.203,"Not Significant","truncating"
"11066C>T","3842G>A",174,160.977549111319,0.0337839373249762,0.064,"Not Significant","truncating"
"11066C>T","7896G>A",184,174.639850327409,0.0226744725141688,0.214,"Not Significant","truncating"
"11066C>T","7384G>A",135,115.832553788587,0.0665031370492371,0.001,"Significant","truncating"
"11066C>T","15723G>A",205,186.520112254443,0.0410281928993206,0.015,"Significant","truncating"
"11066C>T","4983C>T",179,163.353601496726,0.0397243170664096,0.034,"Significant","truncating"
"11066C>T","7122C>T",215,212.65668849392,0.00475941318853108,0.802,"Not Significant","truncating"
"11066C>T","4716C>T",149,146.721234798877,0.00669329506940611,0.758,"Not Significant","truncating"
"11066C>T","12767G>A",222,200.776426566885,0.0436402540897656,0.003,"Significant","truncating"
"11066C>T","6573G>A",192,190.084190832554,0.00435523030044375,0.838,"Not Significant","truncating"
"11066C>T","4121G>A",158,144.345182413471,0.0392547932728868,0.043,"Significant","truncating"
"11066C>T","7779G>A",185,169.887745556595,0.0370096751907523,0.036,"Significant","truncating"
"11066C>T","12923G>A",121,121.772684752105,-0.00276451082249966,0.937,"Not Significant","truncating"
"11066C>T","8980C>T",159,144.345182413471,0.0419948306389139,0.027,"Significant","truncating"
"11066C>T","8114G>A",147,156.225444340505,-0.026434433824762,0.182,"Not Significant","truncating"
"11066C>T","15561G>A",156,140.187090739008,0.0464165753011259,0.02,"Significant","truncating"
"11066C>T","14314A>C",93,103.358278765201,-0.0458623198118155,0.096,"Not Significant","truncating"
"11066C>T","14429C>T",177,158.601496725912,0.0476659849140053,0.012,"Significant","truncating"
"11066C>T","12006G>A",146,133.652946679139,0.0383743175898495,0.069,"Not Significant","truncating"
"11066C>T","8852G>A",168,150.87932647334,0.0466795450226978,0.015,"Significant","truncating"
"11066C>T","12931C>T",173,151.473339569691,0.057709902611607,0.002,"Significant","truncating"
"11066C>T","14283C>T",315,293.442469597755,0.0307875847827458,0.003,"Significant","truncating"
"11066C>T","9687C>T",109,118.208606173994,-0.0352225985522497,0.137,"Not Significant","truncating"
"11066C>T","15882G>A",114,105.734331150608,0.0326888289443512,0.198,"Not Significant","truncating"
"11066C>T","6030C>T",142,140.78110383536,0.00374397828975224,0.875,"Not Significant","truncating"
"11066C>T","6690G>A",103,96.2301216089804,0.0295261900793139,0.241,"Not Significant","truncating"
"11066C>T","14360C>T",182,158.00748362956,0.061393731270774,0,"Significant","truncating"
"11066C>T","9376G>A",121,115.238540692236,0.0211876203030085,0.368,"Not Significant","truncating"
"11066C>T","4214G>A",136,133.652946679139,0.0075603701756518,0.753,"Not Significant","truncating"
"11066C>T","5035G>A",102,105.140318054256,-0.013169114683074,0.621,"Not Significant","truncating"
"11066C>T","11594C>T",99,101.576239476146,-0.0111569358777904,0.687,"Not Significant","truncating"
"11066C>T","13556G>A",113,115.238540692236,-0.00851930652999648,0.751,"Not Significant","truncating"
"11066C>T","9819G>A",123,115.238540692236,0.0283073614259504,0.255,"Not Significant","truncating"
"11066C>T","9984G>A",114,110.486435921422,0.0135958870353464,0.58,"Not Significant","truncating"
"11066C>T","8572G>T",124,112.862488306829,0.0408720641261739,0.061,"Not Significant","truncating"
"11066C>T","6922G>A",153,137.21702525725,0.0472834308422242,0.014,"Significant","truncating"
"11066C>T","3668G>A",114,100.388213283442,0.0552221266395498,0.018,"Significant","truncating"
"11066C>T","15761G>A",134,118.802619270346,0.0522787826175872,0.012,"Significant","truncating"
"11066C>T","4743C>T",98,105.734331150608,-0.0329899466995643,0.226,"Not Significant","truncating"
"14006G>A","4485C>T",190,169.728718428438,0.0489982689487672,0.012,"Significant","truncating"
"14006G>A","13636C>T",178,175.416276894294,0.00635011317967181,0.707,"Not Significant","truncating"
"14006G>A","8815C>T",84,117.34331150608,-0.145179054069557,0,"Significant","truncating"
"14006G>A","3824G>A",174,165.238540692236,0.0224378974422596,0.247,"Not Significant","truncating"
"14006G>A","14160G>T",146,143.985032740879,0.00603550629947327,0.813,"Not Significant","truncating"
"14006G>A","3376G>T",81,88.6061739943873,-0.0389789652913708,0.272,"Not Significant","truncating"
"14006G>A","13156C>T",168,119.139382600561,0.149253936540941,0,"Significant","truncating"
"14006G>A","14622C>T",148,127.221702525725,0.0657005122334699,0.003,"Significant","truncating"
"14006G>A","9735C>T",72,66.155285313377,0.0367679496349766,0.362,"Not Significant","truncating"
"14006G>A","8438C>T",166,131.412535079514,0.101471294686737,0,"Significant","truncating"
"14006G>A","6129G>A",90,109.859681945744,-0.0865958279238052,0.006,"Significant","truncating"
"14006G>A","10296C>T",120,108.063610851263,0.045501771030799,0.106,"Not Significant","truncating"
"14006G>A","14150C>T",78,107.764265668849,-0.140380171187781,0,"Significant","truncating"
"14006G>A","15230C>T",72,88.3068288119738,-0.088661792657911,0.022,"Significant","truncating"
"14006G>A","9537C>T",112,116.744621141254,-0.0180188574674298,0.535,"Not Significant","truncating"
"14006G>A","6753G>A",134,125.724976613658,0.0276832348557579,0.276,"Not Significant","truncating"
"14006G>A","8564C>T",127,120.037418147802,0.0244870752246268,0.386,"Not Significant","truncating"
"14006G>A","15800C>T",109,106.267539756782,0.0110258717743913,0.74,"Not Significant","truncating"
"14006G>A","8782G>A",137,127.521047708138,0.0311386949425364,0.24,"Not Significant","truncating"
"14006G>A","4255C>T",97,93.0963517305893,0.0178390721282606,0.598,"Not Significant","truncating"
"14006G>A","11669C>T",121,123.030869971936,-0.00722872467074114,0.78,"Not Significant","truncating"
"14006G>A","3445C>T",101,108.961646398503,-0.03295228297751,0.305,"Not Significant","truncating"
"14006G>A","9216C>T",134,114.050514499532,0.0700075495780037,0.006,"Significant","truncating"
"14006G>A","3563G>A",105,110.458372310571,-0.0220093402002298,0.492,"Not Significant","truncating"
"14006G>A","10375G>A",130,83.5173058933583,0.192166875921925,0,"Significant","truncating"
"14006G>A","9543G>A",79,82.0205799812909,-0.0162957446410542,0.661,"Not Significant","truncating"
"14006G>A","13261C>T",151,112.254443405051,0.128773406454223,0,"Significant","truncating"
"14006G>A","14532C>T",130,104.172123479888,0.096191835249045,0,"Significant","truncating"
"14006G>A","6381G>A",101,63.7605238540692,0.199769497232526,0,"Significant","truncating"
"14006G>A","12629G>A",86,92.4976613657624,-0.0316323012923593,0.36,"Not Significant","truncating"
"14006G>A","6264G>A",99,98.7839101964453,0.00094898160853352,1,"Not Significant","truncating"
"14006G>A","10971G>A",155,152.366697848457,0.00744164272239989,0.739,"Not Significant","truncating"
"14006G>A","12002C>T",85,79.6258185219832,0.0283650159720633,0.457,"Not Significant","truncating"
"14006G>A","11403G>A",77,70.0467726847521,0.0411025946511551,0.295,"Not Significant","truncating"
"14006G>A","8391G>A",86,79.6258185219832,0.0334445415013323,0.345,"Not Significant","truncating"
"14006G>A","9253G>A",102,96.089803554724,0.0259228662458913,0.427,"Not Significant","truncating"
"14006G>A","14592C>T",94,84.1159962581852,0.0482492605834366,0.164,"Not Significant","truncating"
"14006G>A","3842G>A",94,81.1225444340505,0.0639862896140916,0.053,"Not Significant","truncating"
"14006G>A","7896G>A",85,88.0074836295603,-0.0151006778089751,0.655,"Not Significant","truncating"
"14006G>A","7384G>A",70,58.3723105706268,0.0788911555404873,0.042,"Significant","truncating"
"14006G>A","15723G>A",114,93.9943872778297,0.0838029301520486,0.003,"Significant","truncating"
"14006G>A","4983C>T",113,82.3199251637044,0.137573476541886,0,"Significant","truncating"
"14006G>A","7122C>T",110,107.165575304022,0.0113373854032123,0.73,"Not Significant","truncating"
"14006G>A","4716C>T",56,73.9382600561272,-0.120681199364405,0.007,"Significant","truncating"
"14006G>A","12767G>A",100,101.178671655753,-0.00508897338877754,0.882,"Not Significant","truncating"
"14006G>A","6573G>A",110,95.7904583723106,0.0600704337271325,0.033,"Significant","truncating"
"14006G>A","4121G>A",108,72.7408793264733,0.171645208777315,0,"Significant","truncating"
"14006G>A","7779G>A",103,85.6127221702526,0.0802989184649156,0.007,"Significant","truncating"
"14006G>A","12923G>A",57,61.3657623947615,-0.0320512784943367,0.477,"Not Significant","truncating"
"14006G>A","8980C>T",87,72.7408793264733,0.0777407059090805,0.023,"Significant","truncating"
"14006G>A","8114G>A",97,78.7277829747428,0.0906437126652551,0.008,"Significant","truncating"
"14006G>A","15561G>A",77,70.645463049579,0.0374064490911966,0.335,"Not Significant","truncating"
"14006G>A","14314A>C",45,52.0860617399439,-0.0635090076182527,0.215,"Not Significant","truncating"
"14006G>A","14429C>T",81,79.9251637043966,0.00580148440293939,0.868,"Not Significant","truncating"
"14006G>A","12006G>A",69,67.3526660430309,0.0104942995147495,0.788,"Not Significant","truncating"
"14006G>A","8852G>A",61,76.0336763330215,-0.0956761547201581,0.032,"Significant","truncating"
"14006G>A","12931C>T",55,76.333021515435,-0.142349764050619,0,"Significant","truncating"
"14006G>A","14283C>T",161,147.876520112254,0.0369266539970508,0.073,"Not Significant","truncating"
"14006G>A","9687C>T",52,59.5696913002806,-0.0590220058859293,0.191,"Not Significant","truncating"
"14006G>A","15882G>A",76,53.2834424695978,0.154221316860526,0.001,"Significant","truncating"
"14006G>A","6030C>T",92,70.9448082319925,0.112867208224183,0.001,"Significant","truncating"
"14006G>A","6690G>A",60,48.4939195509822,0.092463962729713,0.032,"Significant","truncating"
"14006G>A","14360C>T",86,79.6258185219832,0.0334445415013323,0.357,"Not Significant","truncating"
"14006G>A","9376G>A",77,58.0729653882133,0.122516722130944,0.003,"Significant","truncating"
"14006G>A","4214G>A",72,67.3526660430309,0.0289777052087364,0.456,"Not Significant","truncating"
"14006G>A","5035G>A",69,52.9840972871843,0.11470355126413,0.008,"Significant","truncating"
"14006G>A","11594C>T",37,51.1880261927035,-0.140966659435961,0.01,"Significant","truncating"
"14006G>A","13556G>A",79,58.0729653882133,0.133653088248889,0,"Significant","truncating"
"14006G>A","9819G>A",43,58.0729653882133,-0.130505547461505,0.006,"Significant","truncating"
"14006G>A","9984G>A",66,55.6782039289055,0.0738587182127023,0.084,"Not Significant","truncating"
"14006G>A","8572G>T",57,56.8755846585594,0.000948981608532847,1,"Not Significant","truncating"
"14006G>A","6922G>A",81,69.1487371375117,0.0687007658752856,0.056,"Not Significant","truncating"
"14006G>A","3668G>A",45,50.5893358278765,-0.0508464639493511,0.345,"Not Significant","truncating"
"14006G>A","15761G>A",57,59.8690364826941,-0.0213274131025812,0.665,"Not Significant","truncating"
"14006G>A","4743C>T",54,53.2834424695978,0.00580148440293568,0.92,"Not Significant","truncating"
"4485C>T","13636C>T",319,310.815715622077,0.0112877133549583,0.342,"Not Significant","truncating"
"4485C>T","8815C>T",196,207.917680074836,-0.0256353493480971,0.142,"Not Significant","truncating"
"4485C>T","3824G>A",308,292.782039289055,0.0220062850871094,0.084,"Not Significant","truncating"
"4485C>T","14160G>T",270,255.123479887746,0.0246133341010176,0.071,"Not Significant","truncating"
"4485C>T","3376G>T",182,156.999064546305,0.0641743232419697,0,"Significant","truncating"
"4485C>T","13156C>T",236,211.10009354537,0.0484235772122684,0.003,"Significant","truncating"
"4485C>T","14622C>T",240,225.420954162769,0.0272169579771542,0.049,"Significant","truncating"
"4485C>T","9735C>T",148,117.21889616464,0.101264088025641,0,"Significant","truncating"
"4485C>T","8438C>T",255,232.846585594013,0.039470306507689,0.008,"Significant","truncating"
"4485C>T","6129G>A",194,194.657623947615,-0.00146968800599114,0.94,"Not Significant","truncating"
"4485C>T","10296C>T",200,191.475210477081,0.018917440074185,0.266,"Not Significant","truncating"
"4485C>T","14150C>T",210,190.944808231993,0.0413114402824828,0.01,"Significant","truncating"
"4485C>T","15230C>T",155,156.468662301216,-0.00409567149199741,0.874,"Not Significant","truncating"
"4485C>T","9537C>T",211,206.856875584659,0.00861249458706069,0.592,"Not Significant","truncating"
"4485C>T","6753G>A",250,222.768942937325,0.0500853645899873,0,"Significant","truncating"
"4485C>T","8564C>T",212,212.691300280636,-0.00141386537555878,0.951,"Not Significant","truncating"
"4485C>T","15800C>T",185,188.292797006548,-0.00766197833620473,0.682,"Not Significant","truncating"
"4485C>T","8782G>A",231,225.951356407858,0.00959702710529266,0.495,"Not Significant","truncating"
"4485C>T","4255C>T",180,164.955098222638,0.0379067623923179,0.039,"Significant","truncating"
"4485C>T","11669C>T",233,217.995322731525,0.0289087454658084,0.052,"Not Significant","truncating"
"4485C>T","3445C>T",215,193.066417212348,0.0467317225823978,0.005,"Significant","truncating"
"4485C>T","9216C>T",196,202.083255378859,-0.0132742580032651,0.436,"Not Significant","truncating"
"4485C>T","3563G>A",205,195.718428437792,0.0201221412125554,0.237,"Not Significant","truncating"
"4485C>T","10375G>A",154,147.982226379794,0.0173111638787255,0.393,"Not Significant","truncating"
"4485C>T","9543G>A",122,145.33021515435,-0.075996085829711,0,"Significant","truncating"
"4485C>T","13261C>T",211,198.900841908326,0.0256458338858327,0.129,"Not Significant","truncating"
"4485C>T","14532C>T",208,184.579981290926,0.0518787373320256,0.002,"Significant","truncating"
"4485C>T","6381G>A",115,112.975678203929,0.00771288323073871,0.762,"Not Significant","truncating"
"4485C>T","12629G>A",191,163.89429373246,0.0664695341387267,0,"Significant","truncating"
"4485C>T","6264G>A",185,175.032740879326,0.0240524348409844,0.203,"Not Significant","truncating"
"4485C>T","10971G>A",292,269.974742750234,0.0340597154275188,0.006,"Significant","truncating"
"4485C>T","12002C>T",140,141.086997193639,-0.00335895463695526,0.868,"Not Significant","truncating"
"4485C>T","11403G>A",132,124.114125350795,0.0267527201115575,0.237,"Not Significant","truncating"
"4485C>T","8391G>A",133,141.086997193639,-0.0256353493480912,0.269,"Not Significant","truncating"
"4485C>T","9253G>A",190,170.259120673527,0.0476432148638017,0.013,"Significant","truncating"
"4485C>T","14592C>T",158,149.043030869972,0.0253454133651977,0.232,"Not Significant","truncating"
"4485C>T","3842G>A",154,143.739008419083,0.0299460762779086,0.168,"Not Significant","truncating"
"4485C>T","7896G>A",159,155.938260056127,0.00844444022416027,0.644,"Not Significant","truncating"
"4485C>T","7384G>A",110,103.428437792329,0.0267527201115534,0.308,"Not Significant","truncating"
"4485C>T","15723G>A",180,166.546304957905,0.0337375033459431,0.075,"Not Significant","truncating"
"4485C>T","4983C>T",170,145.860617399439,0.0665108738638403,0.003,"Significant","truncating"
"4485C>T","7122C>T",191,189.884003741815,0.00254498691972328,0.886,"Not Significant","truncating"
"4485C>T","4716C>T",132,131.00935453695,0.00327162426205303,0.956,"Not Significant","truncating"
"4485C>T","12767G>A",188,179.275958840037,0.0206357953018854,0.281,"Not Significant","truncating"
"4485C>T","6573G>A",158,169.728718428438,-0.0310982450495929,0.129,"Not Significant","truncating"
"4485C>T","4121G>A",158,128.887745556595,0.0884454596719198,0.001,"Significant","truncating"
"4485C>T","7779G>A",164,151.695042095416,0.0338724612345048,0.082,"Not Significant","truncating"
"4485C>T","12923G>A",106,108.732460243218,-0.0110533494751024,0.69,"Not Significant","truncating"
"4485C>T","8980C>T",144,128.887745556595,0.0481508648127735,0.023,"Significant","truncating"
"4485C>T","8114G>A",140,139.495790458372,0.00156693350435044,0.933,"Not Significant","truncating"
"4485C>T","15561G>A",140,125.174929840973,0.0486106790239661,0.022,"Significant","truncating"
"4485C>T","14314A>C",81,92.289990645463,-0.056669583088013,0.081,"Not Significant","truncating"
"4485C>T","14429C>T",137,141.617399438728,-0.0143960478922867,0.551,"Not Significant","truncating"
"4485C>T","12006G>A",131,119.340505144995,0.0404834238602408,0.08,"Not Significant","truncating"
"4485C>T","8852G>A",141,134.722170252573,0.0197800423512989,0.389,"Not Significant","truncating"
"4485C>T","12931C>T",150,135.252572497661,0.0449457249375659,0.043,"Significant","truncating"
"4485C>T","14283C>T",271,262.018709073901,0.0146369882666247,0.27,"Not Significant","truncating"
"4485C>T","9687C>T",107,105.550046772685,0.00592534759136884,0.892,"Not Significant","truncating"
"4485C>T","15882G>A",98,94.4115996258185,0.0162007196994554,0.577,"Not Significant","truncating"
"4485C>T","6030C>T",137,125.705332086062,0.0373668674621458,0.1,"Not Significant","truncating"
"4485C>T","6690G>A",84,85.9251637043966,-0.00984108216486631,0.784,"Not Significant","truncating"
"4485C>T","14360C>T",152,141.086997193639,0.0323565976295548,0.143,"Not Significant","truncating"
"4485C>T","9376G>A",110,102.89803554724,0.0289856015438432,0.261,"Not Significant","truncating"
"4485C>T","4214G>A",131,119.340505144995,0.0404834238602408,0.081,"Not Significant","truncating"
"4485C>T","5035G>A",98,93.8811973807297,0.0186474556465402,0.528,"Not Significant","truncating"
"4485C>T","11594C>T",108,90.6987839101965,0.0758222914105906,0.008,"Significant","truncating"
"4485C>T","13556G>A",118,102.89803554724,0.0594749236917168,0.009,"Significant","truncating"
"4485C>T","9819G>A",110,102.89803554724,0.0289856015438432,0.261,"Not Significant","truncating"
"4485C>T","9984G>A",106,98.6548175865295,0.0311875673626949,0.241,"Not Significant","truncating"
"4485C>T","8572G>T",111,100.776426566885,0.0419640241496602,0.122,"Not Significant","truncating"
"4485C>T","6922G>A",127,122.522918615529,0.0155863873796715,0.557,"Not Significant","truncating"
"4485C>T","3668G>A",92,89.6379794200187,0.0112957690477408,0.726,"Not Significant","truncating"
"4485C>T","15761G>A",119,106.080449017774,0.0499116120443766,0.044,"Significant","truncating"
"4485C>T","4743C>T",94,94.4115996258185,-0.00189750239332193,1,"Not Significant","truncating"
"13636C>T","8815C>T",230,214.88493919551,0.0295218581878098,0.067,"Not Significant","truncating"
"13636C>T","3824G>A",330,302.593077642657,0.037654951339364,0.002,"Significant","truncating"
"13636C>T","14160G>T",280,263.672591206735,0.0260930441590652,0.035,"Significant","truncating"
"13636C>T","3376G>T",170,162.260056127222,0.0202372995100105,0.284,"Not Significant","truncating"
"13636C>T","13156C>T",226,218.173994387278,0.0153054562643935,0.357,"Not Significant","truncating"
"13636C>T","14622C>T",221,232.974742750234,-0.0229165671745034,0.164,"Not Significant","truncating"
"13636C>T","9735C>T",121,121.146866230122,-0.000526814177972813,1,"Not Significant","truncating"
"13636C>T","8438C>T",239,240.649204864359,-0.00298653010329506,0.848,"Not Significant","truncating"
"13636C>T","6129G>A",189,201.180542563143,-0.0271241708881439,0.127,"Not Significant","truncating"
"13636C>T","10296C>T",226,197.891487371375,0.0576813264324031,0,"Significant","truncating"
"13636C>T","14150C>T",189,197.34331150608,-0.018760607403346,0.289,"Not Significant","truncating"
"13636C>T","15230C>T",159,161.711880261927,-0.00734480246701955,0.733,"Not Significant","truncating"
"13636C>T","9537C>T",207,213.78858746492,-0.0140141723788874,0.372,"Not Significant","truncating"
"13636C>T","6753G>A",262,230.23386342376,0.0561320901125095,0,"Significant","truncating"
"13636C>T","8564C>T",215,219.818521983162,-0.00962582351388522,0.545,"Not Significant","truncating"
"13636C>T","15800C>T",265,194.602432179607,0.134097610072342,0,"Significant","truncating"
"13636C>T","8782G>A",250,233.522918615529,0.0296104987599938,0.031,"Significant","truncating"
"13636C>T","4255C>T",179,170.482694106642,0.0211727311437309,0.259,"Not Significant","truncating"
"13636C>T","11669C>T",231,225.300280636108,0.0108502472067577,0.486,"Not Significant","truncating"
"13636C>T","3445C>T",195,199.536014967259,-0.00998668309584554,0.542,"Not Significant","truncating"
"13636C>T","9216C>T",231,208.855004677268,0.0437670934071925,0.005,"Significant","truncating"
"13636C>T","3563G>A",206,202.276894293732,0.00792094340077652,0.673,"Not Significant","truncating"
"13636C>T","10375G>A",150,152.941066417212,-0.00843285502722333,0.721,"Not Significant","truncating"
"13636C>T","9543G>A",179,150.200187090739,0.0761825573501461,0,"Significant","truncating"
"13636C>T","13261C>T",225,205.5659494855,0.0392313395743127,0.01,"Significant","truncating"
"13636C>T","14532C>T",201,190.765201122544,0.0226969026645838,0.173,"Not Significant","truncating"
"13636C>T","6381G>A",126,116.761459307764,0.0330710308694853,0.171,"Not Significant","truncating"
"13636C>T","12629G>A",171,169.386342376052,0.00411772015800415,0.834,"Not Significant","truncating"
"13636C>T","6264G>A",176,180.89803554724,-0.0119211828730436,0.548,"Not Significant","truncating"
"13636C>T","10971G>A",310,279.021515434986,0.0457240006881858,0,"Significant","truncating"
"13636C>T","12002C>T",148,145.814780168382,0.00646016795457337,0.788,"Not Significant","truncating"
"13636C>T","11403G>A",144,128.273152478952,0.0502267238757572,0.016,"Significant","truncating"
"13636C>T","8391G>A",149,145.814780168382,0.00938472097188799,0.65,"Not Significant","truncating"
"13636C>T","9253G>A",193,175.964452759588,0.0401323657935673,0.023,"Significant","truncating"
"13636C>T","14592C>T",176,154.037418147802,0.0578864370997221,0,"Significant","truncating"
"13636C>T","3842G>A",173,148.555659494855,0.0661569014450357,0.001,"Significant","truncating"
"13636C>T","7896G>A",158,161.163704396632,-0.00861015426704194,0.681,"Not Significant","truncating"
"13636C>T","7384G>A",134,106.89429373246,0.0981502761928948,0,"Significant","truncating"
"13636C>T","15723G>A",176,172.127221702526,0.00966310893161666,0.657,"Not Significant","truncating"
"13636C>T","4983C>T",157,150.748362956034,0.017647047769647,0.38,"Not Significant","truncating"
"13636C>T","7122C>T",208,196.246959775491,0.0252603975095621,0.151,"Not Significant","truncating"
"13636C>T","4716C>T",142,135.399438727783,0.0206714803140632,0.37,"Not Significant","truncating"
"13636C>T","12767G>A",195,185.283442469598,0.022198000275539,0.203,"Not Significant","truncating"
"13636C>T","6573G>A",189,175.416276894294,0.0323919150440078,0.073,"Not Significant","truncating"
"13636C>T","4121G>A",141,133.206735266604,0.0246929282477371,0.254,"Not Significant","truncating"
"13636C>T","7779G>A",169,156.778297474275,0.0326007606752979,0.091,"Not Significant","truncating"
"13636C>T","12923G>A",124,112.376052385407,0.0427479132971319,0.074,"Not Significant","truncating"
"13636C>T","8980C>T",152,133.206735266604,0.0573174035371074,0.006,"Significant","truncating"
"13636C>T","8114G>A",146,144.170252572498,0.00547719648536279,0.82,"Not Significant","truncating"
"13636C>T","15561G>A",142,129.369504209542,0.0404564306036074,0.059,"Not Significant","truncating"
"13636C>T","14314A>C",124,95.3826005612722,0.113952526070218,0,"Significant","truncating"
"13636C>T","14429C>T",155,146.362956033676,0.0249005259963871,0.205,"Not Significant","truncating"
"13636C>T","12006G>A",131,123.3395696913,0.0261688667350685,0.256,"Not Significant","truncating"
"13636C>T","8852G>A",147,139.236669784846,0.0235637073189089,0.28,"Not Significant","truncating"
"13636C>T","12931C>T",146,139.78484565014,0.0188927645411562,0.408,"Not Significant","truncating"
"13636C>T","14283C>T",290,270.798877455566,0.0297511381659859,0.028,"Significant","truncating"
"13636C>T","9687C>T",126,109.086997193639,0.0625975578984902,0.008,"Significant","truncating"
"13636C>T","15882G>A",100,97.5753040224509,0.0106600868817827,0.747,"Not Significant","truncating"
"13636C>T","6030C>T",134,129.917680074836,0.013436541545381,0.557,"Not Significant","truncating"
"13636C>T","6690G>A",81,88.8044901777362,-0.0399499064732466,0.196,"Not Significant","truncating"
"13636C>T","14360C>T",174,145.814780168382,0.0767477008421718,0,"Significant","truncating"
"13636C>T","9376G>A",105,106.346117867166,-0.00553234166959532,0.878,"Not Significant","truncating"
"13636C>T","4214G>A",139,123.3395696913,0.0519123713333803,0.019,"Significant","truncating"
"13636C>T","5035G>A",104,97.0271281571562,0.0301401621276311,0.296,"Not Significant","truncating"
"13636C>T","11594C>T",95,93.7380729653882,0.00580758408737517,0.858,"Not Significant","truncating"
"13636C>T","13556G>A",111,106.346117867166,0.0186013380471017,0.467,"Not Significant","truncating"
"13636C>T","9819G>A",109,106.346117867166,0.0107048572010751,0.693,"Not Significant","truncating"
"13636C>T","9984G>A",120,101.960710944808,0.0707483910203318,0.002,"Significant","truncating"
"13636C>T","8572G>T",95,104.153414405987,-0.0399499064732536,0.134,"Not Significant","truncating"
"13636C>T","6922G>A",121,126.628624883068,-0.0197465203849909,0.413,"Not Significant","truncating"
"13636C>T","3668G>A",96,92.6417212347989,0.0154646176165659,0.585,"Not Significant","truncating"
"13636C>T","15761G>A",121,109.635173058934,0.0428354638431191,0.097,"Not Significant","truncating"
"13636C>T","4743C>T",104,97.5753040224509,0.0276934261805463,0.337,"Not Significant","truncating"
"8815C>T","3824G>A",212,202.417212347989,0.0200884213878635,0.22,"Not Significant","truncating"
"8815C>T","14160G>T",172,176.381665107577,-0.0109249912779558,0.589,"Not Significant","truncating"
"8815C>T","3376G>T",128,108.542563143124,0.0716098967771898,0.008,"Significant","truncating"
"8815C>T","13156C>T",96,145.945743685688,-0.181920200845644,0,"Significant","truncating"
"8815C>T","14622C>T",161,155.846585594013,0.01412858416985,0.525,"Not Significant","truncating"
"8815C>T","9735C>T",68,81.0402245088868,-0.0761917227904507,0.048,"Significant","truncating"
"8815C>T","8438C>T",134,160.980355472404,-0.0796680836889386,0.001,"Significant","truncating"
"8815C>T","6129G>A",169,134.578110383536,0.0989122785498393,0,"Significant","truncating"
"8815C>T","10296C>T",142,132.377923292797,0.0304727806656972,0.206,"Not Significant","truncating"
"8815C>T","14150C>T",151,132.011225444341,0.0583660847141616,0.013,"Significant","truncating"
"8815C>T","15230C>T",145,108.175865294668,0.127237624445031,0,"Significant","truncating"
"8815C>T","9537C>T",170,143.012160898036,0.0750759525400473,0.001,"Significant","truncating"
"8815C>T","6753G>A",138,154.013096351731,-0.0476785658083104,0.042,"Significant","truncating"
"8815C>T","8564C>T",141,147.045837231057,-0.0182336217764689,0.426,"Not Significant","truncating"
"8815C>T","15800C>T",127,130.177736202058,-0.010732993910808,0.691,"Not Significant","truncating"
"8815C>T","8782G>A",143,156.21328344247,-0.0383819234493106,0.074,"Not Significant","truncating"
"8815C>T","4255C>T",149,114.043030869972,0.116117517573668,0,"Significant","truncating"
"8815C>T","11669C>T",182,150.712815715622,0.0819212042972769,0,"Significant","truncating"
"8815C>T","3445C>T",142,133.478016838167,0.0268785989223017,0.255,"Not Significant","truncating"
"8815C>T","9216C>T",118,139.711880261927,-0.0733513301811159,0.006,"Significant","truncating"
"8815C>T","3563G>A",158,135.311506080449,0.067322358983637,0,"Significant","truncating"
"8815C>T","10375G>A",100,102.308699719364,-0.00991256508526699,0.782,"Not Significant","truncating"
"8815C>T","9543G>A",134,100.475210477081,0.125045873732632,0,"Significant","truncating"
"8815C>T","13261C>T",127,137.511693171188,-0.034535908583415,0.145,"Not Significant","truncating"
"8815C>T","14532C>T",117,127.610851262862,-0.0377017440120677,0.151,"Not Significant","truncating"
"8815C>T","6381G>A",43,78.1066417212348,-0.259219509670376,0,"Significant","truncating"
"8815C>T","12629G>A",115,113.309635173059,0.00643099911709226,0.84,"Not Significant","truncating"
"8815C>T","6264G>A",136,121.010289990645,0.0507166066806112,0.047,"Significant","truncating"
"8815C>T","10971G>A",187,186.649204864359,0.000815462388060546,1,"Not Significant","truncating"
"8815C>T","12002C>T",130,97.5416276894294,0.124753353863979,0,"Significant","truncating"
"8815C>T","11403G>A",82,85.8072965388213,-0.0197103668380818,0.566,"Not Significant","truncating"
"8815C>T","8391G>A",87,97.5416276894294,-0.0496707458240738,0.121,"Not Significant","truncating"
"8815C>T","9253G>A",103,117.710009354537,-0.0579761695113264,0.04,"Significant","truncating"
"8815C>T","14592C>T",124,103.042095416277,0.0804070034454047,0.003,"Significant","truncating"
"8815C>T","3842G>A",97,99.3751169317119,-0.0105059184198295,0.787,"Not Significant","truncating"
"8815C>T","7896G>A",126,107.809167446211,0.0677148528936683,0.012,"Significant","truncating"
"8815C>T","7384G>A",59,71.5060804490178,-0.0834909615319243,0.035,"Significant","truncating"
"8815C>T","15723G>A",140,115.143124415341,0.0848900257932769,0,"Significant","truncating"
"8815C>T","4983C>T",76,100.841908325538,-0.12282746336101,0,"Significant","truncating"
"8815C>T","7122C>T",135,131.277829747427,0.0121423800394435,0.656,"Not Significant","truncating"
"8815C>T","4716C>T",112,90.5743685687558,0.092212707598745,0.001,"Significant","truncating"
"8815C>T","12767G>A",128,123.943872778297,0.0139849075585234,0.602,"Not Significant","truncating"
"8815C>T","6573G>A",120,117.34331150608,0.0097229059160315,0.748,"Not Significant","truncating"
"8815C>T","4121G>A",70,89.1075771749298,-0.104816595395602,0.005,"Significant","truncating"
"8815C>T","7779G>A",88,104.875584658559,-0.0761917227904742,0.013,"Significant","truncating"
"8815C>T","12923G>A",95,75.1730589335828,0.101661382421294,0.003,"Significant","truncating"
"8815C>T","8980C>T",88,89.1075771749298,-0.00543196325981666,0.881,"Not Significant","truncating"
"8815C>T","8114G>A",108,96.4415341440599,0.0491596451854645,0.095,"Not Significant","truncating"
"8815C>T","15561G>A",81,86.5406922357343,-0.0287353459031017,0.407,"Not Significant","truncating"
"8815C>T","14314A>C",106,63.8054256314312,0.22044825517022,0,"Significant","truncating"
"8815C>T","14429C>T",101,97.9083255378859,0.0135017506063747,0.669,"Not Significant","truncating"
"8815C>T","12006G>A",93,82.5070159027128,0.0519920686308341,0.101,"Not Significant","truncating"
"8815C>T","8852G>A",119,93.1412535079513,0.106404882960812,0,"Significant","truncating"
"8815C>T","12931C>T",116,93.5079513564079,0.093609446981194,0,"Significant","truncating"
"8815C>T","14283C>T",187,181.148737137512,0.0138062958011653,0.487,"Not Significant","truncating"
"8815C>T","9687C>T",110,72.9728718428438,0.178231246936639,0,"Significant","truncating"
"8815C>T","15882G>A",59,65.2722170252572,-0.0438763524783583,0.32,"Not Significant","truncating"
"8815C>T","6030C>T",69,86.9073900841908,-0.100207617084398,0.007,"Significant","truncating"
"8815C>T","6690G>A",52,59.4050514499532,-0.0578200327194068,0.202,"Not Significant","truncating"
"8815C>T","14360C>T",105,97.5416276894294,0.0319993006271602,0.307,"Not Significant","truncating"
"8815C>T","9376G>A",58,71.1393826005613,-0.0886820981788296,0.034,"Significant","truncating"
"8815C>T","4214G>A",82,82.5070159027128,-0.00267702753932171,0.939,"Not Significant","truncating"
"8815C>T","5035G>A",78,64.9055191768007,0.0798129745168823,0.032,"Significant","truncating"
"8815C>T","11594C>T",58,62.7053320860617,-0.0338764786408396,0.455,"Not Significant","truncating"
"8815C>T","13556G>A",63,71.1393826005613,-0.0527695422882446,0.166,"Not Significant","truncating"
"8815C>T","9819G>A",98,71.1393826005613,0.139115983950422,0,"Significant","truncating"
"8815C>T","9984G>A",67,68.2057998129093,-0.00774650332875765,0.87,"Not Significant","truncating"
"8815C>T","8572G>T",96,69.6725912067353,0.139209270274889,0,"Significant","truncating"
"8815C>T","6922G>A",79,84.7072029934518,-0.0302932504133451,0.378,"Not Significant","truncating"
"8815C>T","3668G>A",90,61.9719363891487,0.162047443013754,0,"Significant","truncating"
"8815C>T","15761G>A",76,73.3395696913003,0.0154752348051102,0.686,"Not Significant","truncating"
"8815C>T","4743C>T",82,65.2722170252572,0.0990854882630078,0.01,"Significant","truncating"
"3824G>A","14160G>T",256,248.374181478017,0.0131335164175917,0.352,"Not Significant","truncating"
"3824G>A","3376G>T",172,152.845650140318,0.0512753633281579,0.005,"Significant","truncating"
"3824G>A","13156C>T",230,205.515434985968,0.0488833914234616,0.002,"Significant","truncating"
"3824G>A","14622C>T",236,219.457436856876,0.0315617003993603,0.032,"Significant","truncating"
"3824G>A","9735C>T",113,114.117867165575,-0.00427520272210811,0.892,"Not Significant","truncating"
"3824G>A","8438C>T",226,226.686623012161,-0.00131745361514079,0.945,"Not Significant","truncating"
"3824G>A","6129G>A",192,189.507951356408,0.00567379193103637,0.798,"Not Significant","truncating"
"3824G>A","10296C>T",186,186.409728718428,-0.000955630208161941,1,"Not Significant","truncating"
"3824G>A","14150C>T",207,185.893358278765,0.0467064721691858,0.005,"Significant","truncating"
"3824G>A","15230C>T",169,152.329279700655,0.0451033161150615,0.023,"Significant","truncating"
"3824G>A","9537C>T",203,201.384471468662,0.00347005836629108,0.837,"Not Significant","truncating"
"3824G>A","6753G>A",243,216.875584658559,0.0493956106799692,0.001,"Significant","truncating"
"3824G>A","8564C>T",223,207.064546304958,0.0321991179075425,0.042,"Significant","truncating"
"3824G>A","15800C>T",196,183.311506080449,0.0290663457809457,0.097,"Not Significant","truncating"
"3824G>A","8782G>A",220,219.973807296539,5.17091990664034e-05,1,"Not Significant","truncating"
"3824G>A","4255C>T",178,160.591206735267,0.0446982407616091,0.017,"Significant","truncating"
"3824G>A","11669C>T",249,212.22825070159,0.0693961526992161,0,"Significant","truncating"
"3824G>A","3445C>T",219,187.958840037418,0.0663813586706086,0,"Significant","truncating"
"3824G>A","9216C>T",206,196.737137511693,0.0199808721731033,0.258,"Not Significant","truncating"
"3824G>A","3563G>A",214,190.540692235734,0.0504260346696846,0.001,"Significant","truncating"
"3824G>A","10375G>A",153,144.067352666043,0.0261258550235627,0.234,"Not Significant","truncating"
"3824G>A","9543G>A",155,141.485500467727,0.0396197628294558,0.049,"Significant","truncating"
"3824G>A","13261C>T",191,193.638914873714,-0.00595927300040913,0.748,"Not Significant","truncating"
"3824G>A","14532C>T",184,179.696913002806,0.0102772065425291,0.609,"Not Significant","truncating"
"3824G>A","6381G>A",121,109.986903648269,0.0414443943572556,0.079,"Not Significant","truncating"
"3824G>A","12629G>A",170,159.55846585594,0.0275290694330017,0.168,"Not Significant","truncating"
"3824G>A","6264G>A",185,170.402245088868,0.0356964160046853,0.055,"Not Significant","truncating"
"3824G>A","10971G>A",290,262.832553788588,0.0427188430417609,0.002,"Significant","truncating"
"3824G>A","12002C>T",147,137.354536950421,0.0294743255966674,0.192,"Not Significant","truncating"
"3824G>A","11403G>A",131,120.830682881197,0.0350940657251726,0.129,"Not Significant","truncating"
"3824G>A","8391G>A",145,137.354536950421,0.0235249930834703,0.298,"Not Significant","truncating"
"3824G>A","9253G>A",169,165.754911131899,0.00842029968837548,0.674,"Not Significant","truncating"
"3824G>A","14592C>T",155,145.10009354537,0.0286640057447716,0.171,"Not Significant","truncating"
"3824G>A","3842G>A",151,139.936389148737,0.03304628389832,0.113,"Not Significant","truncating"
"3824G>A","7896G>A",164,151.812909260992,0.0335351451150985,0.097,"Not Significant","truncating"
"3824G>A","7384G>A",122,100.692235734331,0.0833638467917339,0,"Significant","truncating"
"3824G>A","15723G>A",186,162.140318054256,0.0596219236242461,0.001,"Significant","truncating"
"3824G>A","4983C>T",132,142.00187090739,-0.0317201351448105,0.158,"Not Significant","truncating"
"3824G>A","7122C>T",191,184.860617399439,0.0141889680834247,0.418,"Not Significant","truncating"
"3824G>A","4716C>T",153,127.543498596819,0.0790331050374555,0.001,"Significant","truncating"
"3824G>A","12767G>A",190,174.533208606174,0.0368755281547331,0.044,"Significant","truncating"
"3824G>A","6573G>A",172,165.238540692236,0.0174170960672117,0.363,"Not Significant","truncating"
"3824G>A","4121G>A",120,125.478016838167,-0.0193864000710925,0.484,"Not Significant","truncating"
"3824G>A","7779G>A",156,147.681945743686,0.023797192704982,0.283,"Not Significant","truncating"
"3824G>A","12923G>A",122,105.855940130964,0.0616445970985187,0.006,"Significant","truncating"
"3824G>A","8980C>T",148,125.478016838167,0.0716940692761716,0.002,"Significant","truncating"
"3824G>A","8114G>A",127,135.805425631431,-0.0291134000541997,0.232,"Not Significant","truncating"
"3824G>A","15561G>A",142,121.863423760524,0.0664149688924784,0.004,"Significant","truncating"
"3824G>A","14314A>C",92,89.8484565014032,0.0102772065425234,0.731,"Not Significant","truncating"
"3824G>A","14429C>T",142,137.870907390084,0.0128157104980512,0.57,"Not Significant","truncating"
"3824G>A","12006G>A",129,116.183348924228,0.0454458196674284,0.06,"Not Significant","truncating"
"3824G>A","8852G>A",146,131.158091674462,0.0465577666440444,0.043,"Significant","truncating"
"3824G>A","12931C>T",151,131.674462114125,0.0594753943387511,0.003,"Significant","truncating"
"3824G>A","14283C>T",271,255.086997193639,0.0262809694303279,0.054,"Not Significant","truncating"
"3824G>A","9687C>T",90,102.757717492984,-0.0575719394907428,0.054,"Not Significant","truncating"
"3824G>A","15882G>A",93,91.9139382600561,0.00510157372461463,0.866,"Not Significant","truncating"
"3824G>A","6030C>T",121,122.379794200187,-0.00492434821407067,0.879,"Not Significant","truncating"
"3824G>A","6690G>A",85,83.6520112254444,0.00694253865123262,0.868,"Not Significant","truncating"
"3824G>A","14360C>T",142,137.354536950421,0.0144453352315583,0.552,"Not Significant","truncating"
"3824G>A","9376G>A",99,100.175865294668,-0.00512790785309186,0.877,"Not Significant","truncating"
"3824G>A","4214G>A",121,116.183348924228,0.0176414796846518,0.484,"Not Significant","truncating"
"3824G>A","5035G>A",103,91.3975678203929,0.0519025858228912,0.055,"Not Significant","truncating"
"3824G>A","11594C>T",84,88.2993451824135,-0.0216781968506679,0.475,"Not Significant","truncating"
"3824G>A","13556G>A",92,100.175865294668,-0.0369752751050531,0.197,"Not Significant","truncating"
"3824G>A","9819G>A",114,100.175865294668,0.0561417488857731,0.037,"Significant","truncating"
"3824G>A","9984G>A",88,96.044901777362,-0.0379916445881273,0.189,"Not Significant","truncating"
"3824G>A","8572G>T",118,98.110383536015,0.0801670338328009,0,"Significant","truncating"
"3824G>A","6922G>A",133,119.281571562208,0.047278288554483,0.05,"Not Significant","truncating"
"3824G>A","3668G>A",113,87.266604303087,0.112230366349212,0,"Significant","truncating"
"3824G>A","15761G>A",101,103.274087932647,-0.00966999440175002,0.758,"Not Significant","truncating"
"3824G>A","4743C>T",101,91.9139382600561,0.0409399989532851,0.126,"Not Significant","truncating"
"14160G>T","3376G>T",126,133.186155285313,-0.0240885371064107,0.335,"Not Significant","truncating"
"14160G>T","13156C>T",211,179.081384471469,0.0712320120589144,0,"Significant","truncating"
"14160G>T","14622C>T",198,191.23012160898,0.0151088890461581,0.42,"Not Significant","truncating"
"14160G>T","9735C>T",111,99.4396632366698,0.0477633339364475,0.081,"Not Significant","truncating"
"14160G>T","8438C>T",227,197.529466791394,0.0603939657859191,0,"Significant","truncating"
"14160G>T","6129G>A",170,165.132834424696,0.0126154859611233,0.548,"Not Significant","truncating"
"14160G>T","10296C>T",172,162.433115060804,0.0248538738368224,0.242,"Not Significant","truncating"
"14160G>T","14150C>T",159,161.983161833489,-0.00807274761188453,0.754,"Not Significant","truncating"
"14160G>T","15230C>T",131,132.736202057998,-0.00571809148744814,0.829,"Not Significant","truncating"
"14160G>T","9537C>T",185,175.481758652947,0.0229397502114481,0.214,"Not Significant","truncating"
"14160G>T","6753G>A",198,188.980355472404,0.0202485286985664,0.257,"Not Significant","truncating"
"14160G>T","8564C>T",205,180.431244153414,0.0554421172704894,0.002,"Significant","truncating"
"14160G>T","15800C>T",183,159.733395696913,0.0590553655102471,0.004,"Significant","truncating"
"14160G>T","8782G>A",201,191.680074836296,0.0206190871527058,0.262,"Not Significant","truncating"
"14160G>T","4255C>T",145,139.935453695042,0.0154402420430727,0.49,"Not Significant","truncating"
"14160G>T","11669C>T",184,184.930776426567,-0.0021913700315853,0.96,"Not Significant","truncating"
"14160G>T","3445C>T",159,163.78297474275,-0.0128716304936503,0.55,"Not Significant","truncating"
"14160G>T","9216C>T",195,171.432179607109,0.0559422645218143,0.002,"Significant","truncating"
"14160G>T","3563G>A",182,166.032740879326,0.0398776506609377,0.049,"Significant","truncating"
"14160G>T","10375G>A",131,125.536950420954,0.0184997212170985,0.477,"Not Significant","truncating"
"14160G>T","9543G>A",99,123.287184284378,-0.0952827393878053,0,"Significant","truncating"
"14160G>T","13261C>T",191,168.732460243218,0.0538347283549249,0.002,"Significant","truncating"
"14160G>T","14532C>T",154,156.583723105706,-0.00722589427516697,0.743,"Not Significant","truncating"
"14160G>T","6381G>A",103,95.8400374181478,0.0312902501013493,0.303,"Not Significant","truncating"
"14160G>T","12629G>A",126,139.035547240412,-0.0427553054722932,0.076,"Not Significant","truncating"
"14160G>T","6264G>A",146,148.484565014032,-0.00732845525849915,0.767,"Not Significant","truncating"
"14160G>T","10971G>A",241,229.026192703461,0.0221318890730465,0.16,"Not Significant","truncating"
"14160G>T","12002C>T",106,119.687558465856,-0.0527431425313036,0.058,"Not Significant","truncating"
"14160G>T","11403G>A",105,105.289055191768,-0.00119392950525737,1,"Not Significant","truncating"
"14160G>T","8391G>A",125,119.687558465856,0.0188610052119203,0.493,"Not Significant","truncating"
"14160G>T","9253G>A",155,144.434985968195,0.0306592946003452,0.166,"Not Significant","truncating"
"14160G>T","14592C>T",137,126.436856875585,0.0348468760862466,0.131,"Not Significant","truncating"
"14160G>T","3842G>A",132,121.937324602432,0.0344372691663632,0.163,"Not Significant","truncating"
"14160G>T","7896G>A",142,132.286248830683,0.030773642805823,0.17,"Not Significant","truncating"
"14160G>T","7384G>A",96,87.7408793264733,0.0390692505119541,0.197,"Not Significant","truncating"
"14160G>T","15723G>A",154,141.285313376988,0.037423701598169,0.101,"Not Significant","truncating"
"14160G>T","4983C>T",137,123.737137511693,0.0442205021610564,0.064,"Not Significant","truncating"
"14160G>T","7122C>T",171,161.083255378859,0.0259457125832101,0.221,"Not Significant","truncating"
"14160G>T","4716C>T",106,111.138447146866,-0.0205584591599303,0.475,"Not Significant","truncating"
"14160G>T","12767G>A",159,152.084190832554,0.0193130528777306,0.394,"Not Significant","truncating"
"14160G>T","6573G>A",144,143.985032740879,4.51426102899489e-05,1,"Not Significant","truncating"
"14160G>T","4121G>A",122,109.338634237605,0.047586185911341,0.063,"Not Significant","truncating"
"14160G>T","7779G>A",140,128.686623012161,0.0365946313841139,0.128,"Not Significant","truncating"
"14160G>T","12923G>A",98,92.2404115996258,0.0263048434716591,0.396,"Not Significant","truncating"
"14160G>T","8980C>T",119,109.338634237605,0.0367733166291326,0.166,"Not Significant","truncating"
"14160G>T","8114G>A",128,118.33769878391,0.034086849993029,0.155,"Not Significant","truncating"
"14160G>T","15561G>A",115,106.188961646398,0.03461846621842,0.199,"Not Significant","truncating"
"14160G>T","14314A>C",74,78.2918615528531,-0.0244848997166451,0.518,"Not Significant","truncating"
"14160G>T","14429C>T",131,120.137511693171,0.0375926631261052,0.13,"Not Significant","truncating"
"14160G>T","12006G>A",113,101.239476145931,0.0477285542069588,0.076,"Not Significant","truncating"
"14160G>T","8852G>A",116,114.288119738073,0.00645690144192105,0.819,"Not Significant","truncating"
"14160G>T","12931C>T",124,114.738072965388,0.0337141335631979,0.176,"Not Significant","truncating"
"14160G>T","14283C>T",241,222.276894293732,0.0351227224861525,0.035,"Significant","truncating"
"14160G>T","9687C>T",78,89.5406922357343,-0.0599258448842083,0.077,"Not Significant","truncating"
"14160G>T","15882G>A",75,80.0916744621141,-0.0285261100822109,0.399,"Not Significant","truncating"
"14160G>T","6030C>T",109,106.638914873714,0.00951078076545719,0.786,"Not Significant","truncating"
"14160G>T","6690G>A",88,72.8924228250702,0.0818002864423816,0.011,"Significant","truncating"
"14160G>T","14360C>T",136,119.687558465856,0.0554899005740532,0.032,"Significant","truncating"
"14160G>T","9376G>A",94,87.2909260991581,0.0321587525043833,0.314,"Not Significant","truncating"
"14160G>T","4214G>A",112,101.239476145931,0.0438681333937241,0.107,"Not Significant","truncating"
"14160G>T","5035G>A",75,79.6417212347989,-0.0260793741351265,0.457,"Not Significant","truncating"
"14160G>T","11594C>T",84,76.9420018709074,0.0381158045046268,0.254,"Not Significant","truncating"
"14160G>T","13556G>A",102,87.2909260991581,0.067631070666566,0.012,"Significant","truncating"
"14160G>T","9819G>A",98,87.2909260991581,0.0502569745971607,0.089,"Not Significant","truncating"
"14160G>T","9984G>A",91,83.6913002806361,0.0363610769380818,0.249,"Not Significant","truncating"
"14160G>T","8572G>T",86,85.4911131898971,0.00257747912568203,0.937,"Not Significant","truncating"
"14160G>T","6922G>A",103,103.939195509822,-0.00394212635202208,0.93,"Not Significant","truncating"
"14160G>T","3668G>A",81,76.0420954162769,0.0274309430998876,0.449,"Not Significant","truncating"
"14160G>T","15761G>A",96,89.9906454630496,0.0280738662105032,0.326,"Not Significant","truncating"
"14160G>T","4743C>T",81,80.0916744621141,0.00489764540469591,0.927,"Not Significant","truncating"
"3376G>T","13156C>T",95,110.203928905519,-0.0644734726349375,0.033,"Significant","truncating"
"3376G>T","14622C>T",172,117.680074836296,0.16482551100696,0,"Significant","truncating"
"3376G>T","9735C>T",42,61.1936389148737,-0.163456989137046,0.001,"Significant","truncating"
"3376G>T","8438C>T",124,121.55659494855,0.0086431590699461,0.778,"Not Significant","truncating"
"3376G>T","6129G>A",151,101.620205799813,0.17199687719078,0,"Significant","truncating"
"3376G>T","10296C>T",79,99.9588400374181,-0.102194116465262,0.002,"Significant","truncating"
"3376G>T","14150C>T",176,99.6819457436857,0.246896161196513,0,"Significant","truncating"
"3376G>T","15230C>T",154,81.6838166510758,0.27538469900789,0,"Significant","truncating"
"3376G>T","9537C>T",127,107.988774555659,0.070425108079237,0.01,"Significant","truncating"
"3376G>T","6753G>A",152,116.295603367633,0.116280291696624,0,"Significant","truncating"
"3376G>T","8564C>T",98,111.034611786717,-0.0542323027777959,0.059,"Not Significant","truncating"
"3376G>T","15800C>T",97,98.2974742750234,-0.00577062463900383,0.888,"Not Significant","truncating"
"3376G>T","8782G>A",126,117.956969130028,0.02864694016466,0.28,"Not Significant","truncating"
"3376G>T","4255C>T",122,86.1141253507951,0.151285435797602,0,"Significant","truncating"
"3376G>T","11669C>T",167,113.803554724041,0.166560643421232,0,"Significant","truncating"
"3376G>T","3445C>T",120,100.789522918616,0.0757658565483393,0.009,"Significant","truncating"
"3376G>T","9216C>T",103,105.496725912067,-0.0104017568205976,0.762,"Not Significant","truncating"
"3376G>T","3563G>A",133,102.173994387278,0.114511268957766,0,"Significant","truncating"
"3376G>T","10375G>A",87,77.2535079513564,0.0516010434947975,0.135,"Not Significant","truncating"
"3376G>T","9543G>A",64,75.8690364826941,-0.0738845946865551,0.07,"Not Significant","truncating"
"3376G>T","13261C>T",91,103.835360149673,-0.0573038812567268,0.068,"Not Significant","truncating"
"3376G>T","14532C>T",87,96.3592142188962,-0.0443739971780744,0.178,"Not Significant","truncating"
"3376G>T","6381G>A",52,58.978484565014,-0.0546902656540002,0.276,"Not Significant","truncating"
"3376G>T","12629G>A",112,85.5603367633302,0.116945537395067,0,"Significant","truncating"
"3376G>T","6264G>A",136,91.3751169317119,0.172710962642013,0,"Significant","truncating"
"3376G>T","10971G>A",160,140.939195509822,0.0550881944689688,0.016,"Significant","truncating"
"3376G>T","12002C>T",119,73.6538821328344,0.208351318911079,0,"Significant","truncating"
"3376G>T","11403G>A",74,64.7932647333957,0.0577018564705894,0.144,"Not Significant","truncating"
"3376G>T","8391G>A",81,73.6538821328344,0.0412893763973688,0.254,"Not Significant","truncating"
"3376G>T","9253G>A",104,88.8830682881197,0.0682143010436768,0.018,"Significant","truncating"
"3376G>T","14592C>T",81,77.8072965388213,0.0174646931233873,0.626,"Not Significant","truncating"
"3376G>T","3842G>A",85,75.0383536014967,0.0541356289896586,0.136,"Not Significant","truncating"
"3376G>T","7896G>A",122,81.4069223573433,0.175698494412253,0,"Significant","truncating"
"3376G>T","7384G>A",62,53.9943872778297,0.0600430722854714,0.175,"Not Significant","truncating"
"3376G>T","15723G>A",92,86.9448082319925,0.0245441734221523,0.475,"Not Significant","truncating"
"3376G>T","4983C>T",74,76.1459307764266,-0.0124149799494304,0.745,"Not Significant","truncating"
"3376G>T","7122C>T",90,99.1281571562208,-0.0419545230546655,0.196,"Not Significant","truncating"
"3376G>T","4716C>T",89,68.3928905519177,0.11437904753494,0.002,"Significant","truncating"
"3376G>T","12767G>A",100,93.5902712815715,0.028769293872155,0.404,"Not Significant","truncating"
"3376G>T","6573G>A",100,88.6061739943873,0.0525360158298776,0.107,"Not Significant","truncating"
"3376G>T","4121G>A",59,67.2853133769878,-0.0570682678062379,0.203,"Not Significant","truncating"
"3376G>T","7779G>A",86,79.1917680074836,0.0358184122643208,0.294,"Not Significant","truncating"
"3376G>T","12923G>A",51,56.7633302151543,-0.046497690807892,0.359,"Not Significant","truncating"
"3376G>T","8980C>T",67,67.2853133769878,-0.00184547674764353,1,"Not Significant","truncating"
"3376G>T","8114G>A",80,72.823199251637,0.0408202326519717,0.273,"Not Significant","truncating"
"3376G>T","15561G>A",67,65.3470533208606,0.010848793880543,0.818,"Not Significant","truncating"
"3376G>T","14314A>C",29,48.1796071094481,-0.220465256233208,0.003,"Significant","truncating"
"3376G>T","14429C>T",85,73.9307764265669,0.0605936584994805,0.074,"Not Significant","truncating"
"3376G>T","12006G>A",66,62.3012160898035,0.0250474115803066,0.578,"Not Significant","truncating"
"3376G>T","8852G>A",110,70.3311506080449,0.194244962687904,0,"Significant","truncating"
"3376G>T","12931C>T",104,70.6080449017773,0.168179153014467,0,"Significant","truncating"
"3376G>T","14283C>T",147,136.785781103835,0.0312763799743466,0.174,"Not Significant","truncating"
"3376G>T","9687C>T",47,55.1019644527596,-0.0690692243240139,0.146,"Not Significant","truncating"
"3376G>T","15882G>A",60,49.2871842843779,0.0854172422244317,0.041,"Significant","truncating"
"3376G>T","6030C>T",65,65.6239476145931,-0.00414899521740249,0.923,"Not Significant","truncating"
"3376G>T","6690G>A",44,44.8568755846586,-0.00837634390658515,0.922,"Not Significant","truncating"
"3376G>T","14360C>T",92,73.6538821328344,0.0965921848642102,0.003,"Significant","truncating"
"3376G>T","9376G>A",58,53.7174929840973,0.033312257782491,0.472,"Not Significant","truncating"
"3376G>T","4214G>A",70,62.3012160898035,0.0506015160526572,0.218,"Not Significant","truncating"
"3376G>T","5035G>A",42,49.0102899906455,-0.0670379818139187,0.21,"Not Significant","truncating"
"3376G>T","11594C>T",32,47.3489242282507,-0.170160137921968,0.003,"Significant","truncating"
"3376G>T","13556G>A",61,53.7174929840973,0.055214099230284,0.233,"Not Significant","truncating"
"3376G>T","9819G>A",101,53.7174929840973,0.274205638001878,0,"Significant","truncating"
"3376G>T","9984G>A",67,51.5023386342376,0.114247852632554,0.003,"Significant","truncating"
"3376G>T","8572G>T",86,52.6099158091674,0.213430844440258,0,"Significant","truncating"
"3376G>T","6922G>A",72,63.9625818521983,0.0514065106888878,0.177,"Not Significant","truncating"
"3376G>T","3668G>A",79,46.7951356407858,0.227426380826229,0,"Significant","truncating"
"3376G>T","15761G>A",67,55.378858746492,0.0827308011865487,0.052,"Not Significant","truncating"
"3376G>T","4743C>T",57,49.2871842843779,0.0631408475133176,0.179,"Not Significant","truncating"
"13156C>T","14622C>T",177,158.23199251637,0.048678969446556,0.019,"Significant","truncating"
"13156C>T","9735C>T",95,82.2806361085126,0.0624259647387566,0.033,"Significant","truncating"
"13156C>T","8438C>T",230,163.444340505145,0.148357948910485,0,"Significant","truncating"
"13156C>T","6129G>A",84,136.637979420019,-0.211292145054918,0,"Significant","truncating"
"13156C>T","10296C>T",152,134.404115996258,0.0534310191741674,0.02,"Significant","truncating"
"13156C>T","14150C>T",142,134.031805425631,0.0250804767508412,0.301,"Not Significant","truncating"
"13156C>T","15230C>T",79,109.831618334892,-0.143100291552477,0,"Significant","truncating"
"13156C>T","9537C>T",116,145.201122544434,-0.0975119846644153,0,"Significant","truncating"
"13156C>T","6753G>A",184,156.370439663237,0.0706631657466844,0,"Significant","truncating"
"13156C>T","8564C>T",196,149.296538821328,0.118206331871315,0,"Significant","truncating"
"13156C>T","15800C>T",155,132.170252572498,0.0691979782502392,0.002,"Significant","truncating"
"13156C>T","8782G>A",185,158.604303086997,0.066856762435346,0.001,"Significant","truncating"
"13156C>T","4255C>T",103,115.78858746492,-0.0508285311865286,0.077,"Not Significant","truncating"
"13156C>T","11669C>T",163,153.019644527596,0.0274404156629614,0.232,"Not Significant","truncating"
"13156C>T","3445C>T",111,135.521047708138,-0.0866837717272375,0.001,"Significant","truncating"
"13156C>T","9216C>T",167,141.850327408793,0.070886128607008,0.001,"Significant","truncating"
"13156C>T","3563G>A",132,137.382600561272,-0.0173578018181075,0.503,"Not Significant","truncating"
"13156C>T","10375G>A",135,103.874649204864,0.113824198356402,0,"Significant","truncating"
"13156C>T","9543G>A",90,102.013096351731,-0.0544134202459161,0.08,"Not Significant","truncating"
"13156C>T","13261C>T",182,139.616463985033,0.115134753392374,0,"Significant","truncating"
"13156C>T","14532C>T",156,129.56407857811,0.080639987542914,0,"Significant","truncating"
"13156C>T","6381G>A",117,79.3021515434986,0.168900891442338,0,"Significant","truncating"
"13156C>T","12629G>A",115,115.043966323667,-0.000166005936132624,1,"Not Significant","truncating"
"13156C>T","6264G>A",109,122.862488306829,-0.0519928088021288,0.074,"Not Significant","truncating"
"13156C>T","10971G>A",209,189.506080449018,0.042523136909364,0.012,"Significant","truncating"
"13156C>T","12002C>T",78,99.0346117867166,-0.103692400805378,0.001,"Significant","truncating"
"13156C>T","11403G>A",98,87.1206735266604,0.0511048514173868,0.105,"Not Significant","truncating"
"13156C>T","8391G>A",111,99.0346117867166,0.0495359752906333,0.097,"Not Significant","truncating"
"13156C>T","9253G>A",135,119.511693171188,0.0529233692251824,0.037,"Significant","truncating"
"13156C>T","14592C>T",97,104.619270346118,-0.0328399525037123,0.294,"Not Significant","truncating"
"13156C>T","3842G>A",118,100.89616463985,0.0680073495667474,0.008,"Significant","truncating"
"13156C>T","7896G>A",102,109.459307764266,-0.0306525255151206,0.331,"Not Significant","truncating"
"13156C>T","7384G>A",87,72.600561272217,0.0785792743910916,0.027,"Significant","truncating"
"13156C>T","15723G>A",125,116.905519176801,0.0290749980699075,0.255,"Not Significant","truncating"
"13156C>T","4983C>T",143,102.385406922357,0.145097976769769,0,"Significant","truncating"
"13156C>T","7122C>T",138,133.287184284378,0.0150906928924412,0.555,"Not Significant","truncating"
"13156C>T","4716C>T",96,91.9607109448082,0.018668912914973,0.553,"Not Significant","truncating"
"13156C>T","12767G>A",152,125.840972871843,0.0820215208021485,0.001,"Significant","truncating"
"13156C>T","6573G>A",124,119.139382600561,0.017366339977405,0.557,"Not Significant","truncating"
"13156C>T","4121G>A",132,90.4714686623012,0.164062290742477,0,"Significant","truncating"
"13156C>T","7779G>A",150,106.480823199252,0.14881985906161,0,"Significant","truncating"
"13156C>T","12923G>A",72,76.3236669784846,-0.0253267314893615,0.514,"Not Significant","truncating"
"13156C>T","8980C>T",133,90.4714686623012,0.16734000050371,0,"Significant","truncating"
"13156C>T","8114G>A",116,97.9176800748363,0.0735968738721816,0.009,"Significant","truncating"
"13156C>T","15561G>A",111,87.8652946679139,0.101505608951538,0,"Significant","truncating"
"13156C>T","14314A>C",44,64.7820392890552,-0.168001938661006,0,"Significant","truncating"
"13156C>T","14429C>T",118,99.4069223573433,0.0744653790765715,0.007,"Significant","truncating"
"13156C>T","12006G>A",99,83.7698783910196,0.0725473096211978,0.019,"Significant","truncating"
"13156C>T","8852G>A",70,94.5668849391955,-0.13064104347043,0,"Significant","truncating"
"13156C>T","12931C>T",76,94.9391955098223,-0.0966319550179596,0.01,"Significant","truncating"
"13156C>T","14283C>T",203,183.921421889616,0.0428637221246339,0.011,"Significant","truncating"
"13156C>T","9687C>T",55,74.0898035547241,-0.129395753780169,0.005,"Significant","truncating"
"13156C>T","15882G>A",79,66.2712815715622,0.076301722116532,0.034,"Significant","truncating"
"13156C>T","6030C>T",99,88.2376052385407,0.0499814817224827,0.117,"Not Significant","truncating"
"13156C>T","6690G>A",75,60.3143124415341,0.0946408819840183,0.011,"Significant","truncating"
"13156C>T","14360C>T",91,99.0346117867166,-0.0367456111748445,0.226,"Not Significant","truncating"
"13156C>T","9376G>A",91,72.2282507015903,0.100334295525834,0.002,"Significant","truncating"
"13156C>T","4214G>A",105,83.7698783910196,0.098101414093561,0.001,"Significant","truncating"
"13156C>T","5035G>A",66,65.8989710009354,0.000665302315151246,1,"Not Significant","truncating"
"13156C>T","11594C>T",59,63.6651075771749,-0.0330494656148655,0.437,"Not Significant","truncating"
"13156C>T","13556G>A",91,72.2282507015903,0.100334295525834,0.003,"Significant","truncating"
"13156C>T","9819G>A",47,72.2282507015903,-0.186609238859096,0,"Significant","truncating"
"13156C>T","9984G>A",80,69.2497661365762,0.0626716759090332,0.078,"Not Significant","truncating"
"13156C>T","8572G>T",53,70.7390084190832,-0.125383098216744,0.002,"Significant","truncating"
"13156C>T","6922G>A",106,86.0037418147802,0.0907885185076208,0.004,"Significant","truncating"
"13156C>T","3668G>A",56,62.9204864359214,-0.0506040444722977,0.262,"Not Significant","truncating"
"13156C>T","15761G>A",76,74.4621141253508,0.00887822975188853,0.819,"Not Significant","truncating"
"13156C>T","4743C>T",54,66.2712815715622,-0.0889316093506864,0.035,"Significant","truncating"
"14622C>T","9735C>T",80,87.8624883068288,-0.040713511534652,0.244,"Not Significant","truncating"
"14622C>T","8438C>T",206,174.532273152479,0.0719914752854605,0,"Significant","truncating"
"14622C>T","6129G>A",181,145.907390084191,0.093601285775504,0,"Significant","truncating"
"14622C>T","10296C>T",150,143.521983161833,0.0191728323084768,0.434,"Not Significant","truncating"
"14622C>T","14150C>T",191,143.124415341441,0.125319641638831,0,"Significant","truncating"
"14622C>T","15230C>T",171,117.282507015903,0.163762869572341,0,"Significant","truncating"
"14622C>T","9537C>T",169,155.051449953227,0.0374108727456177,0.088,"Not Significant","truncating"
"14622C>T","6753G>A",179,166.978484565014,0.0301925157404417,0.117,"Not Significant","truncating"
"14622C>T","8564C>T",161,159.424695977549,0.00427027857013126,0.855,"Not Significant","truncating"
"14622C>T","15800C>T",140,141.136576239476,-0.00351154221838714,0.911,"Not Significant","truncating"
"14622C>T","8782G>A",175,169.363891487371,0.0142172247420337,0.487,"Not Significant","truncating"
"14622C>T","4255C>T",136,123.643592142189,0.0413672945018145,0.09,"Not Significant","truncating"
"14622C>T","11669C>T",190,163.400374181478,0.065500554235189,0.001,"Significant","truncating"
"14622C>T","3445C>T",150,144.714686623012,0.0155786505650811,0.53,"Not Significant","truncating"
"14622C>T","9216C>T",147,151.473339569691,-0.013018865768968,0.588,"Not Significant","truncating"
"14622C>T","3563G>A",168,146.702525724977,0.0588716907252314,0.006,"Significant","truncating"
"14622C>T","10375G>A",124,110.921421889616,0.0484062570470627,0.063,"Not Significant","truncating"
"14622C>T","9543G>A",85,108.933582787652,-0.107742861947516,0,"Significant","truncating"
"14622C>T","13261C>T",146,149.087932647334,-0.00908963678480911,0.695,"Not Significant","truncating"
"14622C>T","14532C>T",164,138.353601496726,0.0738533792595343,0,"Significant","truncating"
"14622C>T","6381G>A",88,84.6819457436857,0.016691843869878,0.625,"Not Significant","truncating"
"14622C>T","12629G>A",128,122.848456501403,0.0178402653814859,0.491,"Not Significant","truncating"
"14622C>T","6264G>A",165,131.197380729654,0.0995587794944174,0,"Significant","truncating"
"14622C>T","10971G>A",218,202.362020579981,0.0323274864262971,0.049,"Significant","truncating"
"14622C>T","12002C>T",133,105.753040224509,0.0995587794944011,0,"Significant","truncating"
"14622C>T","11403G>A",100,93.0308699719364,0.0313729177482911,0.319,"Not Significant","truncating"
"14622C>T","8391G>A",114,105.753040224509,0.0326119898638423,0.229,"Not Significant","truncating"
"14622C>T","9253G>A",142,127.619270346118,0.0463720871366163,0.046,"Significant","truncating"
"14622C>T","14592C>T",102,111.716557530402,-0.0395173729846588,0.179,"Not Significant","truncating"
"14622C>T","3842G>A",126,107.740879326473,0.0679900294015652,0.006,"Significant","truncating"
"14622C>T","7896G>A",156,116.88493919551,0.125366043100678,0,"Significant","truncating"
"14622C>T","7384G>A",85,77.5257249766137,0.039973089510192,0.249,"Not Significant","truncating"
"14622C>T","15723G>A",147,124.836295603368,0.0709764618333751,0.003,"Significant","truncating"
"14622C>T","4983C>T",103,109.331150608045,-0.0259066939665995,0.39,"Not Significant","truncating"
"14622C>T","7122C>T",150,142.329279700655,0.0227970075702578,0.334,"Not Significant","truncating"
"14622C>T","4716C>T",101,98.199251637044,0.012213195681431,0.736,"Not Significant","truncating"
"14622C>T","12767G>A",144,134.377923292797,0.0300345669760398,0.211,"Not Significant","truncating"
"14622C>T","6573G>A",135,127.221702525725,0.0257725653335469,0.32,"Not Significant","truncating"
"14622C>T","4121G>A",89,96.6089803554724,-0.0356274917948945,0.261,"Not Significant","truncating"
"14622C>T","7779G>A",111,113.704396632367,-0.0104542791839098,0.731,"Not Significant","truncating"
"14622C>T","12923G>A",68,81.5014031805426,-0.0786561731909457,0.037,"Significant","truncating"
"14622C>T","8980C>T",103,96.6089803554724,0.0278197262652986,0.369,"Not Significant","truncating"
"14622C>T","8114G>A",114,104.56033676333,0.0375378780051468,0.177,"Not Significant","truncating"
"14622C>T","15561G>A",99,93.8260056127222,0.0233119667858856,0.447,"Not Significant","truncating"
"14622C>T","14314A>C",50,69.176800748363,-0.140990468787874,0.002,"Significant","truncating"
"14622C>T","14429C>T",102,106.150608044902,-0.0173223144441745,0.538,"Not Significant","truncating"
"14622C>T","12006G>A",96,89.4527595884004,0.0306774900866393,0.356,"Not Significant","truncating"
"14622C>T","8852G>A",131,100.982226379794,0.113026354194194,0,"Significant","truncating"
"14622C>T","12931C>T",127,101.379794200187,0.0978523156803818,0,"Significant","truncating"
"14622C>T","14283C>T",206,196.398503274088,0.0207290466039626,0.235,"Not Significant","truncating"
"14622C>T","9687C>T",53,79.1159962581852,-0.173988431650181,0,"Significant","truncating"
"14622C>T","15882G>A",76,70.7670720299345,0.0309823651303216,0.405,"Not Significant","truncating"
"14622C>T","6030C>T",120,94.2235734331151,0.105021675195888,0,"Significant","truncating"
"14622C>T","6690G>A",95,64.4059869036483,0.168797365904466,0,"Significant","truncating"
"14622C>T","14360C>T",119,105.753040224509,0.0512540999198845,0.063,"Not Significant","truncating"
"14622C>T","9376G>A",78,77.1281571562208,0.00488164791871454,0.941,"Not Significant","truncating"
"14622C>T","4214G>A",100,89.4527595884004,0.0484062570470527,0.118,"Not Significant","truncating"
"14622C>T","5035G>A",78,70.3695042095416,0.0447101114870798,0.231,"Not Significant","truncating"
"14622C>T","11594C>T",57,67.9840972871843,-0.0765324795610727,0.059,"Not Significant","truncating"
"14622C>T","13556G>A",97,77.1281571562208,0.0995587794943699,0.003,"Significant","truncating"
"14622C>T","9819G>A",99,77.1281571562208,0.108422239825666,0.001,"Significant","truncating"
"14622C>T","9984G>A",78,73.9476145930776,0.0231704336310001,0.513,"Not Significant","truncating"
"14622C>T","8572G>T",108,75.5378858746492,0.155258929692414,0,"Significant","truncating"
"14622C>T","6922G>A",91,91.8381665107577,-0.00398181241257986,0.949,"Not Significant","truncating"
"14622C>T","3668G>A",96,67.1889616463985,0.154973303584167,0,"Significant","truncating"
"14622C>T","15761G>A",81,79.5135640785781,0.00804379837312497,0.865,"Not Significant","truncating"
"14622C>T","4743C>T",82,70.7670720299345,0.0639826252332051,0.073,"Not Significant","truncating"
"9735C>T","8438C>T",115,90.756782039289,0.102818751635057,0,"Significant","truncating"
"9735C>T","6129G>A",65,75.8718428437792,-0.0671672760854707,0.105,"Not Significant","truncating"
"9735C>T","10296C>T",79,74.6314312441534,0.0247053209084186,0.506,"Not Significant","truncating"
"9735C>T","14150C>T",57,74.4246959775491,-0.11584221357095,0.009,"Significant","truncating"
"9735C>T","15230C>T",36,60.9869036482694,-0.228934083686714,0,"Significant","truncating"
"9735C>T","9537C>T",77,80.6267539756782,-0.0199884503303246,0.601,"Not Significant","truncating"
"9735C>T","6753G>A",74,86.8288119738073,-0.0694321391431702,0.057,"Not Significant","truncating"
"9735C>T","8564C>T",83,82.9008419083255,0.000519151279558291,1,"Not Significant","truncating"
"9735C>T","15800C>T",66,73.3910196445276,-0.0460989859894918,0.261,"Not Significant","truncating"
"9735C>T","8782G>A",91,88.0692235734331,0.0142172247420262,0.702,"Not Significant","truncating"
"9735C>T","4255C>T",56,64.2946679139383,-0.0599869304968698,0.197,"Not Significant","truncating"
"9735C>T","11669C>T",72,84.9681945743686,-0.0719238939210414,0.054,"Not Significant","truncating"
"9735C>T","3445C>T",76,75.2516370439663,0.00429764015539694,0.937,"Not Significant","truncating"
"9735C>T","9216C>T",79,78.7661365762395,0.00128754713848792,1,"Not Significant","truncating"
"9735C>T","3563G>A",68,76.2853133769878,-0.0499320219290874,0.195,"Not Significant","truncating"
"9735C>T","10375G>A",54,57.6791393826006,-0.0286250119269104,0.568,"Not Significant","truncating"
"9735C>T","9543G>A",39,56.645463049579,-0.162100524269875,0.002,"Significant","truncating"
"9735C>T","13261C>T",93,77.5257249766137,0.0790371123497904,0.024,"Significant","truncating"
"9735C>T","14532C>T",76,71.9438727782975,0.0238197798578456,0.529,"Not Significant","truncating"
"9735C>T","6381G>A",45,44.0346117867166,0.0094183418602522,0.916,"Not Significant","truncating"
"9735C>T","12629G>A",72,63.8811973807296,0.0519594485300245,0.187,"Not Significant","truncating"
"9735C>T","6264G>A",66,68.22263797942,-0.0143845728123301,0.75,"Not Significant","truncating"
"9735C>T","10971G>A",118,105.22825070159,0.0497496564929893,0.047,"Significant","truncating"
"9735C>T","12002C>T",41,54.9915809167446,-0.127512348387395,0.019,"Significant","truncating"
"9735C>T","11403G>A",61,48.3760523854069,0.100699409124106,0.015,"Significant","truncating"
"9735C>T","8391G>A",51,54.9915809167446,-0.0327260290094015,0.519,"Not Significant","truncating"
"9735C>T","9253G>A",57,66.3620205799813,-0.0660447452086059,0.15,"Not Significant","truncating"
"9735C>T","14592C>T",78,58.0926099158092,0.127973714308877,0.001,"Significant","truncating"
"9735C>T","3842G>A",58,56.0252572497661,0.0150441342121725,0.789,"Not Significant","truncating"
"9735C>T","7896G>A",54,60.7801683816651,-0.0513681390654317,0.26,"Not Significant","truncating"
"9735C>T","7384G>A",52,40.3133769878391,0.110554163795706,0.026,"Significant","truncating"
"9735C>T","15723G>A",76,64.9148737137512,0.0684693757311462,0.073,"Not Significant","truncating"
"9735C>T","4983C>T",70,56.8521983161833,0.090350777707518,0.029,"Significant","truncating"
"9735C>T","7122C>T",87,74.0112254443405,0.0702216574983239,0.051,"Not Significant","truncating"
"9735C>T","4716C>T",41,51.0636108512629,-0.0953276650160542,0.069,"Not Significant","truncating"
"9735C>T","12767G>A",66,69.8765201122544,-0.0247873332120822,0.561,"Not Significant","truncating"
"9735C>T","6573G>A",67,66.155285313377,0.00551025590457955,0.934,"Not Significant","truncating"
"9735C>T","4121G>A",74,50.2366697848457,0.168210877656054,0,"Significant","truncating"
"9735C>T","7779G>A",68,59.1262862488307,0.0607283111007649,0.146,"Not Significant","truncating"
"9735C>T","12923G>A",35,42.3807296538821,-0.0831003851815952,0.172,"Not Significant","truncating"
"9735C>T","8980C>T",49,50.2366697848457,-0.0108247620461094,0.848,"Not Significant","truncating"
"9735C>T","8114G>A",44,54.3713751169317,-0.0919176404797148,0.081,"Not Significant","truncating"
"9735C>T","15561G>A",44,48.7895229186155,-0.0448738949601549,0.402,"Not Significant","truncating"
"9735C>T","14314A>C",25,35.9719363891487,-0.158023808086365,0.025,"Significant","truncating"
"9735C>T","14429C>T",59,55.1983161833489,0.0289261818011856,0.539,"Not Significant","truncating"
"9735C>T","12006G>A",43,46.5154349859682,-0.0341286310080323,0.518,"Not Significant","truncating"
"9735C>T","8852G>A",41,52.510757717493,-0.107464428376303,0.039,"Significant","truncating"
"9735C>T","12931C>T",43,52.7174929840973,-0.0884862933305151,0.092,"Not Significant","truncating"
"9735C>T","14283C>T",118,102.127221702526,0.0627404899060886,0.02,"Significant","truncating"
"9735C>T","9687C>T",45,41.1403180542563,0.0389448688892138,0.508,"Not Significant","truncating"
"9735C>T","15882G>A",41,36.798877455566,0.0469492859343879,0.39,"Not Significant","truncating"
"9735C>T","6030C>T",47,48.9962581852198,-0.0180650565506814,0.767,"Not Significant","truncating"
"9735C>T","6690G>A",30,33.4911131898971,-0.0478083282991503,0.515,"Not Significant","truncating"
"9735C>T","14360C>T",48,54.9915809167446,-0.0590549677316974,0.223,"Not Significant","truncating"
"9735C>T","9376G>A",41,40.1066417212348,0.00956755831315315,0.919,"Not Significant","truncating"
"9735C>T","4214G>A",45,46.5154349859682,-0.01438457281232,0.776,"Not Significant","truncating"
"9735C>T","5035G>A",40,36.5921421889616,0.0386721564897221,0.538,"Not Significant","truncating"
"9735C>T","11594C>T",69,35.3517305893358,0.29043841186817,0,"Significant","truncating"
"9735C>T","13556G>A",61,40.1066417212348,0.182113536603837,0,"Significant","truncating"
"9735C>T","9819G>A",38,40.1066417212348,-0.0234327017896886,0.702,"Not Significant","truncating"
"9735C>T","9984G>A",41,38.4527595884004,0.0278563440254164,0.63,"Not Significant","truncating"
"9735C>T","8572G>T",35,39.2797006548176,-0.0501001250787508,0.433,"Not Significant","truncating"
"9735C>T","6922G>A",52,47.755846585594,0.036976795266248,0.49,"Not Significant","truncating"
"9735C>T","3668G>A",27,34.9382600561272,-0.111937508930653,0.111,"Not Significant","truncating"
"9735C>T","15761G>A",54,41.3470533208606,0.115949195682409,0.018,"Significant","truncating"
"9735C>T","4743C>T",37,36.798877455566,0.00236715328176193,1,"Not Significant","truncating"
"8438C>T","6129G>A",126,150.713751169317,-0.0777823341678132,0.001,"Significant","truncating"
"8438C>T","10296C>T",160,148.249766136576,0.033125965716902,0.133,"Not Significant","truncating"
"8438C>T","14150C>T",158,147.839101964453,0.0288677711537731,0.211,"Not Significant","truncating"
"8438C>T","15230C>T",104,121.145930776427,-0.0662754917126669,0.017,"Significant","truncating"
"8438C>T","9537C>T",157,160.159027128157,-0.0086517696506034,0.694,"Not Significant","truncating"
"8438C>T","6753G>A",187,172.478952291862,0.0351055011052356,0.068,"Not Significant","truncating"
"8438C>T","8564C>T",199,164.676333021515,0.0822218887561355,0,"Significant","truncating"
"8438C>T","15800C>T",152,145.785781103835,0.0181284198563229,0.406,"Not Significant","truncating"
"8438C>T","8782G>A",185,174.942937324602,0.0242753142669381,0.204,"Not Significant","truncating"
"8438C>T","4255C>T",121,127.716557530402,-0.023461833743712,0.372,"Not Significant","truncating"
"8438C>T","11669C>T",166,168.78297474275,-0.00722054886935309,0.784,"Not Significant","truncating"
"8438C>T","3445C>T",146,149.481758652947,-0.0102353428979554,0.687,"Not Significant","truncating"
"8438C>T","9216C>T",169,156.463049579046,0.0334749139046903,0.097,"Not Significant","truncating"
"8438C>T","3563G>A",148,151.535079513564,-0.0102514657974394,0.668,"Not Significant","truncating"
"8438C>T","10375G>A",134,114.575304022451,0.0680137800578117,0.008,"Significant","truncating"
"8438C>T","9543G>A",92,112.521983161833,-0.0874495505080899,0,"Significant","truncating"
"8438C>T","13261C>T",202,153.999064546305,0.117833286685495,0,"Significant","truncating"
"8438C>T","14532C>T",153,142.911131898971,0.0296253718376545,0.179,"Not Significant","truncating"
"8438C>T","6381G>A",98,87.4714686623012,0.0493596572203605,0.081,"Not Significant","truncating"
"8438C>T","12629G>A",139,126.895229186155,0.0395695057958872,0.09,"Not Significant","truncating"
"8438C>T","6264G>A",134,135.519176800748,-0.00489595654641957,0.848,"Not Significant","truncating"
"8438C>T","10971G>A",238,209.028063610851,0.0563723596863846,0,"Significant","truncating"
"8438C>T","12002C>T",94,109.236669784846,-0.0652405980646472,0.028,"Significant","truncating"
"8438C>T","11403G>A",126,96.0954162768943,0.11766787267397,0,"Significant","truncating"
"8438C>T","8391G>A",126,109.236669784846,0.0620020934530997,0.018,"Significant","truncating"
"8438C>T","9253G>A",139,131.823199251637,0.0230229528158626,0.346,"Not Significant","truncating"
"8438C>T","14592C>T",113,115.396632366698,-0.00911469145499552,0.782,"Not Significant","truncating"
"8438C>T","3842G>A",114,111.289990645463,0.0104487454287143,0.722,"Not Significant","truncating"
"8438C>T","7896G>A",129,120.735266604303,0.0287555648537252,0.269,"Not Significant","truncating"
"8438C>T","7384G>A",98,80.0795135640786,0.0877046492965343,0.005,"Significant","truncating"
"8438C>T","15723G>A",131,128.948550046773,0.00685483254920068,0.773,"Not Significant","truncating"
"8438C>T","4983C>T",148,112.932647333957,0.11744220653126,0,"Significant","truncating"
"8438C>T","7122C>T",155,147.017773620206,0.0229618564930586,0.331,"Not Significant","truncating"
"8438C>T","4716C>T",99,101.4340505145,-0.0105485736954486,0.749,"Not Significant","truncating"
"8438C>T","12767G>A",143,138.804490177736,0.0129325221540546,0.575,"Not Significant","truncating"
"8438C>T","6573G>A",131,131.412535079514,-0.00136549769748399,1,"Not Significant","truncating"
"8438C>T","4121G>A",140,99.7913938260056,0.147034947046457,0,"Significant","truncating"
"8438C>T","7779G>A",149,117.449953227315,0.103333420249809,0,"Significant","truncating"
"8438C>T","12923G>A",74,84.1861552853134,-0.0560089563580504,0.102,"Not Significant","truncating"
"8438C>T","8980C>T",117,99.7913938260056,0.069092773114442,0.01,"Significant","truncating"
"8438C>T","8114G>A",132,108.004677268475,0.0871313676826755,0.002,"Significant","truncating"
"8438C>T","15561G>A",110,96.9167446211412,0.0549938671547218,0.054,"Not Significant","truncating"
"8438C>T","14314A>C",42,71.4555659494855,-0.230786772917616,0,"Significant","truncating"
"8438C>T","14429C>T",117,109.647333956969,0.0281877853482182,0.296,"Not Significant","truncating"
"8438C>T","12006G>A",95,92.399438727783,0.0120542721441291,0.696,"Not Significant","truncating"
"8438C>T","8852G>A",97,104.308699719364,-0.0315487973870052,0.308,"Not Significant","truncating"
"8438C>T","12931C>T",96,104.719363891487,-0.0377557624276924,0.188,"Not Significant","truncating"
"8438C>T","14283C>T",225,202.868101028999,0.0449687541543512,0.002,"Significant","truncating"
"8438C>T","9687C>T",72,81.7221702525725,-0.0550073950117098,0.123,"Not Significant","truncating"
"8438C>T","15882G>A",88,73.0982226379794,0.0805758548078306,0.01,"Significant","truncating"
"8438C>T","6030C>T",105,97.3274087932647,0.0329541380264583,0.294,"Not Significant","truncating"
"8438C>T","6690G>A",82,66.5275958840037,0.0908120228076192,0.011,"Significant","truncating"
"8438C>T","14360C>T",108,109.236669784846,-0.00494469617745607,0.882,"Not Significant","truncating"
"8438C>T","9376G>A",100,79.6688493919551,0.0987114550363198,0.002,"Significant","truncating"
"8438C>T","4214G>A",102,92.399438727783,0.0429308386171675,0.168,"Not Significant","truncating"
"8438C>T","5035G>A",78,72.6875584658559,0.0306345212952897,0.43,"Not Significant","truncating"
"8438C>T","11594C>T",84,70.223573433115,0.0777963606362831,0.018,"Significant","truncating"
"8438C>T","13556G>A",92,79.6688493919551,0.0624992823819128,0.058,"Not Significant","truncating"
"8438C>T","9819G>A",68,79.6688493919551,-0.0687796322572395,0.073,"Not Significant","truncating"
"8438C>T","9984G>A",85,76.3835360149673,0.0464191664629754,0.168,"Not Significant","truncating"
"8438C>T","8572G>T",82,78.0261927034612,0.0215734363975174,0.58,"Not Significant","truncating"
"8438C>T","6922G>A",110,94.8634237605239,0.0642938902326744,0.015,"Significant","truncating"
"8438C>T","3668G>A",70,69.4022450888681,0.00372452036723456,0.934,"Not Significant","truncating"
"8438C>T","15761G>A",84,82.132834424696,0.00976247536454541,0.803,"Not Significant","truncating"
"8438C>T","4743C>T",66,73.0982226379794,-0.0443628818003048,0.208,"Not Significant","truncating"
"6129G>A","10296C>T",118,123.935453695042,-0.0213135536428262,0.501,"Not Significant","truncating"
"6129G>A","14150C>T",157,123.592142188962,0.10390879259856,0,"Significant","truncating"
"6129G>A","15230C>T",165,101.276894293732,0.211973569192266,0,"Significant","truncating"
"6129G>A","9537C>T",184,133.891487371375,0.138064856939638,0,"Significant","truncating"
"6129G>A","6753G>A",140,144.190832553789,-0.0128096137629648,0.593,"Not Significant","truncating"
"6129G>A","8564C>T",127,137.66791393826,-0.0350290107075103,0.145,"Not Significant","truncating"
"6129G>A","15800C>T",101,121.875584658559,-0.0815953383156892,0.01,"Significant","truncating"
"6129G>A","8782G>A",151,146.250701590271,0.0138789891471299,0.565,"Not Significant","truncating"
"6129G>A","4255C>T",150,106.76987839102,0.147642510985415,0,"Significant","truncating"
"6129G>A","11669C>T",166,141.101028999065,0.0705779071206284,0.002,"Significant","truncating"
"6129G>A","3445C>T",160,124.965388213283,0.107330239963481,0,"Significant","truncating"
"6129G>A","9216C>T",107,130.801683816651,-0.087229557033647,0.001,"Significant","truncating"
"6129G>A","3563G>A",148,126.681945743686,0.0675469901925363,0.001,"Significant","truncating"
"6129G>A","10375G>A",89,95.7839101964453,-0.0319025556719615,0.336,"Not Significant","truncating"
"6129G>A","9543G>A",75,94.067352666043,-0.0983776584718819,0.003,"Significant","truncating"
"6129G>A","13261C>T",97,128.741814780168,-0.122947892504675,0,"Significant","truncating"
"6129G>A","14532C>T",116,119.472404115996,-0.0128096137629629,0.683,"Not Significant","truncating"
"6129G>A","6381G>A",46,73.1253507951356,-0.201310130800125,0,"Significant","truncating"
"6129G>A","12629G>A",128,106.083255378859,0.0815631311796522,0.001,"Significant","truncating"
"6129G>A","6264G>A",157,113.292797006548,0.141697353487928,0,"Significant","truncating"
"6129G>A","10971G>A",186,174.745556594949,0.0271068028378312,0.162,"Not Significant","truncating"
"6129G>A","12002C>T",124,91.3208606173994,0.132851689487731,0,"Significant","truncating"
"6129G>A","11403G>A",75,80.3348924228251,-0.0298429530617156,0.451,"Not Significant","truncating"
"6129G>A","8391G>A",87,91.3208606173994,-0.0210507430557362,0.558,"Not Significant","truncating"
"6129G>A","9253G>A",110,110.202993451824,-0.000800706289957663,1,"Not Significant","truncating"
"6129G>A","14592C>T",100,96.4705332086062,0.015605321051593,0.597,"Not Significant","truncating"
"6129G>A","3842G>A",93,93.0374181478017,-0.000174701363781712,1,"Not Significant","truncating"
"6129G>A","7896G>A",141,100.933582787652,0.145183423199789,0,"Significant","truncating"
"6129G>A","7384G>A",64,66.9457436856876,-0.0195429964219123,0.661,"Not Significant","truncating"
"6129G>A","15723G>A",129,107.799812909261,0.0779717031826565,0.004,"Significant","truncating"
"6129G>A","4983C>T",72,94.4106641721235,-0.117688556442162,0.003,"Significant","truncating"
"6129G>A","7122C>T",127,122.905519176801,0.0142323352687598,0.602,"Not Significant","truncating"
"6129G>A","4716C>T",89,84.7979420018709,0.0210046943419116,0.515,"Not Significant","truncating"
"6129G>A","12767G>A",111,116.039289055192,-0.0192820805342916,0.512,"Not Significant","truncating"
"6129G>A","6573G>A",112,109.859681945744,0.00837968530695676,0.77,"Not Significant","truncating"
"6129G>A","4121G>A",63,83.4246959775491,-0.121954083187873,0.002,"Significant","truncating"
"6129G>A","7779G>A",82,98.1870907390084,-0.0782405397885503,0.02,"Significant","truncating"
"6129G>A","12923G>A",60,70.3788587464921,-0.0692909697153153,0.123,"Not Significant","truncating"
"6129G>A","8980C>T",68,83.4246959775491,-0.0887857199352691,0.019,"Significant","truncating"
"6129G>A","8114G>A",96,90.2909260991581,0.0266271255064706,0.426,"Not Significant","truncating"
"6129G>A","15561G>A",71,81.021515434986,-0.057342013294267,0.118,"Not Significant","truncating"
"6129G>A","14314A>C",52,59.7362020579981,-0.0602342636910037,0.182,"Not Significant","truncating"
"6129G>A","14429C>T",109,91.6641721234799,0.0752268775326617,0.009,"Significant","truncating"
"6129G>A","12006G>A",96,77.245088868101,0.0944003558847847,0,"Significant","truncating"
"6129G>A","8852G>A",118,87.201122544434,0.131359931642746,0,"Significant","truncating"
"6129G>A","12931C>T",120,87.5444340505145,0.136952706570224,0,"Significant","truncating"
"6129G>A","14283C>T",175,169.595884003742,0.0136227407193283,0.525,"Not Significant","truncating"
"6129G>A","9687C>T",60,68.3189897100094,-0.0563901850692862,0.183,"Not Significant","truncating"
"6129G>A","15882G>A",56,61.1094480823199,-0.03792033434594,0.404,"Not Significant","truncating"
"6129G>A","6030C>T",70,81.3648269410664,-0.0653386650390718,0.1,"Not Significant","truncating"
"6129G>A","6690G>A",53,55.6164639850327,-0.0209275039851146,0.643,"Not Significant","truncating"
"6129G>A","14360C>T",105,91.3208606173994,0.0606193033954978,0.047,"Significant","truncating"
"6129G>A","9376G>A",61,66.6024321796071,-0.0381602539627105,0.377,"Not Significant","truncating"
"6129G>A","4214G>A",84,77.245088868101,0.0364084089071626,0.298,"Not Significant","truncating"
"6129G>A","5035G>A",67,60.7661365762395,0.042413177295642,0.309,"Not Significant","truncating"
"6129G>A","11594C>T",57,58.7062675397568,-0.0128096137629516,0.769,"Not Significant","truncating"
"6129G>A","13556G>A",62,66.6024321796071,-0.0310983994752351,0.459,"Not Significant","truncating"
"6129G>A","9819G>A",93,66.6024321796071,0.144992859580213,0,"Significant","truncating"
"6129G>A","9984G>A",54,63.8559401309635,-0.072807543438135,0.104,"Not Significant","truncating"
"6129G>A","8572G>T",96,65.2291861552853,0.167829273043215,0,"Significant","truncating"
"6129G>A","6922G>A",76,79.3049579045837,-0.0184867466546405,0.651,"Not Significant","truncating"
"6129G>A","3668G>A",98,58.0196445275959,0.227651012035205,0,"Significant","truncating"
"6129G>A","15761G>A",79,68.6623012160898,0.0609087365830662,0.09,"Not Significant","truncating"
"6129G>A","4743C>T",75,61.1094480823199,0.0889529020393631,0.015,"Significant","truncating"
"10296C>T","14150C>T",125,121.571562207671,0.0120780155438795,0.671,"Not Significant","truncating"
"10296C>T","15230C>T",80,99.621141253508,-0.0952615256829924,0.006,"Significant","truncating"
"10296C>T","9537C>T",129,131.702525724977,-0.00900439342412316,0.734,"Not Significant","truncating"
"10296C>T","6753G>A",155,141.833489242282,0.0385529110754851,0.096,"Not Significant","truncating"
"10296C>T","8564C>T",147,135.417212347989,0.0356434654310886,0.107,"Not Significant","truncating"
"10296C>T","15800C>T",142,119.88306828812,0.073530494631026,0.003,"Significant","truncating"
"10296C>T","8782G>A",154,143.859681945744,0.0295816250368444,0.176,"Not Significant","truncating"
"10296C>T","4255C>T",97,105.024321796071,-0.0345181514574383,0.249,"Not Significant","truncating"
"10296C>T","11669C>T",134,138.794200187091,-0.0152665202081302,0.528,"Not Significant","truncating"
"10296C>T","3445C>T",118,122.922357343312,-0.0177488730397958,0.525,"Not Significant","truncating"
"10296C>T","9216C>T",154,128.663236669785,0.0780662484639084,0,"Significant","truncating"
"10296C>T","3563G>A",120,124.610851262862,-0.016374616808302,0.546,"Not Significant","truncating"
"10296C>T","10375G>A",99,94.2179607109448,0.0215014946270502,0.488,"Not Significant","truncating"
"10296C>T","9543G>A",126,92.5294667913938,0.13409048560017,0,"Significant","truncating"
"10296C>T","13261C>T",139,126.637043966324,0.0404540358294658,0.109,"Not Significant","truncating"
"10296C>T","14532C>T",133,117.519176800748,0.053742900323582,0.042,"Significant","truncating"
"10296C>T","6381G>A",63,71.9298409728718,-0.0575685506819502,0.177,"Not Significant","truncating"
"10296C>T","12629G>A",93,104.348924228251,-0.0500050275677286,0.117,"Not Significant","truncating"
"10296C>T","6264G>A",100,111.440598690365,-0.0470434365747228,0.138,"Not Significant","truncating"
"10296C>T","10971G>A",179,171.88868101029,0.0176057519462445,0.37,"Not Significant","truncating"
"10296C>T","12002C>T",89,89.8278765201123,-0.00402112668302962,0.947,"Not Significant","truncating"
"10296C>T","11403G>A",79,79.021515434986,-0.000118262816581085,1,"Not Significant","truncating"
"10296C>T","8391G>A",97,89.8278765201123,0.0333606009382622,0.312,"Not Significant","truncating"
"10296C>T","9253G>A",115,108.401309635173,0.0256633112518367,0.36,"Not Significant","truncating"
"10296C>T","14592C>T",107,94.8933582787652,0.0521479610831981,0.069,"Not Significant","truncating"
"10296C>T","3842G>A",90,91.5163704396632,-0.00725627813195275,0.825,"Not Significant","truncating"
"10296C>T","7896G>A",106,99.2834424695977,0.0284290381557054,0.366,"Not Significant","truncating"
"10296C>T","7384G>A",82,65.8512628624883,0.0952497443241889,0.011,"Significant","truncating"
"10296C>T","15723G>A",135,106.037418147802,0.104874623724823,0,"Significant","truncating"
"10296C>T","4983C>T",97,92.867165575304,0.0189095437390824,0.551,"Not Significant","truncating"
"10296C>T","7122C>T",151,120.89616463985,0.0965644239523435,0,"Significant","truncating"
"10296C>T","4716C>T",81,83.4115996258185,-0.0127414310778803,0.751,"Not Significant","truncating"
"10296C>T","12767G>A",113,114.142188961646,-0.004367753491111,0.892,"Not Significant","truncating"
"10296C>T","6573G>A",102,108.063610851263,-0.0250793032548444,0.397,"Not Significant","truncating"
"10296C>T","4121G>A",99,82.0608044901777,0.0814994243022673,0.015,"Significant","truncating"
"10296C>T","7779G>A",115,96.5818521983162,0.0758023105276168,0.004,"Significant","truncating"
"10296C>T","12923G>A",95,69.2282507015903,0.137440247536043,0,"Significant","truncating"
"10296C>T","8980C>T",99,82.0608044901777,0.0814994243022673,0.006,"Significant","truncating"
"10296C>T","8114G>A",110,88.8147801683817,0.0929074399714931,0.001,"Significant","truncating"
"10296C>T","15561G>A",105,79.6969130028064,0.11974779940282,0,"Significant","truncating"
"10296C>T","14314A>C",83,58.7595884003742,0.149999347396378,0,"Significant","truncating"
"10296C>T","14429C>T",86,90.1655753040224,-0.020542306817864,0.557,"Not Significant","truncating"
"10296C>T","12006G>A",89,75.9822263797942,0.0686779918365868,0.043,"Significant","truncating"
"10296C>T","8852G>A",72,85.7754911131899,-0.0760307168854526,0.044,"Significant","truncating"
"10296C>T","12931C>T",77,86.1131898971001,-0.0485789519582934,0.175,"Not Significant","truncating"
"10296C>T","14283C>T",177,166.823199251637,0.0257168207412649,0.181,"Not Significant","truncating"
"10296C>T","9687C>T",88,67.2020579981291,0.117100099043429,0.001,"Significant","truncating"
"10296C>T","15882G>A",80,60.110383536015,0.12414048798599,0.002,"Significant","truncating"
"10296C>T","6030C>T",85,80.0346117867166,0.0261410830072772,0.463,"Not Significant","truncating"
"10296C>T","6690G>A",61,54.7072029934518,0.0472853237711744,0.274,"Not Significant","truncating"
"10296C>T","14360C>T",85,89.8278765201123,-0.0239922076136267,0.521,"Not Significant","truncating"
"10296C>T","9376G>A",65,65.5135640785781,-0.00341786998424507,0.928,"Not Significant","truncating"
"10296C>T","4214G>A",83,75.9822263797942,0.0383660775677832,0.272,"Not Significant","truncating"
"10296C>T","5035G>A",70,59.7726847521048,0.0685952769554642,0.078,"Not Significant","truncating"
"10296C>T","11594C>T",66,57.7464920486436,0.0580183284527409,0.167,"Not Significant","truncating"
"10296C>T","13556G>A",74,65.5135640785781,0.0529004931037943,0.172,"Not Significant","truncating"
"10296C>T","9819G>A",69,65.5135640785781,0.0225178641101159,0.622,"Not Significant","truncating"
"10296C>T","9984G>A",71,62.8119738072965,0.0532159078041994,0.155,"Not Significant","truncating"
"10296C>T","8572G>T",56,64.1627689429373,-0.0590950706434097,0.169,"Not Significant","truncating"
"10296C>T","6922G>A",86,78.0084190832554,0.0423569746544918,0.221,"Not Significant","truncating"
"10296C>T","3668G>A",66,57.0710944808232,0.0631277342312124,0.131,"Not Significant","truncating"
"10296C>T","15761G>A",66,67.5397567820393,-0.0100155568189774,0.825,"Not Significant","truncating"
"10296C>T","4743C>T",76,60.110383536015,0.101864093274866,0.008,"Significant","truncating"
"14150C>T","15230C>T",170,99.3451824134705,0.23330210984142,0,"Significant","truncating"
"14150C>T","9537C>T",130,131.33769878391,-0.00444605027816832,0.9,"Not Significant","truncating"
"14150C>T","6753G>A",156,141.440598690365,0.0425505123980233,0.051,"Not Significant","truncating"
"14150C>T","8564C>T",145,135.042095416277,0.0308988340562612,0.214,"Not Significant","truncating"
"14150C>T","15800C>T",113,119.55098222638,-0.0244747051301625,0.352,"Not Significant","truncating"
"14150C>T","8782G>A",154,143.461178671656,0.0307863261752142,0.167,"Not Significant","truncating"
"14150C>T","4255C>T",125,104.733395696913,0.0768248284226424,0.003,"Significant","truncating"
"14150C>T","11669C>T",192,138.409728718428,0.142134611268884,0,"Significant","truncating"
"14150C>T","3445C>T",149,122.581852198316,0.0847600892046459,0,"Significant","truncating"
"14150C>T","9216C>T",97,128.306828811974,-0.121478036967774,0,"Significant","truncating"
"14150C>T","3563G>A",158,124.265668849392,0.104305925236778,0,"Significant","truncating"
"14150C>T","10375G>A",92,93.9569691300281,-0.00914117148654172,0.839,"Not Significant","truncating"
"14150C>T","9543G>A",73,92.2731524789523,-0.101752498258317,0.005,"Significant","truncating"
"14150C>T","13261C>T",108,126.286248830683,-0.0679323077992202,0.013,"Significant","truncating"
"14150C>T","14532C>T",109,117.193638914874,-0.0314775415644387,0.294,"Not Significant","truncating"
"14150C>T","6381G>A",63,71.7305893358279,-0.0563638495435813,0.174,"Not Significant","truncating"
"14150C>T","12629G>A",133,104.059869036483,0.106568365983651,0,"Significant","truncating"
"14150C>T","6264G>A",138,111.131898971001,0.0940403509647636,0,"Significant","truncating"
"14150C>T","10971G>A",196,171.412535079514,0.0582134934611762,0.002,"Significant","truncating"
"14150C>T","12002C>T",136,89.5790458372311,0.181332476180476,0,"Significant","truncating"
"14150C>T","11403G>A",82,78.8026192703461,0.0172731994150431,0.617,"Not Significant","truncating"
"14150C>T","8391G>A",87,89.5790458372311,-0.0126871795709434,0.705,"Not Significant","truncating"
"14150C>T","9253G>A",120,108.101028999065,0.0453514180842037,0.093,"Not Significant","truncating"
"14150C>T","14592C>T",82,94.6304957904584,-0.0622172630798017,0.063,"Not Significant","truncating"
"14150C>T","3842G>A",79,91.2628624883068,-0.0626669951423997,0.077,"Not Significant","truncating"
"14150C>T","7896G>A",146,99.0084190832554,0.168680729813629,0,"Significant","truncating"
"14150C>T","7384G>A",64,65.6688493919551,-0.0111794329371229,0.805,"Not Significant","truncating"
"14150C>T","15723G>A",129,105.743685687558,0.0863352666674506,0.003,"Significant","truncating"
"14150C>T","4983C>T",80,92.6099158091674,-0.0635675023967544,0.067,"Not Significant","truncating"
"14150C>T","7122C>T",104,120.561272217025,-0.0641744829035459,0.028,"Significant","truncating"
"14150C>T","4716C>T",102,83.1805425631431,0.0885784229436462,0.004,"Significant","truncating"
"14150C>T","12767G>A",125,113.826005612722,0.0406685171718583,0.126,"Not Significant","truncating"
"14150C>T","6573G>A",109,107.764265668849,0.00495172406220381,0.86,"Not Significant","truncating"
"14150C>T","4121G>A",77,81.8334892422825,-0.0264403439843062,0.498,"Not Significant","truncating"
"14150C>T","7779G>A",111,96.3143124415341,0.0616321500990456,0.025,"Significant","truncating"
"14150C>T","12923G>A",67,69.0364826941067,-0.0130038539134181,0.745,"Not Significant","truncating"
"14150C>T","8980C>T",93,81.8334892422825,0.05555187939705,0.077,"Not Significant","truncating"
"14150C>T","8114G>A",88,88.5687558465856,-0.00279787189809537,0.947,"Not Significant","truncating"
"14150C>T","15561G>A",94,79.4761459307764,0.0728910550709984,0.028,"Significant","truncating"
"14150C>T","14314A>C",36,58.5968194574369,-0.211571543073356,0,"Significant","truncating"
"14150C>T","14429C>T",99,89.9158091674462,0.0417991376744211,0.191,"Not Significant","truncating"
"14150C>T","12006G>A",76,75.7717492984097,0.00130627861091788,1,"Not Significant","truncating"
"14150C>T","8852G>A",127,85.5378858746492,0.171645208777344,0,"Significant","truncating"
"14150C>T","12931C>T",119,85.8746492048644,0.141681985399926,0,"Significant","truncating"
"14150C>T","14283C>T",172,166.361085126286,0.0144767024253841,0.436,"Not Significant","truncating"
"14150C>T","9687C>T",35,67.0159027128157,-0.282109827617347,0,"Significant","truncating"
"14150C>T","15882G>A",56,59.9438727782975,-0.0295567708611519,0.545,"Not Significant","truncating"
"14150C>T","6030C>T",68,79.8129092609916,-0.0695642288622823,0.086,"Not Significant","truncating"
"14150C>T","6690G>A",57,54.555659494855,0.0190350455713171,0.715,"Not Significant","truncating"
"14150C>T","14360C>T",104,89.5790458372311,0.0648269071091369,0.028,"Significant","truncating"
"14150C>T","9376G>A",57,65.3320860617399,-0.0592516698161467,0.192,"Not Significant","truncating"
"14150C>T","4214G>A",86,75.7717492984097,0.0549911375736278,0.092,"Not Significant","truncating"
"14150C>T","5035G>A",62,59.6071094480823,0.0170936275779099,0.739,"Not Significant","truncating"
"14150C>T","11594C>T",42,57.5865294667914,-0.137071615552483,0.007,"Significant","truncating"
"14150C>T","13556G>A",49,65.3320860617399,-0.12493044546,0.005,"Significant","truncating"
"14150C>T","9819G>A",92,65.3320860617399,0.148661301856627,0,"Significant","truncating"
"14150C>T","9984G>A",64,62.6379794200187,0.00934223420744681,0.859,"Not Significant","truncating"
"14150C>T","8572G>T",90,63.9850327408793,0.14816411292779,0,"Significant","truncating"
"14150C>T","6922G>A",87,77.7923292797007,0.0485824771679059,0.137,"Not Significant","truncating"
"14150C>T","3668G>A",87,56.9130028063611,0.184307752446172,0,"Significant","truncating"
"14150C>T","15761G>A",72,67.3526660430309,0.0289777052087364,0.458,"Not Significant","truncating"
"14150C>T","4743C>T",62,59.9438727782975,0.0146468916308266,0.718,"Not Significant","truncating"
"15230C>T","9537C>T",124,107.623947614593,0.0615127673662976,0.025,"Significant","truncating"
"15230C>T","6753G>A",126,115.902712815716,0.0362769439502474,0.144,"Not Significant","truncating"
"15230C>T","8564C>T",89,110.659494855005,-0.0945986767445591,0.001,"Significant","truncating"
"15230C>T","15800C>T",75,97.9653882132834,-0.116011400432643,0,"Significant","truncating"
"15230C>T","8782G>A",119,117.55846585594,0.0052930515204224,0.897,"Not Significant","truncating"
"15230C>T","4255C>T",118,85.8231992516371,0.138277307509765,0,"Significant","truncating"
"15230C>T","11669C>T",143,113.419083255379,0.100649904819528,0,"Significant","truncating"
"15230C>T","3445C>T",141,100.44901777362,0.147273418236814,0,"Significant","truncating"
"15230C>T","9216C>T",74,105.140318054256,-0.152537566713854,0,"Significant","truncating"
"15230C>T","3563G>A",134,101.828811973807,0.11923412143626,0,"Significant","truncating"
"15230C>T","10375G>A",76,76.9925163704397,-0.00563492176218388,0.942,"Not Significant","truncating"
"15230C>T","9543G>A",66,75.6127221702526,-0.0590509380478206,0.148,"Not Significant","truncating"
"15230C>T","13261C>T",83,103.484565014032,-0.0957974861209264,0.003,"Significant","truncating"
"15230C>T","14532C>T",76,96.0336763330215,-0.101609962435055,0.005,"Significant","truncating"
"15230C>T","6381G>A",46,58.7792329279701,-0.106466082526343,0.041,"Significant","truncating"
"15230C>T","12629G>A",100,85.2712815715622,0.0691972098057053,0.02,"Significant","truncating"
"15230C>T","6264G>A",140,91.066417212348,0.186769785030799,0,"Significant","truncating"
"15230C>T","10971G>A",139,140.463049579046,-0.00454729285204539,0.898,"Not Significant","truncating"
"15230C>T","12002C>T",119,73.4050514499532,0.209821013991852,0,"Significant","truncating"
"15230C>T","11403G>A",59,64.5743685687558,-0.03920815653732,0.368,"Not Significant","truncating"
"15230C>T","8391G>A",76,73.4050514499532,0.0150876448803192,0.692,"Not Significant","truncating"
"15230C>T","9253G>A",93,88.5827876520112,0.0211336053796548,0.575,"Not Significant","truncating"
"15230C>T","14592C>T",83,77.5444340505145,0.0295274617015722,0.43,"Not Significant","truncating"
"15230C>T","3842G>A",71,74.7848456501403,-0.0225552529246845,0.586,"Not Significant","truncating"
"15230C>T","7896G>A",125,81.131898971001,0.187718371826326,0,"Significant","truncating"
"15230C>T","7384G>A",49,53.8119738072965,-0.0406828421033101,0.46,"Not Significant","truncating"
"15230C>T","15723G>A",105,86.6510757717493,0.0834153402272505,0.004,"Significant","truncating"
"15230C>T","4983C>T",63,75.88868101029,-0.0808364551459488,0.043,"Significant","truncating"
"15230C>T","7122C>T",92,98.7932647333957,-0.0309395100676716,0.344,"Not Significant","truncating"
"15230C>T","4716C>T",90,68.1618334892423,0.12070124541012,0,"Significant","truncating"
"15230C>T","12767G>A",102,93.2740879326473,0.0388391607148381,0.213,"Not Significant","truncating"
"15230C>T","6573G>A",95,88.3068288119738,0.0317293161995222,0.337,"Not Significant","truncating"
"15230C>T","4121G>A",51,67.0579981290926,-0.118880408269557,0.013,"Significant","truncating"
"15230C>T","7779G>A",84,78.9242282507016,0.0270689421634204,0.409,"Not Significant","truncating"
"15230C>T","12923G>A",48,56.5715622076707,-0.071356934449415,0.156,"Not Significant","truncating"
"15230C>T","8980C>T",70,67.0579981290926,0.0186474556465324,0.686,"Not Significant","truncating"
"15230C>T","8114G>A",80,72.577174929841,0.0422899277327453,0.27,"Not Significant","truncating"
"15230C>T","15561G>A",64,65.1262862488307,-0.00757633975559263,0.872,"Not Significant","truncating"
"15230C>T","14314A>C",34,48.0168381665108,-0.149914642009357,0.008,"Significant","truncating"
"15230C>T","14429C>T",73,73.6810102899907,-0.00403271201349883,0.952,"Not Significant","truncating"
"15230C>T","12006G>A",69,62.0907390084191,0.0458222618564378,0.245,"Not Significant","truncating"
"15230C>T","8852G>A",123,70.0935453695042,0.244227084049808,0,"Significant","truncating"
"15230C>T","12931C>T",111,70.3695042095416,0.197938487583091,0,"Significant","truncating"
"15230C>T","14283C>T",133,136.323666978485,-0.0107196187259382,0.675,"Not Significant","truncating"
"15230C>T","9687C>T",55,54.9158091674462,0.000665302315150958,1,"Not Significant","truncating"
"15230C>T","15882G>A",43,49.1206735266604,-0.0577958574985667,0.262,"Not Significant","truncating"
"15230C>T","6030C>T",52,65.4022450888681,-0.0995893131445185,0.023,"Significant","truncating"
"15230C>T","6690G>A",42,44.7053320860617,-0.0271100349140529,0.632,"Not Significant","truncating"
"15230C>T","14360C>T",94,73.4050514499532,0.107401906199117,0,"Significant","truncating"
"15230C>T","9376G>A",56,53.5360149672591,0.0195419863065537,0.721,"Not Significant","truncating"
"15230C>T","4214G>A",58,62.0907390084191,-0.0295988353177609,0.506,"Not Significant","truncating"
"15230C>T","5035G>A",56,48.844714686623,0.0593704498748953,0.194,"Not Significant","truncating"
"15230C>T","11594C>T",37,47.1889616463985,-0.10563869709429,0.06,"Not Significant","truncating"
"15230C>T","13556G>A",47,53.5360149672591,-0.0565481827637807,0.264,"Not Significant","truncating"
"15230C>T","9819G>A",80,53.5360149672591,0.174443946292064,0,"Significant","truncating"
"15230C>T","9984G>A",44,51.3283442469598,-0.066904578500973,0.204,"Not Significant","truncating"
"15230C>T","8572G>T",97,52.4321796071094,0.26717382254365,0,"Significant","truncating"
"15230C>T","6922G>A",60,63.7464920486436,-0.0263050402778431,0.545,"Not Significant","truncating"
"15230C>T","3668G>A",75,46.6370439663237,0.206330248008289,0,"Significant","truncating"
"15230C>T","15761G>A",58,55.1917680074836,0.021553687129533,0.66,"Not Significant","truncating"
"15230C>T","4743C>T",65,49.1206735266604,0.121649043564361,0.002,"Significant","truncating"
"9537C>T","6753G>A",147,153.227315247895,-0.0180188574674336,0.416,"Not Significant","truncating"
"9537C>T","8564C>T",152,146.295603367633,0.0166123135068579,0.459,"Not Significant","truncating"
"9537C>T","15800C>T",129,129.513564078578,-0.00172554457356505,0.96,"Not Significant","truncating"
"9537C>T","8782G>A",165,155.416276894294,0.0259874432934499,0.228,"Not Significant","truncating"
"9537C>T","4255C>T",141,113.461178671656,0.0943718218107464,0,"Significant","truncating"
"9537C>T","11669C>T",157,149.943872778297,0.0199709287154304,0.343,"Not Significant","truncating"
"9537C>T","3445C>T",141,132.797006548176,0.0260308271885837,0.312,"Not Significant","truncating"
"9537C>T","9216C>T",148,138.999064546305,0.0272498379015979,0.228,"Not Significant","truncating"
"9537C>T","3563G>A",140,134.621141253508,0.017014767701444,0.53,"Not Significant","truncating"
"9537C>T","10375G>A",98,101.78671655753,-0.0164650293988075,0.628,"Not Significant","truncating"
"9537C>T","9543G>A",103,99.9625818521983,0.0129997600670503,0.686,"Not Significant","truncating"
"9537C>T","13261C>T",135,136.810102899906,-0.00578440105042969,0.856,"Not Significant","truncating"
"9537C>T","14532C>T",140,126.959775491113,0.042461889913904,0.084,"Not Significant","truncating"
"9537C>T","6381G>A",73,77.7081384471469,-0.0271436451359669,0.458,"Not Significant","truncating"
"9537C>T","12629G>A",110,112.731524789523,-0.0106526960843212,0.711,"Not Significant","truncating"
"9537C>T","6264G>A",146,120.392890551918,0.083752014088765,0.001,"Significant","truncating"
"9537C>T","10971G>A",196,185.696913002806,0.0234513872019837,0.205,"Not Significant","truncating"
"9537C>T","12002C>T",111,97.043966323667,0.058354440337813,0.046,"Significant","truncating"
"9537C>T","11403G>A",88,85.3695042095416,0.0131799129222894,0.684,"Not Significant","truncating"
"9537C>T","8391G>A",117,97.043966323667,0.0812173232972971,0.005,"Significant","truncating"
"9537C>T","9253G>A",120,117.10944808232,0.0105893118250226,0.725,"Not Significant","truncating"
"9537C>T","14592C>T",104,102.516370439663,0.00624011757597326,0.883,"Not Significant","truncating"
"9537C>T","3842G>A",98,98.8681010289991,-0.00383011699962816,0.947,"Not Significant","truncating"
"9537C>T","7896G>A",125,107.259120673527,0.0664757807781204,0.011,"Significant","truncating"
"9537C>T","7384G>A",69,71.1412535079514,-0.013272422442965,0.726,"Not Significant","truncating"
"9537C>T","15723G>A",126,114.555659494855,0.0413539952265924,0.121,"Not Significant","truncating"
"9537C>T","4983C>T",107,100.327408793265,0.0279641820371988,0.336,"Not Significant","truncating"
"9537C>T","7122C>T",139,130.608044901777,0.0270448717924795,0.286,"Not Significant","truncating"
"9537C>T","4716C>T",93,90.112254443405,0.0136990934765333,0.718,"Not Significant","truncating"
"9537C>T","12767G>A",123,123.311506080449,-0.00109849065597707,1,"Not Significant","truncating"
"9537C>T","6573G>A",134,116.744621141254,0.0598679182271325,0.017,"Significant","truncating"
"9537C>T","4121G>A",91,88.6529466791394,0.0113482169050476,0.745,"Not Significant","truncating"
"9537C>T","7779G>A",94,104.340505144995,-0.0453250813470198,0.15,"Not Significant","truncating"
"9537C>T","12923G>A",70,74.7895229186155,-0.028742722859179,0.423,"Not Significant","truncating"
"9537C>T","8980C>T",87,88.6529466791394,-0.00817392279740553,0.824,"Not Significant","truncating"
"9537C>T","8114G>A",109,95.9494855004677,0.0553838476330903,0.061,"Not Significant","truncating"
"9537C>T","15561G>A",94,86.0991580916745,0.0381289488118285,0.249,"Not Significant","truncating"
"9537C>T","14314A>C",66,63.4798877455566,0.0169077854415216,0.693,"Not Significant","truncating"
"9537C>T","14429C>T",115,97.4087932647334,0.0720996771712471,0.009,"Significant","truncating"
"9537C>T","12006G>A",83,82.0860617399439,0.00480867244698438,0.948,"Not Significant","truncating"
"9537C>T","8852G>A",106,92.66604303087,0.0583852468270519,0.057,"Not Significant","truncating"
"9537C>T","12931C>T",92,93.0308699719364,-0.00483925490611583,0.898,"Not Significant","truncating"
"9537C>T","14283C>T",188,180.22450888681,0.0183439985223018,0.363,"Not Significant","truncating"
"9537C>T","9687C>T",75,72.600561272217,0.014121285164253,0.756,"Not Significant","truncating"
"9537C>T","15882G>A",74,64.9391955098223,0.0567248156042791,0.129,"Not Significant","truncating"
"9537C>T","6030C>T",86,86.4639850327409,-0.0023367965842547,1,"Not Significant","truncating"
"9537C>T","6690G>A",76,59.1019644527596,0.109211675920276,0.003,"Significant","truncating"
"9537C>T","14360C>T",107,97.043966323667,0.0424152392363798,0.159,"Not Significant","truncating"
"9537C>T","9376G>A",70,70.7764265668849,-0.00479059173368356,0.935,"Not Significant","truncating"
"9537C>T","4214G>A",77,82.0860617399439,-0.0277786947565668,0.44,"Not Significant","truncating"
"9537C>T","5035G>A",80,64.5743685687558,0.0930298188122861,0.013,"Significant","truncating"
"9537C>T","11594C>T",62,62.3854069223573,-0.0026913227116168,1,"Not Significant","truncating"
"9537C>T","13556G>A",77,70.7764265668849,0.0366020934244851,0.367,"Not Significant","truncating"
"9537C>T","9819G>A",90,70.7764265668849,0.104353877691247,0.002,"Significant","truncating"
"9537C>T","9984G>A",65,67.8578110383536,-0.0186864893927538,0.683,"Not Significant","truncating"
"9537C>T","8572G>T",86,69.3171188026193,0.093657948472896,0.004,"Significant","truncating"
"9537C>T","6922G>A",92,84.2750233863424,0.0380889456356465,0.261,"Not Significant","truncating"
"9537C>T","3668G>A",69,61.6557530402245,0.0488754843057857,0.216,"Not Significant","truncating"
"9537C>T","15761G>A",87,72.9653882132834,0.0764023551368202,0.027,"Significant","truncating"
"9537C>T","4743C>T",79,64.9391955098223,0.0851201871637072,0.02,"Significant","truncating"
"6753G>A","8564C>T",164,157.54911131899,0.0174278902383823,0.415,"Not Significant","truncating"
"6753G>A","15800C>T",156,139.476145930776,0.0486246601102121,0.017,"Significant","truncating"
"6753G>A","8782G>A",183,167.371375116932,0.038769905438566,0.042,"Significant","truncating"
"6753G>A","4255C>T",134,122.188961646399,0.0400728241488162,0.113,"Not Significant","truncating"
"6753G>A","11669C>T",187,161.478016838166,0.0637281994712706,0,"Significant","truncating"
"6753G>A","3445C>T",145,143.012160898036,0.00599503339679217,0.822,"Not Significant","truncating"
"6753G>A","9216C>T",210,149.691300280636,0.147022733869094,0,"Significant","truncating"
"6753G>A","3563G>A",164,144.976613657624,0.0535458966994803,0.012,"Significant","truncating"
"6753G>A","10375G>A",122,109.616463985033,0.0464840422119881,0.086,"Not Significant","truncating"
"6753G>A","9543G>A",113,107.652011225444,0.0210562954738902,0.471,"Not Significant","truncating"
"6753G>A","13261C>T",139,147.33395696913,-0.0252880526627285,0.321,"Not Significant","truncating"
"6753G>A","14532C>T",148,136.725912067353,0.0344108862592297,0.135,"Not Significant","truncating"
"6753G>A","6381G>A",105,83.6856875584658,0.0985381104419726,0,"Significant","truncating"
"6753G>A","12629G>A",130,121.403180542563,0.0297132876928559,0.236,"Not Significant","truncating"
"6753G>A","6264G>A",135,129.653882132834,0.0175482434279829,0.523,"Not Significant","truncating"
"6753G>A","10971G>A",204,199.981290926099,0.0086407999000132,0.586,"Not Significant","truncating"
"6753G>A","12002C>T",120,104.508886810103,0.0600280242273818,0.036,"Significant","truncating"
"6753G>A","11403G>A",108,91.9363891487371,0.0699363128876142,0.018,"Significant","truncating"
"6753G>A","8391G>A",115,104.508886810103,0.0415446185333843,0.14,"Not Significant","truncating"
"6753G>A","9253G>A",137,126.117867165575,0.0359439495623848,0.152,"Not Significant","truncating"
"6753G>A","14592C>T",131,110.402245088868,0.0742933905615,0.004,"Significant","truncating"
"6753G>A","3842G>A",114,106.473339569691,0.0296639752729176,0.272,"Not Significant","truncating"
"6753G>A","7896G>A",126,115.509822263798,0.0377516295162518,0.175,"Not Significant","truncating"
"6753G>A","7384G>A",87,76.6136576239476,0.0552130560669104,0.116,"Not Significant","truncating"
"6753G>A","15723G>A",123,123.367633302152,-0.00129612182293842,1,"Not Significant","truncating"
"6753G>A","4983C>T",123,108.044901777362,0.0563008324199639,0.042,"Significant","truncating"
"6753G>A","7122C>T",156,140.654817586529,0.0449699865214344,0.037,"Significant","truncating"
"6753G>A","4716C>T",109,97.043966323667,0.0504579594917863,0.079,"Not Significant","truncating"
"6753G>A","12767G>A",143,132.797006548176,0.0321477519982613,0.178,"Not Significant","truncating"
"6753G>A","6573G>A",128,125.724976613658,0.00778840613883382,0.805,"Not Significant","truncating"
"6753G>A","4121G>A",96,95.4724041159963,0.00239337425213125,0.934,"Not Significant","truncating"
"6753G>A","7779G>A",129,112.366697848456,0.0599520919810337,0.021,"Significant","truncating"
"6753G>A","12923G>A",100,80.5425631431244,0.0939745537550183,0.005,"Significant","truncating"
"6753G>A","8980C>T",116,95.4724041159963,0.0845801304394034,0.001,"Significant","truncating"
"6753G>A","8114G>A",106,103.33021515435,0.0110785315858794,0.704,"Not Significant","truncating"
"6753G>A","15561G>A",114,92.7221702525725,0.0897212631771561,0.001,"Significant","truncating"
"6753G>A","14314A>C",66,68.3629560336763,-0.0152768979298308,0.747,"Not Significant","truncating"
"6753G>A","14429C>T",125,104.901777362021,0.0761271664542922,0.004,"Significant","truncating"
"6753G>A","12006G>A",102,88.400374181478,0.0621460684613671,0.035,"Significant","truncating"
"6753G>A","8852G>A",104,99.7942001870908,0.0179280374897022,0.559,"Not Significant","truncating"
"6753G>A","12931C>T",118,100.187090739008,0.0710702416829824,0.011,"Significant","truncating"
"6753G>A","14283C>T",206,194.087932647334,0.025868686256371,0.131,"Not Significant","truncating"
"6753G>A","9687C>T",78,78.1852198316183,-0.0010300589083474,1,"Not Significant","truncating"
"6753G>A","15882G>A",83,69.934518241347,0.0743865048779597,0.024,"Significant","truncating"
"6753G>A","6030C>T",109,93.1150608044902,0.0684065667413293,0.013,"Significant","truncating"
"6753G>A","6690G>A",66,63.6482694106642,0.015757335810091,0.724,"Not Significant","truncating"
"6753G>A","14360C>T",103,104.508886810103,-0.00631599711501116,0.826,"Not Significant","truncating"
"6753G>A","9376G>A",82,76.2207670720299,0.0317405372643281,0.391,"Not Significant","truncating"
"6753G>A","4214G>A",98,88.400374181478,0.0447719723919618,0.146,"Not Significant","truncating"
"6753G>A","5035G>A",70,69.5416276894294,0.00285318846332372,1,"Not Significant","truncating"
"6753G>A","11594C>T",74,67.1842843779233,0.0419640241496404,0.279,"Not Significant","truncating"
"6753G>A","13556G>A",85,76.2207670720299,0.0473456105948854,0.17,"Not Significant","truncating"
"6753G>A","9819G>A",74,76.2207670720299,-0.0128415953883552,0.752,"Not Significant","truncating"
"6753G>A","9984G>A",81,73.0776426566885,0.0447004894715528,0.217,"Not Significant","truncating"
"6753G>A","8572G>T",75,74.6492048643592,0.00203607724974586,1,"Not Significant","truncating"
"6753G>A","6922G>A",95,90.7577174929841,0.0198400402075596,0.557,"Not Significant","truncating"
"6753G>A","3668G>A",85,66.3985032740879,0.107260635911354,0.002,"Significant","truncating"
"6753G>A","15761G>A",85,78.578110383536,0.0341173448611473,0.314,"Not Significant","truncating"
"6753G>A","4743C>T",74,69.934518241347,0.0245401322329257,0.521,"Not Significant","truncating"
"8564C>T","15800C>T",160,133.166510757718,0.0797249621893717,0.001,"Significant","truncating"
"8564C>T","8782G>A",197,159.799812909261,0.0908899596474185,0,"Significant","truncating"
"8564C>T","4255C>T",130,116.661365762395,0.0470162958685567,0.062,"Not Significant","truncating"
"8564C>T","11669C>T",147,154.173058933583,-0.0206911545392836,0.367,"Not Significant","truncating"
"8564C>T","3445C>T",127,136.542563143124,-0.0314643301044795,0.217,"Not Significant","truncating"
"8564C>T","9216C>T",151,142.919550982226,0.0238853042061296,0.282,"Not Significant","truncating"
"8564C>T","3563G>A",144,138.418147801684,0.0171694585247728,0.463,"Not Significant","truncating"
"8564C>T","10375G>A",130,104.657623947615,0.0941724816217539,0,"Significant","truncating"
"8564C>T","9543G>A",119,102.782039289055,0.063629731160681,0.015,"Significant","truncating"
"8564C>T","13261C>T",161,140.668849391955,0.0586279408926876,0.014,"Significant","truncating"
"8564C>T","14532C>T",150,130.540692235734,0.0603453476976529,0.009,"Significant","truncating"
"8564C>T","6381G>A",86,79.8999064546305,0.0319521803933873,0.308,"Not Significant","truncating"
"8564C>T","12629G>A",120,115.911131898971,0.0150560992113732,0.575,"Not Significant","truncating"
"8564C>T","6264G>A",108,123.78858746492,-0.0592568518022908,0.042,"Significant","truncating"
"8564C>T","10971G>A",211,190.934518241347,0.043398005549508,0.015,"Significant","truncating"
"8564C>T","12002C>T",99,99.7811038353602,-0.00341310944491796,0.945,"Not Significant","truncating"
"8564C>T","11403G>A",108,87.77736202058,0.0900412306653099,0.001,"Significant","truncating"
"8564C>T","8391G>A",117,99.7811038353602,0.0691375577036263,0.011,"Significant","truncating"
"8564C>T","9253G>A",129,120.412535079514,0.0299180104829485,0.242,"Not Significant","truncating"
"8564C>T","14592C>T",115,105.407857811038,0.0378248530370932,0.183,"Not Significant","truncating"
"8564C>T","3842G>A",107,101.65668849392,0.0222478193993783,0.481,"Not Significant","truncating"
"8564C>T","7896G>A",106,110.284377923293,-0.0172081325587755,0.575,"Not Significant","truncating"
"8564C>T","7384G>A",75,73.1478016838167,0.0108599846177631,0.819,"Not Significant","truncating"
"8564C>T","15723G>A",120,117.78671655753,0.00808493056299882,0.801,"Not Significant","truncating"
"8564C>T","4983C>T",116,103.157156220767,0.050958627985205,0.07,"Not Significant","truncating"
"8564C>T","7122C>T",144,134.291861552853,0.0303127980399492,0.198,"Not Significant","truncating"
"8564C>T","4716C>T",85,92.6538821328344,-0.0374446949567351,0.24,"Not Significant","truncating"
"8564C>T","12767G>A",139,126.789522918616,0.039931432565006,0.12,"Not Significant","truncating"
"8564C>T","6573G>A",137,120.037418147802,0.0574039214250517,0.024,"Significant","truncating"
"8564C>T","4121G>A",98,91.1534144059869,0.0314531346827451,0.312,"Not Significant","truncating"
"8564C>T","7779G>A",119,107.283442469598,0.0450142608520436,0.097,"Not Significant","truncating"
"8564C>T","12923G>A",75,76.8989710009355,-0.0108592650754443,0.827,"Not Significant","truncating"
"8564C>T","8980C>T",105,91.1534144059869,0.0614163580601587,0.04,"Significant","truncating"
"8564C>T","8114G>A",108,98.6557530402245,0.0393013395857494,0.219,"Not Significant","truncating"
"8564C>T","15561G>A",99,88.5275958840037,0.0485565242159871,0.141,"Not Significant","truncating"
"8564C>T","14314A>C",62,65.2703461178672,-0.022324226195715,0.604,"Not Significant","truncating"
"8564C>T","14429C>T",108,100.156220767072,0.0327458267109387,0.277,"Not Significant","truncating"
"8564C>T","12006G>A",104,84.4013096351731,0.0906841537759166,0.004,"Significant","truncating"
"8564C>T","8852G>A",93,95.2797006548176,-0.010517435477396,0.77,"Not Significant","truncating"
"8564C>T","12931C>T",96,95.6548175865295,0.00156438519420731,1,"Not Significant","truncating"
"8564C>T","14283C>T",193,185.307764265669,0.0176636926727132,0.36,"Not Significant","truncating"
"8564C>T","9687C>T",65,74.6482694106642,-0.060106387178169,0.121,"Not Significant","truncating"
"8564C>T","15882G>A",57,66.7708138447147,-0.0687118140476954,0.117,"Not Significant","truncating"
"8564C>T","6030C>T",100,88.9027128157156,0.0510849865784376,0.095,"Not Significant","truncating"
"8564C>T","6690G>A",70,60.7689429373246,0.0614163580601273,0.128,"Not Significant","truncating"
"8564C>T","14360C>T",109,99.7811038353602,0.0383781938981156,0.192,"Not Significant","truncating"
"8564C>T","9376G>A",82,72.7726847521048,0.0518454550420192,0.127,"Not Significant","truncating"
"8564C>T","4214G>A",92,84.4013096351731,0.037438641822746,0.246,"Not Significant","truncating"
"8564C>T","5035G>A",75,66.3956969130028,0.0529213296184141,0.139,"Not Significant","truncating"
"8564C>T","11594C>T",67,64.1449953227315,0.0189120248972395,0.653,"Not Significant","truncating"
"8564C>T","13556G>A",84,72.7726847521048,0.0623108887201716,0.066,"Not Significant","truncating"
"8564C>T","9819G>A",64,72.7726847521048,-0.0557884233576613,0.182,"Not Significant","truncating"
"8564C>T","9984G>A",75,69.7717492984097,0.031381651762336,0.393,"Not Significant","truncating"
"8564C>T","8572G>T",63,71.2722170252572,-0.0535797189105715,0.184,"Not Significant","truncating"
"8564C>T","6922G>A",92,86.6520112254443,0.0260091800419775,0.416,"Not Significant","truncating"
"8564C>T","3668G>A",67,63.3947614593078,0.0240214306757118,0.534,"Not Significant","truncating"
"8564C>T","15761G>A",78,75.0233863423761,0.0168979396150728,0.68,"Not Significant","truncating"
"8564C>T","4743C>T",67,66.7708138447147,0.00148813298052588,1,"Not Significant","truncating"
"15800C>T","8782G>A",170,141.468662301216,0.0797886744291875,0.001,"Significant","truncating"
"15800C>T","4255C>T",101,103.278765201123,-0.00968966309050155,0.789,"Not Significant","truncating"
"15800C>T","11669C>T",148,136.487371375117,0.0351692456725474,0.133,"Not Significant","truncating"
"15800C>T","3445C>T",122,120.87932647334,0.0040077991793728,0.87,"Not Significant","truncating"
"15800C>T","9216C>T",152,126.524789522919,0.0796679644227797,0.001,"Significant","truncating"
"15800C>T","3563G>A",128,122.539756782039,0.0189329556424768,0.501,"Not Significant","truncating"
"15800C>T","10375G>A",75,92.6520112254443,-0.0917935877281033,0.015,"Significant","truncating"
"15800C>T","9543G>A",117,90.9915809167446,0.109184651079352,0,"Significant","truncating"
"15800C>T","13261C>T",160,124.532273152479,0.108838067081813,0,"Significant","truncating"
"15800C>T","14532C>T",121,115.5659494855,0.0199554785235362,0.451,"Not Significant","truncating"
"15800C>T","6381G>A",90,70.734331150608,0.10461225815414,0.002,"Significant","truncating"
"15800C>T","12629G>A",84,102.614593077643,-0.0869298412091753,0.01,"Significant","truncating"
"15800C>T","6264G>A",99,109.588400374181,-0.0441293931266113,0.136,"Not Significant","truncating"
"15800C>T","10971G>A",194,169.031805425631,0.0598332997471182,0,"Significant","truncating"
"15800C>T","12002C>T",84,88.3348924228251,-0.021852998415476,0.546,"Not Significant","truncating"
"15800C>T","11403G>A",82,77.7081384471469,0.0233473471272285,0.521,"Not Significant","truncating"
"15800C>T","8391G>A",106,88.3348924228251,0.0791735807873052,0.007,"Significant","truncating"
"15800C>T","9253G>A",118,106.599625818522,0.0441263270548979,0.117,"Not Significant","truncating"
"15800C>T","14592C>T",93,93.3161833489242,-0.00147401919745918,1,"Not Significant","truncating"
"15800C>T","3842G>A",106,89.9953227315248,0.0710859265439756,0.021,"Significant","truncating"
"15800C>T","7896G>A",97,97.6333021515435,-0.00282624399222565,0.935,"Not Significant","truncating"
"15800C>T","7384G>A",82,64.7567820392891,0.102528593174742,0.006,"Significant","truncating"
"15800C>T","15723G>A",102,104.275023386342,-0.00958012415760418,0.785,"Not Significant","truncating"
"15800C>T","4983C>T",104,91.3236669784846,0.0564499976221436,0.067,"Not Significant","truncating"
"15800C>T","7122C>T",129,118.8868101029,0.0354560358090298,0.156,"Not Significant","truncating"
"15800C>T","4716C>T",84,82.0252572497661,0.0103316849558875,0.821,"Not Significant","truncating"
"15800C>T","12767G>A",133,112.245088868101,0.0736842928430546,0.001,"Significant","truncating"
"15800C>T","6573G>A",107,106.267539756782,0.0029831515189848,0.941,"Not Significant","truncating"
"15800C>T","4121G>A",89,80.6969130028064,0.0425330852002343,0.243,"Not Significant","truncating"
"15800C>T","7779G>A",125,94.9766136576239,0.119293332032588,0,"Significant","truncating"
"15800C>T","12923G>A",87,68.0776426566885,0.106514743716409,0.001,"Significant","truncating"
"15800C>T","8980C>T",88,80.6969130028064,0.0376257507054956,0.289,"Not Significant","truncating"
"15800C>T","8114G>A",94,87.3386342376052,0.0319214572635895,0.328,"Not Significant","truncating"
"15800C>T","15561G>A",100,78.3723105706268,0.105837349183458,0,"Significant","truncating"
"15800C>T","14314A>C",69,57.7829747427502,0.0770491946082173,0.054,"Not Significant","truncating"
"15800C>T","14429C>T",87,88.666978484565,-0.00824265659226333,0.832,"Not Significant","truncating"
"15800C>T","12006G>A",94,74.7193638914874,0.0996946876419009,0.004,"Significant","truncating"
"15800C>T","8852G>A",76,84.3498596819457,-0.0452707721854061,0.227,"Not Significant","truncating"
"15800C>T","12931C>T",84,84.6819457436857,-0.00351154221838544,0.941,"Not Significant","truncating"
"15800C>T","14283C>T",184,164.050514499532,0.0498402262395448,0.011,"Significant","truncating"
"15800C>T","9687C>T",71,66.0851262862488,0.031154624463007,0.447,"Not Significant","truncating"
"15800C>T","15882G>A",53,59.11131898971,-0.0473947805543363,0.287,"Not Significant","truncating"
"15800C>T","6030C>T",80,78.7043966323667,0.00709099313551469,0.846,"Not Significant","truncating"
"15800C>T","6690G>A",65,53.7979420018709,0.0821476942537695,0.053,"Not Significant","truncating"
"15800C>T","14360C>T",97,88.3348924228251,0.0406394497888178,0.205,"Not Significant","truncating"
"15800C>T","9376G>A",66,64.4246959775491,0.0104915577653105,0.789,"Not Significant","truncating"
"15800C>T","4214G>A",88,74.7193638914874,0.0710495061924023,0.041,"Significant","truncating"
"15800C>T","5035G>A",52,58.7792329279701,-0.0532205705732272,0.264,"Not Significant","truncating"
"15800C>T","11594C>T",41,56.7867165575304,-0.14146290151844,0.003,"Significant","truncating"
"15800C>T","13556G>A",61,64.4246959775491,-0.0237225427657372,0.604,"Not Significant","truncating"
"15800C>T","9819G>A",58,64.4246959775491,-0.0456243842135301,0.293,"Not Significant","truncating"
"15800C>T","9984G>A",78,61.7680074836296,0.101331010626102,0.007,"Significant","truncating"
"15800C>T","8572G>T",56,63.0963517305893,-0.0518162217928574,0.23,"Not Significant","truncating"
"15800C>T","6922G>A",82,76.711880261927,0.0289512246452198,0.423,"Not Significant","truncating"
"15800C>T","3668G>A",46,56.1225444340505,-0.0863795207782452,0.077,"Not Significant","truncating"
"15800C>T","15761G>A",68,66.4172123479888,0.0102282691959239,0.81,"Not Significant","truncating"
"15800C>T","4743C>T",64,59.11131898971,0.034509323828621,0.437,"Not Significant","truncating"
"8782G>A","4255C>T",127,123.934518241347,0.01061143803517,0.688,"Not Significant","truncating"
"8782G>A","11669C>T",173,163.78484565014,0.0237723873587712,0.237,"Not Significant","truncating"
"8782G>A","3445C>T",145,145.055191768007,-0.000165275308021926,1,"Not Significant","truncating"
"8782G>A","9216C>T",164,151.829747427502,0.0334869784781164,0.106,"Not Significant","truncating"
"8782G>A","3563G>A",160,147.047708138447,0.0366617226028996,0.098,"Not Significant","truncating"
"8782G>A","10375G>A",135,111.182413470533,0.0842976713273987,0.001,"Significant","truncating"
"8782G>A","9543G>A",121,109.189897100094,0.0446029136020824,0.108,"Not Significant","truncating"
"8782G>A","13261C>T",177,149.438727782975,0.0735101047401016,0,"Significant","truncating"
"8782G>A","14532C>T",157,138.679139382601,0.0538885145686754,0.014,"Significant","truncating"
"8782G>A","6381G>A",92,84.8811973807296,0.0349763300128371,0.267,"Not Significant","truncating"
"8782G>A","12629G>A",123,123.137511693171,-0.000485261879377158,1,"Not Significant","truncating"
"8782G>A","6264G>A",137,131.506080449018,0.0177747333845651,0.487,"Not Significant","truncating"
"8782G>A","10971G>A",235,202.838166510758,0.0639181860410073,0,"Significant","truncating"
"8782G>A","12002C>T",106,106.00187090739,-7.66526023763805e-06,1,"Not Significant","truncating"
"8782G>A","11403G>A",104,93.2497661365762,0.0473855879946484,0.109,"Not Significant","truncating"
"8782G>A","8391G>A",114,106.00187090739,0.0315913208114359,0.252,"Not Significant","truncating"
"8782G>A","9253G>A",147,127.919550982226,0.060380408449319,0.012,"Significant","truncating"
"8782G>A","14592C>T",114,111.979420018709,0.00776663753744492,0.778,"Not Significant","truncating"
"8782G>A","3842G>A",114,107.99438727783,0.0235036665681048,0.4,"Not Significant","truncating"
"8782G>A","7896G>A",127,117.159962581852,0.0350244966498299,0.178,"Not Significant","truncating"
"8782G>A","7384G>A",86,77.7081384471469,0.0440319459870549,0.201,"Not Significant","truncating"
"8782G>A","15723G>A",134,125.130028063611,0.0297432563976288,0.233,"Not Significant","truncating"
"8782G>A","4983C>T",129,109.588400374181,0.0708251225749858,0.005,"Significant","truncating"
"8782G>A","7122C>T",139,142.66417212348,-0.0113001202837122,0.657,"Not Significant","truncating"
"8782G>A","4716C>T",110,98.4303086997194,0.048263838004572,0.074,"Not Significant","truncating"
"8782G>A","12767G>A",145,134.694106641721,0.0320194080633564,0.189,"Not Significant","truncating"
"8782G>A","6573G>A",132,127.521047708138,0.0149920589919915,0.571,"Not Significant","truncating"
"8782G>A","4121G>A",116,96.8362956033676,0.0784198217345913,0.008,"Significant","truncating"
"8782G>A","7779G>A",126,113.971936389149,0.0435726180945426,0.094,"Not Significant","truncating"
"8782G>A","12923G>A",85,81.6931711880262,0.0172331707645768,0.636,"Not Significant","truncating"
"8782G>A","8980C>T",116,96.8362956033676,0.0784198217345913,0.005,"Significant","truncating"
"8782G>A","8114G>A",122,104.806361085126,0.0659721882909912,0.016,"Significant","truncating"
"8782G>A","15561G>A",106,94.0467726847521,0.0519619684006707,0.092,"Not Significant","truncating"
"8782G>A","14314A>C",72,69.3395696913003,0.0163513542547048,0.666,"Not Significant","truncating"
"8782G>A","14429C>T",117,106.400374181478,0.0412427064876086,0.124,"Not Significant","truncating"
"8782G>A","12006G>A",107,89.6632366697848,0.0767693656798278,0.01,"Significant","truncating"
"8782G>A","8852G>A",107,101.219831618335,0.0241181671713075,0.405,"Not Significant","truncating"
"8782G>A","12931C>T",109,101.618334892423,0.0304544236126987,0.307,"Not Significant","truncating"
"8782G>A","14283C>T",213,196.860617399439,0.0342207606211331,0.045,"Significant","truncating"
"8782G>A","9687C>T",84,79.3021515434986,0.0249943157582035,0.473,"Not Significant","truncating"
"8782G>A","15882G>A",81,70.933582787652,0.0576331226757388,0.093,"Not Significant","truncating"
"8782G>A","6030C>T",96,94.44527595884,0.00709099313551621,0.814,"Not Significant","truncating"
"8782G>A","6690G>A",77,64.5575304022451,0.0765438167358014,0.033,"Significant","truncating"
"8782G>A","14360C>T",111,106.00187090739,0.0200094482616311,0.508,"Not Significant","truncating"
"8782G>A","9376G>A",96,77.3096351730589,0.0940376092152922,0.003,"Significant","truncating"
"8782G>A","4214G>A",100,89.6632366697848,0.0473855879946466,0.116,"Not Significant","truncating"
"8782G>A","5035G>A",70,70.5350795135641,-0.00330712024148594,0.926,"Not Significant","truncating"
"8782G>A","11594C>T",63,68.1440598690365,-0.034087454832461,0.403,"Not Significant","truncating"
"8782G>A","13556G>A",75,77.3096351730589,-0.0131723604324495,0.751,"Not Significant","truncating"
"8782G>A","9819G>A",74,77.3096351730589,-0.0190019040931656,0.63,"Not Significant","truncating"
"8782G>A","9984G>A",85,74.1216089803555,0.0594740876023605,0.081,"Not Significant","truncating"
"8782G>A","8572G>T",67,75.7156220767072,-0.0531106921458687,0.161,"Not Significant","truncating"
"8782G>A","6922G>A",96,92.0542563143124,0.0182273592534638,0.61,"Not Significant","truncating"
"8782G>A","3668G>A",63,67.3470533208606,-0.0289780490539882,0.493,"Not Significant","truncating"
"8782G>A","15761G>A",84,79.7006548175865,0.0228173965039317,0.522,"Not Significant","truncating"
"8782G>A","4743C>T",73,70.933582787652,0.0124709639176036,0.727,"Not Significant","truncating"
"4255C>T","11669C>T",151,119.570626753976,0.101352441598965,0,"Significant","truncating"
"4255C>T","3445C>T",121,105.897100093545,0.0579013028492833,0.046,"Significant","truncating"
"4255C>T","9216C>T",104,110.842843779233,-0.0276743201948727,0.361,"Not Significant","truncating"
"4255C>T","3563G>A",125,107.351730589336,0.0661009630308794,0.011,"Significant","truncating"
"4255C>T","10375G>A",87,81.1683816651076,0.0301323655269255,0.404,"Not Significant","truncating"
"4255C>T","9543G>A",77,79.7137511693171,-0.0150425214659464,0.693,"Not Significant","truncating"
"4255C>T","13261C>T",115,109.097287184284,0.0228838888078128,0.435,"Not Significant","truncating"
"4255C>T","14532C>T",98,101.242282507016,-0.0141358520721314,0.684,"Not Significant","truncating"
"4255C>T","6381G>A",47,61.9672591206735,-0.120064429320857,0.019,"Significant","truncating"
"4255C>T","12629G>A",106,89.8961646398503,0.0715647020218027,0.011,"Significant","truncating"
"4255C>T","6264G>A",103,96.0056127221703,0.0305406010091944,0.347,"Not Significant","truncating"
"4255C>T","10971G>A",165,148.081384471469,0.046983478059058,0.026,"Significant","truncating"
"4255C>T","12002C>T",99,77.3863423760524,0.106970874148301,0.001,"Significant","truncating"
"4255C>T","11403G>A",65,68.0767072029934,-0.0200851845853165,0.623,"Not Significant","truncating"
"4255C>T","8391G>A",64,77.3863423760524,-0.082484346465122,0.033,"Significant","truncating"
"4255C>T","9253G>A",92,93.3872778297474,-0.00649988887736929,0.89,"Not Significant","truncating"
"4255C>T","14592C>T",88,81.7502338634238,0.0319936684269916,0.371,"Not Significant","truncating"
"4255C>T","3842G>A",75,78.8409728718429,-0.021690711300737,0.589,"Not Significant","truncating"
"4255C>T","7896G>A",109,85.532273152479,0.105296483710298,0,"Significant","truncating"
"4255C>T","7384G>A",61,56.7305893358279,0.0315125398301359,0.482,"Not Significant","truncating"
"4255C>T","15723G>A",99,91.3507951356408,0.0349228627062387,0.253,"Not Significant","truncating"
"4255C>T","4983C>T",71,80.0046772684752,-0.0518570289291781,0.154,"Not Significant","truncating"
"4255C>T","7122C>T",111,104.151543498597,0.0276572683246978,0.382,"Not Significant","truncating"
"4255C>T","4716C>T",81,71.8587464920487,0.0520053818008563,0.137,"Not Significant","truncating"
"4255C>T","12767G>A",114,98.333021515435,0.0642054672406977,0.019,"Significant","truncating"
"4255C>T","6573G>A",110,93.0963517305893,0.0724600230201878,0.01,"Significant","truncating"
"4255C>T","4121G>A",74,70.6950420954163,0.0198427623145771,0.613,"Not Significant","truncating"
"4255C>T","7779G>A",80,83.2048643592142,-0.017058729955138,0.628,"Not Significant","truncating"
"4255C>T","12923G>A",53,59.6398503274088,-0.0512606752729336,0.258,"Not Significant","truncating"
"4255C>T","8980C>T",81,70.6950420954163,0.0590960614621999,0.102,"Not Significant","truncating"
"4255C>T","8114G>A",83,76.5135640785781,0.0353396600682122,0.351,"Not Significant","truncating"
"4255C>T","15561G>A",69,68.6585594013096,0.00215440394908616,1,"Not Significant","truncating"
"4255C>T","14314A>C",45,50.621141253508,-0.0511194183252084,0.31,"Not Significant","truncating"
"4255C>T","14429C>T",97,77.6772684752105,0.0964777890834987,0.005,"Significant","truncating"
"4255C>T","12006G>A",74,65.4583723105706,0.0532665178014776,0.169,"Not Significant","truncating"
"4255C>T","8852G>A",102,73.8952291861553,0.139983771323758,0,"Significant","truncating"
"4255C>T","12931C>T",91,74.1861552853134,0.0887185280689707,0.004,"Significant","truncating"
"4255C>T","14283C>T",147,143.717492984097,0.00980770200646288,0.673,"Not Significant","truncating"
"4255C>T","9687C>T",60,57.8942937324602,0.0155154901558512,0.713,"Not Significant","truncating"
"4255C>T","15882G>A",60,51.7848456501403,0.0639485642565752,0.145,"Not Significant","truncating"
"4255C>T","6030C>T",72,68.9494855004677,0.0188014666030784,0.636,"Not Significant","truncating"
"4255C>T","6690G>A",44,47.1300280636109,-0.0298450218744375,0.571,"Not Significant","truncating"
"4255C>T","14360C>T",93,77.3863423760524,0.0798186281047144,0.018,"Significant","truncating"
"4255C>T","9376G>A",62,56.4396632366698,0.0408072757498993,0.315,"Not Significant","truncating"
"4255C>T","4214G>A",66,65.4583723105706,0.00357873361244117,0.935,"Not Significant","truncating"
"4255C>T","5035G>A",56,51.4939195509822,0.0364320768262664,0.391,"Not Significant","truncating"
"4255C>T","11594C>T",47,49.7483629560337,-0.0246809362744448,0.638,"Not Significant","truncating"
"4255C>T","13556G>A",60,56.4396632366698,0.0265668366353125,0.534,"Not Significant","truncating"
"4255C>T","9819G>A",75,56.4396632366698,0.123476849643224,0,"Significant","truncating"
"4255C>T","9984G>A",43,54.1122544434051,-0.099827172456182,0.056,"Not Significant","truncating"
"4255C>T","8572G>T",71,55.2759588400374,0.108722063948013,0.004,"Significant","truncating"
"4255C>T","6922G>A",78,67.2039289055192,0.0646999389801872,0.07,"Not Significant","truncating"
"4255C>T","3668G>A",67,49.1665107577175,0.134405414268858,0,"Significant","truncating"
"4255C>T","15761G>A",70,58.1852198316183,0.0802853605320901,0.035,"Significant","truncating"
"4255C>T","4743C>T",59,51.7848456501403,0.0566493255150881,0.205,"Not Significant","truncating"
"11669C>T","3445C>T",175,139.947614593078,0.0970725483698851,0,"Significant","truncating"
"11669C>T","9216C>T",148,146.483629560337,0.00447262305204387,0.847,"Not Significant","truncating"
"11669C>T","3563G>A",167,141.869971936389,0.0708259883211858,0,"Significant","truncating"
"11669C>T","10375G>A",107,107.267539756782,-0.00108454225567802,1,"Not Significant","truncating"
"11669C>T","9543G>A",111,105.345182413471,0.0227082992989573,0.415,"Not Significant","truncating"
"11669C>T","13261C>T",146,144.176800748363,0.00545747138942333,0.848,"Not Significant","truncating"
"11669C>T","14532C>T",136,133.796071094481,0.00709554775634017,0.788,"Not Significant","truncating"
"11669C>T","6381G>A",80,81.8924228250702,-0.0101537331140727,0.832,"Not Significant","truncating"
"11669C>T","12629G>A",129,118.801683816651,0.0357671142070942,0.186,"Not Significant","truncating"
"11669C>T","6264G>A",145,126.875584658559,0.0579899456897534,0.012,"Significant","truncating"
"11669C>T","10971G>A",206,195.695977549111,0.0222853213650925,0.238,"Not Significant","truncating"
"11669C>T","12002C>T",118,102.269410664172,0.0621362540077106,0.024,"Significant","truncating"
"11669C>T","11403G>A",93,89.9663236669785,0.0144029744764853,0.634,"Not Significant","truncating"
"11669C>T","8391G>A",89,102.269410664172,-0.0603557466533821,0.062,"Not Significant","truncating"
"11669C>T","9253G>A",127,123.415341440599,0.0124345718837837,0.6,"Not Significant","truncating"
"11669C>T","14592C>T",118,108.036482694107,0.0383115707337204,0.174,"Not Significant","truncating"
"11669C>T","3842G>A",111,104.191768007484,0.0274895712449349,0.371,"Not Significant","truncating"
"11669C>T","7896G>A",145,113.034611786717,0.108156555155442,0,"Significant","truncating"
"11669C>T","7384G>A",84,74.9719363891487,0.0493805580320103,0.134,"Not Significant","truncating"
"11669C>T","15723G>A",129,120.724041159963,0.0287959455587197,0.284,"Not Significant","truncating"
"11669C>T","4983C>T",103,105.729653882133,-0.0113595857923707,0.696,"Not Significant","truncating"
"11669C>T","7122C>T",132,137.640785781104,-0.0181732121053022,0.475,"Not Significant","truncating"
"11669C>T","4716C>T",117,94.9644527595884,0.0906247918191186,0.001,"Significant","truncating"
"11669C>T","12767G>A",134,129.951356407858,0.0133239814198517,0.574,"Not Significant","truncating"
"11669C>T","6573G>A",119,123.030869971936,-0.0144671335946544,0.586,"Not Significant","truncating"
"11669C>T","4121G>A",94,93.4265668849392,0.00265746333409248,0.943,"Not Significant","truncating"
"11669C>T","7779G>A",120,109.958840037418,0.0379510962512576,0.163,"Not Significant","truncating"
"11669C>T","12923G>A",80,78.8166510757717,0.00647200926888998,0.87,"Not Significant","truncating"
"11669C>T","8980C>T",100,93.4265668849392,0.0295296097343661,0.354,"Not Significant","truncating"
"11669C>T","8114G>A",104,101.115996258185,0.0122134741417194,0.723,"Not Significant","truncating"
"11669C>T","15561G>A",105,90.7352666043031,0.0634131794324753,0.027,"Significant","truncating"
"11669C>T","14314A>C",69,66.8980355472404,0.0134357257873446,0.724,"Not Significant","truncating"
"11669C>T","14429C>T",107,102.653882132834,0.018008399653326,0.558,"Not Significant","truncating"
"11669C>T","12006G>A",97,86.5060804490178,0.0497250994875369,0.116,"Not Significant","truncating"
"11669C>T","8852G>A",120,97.6557530402245,0.0894834127603128,0.001,"Significant","truncating"
"11669C>T","12931C>T",122,98.0402245088868,0.094955533573415,0.001,"Significant","truncating"
"11669C>T","14283C>T",213,189.928905519177,0.0497885378477748,0.001,"Significant","truncating"
"11669C>T","9687C>T",82,76.5098222637979,0.0300966593066808,0.429,"Not Significant","truncating"
"11669C>T","15882G>A",69,68.4359214218896,0.00356497176106505,0.934,"Not Significant","truncating"
"11669C>T","6030C>T",93,91.1197380729654,0.00887048587653041,0.821,"Not Significant","truncating"
"11669C>T","6690G>A",58,62.2843779232928,-0.0309511376469333,0.458,"Not Significant","truncating"
"11669C>T","14360C>T",110,102.269410664172,0.031646931859837,0.256,"Not Significant","truncating"
"11669C>T","9376G>A",77,74.5874649204864,0.0138248785749464,0.763,"Not Significant","truncating"
"11669C>T","4214G>A",104,86.5060804490178,0.0799867045200423,0.011,"Significant","truncating"
"11669C>T","5035G>A",72,68.0514499532273,0.0244951134021357,0.555,"Not Significant","truncating"
"11669C>T","11594C>T",69,65.7446211412535,0.0209888636777791,0.586,"Not Significant","truncating"
"11669C>T","13556G>A",66,74.5874649204864,-0.0531219110555728,0.17,"Not Significant","truncating"
"11669C>T","9819G>A",96,74.5874649204864,0.109605386441921,0,"Significant","truncating"
"11669C>T","9984G>A",81,71.511693171188,0.0541079579933711,0.148,"Not Significant","truncating"
"11669C>T","8572G>T",96,73.0495790458372,0.118653515419306,0,"Significant","truncating"
"11669C>T","6922G>A",92,88.8129092609916,0.0153117307861028,0.654,"Not Significant","truncating"
"11669C>T","3668G>A",97,64.9756782039289,0.17402091298506,0,"Significant","truncating"
"11669C>T","15761G>A",89,76.8942937324602,0.0634958943135635,0.058,"Not Significant","truncating"
"11669C>T","4743C>T",76,68.4359214218896,0.0455294733045431,0.212,"Not Significant","truncating"
"3445C>T","9216C>T",120,129.732460243218,-0.0338674080682452,0.225,"Not Significant","truncating"
"3445C>T","3563G>A",149,125.646398503274,0.0740362238128815,0.001,"Significant","truncating"
"3445C>T","10375G>A",92,95.000935453695,-0.0139400543683054,0.66,"Not Significant","truncating"
"3445C>T","9543G>A",98,93.2984097287184,0.0213518344318066,0.501,"Not Significant","truncating"
"3445C>T","13261C>T",134,127.689429373246,0.0209498521967947,0.426,"Not Significant","truncating"
"3445C>T","14532C>T",115,118.495790458372,-0.0130050820332361,0.665,"Not Significant","truncating"
"3445C>T","6381G>A",65,72.5275958840037,-0.0475899252360908,0.223,"Not Significant","truncating"
"3445C>T","12629G>A",125,105.216089803555,0.0748278551428784,0.003,"Significant","truncating"
"3445C>T","6264G>A",135,112.366697848457,0.0796961501767758,0.001,"Significant","truncating"
"3445C>T","10971G>A",189,173.317118802619,0.0376203433961866,0.045,"Significant","truncating"
"3445C>T","12002C>T",107,90.5743685687558,0.072378462613791,0.016,"Significant","truncating"
"3445C>T","11403G>A",79,79.6782039289055,-0.00371244455997477,0.933,"Not Significant","truncating"
"3445C>T","8391G>A",93,90.5743685687558,0.0114776334825776,0.759,"Not Significant","truncating"
"3445C>T","9253G>A",117,109.302151543499,0.0295571509009855,0.292,"Not Significant","truncating"
"3445C>T","14592C>T",100,95.6819457436857,0.0191700016546225,0.554,"Not Significant","truncating"
"3445C>T","3842G>A",97,92.2768942937325,0.0216787649515382,0.521,"Not Significant","truncating"
"3445C>T","7896G>A",121,100.108512628625,0.0823143614639399,0.002,"Significant","truncating"
"3445C>T","7384G>A",58,66.3985032740879,-0.058730296239764,0.199,"Not Significant","truncating"
"3445C>T","15723G>A",129,106.918615528531,0.0815363837856864,0,"Significant","truncating"
"3445C>T","4983C>T",99,93.6389148737138,0.0241788223269841,0.452,"Not Significant","truncating"
"3445C>T","7122C>T",144,121.900841908326,0.0723557870110426,0.003,"Significant","truncating"
"3445C>T","4716C>T",97,84.1047708138447,0.0619511025662324,0.055,"Not Significant","truncating"
"3445C>T","12767G>A",123,115.090739008419,0.028864732721441,0.29,"Not Significant","truncating"
"3445C>T","6573G>A",124,108.961646398503,0.0561480284020027,0.034,"Significant","truncating"
"3445C>T","4121G>A",89,82.7427502338634,0.0316600546062856,0.331,"Not Significant","truncating"
"3445C>T","7779G>A",100,97.3844714686623,0.0115102884306674,0.701,"Not Significant","truncating"
"3445C>T","12923G>A",83,69.8035547240412,0.0752005528799427,0.035,"Significant","truncating"
"3445C>T","8980C>T",85,82.7427502338634,0.0116889736756886,0.765,"Not Significant","truncating"
"3445C>T","8114G>A",97,89.5528531337699,0.0346923073361718,0.295,"Not Significant","truncating"
"3445C>T","15561G>A",90,80.3592142188962,0.0492068280288824,0.148,"Not Significant","truncating"
"3445C>T","14314A>C",74,59.2478952291862,0.0965587930079523,0.011,"Significant","truncating"
"3445C>T","14429C>T",102,90.9148737137512,0.0499652319570124,0.105,"Not Significant","truncating"
"3445C>T","12006G>A",93,76.6136576239476,0.0841767520021947,0.008,"Significant","truncating"
"3445C>T","8852G>A",115,86.488306828812,0.123740445293271,0,"Significant","truncating"
"3445C>T","12931C>T",111,86.8288119738073,0.106659119912315,0.001,"Significant","truncating"
"3445C>T","14283C>T",170,168.209541627689,0.00459829401434627,0.855,"Not Significant","truncating"
"3445C>T","9687C>T",83,67.7605238540692,0.0881013375259716,0.009,"Significant","truncating"
"3445C>T","15882G>A",55,60.6099158091675,-0.0421809912548551,0.363,"Not Significant","truncating"
"3445C>T","6030C>T",81,80.6997193638915,0.00161299442826588,1,"Not Significant","truncating"
"3445C>T","6690G>A",42,55.1618334892423,-0.118389402584762,0.021,"Significant","truncating"
"3445C>T","14360C>T",105,90.5743685687558,0.0641839839985272,0.037,"Significant","truncating"
"3445C>T","9376G>A",67,66.0579981290926,0.00614939433031317,0.931,"Not Significant","truncating"
"3445C>T","4214G>A",81,76.6136576239476,0.0241788223269786,0.524,"Not Significant","truncating"
"3445C>T","5035G>A",78,60.2694106641721,0.111997657888232,0.004,"Significant","truncating"
"3445C>T","11594C>T",63,58.2263797942002,0.0342207606210934,0.432,"Not Significant","truncating"
"3445C>T","13556G>A",63,66.0579981290926,-0.0205848589168904,0.636,"Not Significant","truncating"
"3445C>T","9819G>A",75,66.0579981290926,0.0551358550211176,0.138,"Not Significant","truncating"
"3445C>T","9984G>A",73,63.33395696913,0.0616862374621708,0.108,"Not Significant","truncating"
"3445C>T","8572G>T",84,64.6959775491113,0.11340200666862,0,"Significant","truncating"
"3445C>T","6922G>A",78,78.6566884939195,-0.0036410556419372,0.934,"Not Significant","truncating"
"3445C>T","3668G>A",68,57.5453695042095,0.0724985296521688,0.073,"Not Significant","truncating"
"3445C>T","15761G>A",83,68.1010289990645,0.0859244182717003,0.024,"Significant","truncating"
"3445C>T","4743C>T",89,60.6099158091675,0.166846325895512,0,"Significant","truncating"
"9216C>T","3563G>A",138,131.514499532273,0.0209054497753194,0.421,"Not Significant","truncating"
"9216C>T","10375G>A",103,99.4377923292797,0.0152857509647183,0.624,"Not Significant","truncating"
"9216C>T","9543G>A",112,97.6557530402245,0.0595201893828954,0.037,"Significant","truncating"
"9216C>T","13261C>T",135,133.652946679139,0.00435523030044279,0.906,"Not Significant","truncating"
"9216C>T","14532C>T",142,124.029934518241,0.0587618299695899,0.016,"Significant","truncating"
"9216C>T","6381G>A",106,75.9148737137512,0.144978991359029,0,"Significant","truncating"
"9216C>T","12629G>A",107,110.130028063611,-0.0125219722064548,0.72,"Not Significant","truncating"
"9216C>T","6264G>A",102,117.614593077643,-0.0618610385827546,0.033,"Significant","truncating"
"9216C>T","10971G>A",186,181.411599625819,0.0108478914143103,0.562,"Not Significant","truncating"
"9216C>T","12002C>T",82,94.8044901777362,-0.0630150547141201,0.054,"Not Significant","truncating"
"9216C>T","11403G>A",94,83.399438727783,0.0519647257226558,0.137,"Not Significant","truncating"
"9216C>T","8391G>A",101,94.8044901777362,0.0274924666847062,0.372,"Not Significant","truncating"
"9216C>T","9253G>A",133,114.406922357343,0.0653993380953193,0.009,"Significant","truncating"
"9216C>T","14592C>T",115,100.150608044902,0.0600442499816346,0.04,"Significant","truncating"
"9216C>T","3842G>A",110,96.5865294667914,0.0564761238169232,0.053,"Not Significant","truncating"
"9216C>T","7896G>A",96,104.783910196445,-0.0380233678393922,0.21,"Not Significant","truncating"
"9216C>T","7384G>A",84,69.4995322731525,0.0822974042324144,0.023,"Significant","truncating"
"9216C>T","15723G>A",113,111.912067352666,0.00420152494335981,0.881,"Not Significant","truncating"
"9216C>T","4983C>T",114,98.0121608980355,0.0656248870393065,0.021,"Significant","truncating"
"9216C>T","7122C>T",140,127.594013096352,0.0402977385674922,0.102,"Not Significant","truncating"
"9216C>T","4716C>T",100,88.0327408793265,0.0553557762734339,0.09,"Not Significant","truncating"
"9216C>T","12767G>A",123,120.465855940131,0.00904114069489456,0.708,"Not Significant","truncating"
"9216C>T","6573G>A",117,114.050514499532,0.0110886129594049,0.731,"Not Significant","truncating"
"9216C>T","4121G>A",91,86.6071094480823,0.021487848255916,0.564,"Not Significant","truncating"
"9216C>T","7779G>A",107,101.932647333957,0.0210704740893052,0.511,"Not Significant","truncating"
"9216C>T","12923G>A",96,73.0636108512629,0.118570101516831,0,"Significant","truncating"
"9216C>T","8980C>T",104,86.6071094480823,0.079479795233543,0.011,"Significant","truncating"
"9216C>T","8114G>A",99,93.7352666043031,0.0237321756409262,0.434,"Not Significant","truncating"
"9216C>T","15561G>A",83,84.112254443405,-0.00578118106086704,0.877,"Not Significant","truncating"
"9216C>T","14314A>C",70,62.0149672591207,0.0526015212647359,0.174,"Not Significant","truncating"
"9216C>T","14429C>T",106,95.1608980355472,0.0468473334333071,0.12,"Not Significant","truncating"
"9216C>T","12006G>A",76,80.1917680074836,-0.0233161962973825,0.503,"Not Significant","truncating"
"9216C>T","8852G>A",82,90.5275958840037,-0.0429671347030128,0.207,"Not Significant","truncating"
"9216C>T","12931C>T",93,90.8840037418148,0.00999549765312784,0.76,"Not Significant","truncating"
"9216C>T","14283C>T",193,176.065481758653,0.0398830896172639,0.032,"Significant","truncating"
"9216C>T","9687C>T",84,70.9251637043966,0.0734789391852384,0.03,"Significant","truncating"
"9216C>T","15882G>A",66,63.4405986903648,0.0171766627661069,0.678,"Not Significant","truncating"
"9216C>T","6030C>T",106,84.4686623012161,0.0986102487877207,0.001,"Significant","truncating"
"9216C>T","6690G>A",64,57.7380729653882,0.0447176889743414,0.29,"Not Significant","truncating"
"9216C>T","14360C>T",80,94.8044901777362,-0.07373892010588,0.033,"Significant","truncating"
"9216C>T","9376G>A",71,69.1431244153414,0.0115093483219916,0.816,"Not Significant","truncating"
"9216C>T","4214G>A",85,80.1917680074836,0.0252891371360584,0.491,"Not Significant","truncating"
"9216C>T","5035G>A",72,63.0841908325538,0.0574119596025353,0.128,"Not Significant","truncating"
"9216C>T","11594C>T",69,60.9457436856876,0.0539057098781771,0.176,"Not Significant","truncating"
"9216C>T","13556G>A",82,69.1431244153414,0.074064851986551,0.036,"Significant","truncating"
"9216C>T","9819G>A",63,69.1431244153414,-0.0404084509434244,0.34,"Not Significant","truncating"
"9216C>T","9984G>A",78,66.2918615528531,0.0706343880056245,0.054,"Not Significant","truncating"
"9216C>T","8572G>T",51,67.7174929840973,-0.123130695321524,0.012,"Significant","truncating"
"9216C>T","6922G>A",80,82.3302151543499,-0.0124692633670266,0.774,"Not Significant","truncating"
"9216C>T","3668G>A",51,60.2329279700655,-0.0722637989824478,0.141,"Not Significant","truncating"
"9216C>T","15761G>A",81,71.2815715622077,0.0555077527477542,0.138,"Not Significant","truncating"
"9216C>T","4743C>T",56,63.4405986903648,-0.0541792457694439,0.23,"Not Significant","truncating"
"3563G>A","10375G>A",115,96.3058933582788,0.0770449761296585,0.009,"Significant","truncating"
"3563G>A","9543G>A",98,94.5799812909261,0.0154268519218086,0.673,"Not Significant","truncating"
"3563G>A","13261C>T",125,129.44340505145,-0.0151699156699328,0.595,"Not Significant","truncating"
"3563G>A","14532C>T",124,120.123479887746,0.0137937802653606,0.636,"Not Significant","truncating"
"3563G>A","6381G>A",70,73.5238540692236,-0.0213302243747335,0.575,"Not Significant","truncating"
"3563G>A","12629G>A",111,106.661365762395,0.0173158384115246,0.601,"Not Significant","truncating"
"3563G>A","6264G>A",123,113.910196445276,0.0333425106112,0.201,"Not Significant","truncating"
"3563G>A","10971G>A",193,175.697848456501,0.0407908657207105,0.031,"Significant","truncating"
"3563G>A","12002C>T",113,91.8185219831618,0.0901481459019818,0,"Significant","truncating"
"3563G>A","11403G>A",96,80.7726847521048,0.075006714679058,0.019,"Significant","truncating"
"3563G>A","8391G>A",101,91.8185219831618,0.0413910762012503,0.168,"Not Significant","truncating"
"3563G>A","9253G>A",123,110.803554724041,0.0453514180842046,0.103,"Not Significant","truncating"
"3563G>A","14592C>T",106,96.9962581852198,0.0385508844093701,0.185,"Not Significant","truncating"
"3563G>A","3842G>A",110,93.5444340505145,0.0703747333334675,0.015,"Significant","truncating"
"3563G>A","7896G>A",118,101.483629560337,0.0654860159436259,0.014,"Significant","truncating"
"3563G>A","7384G>A",75,67.310570626754,0.0469779910788335,0.219,"Not Significant","truncating"
"3563G>A","15723G>A",122,108.387277829747,0.0513815216512062,0.064,"Not Significant","truncating"
"3563G>A","4983C>T",101,94.9251637043966,0.0269400190020701,0.368,"Not Significant","truncating"
"3563G>A","7122C>T",141,123.575304022451,0.0572874250611797,0.016,"Significant","truncating"
"3563G>A","4716C>T",114,85.2600561272217,0.126159237126396,0,"Significant","truncating"
"3563G>A","12767G>A",143,116.67165575304,0.0883706762370563,0.001,"Significant","truncating"
"3563G>A","6573G>A",117,110.458372310571,0.0249872224759514,0.368,"Not Significant","truncating"
"3563G>A","4121G>A",82,83.8793264733396,-0.00984108216486601,0.826,"Not Significant","truncating"
"3563G>A","7779G>A",95,98.7221702525725,-0.0166910887904603,0.614,"Not Significant","truncating"
"3563G>A","12923G>A",80,70.7623947614593,0.0532874649858361,0.161,"Not Significant","truncating"
"3563G>A","8980C>T",85,83.8793264733396,0.0057639911656913,0.875,"Not Significant","truncating"
"3563G>A","8114G>A",100,90.7829747427502,0.0419955905599158,0.188,"Not Significant","truncating"
"3563G>A","15561G>A",91,81.4630495790458,0.0480807284006488,0.159,"Not Significant","truncating"
"3563G>A","14314A>C",64,60.0617399438728,0.0275820647509606,0.534,"Not Significant","truncating"
"3563G>A","14429C>T",110,92.1637043966324,0.076832762843291,0.002,"Significant","truncating"
"3563G>A","12006G>A",84,77.66604303087,0.0340481070001946,0.347,"Not Significant","truncating"
"3563G>A","8852G>A",139,87.6763330215154,0.200132422683692,0,"Significant","truncating"
"3563G>A","12931C>T",145,88.021515434986,0.216779160850543,0,"Significant","truncating"
"3563G>A","14283C>T",193,170.520112254443,0.0537816991338149,0.009,"Significant","truncating"
"3563G>A","9687C>T",79,68.6913002806361,0.0607253539303699,0.099,"Not Significant","truncating"
"3563G>A","15882G>A",59,61.4424695977549,-0.0176166516170029,0.734,"Not Significant","truncating"
"3563G>A","6030C>T",85,81.8082319925164,0.0166219187538866,0.646,"Not Significant","truncating"
"3563G>A","6690G>A",70,55.9195509822264,0.0975343645211873,0.015,"Significant","truncating"
"3563G>A","14360C>T",111,91.8185219831618,0.0823926812052264,0.008,"Significant","truncating"
"3563G>A","9376G>A",76,66.9653882132834,0.0549632014002059,0.132,"Not Significant","truncating"
"3563G>A","4214G>A",83,77.66604303087,0.0288469133143931,0.441,"Not Significant","truncating"
"3563G>A","5035G>A",67,61.0972871842844,0.0400528753886749,0.322,"Not Significant","truncating"
"3563G>A","11594C>T",51,59.0261927034612,-0.063474595244384,0.169,"Not Significant","truncating"
"3563G>A","13556G>A",49,66.9653882132834,-0.135654310851757,0.003,"Significant","truncating"
"3563G>A","9819G>A",79,66.9653882132834,0.0717767004098343,0.042,"Significant","truncating"
"3563G>A","9984G>A",68,64.2039289055192,0.0249473075379999,0.558,"Not Significant","truncating"
"3563G>A","8572G>T",89,65.5846585594013,0.132587744741627,0,"Significant","truncating"
"3563G>A","6922G>A",91,79.7371375116932,0.0573807514785995,0.092,"Not Significant","truncating"
"3563G>A","3668G>A",66,58.3358278765201,0.0536085699778264,0.164,"Not Significant","truncating"
"3563G>A","15761G>A",69,69.0364826941066,-0.000229565877007877,1,"Not Significant","truncating"
"3563G>A","4743C>T",76,61.4424695977549,0.0923449290214797,0.011,"Significant","truncating"
"10375G>A","9543G>A",79,71.511693171188,0.0432500304051763,0.269,"Not Significant","truncating"
"10375G>A","13261C>T",114,97.8718428437792,0.0662470855438714,0.019,"Significant","truncating"
"10375G>A","14532C>T",99,90.8250701590271,0.0374294525861099,0.232,"Not Significant","truncating"
"10375G>A","6381G>A",71,55.5912067352666,0.106252247215348,0.009,"Significant","truncating"
"10375G>A","12629G>A",88,80.6463985032741,0.0378976946604695,0.295,"Not Significant","truncating"
"10375G>A","6264G>A",97,86.1272217025257,0.0516312963234812,0.113,"Not Significant","truncating"
"10375G>A","10971G>A",136,132.844714686623,0.0101946279686315,0.67,"Not Significant","truncating"
"10375G>A","12002C>T",78,69.4237605238541,0.0505864679945251,0.168,"Not Significant","truncating"
"10375G>A","11403G>A",76,61.0720299345182,0.0949712368056893,0.013,"Significant","truncating"
"10375G>A","8391G>A",83,69.4237605238541,0.077569957680085,0.03,"Significant","truncating"
"10375G>A","9253G>A",93,83.778297474275,0.0453514180841921,0.179,"Not Significant","truncating"
"10375G>A","14592C>T",75,73.3386342376052,0.00972844542178752,0.79,"Not Significant","truncating"
"10375G>A","3842G>A",84,70.7287184284378,0.0746834971225594,0.03,"Significant","truncating"
"10375G>A","7896G>A",75,76.7315247895229,-0.00991256508526373,0.811,"Not Significant","truncating"
"10375G>A","7384G>A",53,50.8933582787652,0.0176147601734175,0.728,"Not Significant","truncating"
"10375G>A","15723G>A",91,81.9513564078578,0.0454852461830064,0.184,"Not Significant","truncating"
"10375G>A","4983C>T",82,71.7726847521048,0.057854660488559,0.114,"Not Significant","truncating"
"10375G>A","7122C>T",97,93.4349859681946,0.0162622095575339,0.622,"Not Significant","truncating"
"10375G>A","4716C>T",75,64.4649204864359,0.0657378120671201,0.07,"Not Significant","truncating"
"10375G>A","12767G>A",76,88.2151543498597,-0.0647296060616037,0.062,"Not Significant","truncating"
"10375G>A","6573G>A",100,83.5173058933583,0.0782235236151888,0.015,"Significant","truncating"
"10375G>A","4121G>A",75,63.4209541627689,0.0728284917284626,0.06,"Not Significant","truncating"
"10375G>A","7779G>A",83,74.643592142189,0.0460855611821527,0.204,"Not Significant","truncating"
"10375G>A","12923G>A",57,53.5032740879327,0.0274944965518677,0.6,"Not Significant","truncating"
"10375G>A","8980C>T",75,63.4209541627689,0.0728284917284626,0.053,"Not Significant","truncating"
"10375G>A","8114G>A",90,68.6407857811038,0.117660262884597,0.001,"Significant","truncating"
"10375G>A","15561G>A",64,61.5940130963517,0.0166414729489345,0.757,"Not Significant","truncating"
"10375G>A","14314A>C",39,45.4125350795136,-0.0661111393207628,0.238,"Not Significant","truncating"
"10375G>A","14429C>T",76,69.6847521047708,0.0376758328513448,0.344,"Not Significant","truncating"
"10375G>A","12006G>A",72,58.7231057062675,0.08852348025495,0.019,"Significant","truncating"
"10375G>A","8852G>A",70,66.2918615528531,0.0236378253294645,0.552,"Not Significant","truncating"
"10375G>A","12931C>T",72,66.5528531337699,0.0341658179324444,0.418,"Not Significant","truncating"
"10375G>A","14283C>T",143,128.929840972872,0.0449825904765622,0.037,"Significant","truncating"
"10375G>A","9687C>T",59,51.9373246024322,0.0553724371675179,0.217,"Not Significant","truncating"
"10375G>A","15882G>A",58,46.4565014031805,0.0963814931890377,0.043,"Significant","truncating"
"10375G>A","6030C>T",67,61.8550046772685,0.0346999586258491,0.404,"Not Significant","truncating"
"10375G>A","6690G>A",54,42.2806361085126,0.106252247215295,0.026,"Significant","truncating"
"10375G>A","14360C>T",73,69.4237605238541,0.0218147254245387,0.595,"Not Significant","truncating"
"10375G>A","9376G>A",54,50.6323666978485,0.0279655318278694,0.583,"Not Significant","truncating"
"10375G>A","4214G>A",56,58.7231057062675,-0.0206209891699456,0.666,"Not Significant","truncating"
"10375G>A","5035G>A",46,46.1955098222638,-0.00184193274504805,1,"Not Significant","truncating"
"10375G>A","11594C>T",39,44.6295603367633,-0.0585580014303337,0.309,"Not Significant","truncating"
"10375G>A","13556G>A",58,50.6323666978485,0.0589997655677828,0.196,"Not Significant","truncating"
"10375G>A","9819G>A",54,50.6323666978485,0.0279655318278694,0.593,"Not Significant","truncating"
"10375G>A","9984G>A",47,48.5444340505145,-0.014041584346989,0.772,"Not Significant","truncating"
"10375G>A","8572G>T",50,49.5884003741815,0.00358990531836317,1,"Not Significant","truncating"
"10375G>A","6922G>A",63,60.289055191768,0.0191020714965868,0.693,"Not Significant","truncating"
"10375G>A","3668G>A",39,44.1075771749298,-0.0534485956518649,0.336,"Not Significant","truncating"
"10375G>A","15761G>A",57,52.1983161833489,0.0382183619436206,0.422,"Not Significant","truncating"
"10375G>A","4743C>T",48,46.4565014031805,0.0141947370018436,0.774,"Not Significant","truncating"
"9543G>A","13261C>T",84,96.1178671655753,-0.058524839277382,0.086,"Not Significant","truncating"
"9543G>A","14532C>T",87,89.1973807296539,-0.01083284893956,0.767,"Not Significant","truncating"
"9543G>A","6381G>A",45,54.5949485500468,-0.0839399472748344,0.089,"Not Significant","truncating"
"9543G>A","12629G>A",58,79.201122544434,-0.135303343473307,0,"Significant","truncating"
"9543G>A","6264G>A",72,84.5837231057063,-0.0699543010581392,0.056,"Not Significant","truncating"
"9543G>A","10971G>A",119,130.463985032741,-0.0399436785558058,0.142,"Not Significant","truncating"
"9543G>A","12002C>T",59,68.1796071094481,-0.0628024826004335,0.146,"Not Significant","truncating"
"9543G>A","11403G>A",65,59.977549111319,0.0349246416210469,0.429,"Not Significant","truncating"
"9543G>A","8391G>A",62,68.1796071094481,-0.0412628047443595,0.34,"Not Significant","truncating"
"9543G>A","9253G>A",94,82.2768942937325,0.0578499635831507,0.086,"Not Significant","truncating"
"9543G>A","14592C>T",86,72.0243217960711,0.07701927372678,0.025,"Significant","truncating"
"9543G>A","3842G>A",84,69.4611786716557,0.0825371375757578,0.021,"Significant","truncating"
"9543G>A","7896G>A",64,75.356407857811,-0.0709402140397778,0.082,"Not Significant","truncating"
"9543G>A","7384G>A",50,49.9812909260992,0.00016253536189055,1,"Not Significant","truncating"
"9543G>A","15723G>A",82,80.4826941066417,0.00811134669888179,0.808,"Not Significant","truncating"
"9543G>A","4983C>T",44,70.4864359214219,-0.204652874955314,0,"Significant","truncating"
"9543G>A","7122C>T",111,91.7605238540692,0.0826670945310911,0.005,"Significant","truncating"
"9543G>A","4716C>T",71,63.3096351730589,0.0497885378477253,0.203,"Not Significant","truncating"
"9543G>A","12767G>A",99,86.6342376052385,0.0579456367082227,0.066,"Not Significant","truncating"
"9543G>A","6573G>A",91,82.0205799812909,0.0451185563895255,0.18,"Not Significant","truncating"
"9543G>A","4121G>A",40,62.2843779232928,-0.192319139881571,0,"Significant","truncating"
"9543G>A","7779G>A",58,73.3058933582788,-0.101710897177559,0.022,"Significant","truncating"
"9543G>A","12923G>A",85,52.5444340505145,0.208892207046613,0,"Significant","truncating"
"9543G>A","8980C>T",68,62.2843779232928,0.0381297814962556,0.355,"Not Significant","truncating"
"9543G>A","8114G>A",84,67.4106641721235,0.0955506799603866,0.005,"Significant","truncating"
"9543G>A","15561G>A",66,60.4901777362021,0.0378590749600922,0.349,"Not Significant","truncating"
"9543G>A","14314A>C",97,44.5986903648269,0.337449628371509,0,"Significant","truncating"
"9543G>A","14429C>T",69,68.4359214218896,0.00356497176106505,0.929,"Not Significant","truncating"
"9543G>A","12006G>A",69,57.6707202993452,0.0778937150141593,0.059,"Not Significant","truncating"
"9543G>A","8852G>A",65,65.1038353601497,-0.000693217588691357,1,"Not Significant","truncating"
"9543G>A","12931C>T",68,65.3601496725912,0.0171958746606455,0.672,"Not Significant","truncating"
"9543G>A","14283C>T",126,126.619270346118,-0.00212926141769232,0.939,"Not Significant","truncating"
"9543G>A","9687C>T",82,51.0065481758653,0.206187918362078,0,"Significant","truncating"
"9543G>A","15882G>A",41,45.6239476145931,-0.0464090032006611,0.412,"Not Significant","truncating"
"9543G>A","6030C>T",59,60.7464920486436,-0.0126691919795485,0.771,"Not Significant","truncating"
"9543G>A","6690G>A",40,41.5229186155285,-0.0162278808262386,0.763,"Not Significant","truncating"
"9543G>A","14360C>T",68,68.1796071094481,-0.00114558153643887,1,"Not Significant","truncating"
"9543G>A","9376G>A",47,49.7249766136576,-0.0244767296060679,0.658,"Not Significant","truncating"
"9543G>A","4214G>A",48,57.6707202993452,-0.0797141383472334,0.095,"Not Significant","truncating"
"9543G>A","5035G>A",46,45.3676333021515,0.00601170770814438,0.936,"Not Significant","truncating"
"9543G>A","11594C>T",41,43.8297474275023,-0.0289851112839599,0.651,"Not Significant","truncating"
"9543G>A","13556G>A",41,49.7249766136576,-0.0837907308219146,0.113,"Not Significant","truncating"
"9543G>A","9819G>A",37,49.7249766136576,-0.128372863474541,0.021,"Significant","truncating"
"9543G>A","9984G>A",56,47.6744621141253,0.0699022251765387,0.145,"Not Significant","truncating"
"9543G>A","8572G>T",50,48.6997193638915,0.0114435457715568,0.852,"Not Significant","truncating"
"9543G>A","6922G>A",53,59.2086061739944,-0.0481089679028793,0.299,"Not Significant","truncating"
"9543G>A","3668G>A",32,43.3171188026193,-0.131509583905023,0.026,"Significant","truncating"
"9543G>A","15761G>A",43,51.2628624883068,-0.0763343976958418,0.16,"Not Significant","truncating"
"9543G>A","4743C>T",64,45.6239476145931,0.14698711406311,0.001,"Significant","truncating"
"13261C>T","14532C>T",134,122.076707202993,0.0404719918992541,0.122,"Not Significant","truncating"
"13261C>T","6381G>A",87,74.7193638914874,0.0660860866608579,0.039,"Significant","truncating"
"13261C>T","12629G>A",92,108.395696913003,-0.0712242145981488,0.014,"Significant","truncating"
"13261C>T","6264G>A",117,115.762394761459,0.00461835934932932,0.88,"Not Significant","truncating"
"13261C>T","10971G>A",207,178.55472404116,0.0641990006011847,0,"Significant","truncating"
"13261C>T","12002C>T",82,93.311506080449,-0.056121346766227,0.095,"Not Significant","truncating"
"13261C>T","11403G>A",98,82.0860617399439,0.0769566557633253,0.018,"Significant","truncating"
"13261C>T","8391G>A",108,93.311506080449,0.0634885563368786,0.035,"Significant","truncating"
"13261C>T","9253G>A",108,112.605238540692,-0.0181348394368468,0.528,"Not Significant","truncating"
"13261C>T","14592C>T",101,98.5734331150608,0.0105614913586113,0.771,"Not Significant","truncating"
"13261C>T","3842G>A",113,95.065481758653,0.0750555900900007,0.015,"Significant","truncating"
"13261C>T","7896G>A",99,103.133769878391,-0.0177656983335306,0.57,"Not Significant","truncating"
"13261C>T","7384G>A",71,68.4050514499532,0.0161701748375932,0.681,"Not Significant","truncating"
"13261C>T","15723G>A",107,110.149672591207,-0.0125994329069345,0.659,"Not Significant","truncating"
"13261C>T","4983C>T",181,96.4686623012161,0.273292318519771,0,"Significant","truncating"
"13261C>T","7122C>T",126,125.584658559401,0.00143395595474659,1,"Not Significant","truncating"
"13261C>T","4716C>T",80,86.6463985032741,-0.0346605287866213,0.321,"Not Significant","truncating"
"13261C>T","12767G>A",139,118.568755846586,0.0690445374574456,0.005,"Significant","truncating"
"13261C>T","6573G>A",122,112.254443405051,0.0361562898358705,0.206,"Not Significant","truncating"
"13261C>T","4121G>A",178,85.243217960711,0.319760166191375,0,"Significant","truncating"
"13261C>T","7779G>A",127,100.327408793265,0.102384125307882,0,"Significant","truncating"
"13261C>T","12923G>A",71,71.9130028063611,-0.00554907485561214,0.941,"Not Significant","truncating"
"13261C>T","8980C>T",88,85.243217960711,0.0138228360328996,0.73,"Not Significant","truncating"
"13261C>T","8114G>A",103,92.2591206735267,0.0478279136964245,0.123,"Not Significant","truncating"
"13261C>T","15561G>A",84,82.7876520112254,0.00631372057282666,0.877,"Not Significant","truncating"
"13261C>T","14314A>C",60,61.0383536014967,-0.00745156041788464,0.859,"Not Significant","truncating"
"13261C>T","14429C>T",98,93.6623012160898,0.0196612518089583,0.576,"Not Significant","truncating"
"13261C>T","12006G>A",77,78.9289055191768,-0.0107453554578076,0.811,"Not Significant","truncating"
"13261C>T","8852G>A",72,89.1019644527596,-0.0925547827074946,0.008,"Significant","truncating"
"13261C>T","12931C>T",66,89.4527595884004,-0.132049807410855,0.002,"Significant","truncating"
"13261C>T","14283C>T",185,173.292797006548,0.0283912169604102,0.153,"Not Significant","truncating"
"13261C>T","9687C>T",89,69.8082319925164,0.105483367716131,0.002,"Significant","truncating"
"13261C>T","15882G>A",78,62.4415341440599,0.0966210378625068,0.005,"Significant","truncating"
"13261C>T","6030C>T",87,83.1384471468662,0.0197173440895506,0.593,"Not Significant","truncating"
"13261C>T","6690G>A",61,56.8288119738073,0.030761257949143,0.504,"Not Significant","truncating"
"13261C>T","14360C>T",114,93.311506080449,0.0869696521863803,0.002,"Significant","truncating"
"13261C>T","9376G>A",84,68.0542563143125,0.0914239936125936,0.01,"Significant","truncating"
"13261C>T","4214G>A",89,78.9289055191768,0.0521539260145473,0.118,"Not Significant","truncating"
"13261C>T","5035G>A",65,62.0907390084191,0.0198865277620768,0.651,"Not Significant","truncating"
"13261C>T","11594C>T",65,59.9859681945744,0.0348636837317051,0.367,"Not Significant","truncating"
"13261C>T","13556G>A",85,68.0542563143125,0.0965636332649985,0.002,"Significant","truncating"
"13261C>T","9819G>A",64,68.0542563143125,-0.0266753184652394,0.495,"Not Significant","truncating"
"13261C>T","9984G>A",68,65.2478952291862,0.0179424059693522,0.698,"Not Significant","truncating"
"13261C>T","8572G>T",62,66.6510757717493,-0.031415473973467,0.458,"Not Significant","truncating"
"13261C>T","6922G>A",86,81.0336763330215,0.0258329088324515,0.468,"Not Significant","truncating"
"13261C>T","3668G>A",47,59.2843779232928,-0.100842409196705,0.039,"Significant","truncating"
"13261C>T","15761G>A",72,70.1590271281572,0.0112489382483306,0.802,"Not Significant","truncating"
"13261C>T","4743C>T",53,62.4415341440599,-0.0711976952269219,0.133,"Not Significant","truncating"
"14532C>T","6381G>A",75,69.3395696913003,0.0340801212151123,0.357,"Not Significant","truncating"
"14532C>T","12629G>A",113,100.591206735267,0.0505184253207348,0.096,"Not Significant","truncating"
"14532C>T","6264G>A",103,107.427502338634,-0.0182782539105008,0.575,"Not Significant","truncating"
"14532C>T","10971G>A",180,165.698783910196,0.0359531840287236,0.081,"Not Significant","truncating"
"14532C>T","12002C>T",73,86.5930776426567,-0.0741603152483206,0.037,"Significant","truncating"
"14532C>T","11403G>A",73,76.1758652946679,-0.0184945360274649,0.617,"Not Significant","truncating"
"14532C>T","8391G>A",100,86.5930776426567,0.0625168246310629,0.055,"Not Significant","truncating"
"14532C>T","9253G>A",115,104.497661365762,0.0415912692108988,0.134,"Not Significant","truncating"
"14532C>T","14592C>T",103,91.4761459307764,0.0515293660622363,0.092,"Not Significant","truncating"
"14532C>T","3842G>A",105,88.2207670720299,0.0756184694576507,0.006,"Significant","truncating"
"14532C>T","7896G>A",94,95.7081384471469,-0.00782101555025334,0.827,"Not Significant","truncating"
"14532C>T","7384G>A",81,63.4798877455566,0.105848868778181,0.001,"Significant","truncating"
"14532C>T","15723G>A",104,102.21889616464,0.0075021524877552,0.841,"Not Significant","truncating"
"14532C>T","4983C>T",93,89.5229186155285,0.0165487159858514,0.628,"Not Significant","truncating"
"14532C>T","7122C>T",134,116.542563143124,0.0606202329830818,0.015,"Significant","truncating"
"14532C>T","4716C>T",78,80.4078578110384,-0.0132038893069716,0.764,"Not Significant","truncating"
"14532C>T","12767G>A",104,110.031805425631,-0.0244848997166544,0.414,"Not Significant","truncating"
"14532C>T","6573G>A",112,104.172123479888,0.0314665056124436,0.296,"Not Significant","truncating"
"14532C>T","4121G>A",84,79.1057062675398,0.0260714737257345,0.49,"Not Significant","truncating"
"14532C>T","7779G>A",86,93.1038353601497,-0.0344691206232397,0.313,"Not Significant","truncating"
"14532C>T","12923G>A",66,66.7352666043031,-0.0048114642516813,0.945,"Not Significant","truncating"
"14532C>T","8980C>T",101,79.1057062675398,0.106113561446408,0,"Significant","truncating"
"14532C>T","8114G>A",93,85.6164639850327,0.0359256613263341,0.31,"Not Significant","truncating"
"14532C>T","15561G>A",89,76.8269410664172,0.0638764649369259,0.052,"Not Significant","truncating"
"14532C>T","14314A>C",51,56.643592142189,-0.0455806109223815,0.328,"Not Significant","truncating"
"14532C>T","14429C>T",90,86.9186155285313,0.0151297093369296,0.65,"Not Significant","truncating"
"14532C>T","12006G>A",79,73.2460243217961,0.0328430344412328,0.386,"Not Significant","truncating"
"14532C>T","8852G>A",77,82.6866230121609,-0.0309445301852203,0.383,"Not Significant","truncating"
"14532C>T","12931C>T",81,83.0121608980355,-0.0106567002930953,0.779,"Not Significant","truncating"
"14532C>T","14283C>T",178,160.815715622077,0.0440915146474181,0.025,"Significant","truncating"
"14532C>T","9687C>T",61,64.7820392890552,-0.0261247801367011,0.521,"Not Significant","truncating"
"14532C>T","15882G>A",79,57.9457436856876,0.134605550243545,0,"Significant","truncating"
"14532C>T","6030C>T",93,77.1524789522919,0.0811330638059325,0.016,"Significant","truncating"
"14532C>T","6690G>A",55,52.7371375116932,0.0182461362137762,0.717,"Not Significant","truncating"
"14532C>T","14360C>T",98,86.5930776426567,0.0537429003235665,0.094,"Not Significant","truncating"
"14532C>T","9376G>A",63,63.1543498596819,-0.00106271921444556,1,"Not Significant","truncating"
"14532C>T","4214G>A",81,73.2460243217961,0.0437009620294276,0.233,"Not Significant","truncating"
"14532C>T","5035G>A",57,57.6202057998129,-0.00469994942710992,0.934,"Not Significant","truncating"
"14532C>T","11594C>T",69,55.666978484565,0.0932514416071478,0.018,"Significant","truncating"
"14532C>T","13556G>A",78,63.1543498596819,0.0916913340223206,0.015,"Significant","truncating"
"14532C>T","9819G>A",68,63.1543498596819,0.0321056440381584,0.434,"Not Significant","truncating"
"14532C>T","9984G>A",72,60.5500467726848,0.0752180134754352,0.051,"Not Significant","truncating"
"14532C>T","8572G>T",59,61.8521983161833,-0.0205031280484537,0.666,"Not Significant","truncating"
"14532C>T","6922G>A",83,75.199251637044,0.0428645737460724,0.241,"Not Significant","truncating"
"14532C>T","3668G>A",47,55.0159027128157,-0.0683903854156244,0.137,"Not Significant","truncating"
"14532C>T","15761G>A",79,65.1075771749298,0.08399555688854,0.024,"Significant","truncating"
"14532C>T","4743C>T",61,57.9457436856876,0.0223082939640326,0.597,"Not Significant","truncating"
"6381G>A","12629G>A",55,61.5687558465856,-0.0489976881604662,0.296,"Not Significant","truncating"
"6381G>A","6264G>A",69,65.7530402245089,0.020933252629377,0.609,"Not Significant","truncating"
"6381G>A","10971G>A",114,101.419083255379,0.0507851707697068,0.051,"Not Significant","truncating"
"6381G>A","12002C>T",50,53.000935453695,-0.0253135305249587,0.598,"Not Significant","truncating"
"6381G>A","11403G>A",58,46.6248830682881,0.094810237922652,0.048,"Significant","truncating"
"6381G>A","8391G>A",65,53.000935453695,0.0886298217816776,0.05,"Not Significant","truncating"
"6381G>A","9253G>A",84,63.9597754911132,0.118372355426888,0,"Significant","truncating"
"6381G>A","14592C>T",46,55.9897100093545,-0.085350386453297,0.091,"Not Significant","truncating"
"6381G>A","3842G>A",60,53.9971936389149,0.0457800612791977,0.3,"Not Significant","truncating"
"6381G>A","7896G>A",49,58.5799812909261,-0.0775531486134584,0.097,"Not Significant","truncating"
"6381G>A","7384G>A",53,38.8540692235734,0.134839360008013,0.005,"Significant","truncating"
"6381G>A","15723G>A",65,62.5650140318054,0.0165818103396549,0.74,"Not Significant","truncating"
"6381G>A","4983C>T",77,54.7942001870907,0.147756133112031,0,"Significant","truncating"
"6381G>A","7122C>T",67,71.3320860617399,-0.0272101221729682,0.517,"Not Significant","truncating"
"6381G>A","4716C>T",45,49.2151543498597,-0.0388863377141991,0.496,"Not Significant","truncating"
"6381G>A","12767G>A",86,67.3470533208606,0.106179852735813,0.003,"Significant","truncating"
"6381G>A","6573G>A",64,63.7605238540692,0.00162809743401905,1,"Not Significant","truncating"
"6381G>A","4121G>A",63,48.4181478016838,0.114332377625102,0.009,"Significant","truncating"
"6381G>A","7779G>A",81,56.9859681945744,0.152717087519421,0,"Significant","truncating"
"6381G>A","12923G>A",36,40.8465855940131,-0.0548532585182836,0.364,"Not Significant","truncating"
"6381G>A","8980C>T",60,48.4181478016838,0.0931430785551986,0.032,"Significant","truncating"
"6381G>A","8114G>A",65,52.4031805425631,0.0935557099229775,0.027,"Significant","truncating"
"6381G>A","15561G>A",63,47.023386342376,0.127026648253281,0.004,"Significant","truncating"
"6381G>A","14314A>C",27,34.6697848456501,-0.108587382353216,0.112,"Not Significant","truncating"
"6381G>A","14429C>T",59,53.200187090739,0.0449388520475291,0.327,"Not Significant","truncating"
"6381G>A","12006G>A",42,44.8316183348924,-0.0283351259433564,0.634,"Not Significant","truncating"
"6381G>A","8852G>A",46,50.6099158091674,-0.0414777831682377,0.446,"Not Significant","truncating"
"6381G>A","12931C>T",38,50.8091674462114,-0.126158482046817,0.029,"Significant","truncating"
"6381G>A","14283C>T",109,98.4303086997194,0.0442976507869742,0.102,"Not Significant","truncating"
"6381G>A","9687C>T",32,39.6510757717493,-0.0931049963194985,0.125,"Not Significant","truncating"
"6381G>A","15882G>A",49,35.466791393826,0.140374179489322,0.005,"Significant","truncating"
"6381G>A","6030C>T",72,47.22263797942,0.183182252190888,0,"Significant","truncating"
"6381G>A","6690G>A",37,32.2787652011225,0.0592848112942327,0.324,"Not Significant","truncating"
"6381G>A","14360C>T",52,53.000935453695,-0.00828019122621177,0.856,"Not Significant","truncating"
"6381G>A","9376G>A",52,38.6548175865295,0.128799715474325,0.009,"Significant","truncating"
"6381G>A","4214G>A",48,44.8316183348924,0.0296568210342011,0.557,"Not Significant","truncating"
"6381G>A","5035G>A",38,35.267539756782,0.0324084320249553,0.597,"Not Significant","truncating"
"6381G>A","11594C>T",30,34.0720299345182,-0.0552767539022782,0.408,"Not Significant","truncating"
"6381G>A","13556G>A",50,38.6548175865295,0.111766376175578,0.03,"Significant","truncating"
"6381G>A","9819G>A",25,38.6548175865295,-0.189263619487534,0.008,"Significant","truncating"
"6381G>A","9984G>A",41,37.0608044901777,0.0438690142717469,0.484,"Not Significant","truncating"
"6381G>A","8572G>T",21,37.8578110383536,-0.255936204447948,0.002,"Significant","truncating"
"6381G>A","6922G>A",47,46.0271281571562,0.0090839798135939,0.933,"Not Significant","truncating"
"6381G>A","3668G>A",25,33.6735266604303,-0.129348594171148,0.057,"Not Significant","truncating"
"6381G>A","15761G>A",45,39.8503274087933,0.0527806198812781,0.349,"Not Significant","truncating"
"6381G>A","4743C>T",33,35.466791393826,-0.0313079606608747,0.691,"Not Significant","truncating"
"12629G>A","6264G>A",98,95.3882132834425,0.0117313615985386,0.724,"Not Significant","truncating"
"12629G>A","10971G>A",156,147.129092609916,0.0254260418016294,0.268,"Not Significant","truncating"
"12629G>A","12002C>T",86,76.88868101029,0.0486360403963843,0.143,"Not Significant","truncating"
"12629G>A","11403G>A",83,67.6389148737137,0.0888814607497557,0.011,"Significant","truncating"
"12629G>A","8391G>A",78,76.88868101029,0.00623219184334873,0.881,"Not Significant","truncating"
"12629G>A","9253G>A",96,92.7867165575304,0.014785426418624,0.668,"Not Significant","truncating"
"12629G>A","14592C>T",72,81.2245088868101,-0.0523545976897994,0.175,"Not Significant","truncating"
"12629G>A","3842G>A",77,78.33395696913,-0.0074593399179708,0.873,"Not Significant","truncating"
"12629G>A","7896G>A",87,84.9822263797942,0.0101911479903927,0.754,"Not Significant","truncating"
"12629G>A","7384G>A",60,56.3657623947615,0.0271358648050223,0.543,"Not Significant","truncating"
"12629G>A","15723G>A",102,90.7633302151544,0.0506897494725933,0.13,"Not Significant","truncating"
"12629G>A","4983C>T",85,79.4901777362021,0.029105457667938,0.416,"Not Significant","truncating"
"12629G>A","7122C>T",105,103.481758652947,0.00632549821000102,0.825,"Not Significant","truncating"
"12629G>A","4716C>T",91,71.3966323666979,0.10536366484524,0,"Significant","truncating"
"12629G>A","12767G>A",100,97.7006548175865,0.0101025255062784,0.802,"Not Significant","truncating"
"12629G>A","6573G>A",106,92.4976613657624,0.0591751127287479,0.049,"Significant","truncating"
"12629G>A","4121G>A",78,70.2404115996258,0.04550755487605,0.213,"Not Significant","truncating"
"12629G>A","7779G>A",86,82.6697848456501,0.0171516438984478,0.658,"Not Significant","truncating"
"12629G>A","12923G>A",67,59.2563143124415,0.0533401674289308,0.196,"Not Significant","truncating"
"12629G>A","8980C>T",77,70.2404115996258,0.0399036773580587,0.276,"Not Significant","truncating"
"12629G>A","8114G>A",70,76.021515434986,-0.0358384826915085,0.337,"Not Significant","truncating"
"12629G>A","15561G>A",76,68.2170252572498,0.046920815094563,0.25,"Not Significant","truncating"
"12629G>A","14314A>C",40,50.2956033676333,-0.0994700311704716,0.056,"Not Significant","truncating"
"12629G>A","14429C>T",82,77.177736202058,0.0263218168030517,0.504,"Not Significant","truncating"
"12629G>A","12006G>A",51,65.0374181478017,-0.105593116229299,0.02,"Significant","truncating"
"12629G>A","8852G>A",80,73.4200187090739,0.0372754961559002,0.323,"Not Significant","truncating"
"12629G>A","12931C>T",81,73.7090739008419,0.0409640642285849,0.268,"Not Significant","truncating"
"12629G>A","14283C>T",151,142.793264733396,0.0242692241534493,0.284,"Not Significant","truncating"
"12629G>A","9687C>T",55,57.5219831618335,-0.0194711611314848,0.662,"Not Significant","truncating"
"12629G>A","15882G>A",50,51.4518241347053,-0.0124307721889073,0.866,"Not Significant","truncating"
"12629G>A","6030C>T",68,68.5060804490178,-0.00322020751991953,0.937,"Not Significant","truncating"
"12629G>A","6690G>A",40,46.8269410664172,-0.0684357974305668,0.233,"Not Significant","truncating"
"12629G>A","14360C>T",81,76.88868101029,0.0226226080314975,0.533,"Not Significant","truncating"
"12629G>A","9376G>A",50,56.0767072029934,-0.0498124998101697,0.29,"Not Significant","truncating"
"12629G>A","4214G>A",67,65.0374181478017,0.0129115103733878,0.794,"Not Significant","truncating"
"12629G>A","5035G>A",49,51.1627689429373,-0.0187579605493121,0.705,"Not Significant","truncating"
"12629G>A","11594C>T",58,49.4284377923293,0.069451108954597,0.109,"Not Significant","truncating"
"12629G>A","13556G>A",71,56.0767072029934,0.10247584457263,0.014,"Significant","truncating"
"12629G>A","9819G>A",56,56.0767072029934,-0.000594477140081135,1,"Not Significant","truncating"
"12629G>A","9984G>A",56,53.7642656688494,0.0176943085721952,0.716,"Not Significant","truncating"
"12629G>A","8572G>T",71,54.9204864359214,0.111523973550011,0.003,"Significant","truncating"
"12629G>A","6922G>A",80,66.7717492984097,0.078497232883635,0.037,"Significant","truncating"
"12629G>A","3668G>A",70,48.8503274087933,0.156230561184258,0,"Significant","truncating"
"12629G>A","15761G>A",73,57.8110383536015,0.101312090240262,0.008,"Significant","truncating"
"12629G>A","4743C>T",48,51.4518241347053,-0.0301595391493027,0.576,"Not Significant","truncating"
"6264G>A","10971G>A",160,157.128157156221,0.00786596565005154,0.723,"Not Significant","truncating"
"6264G>A","12002C>T",111,82.1141253507951,0.130905107486343,0,"Significant","truncating"
"6264G>A","11403G>A",80,72.2357343311506,0.044337894912633,0.249,"Not Significant","truncating"
"6264G>A","8391G>A",90,82.1141253507951,0.039824638139102,0.246,"Not Significant","truncating"
"6264G>A","9253G>A",118,99.0926099158092,0.0758407402320736,0.007,"Significant","truncating"
"6264G>A","14592C>T",94,86.7446211412535,0.0348852990254706,0.291,"Not Significant","truncating"
"6264G>A","3842G>A",84,83.6576239476146,0.00177376051836438,1,"Not Significant","truncating"
"6264G>A","7896G>A",118,90.7577174929841,0.113998442224748,0,"Significant","truncating"
"6264G>A","7384G>A",64,60.1964452759589,0.0266091279522167,0.548,"Not Significant","truncating"
"6264G>A","15723G>A",110,96.9317118802619,0.0549268024158473,0.057,"Not Significant","truncating"
"6264G>A","4983C>T",79,84.8924228250702,-0.0312418372088926,0.393,"Not Significant","truncating"
"6264G>A","7122C>T",122,110.514499532273,0.0429405693617274,0.114,"Not Significant","truncating"
"6264G>A","4716C>T",99,76.2488306828812,0.113402006668644,0.002,"Significant","truncating"
"6264G>A","12767G>A",108,104.340505144995,0.0149708205401713,0.601,"Not Significant","truncating"
"6264G>A","6573G>A",91,98.7839101964453,-0.0356448206678842,0.284,"Not Significant","truncating"
"6264G>A","4121G>A",67,75.0140318054256,-0.049067705566526,0.235,"Not Significant","truncating"
"6264G>A","7779G>A",77,88.288119738073,-0.0594115426255985,0.115,"Not Significant","truncating"
"6264G>A","12923G>A",57,63.2834424695978,-0.0454152400522968,0.337,"Not Significant","truncating"
"6264G>A","8980C>T",65,75.0140318054256,-0.0622291516244769,0.127,"Not Significant","truncating"
"6264G>A","8114G>A",92,81.1880261927035,0.0542958441866251,0.092,"Not Significant","truncating"
"6264G>A","15561G>A",76,72.8531337698784,0.0183653546415507,0.655,"Not Significant","truncating"
"6264G>A","14314A>C",51,53.7137511693171,-0.0225153068537298,0.643,"Not Significant","truncating"
"6264G>A","14429C>T",74,82.422825070159,-0.0468157763026486,0.229,"Not Significant","truncating"
"6264G>A","12006G>A",79,69.4574368568756,0.0559083385098939,0.112,"Not Significant","truncating"
"6264G>A","8852G>A",90,78.4097287184284,0.059872558150206,0.071,"Not Significant","truncating"
"6264G>A","12931C>T",86,78.7184284377923,0.0384220361404564,0.278,"Not Significant","truncating"
"6264G>A","14283C>T",169,152.497661365762,0.0446235210208893,0.029,"Significant","truncating"
"6264G>A","9687C>T",59,61.4312441534144,-0.0175372994366429,0.71,"Not Significant","truncating"
"6264G>A","15882G>A",58,54.9485500467727,0.0234717565848923,0.595,"Not Significant","truncating"
"6264G>A","6030C>T",74,73.1618334892423,0.00494713905175606,0.919,"Not Significant","truncating"
"6264G>A","6690G>A",58,50.0093545369504,0.0643767443510772,0.181,"Not Significant","truncating"
"6264G>A","14360C>T",88,82.1141253507951,0.0300648008499568,0.415,"Not Significant","truncating"
"6264G>A","9376G>A",51,59.887745556595,-0.0697677885012728,0.136,"Not Significant","truncating"
"6264G>A","4214G>A",67,69.4574368568756,-0.0156439500796226,0.734,"Not Significant","truncating"
"6264G>A","5035G>A",63,54.6398503274088,0.0618310484225601,0.154,"Not Significant","truncating"
"6264G>A","11594C>T",55,52.7876520112254,0.0178303444329474,0.73,"Not Significant","truncating"
"6264G>A","13556G>A",61,59.887745556595,0.00799187041141825,0.871,"Not Significant","truncating"
"6264G>A","9819G>A",84,59.887745556595,0.146941321462338,0,"Significant","truncating"
"6264G>A","9984G>A",61,57.4181478016838,0.0262806561236968,0.549,"Not Significant","truncating"
"6264G>A","8572G>T",75,58.6529466791394,0.1067714277696,0.006,"Significant","truncating"
"6264G>A","6922G>A",75,71.3096351730589,0.0219130488304163,0.545,"Not Significant","truncating"
"6264G>A","3668G>A",67,52.1702525724977,0.108651863417859,0.007,"Significant","truncating"
"6264G>A","15761G>A",71,61.7399438727783,0.0606921183858929,0.122,"Not Significant","truncating"
"6264G>A","4743C>T",63,54.9485500467727,0.0593843124754772,0.144,"Not Significant","truncating"
"10971G>A","12002C>T",133,126.654817586529,0.0212299272080216,0.384,"Not Significant","truncating"
"10971G>A","11403G>A",134,111.418147801684,0.0801488638266184,0,"Significant","truncating"
"10971G>A","8391G>A",136,126.654817586529,0.0309171946111462,0.202,"Not Significant","truncating"
"10971G>A","9253G>A",174,152.842843779233,0.0563041387497124,0.011,"Significant","truncating"
"10971G>A","14592C>T",141,133.797006548176,0.0227727156223027,0.352,"Not Significant","truncating"
"10971G>A","3842G>A",140,129.035547240412,0.0354186676758252,0.129,"Not Significant","truncating"
"10971G>A","7896G>A",143,139.986903648269,0.00924862992491719,0.673,"Not Significant","truncating"
"10971G>A","7384G>A",107,92.8484565014032,0.061609089194649,0.027,"Significant","truncating"
"10971G>A","15723G>A",169,149.509822263798,0.0532169794124443,0.008,"Significant","truncating"
"10971G>A","4983C>T",131,130.940130963517,0.000198524697520744,1,"Not Significant","truncating"
"10971G>A","7122C>T",180,170.460243217961,0.0236494013314375,0.212,"Not Significant","truncating"
"10971G>A","4716C>T",114,117.608044901777,-0.0135321790511622,0.615,"Not Significant","truncating"
"10971G>A","12767G>A",163,160.937324602432,0.00553082699831899,0.79,"Not Significant","truncating"
"10971G>A","6573G>A",172,152.366697848457,0.0526383914596297,0.013,"Significant","truncating"
"10971G>A","4121G>A",132,115.703461178672,0.0572275804795105,0.026,"Significant","truncating"
"10971G>A","7779G>A",153,136.177736202058,0.0505853205605399,0.02,"Significant","truncating"
"10971G>A","12923G>A",92,97.6099158091675,-0.0257061108381527,0.384,"Not Significant","truncating"
"10971G>A","8980C>T",126,115.703461178672,0.0370241943912392,0.15,"Not Significant","truncating"
"10971G>A","8114G>A",139,125.2263797942,0.045318974636322,0.04,"Significant","truncating"
"10971G>A","15561G>A",136,112.370439663237,0.082886828272063,0,"Significant","truncating"
"10971G>A","14314A>C",76,82.8493919550982,-0.0374757331297419,0.298,"Not Significant","truncating"
"10971G>A","14429C>T",139,127.130963517306,0.03876346176151,0.111,"Not Significant","truncating"
"10971G>A","12006G>A",114,107.132834424696,0.026982256097105,0.314,"Not Significant","truncating"
"10971G>A","8852G>A",138,120.941066417212,0.0573052926532732,0.01,"Significant","truncating"
"10971G>A","12931C>T",135,121.417212347989,0.0460535109330341,0.047,"Significant","truncating"
"10971G>A","14283C>T",259,235.216089803555,0.0418327380296072,0.004,"Significant","truncating"
"10971G>A","9687C>T",100,94.7530402245089,0.0234068464622885,0.436,"Not Significant","truncating"
"10971G>A","15882G>A",91,84.7539756782039,0.0308813128841837,0.333,"Not Significant","truncating"
"10971G>A","6030C>T",112,112.846585594013,-0.00327040046790008,0.949,"Not Significant","truncating"
"10971G>A","6690G>A",83,77.1356407857811,0.0318230007054224,0.352,"Not Significant","truncating"
"10971G>A","14360C>T",140,126.654817586529,0.0435063219191575,0.065,"Not Significant","truncating"
"10971G>A","9376G>A",89,92.3723105706268,-0.0161518004132762,0.647,"Not Significant","truncating"
"10971G>A","4214G>A",123,107.132834424696,0.0599825162000024,0.013,"Significant","truncating"
"10971G>A","5035G>A",100,84.2778297474275,0.0742866565101316,0.012,"Significant","truncating"
"10971G>A","11594C>T",91,81.4209541627689,0.0483052048009029,0.121,"Not Significant","truncating"
"10971G>A","13556G>A",102,92.3723105706268,0.0430583647036664,0.129,"Not Significant","truncating"
"10971G>A","9819G>A",103,92.3723105706268,0.047295417646917,0.095,"Not Significant","truncating"
"10971G>A","9984G>A",104,88.5631431244153,0.0697803179528105,0.015,"Significant","truncating"
"10971G>A","8572G>T",90,90.467726847521,-0.00225116864148233,1,"Not Significant","truncating"
"10971G>A","6922G>A",117,109.989710009355,0.026833804726013,0.295,"Not Significant","truncating"
"10971G>A","3668G>A",85,80.4686623012161,0.0237921439726097,0.462,"Not Significant","truncating"
"10971G>A","15761G>A",105,95.2291861552853,0.0424192262779337,0.126,"Not Significant","truncating"
"10971G>A","4743C>T",100,84.7539756782039,0.0718399205630471,0.015,"Significant","truncating"
"12002C>T","11403G>A",51,58.2263797942002,-0.0575496127343897,0.244,"Not Significant","truncating"
"12002C>T","8391G>A",60,66.1889616463985,-0.0426343176696447,0.335,"Not Significant","truncating"
"12002C>T","9253G>A",86,79.8746492048644,0.0320894874163679,0.375,"Not Significant","truncating"
"12002C>T","14592C>T",74,69.9214218896165,0.0246214684035731,0.509,"Not Significant","truncating"
"12002C>T","3842G>A",70,67.4331150608045,0.0162248177175385,0.695,"Not Significant","truncating"
"12002C>T","7896G>A",102,73.156220767072,0.144348909927303,0,"Significant","truncating"
"12002C>T","7384G>A",51,48.5219831618335,0.0216316333130858,0.689,"Not Significant","truncating"
"12002C>T","15723G>A",91,78.132834424696,0.066207812825511,0.059,"Not Significant","truncating"
"12002C>T","4983C>T",72,68.4284377923293,0.0220958711786853,0.568,"Not Significant","truncating"
"12002C>T","7122C>T",82,89.0813844714687,-0.0359731056824046,0.303,"Not Significant","truncating"
"12002C>T","4716C>T",57,61.4611786716558,-0.032726029009408,0.518,"Not Significant","truncating"
"12002C>T","12767G>A",80,84.1047708138447,-0.0217306447079736,0.54,"Not Significant","truncating"
"12002C>T","6573G>A",93,79.6258185219832,0.0674290388116618,0.034,"Significant","truncating"
"12002C>T","4121G>A",56,60.465855940131,-0.0333221780143435,0.481,"Not Significant","truncating"
"12002C>T","7779G>A",82,71.1655753040225,0.0615438878323041,0.098,"Not Significant","truncating"
"12002C>T","12923G>A",55,51.0102899906455,0.0327048970161388,0.54,"Not Significant","truncating"
"12002C>T","8980C>T",65,60.465855940131,0.0314031516222043,0.454,"Not Significant","truncating"
"12002C>T","8114G>A",72,65.4424695977549,0.0414728165191612,0.292,"Not Significant","truncating"
"12002C>T","15561G>A",57,58.7240411599626,-0.0129410787198818,0.798,"Not Significant","truncating"
"12002C>T","14314A>C",36,43.2965388213283,-0.0801506789373982,0.194,"Not Significant","truncating"
"12002C>T","14429C>T",67,66.4377923292797,0.00365960991395672,0.938,"Not Significant","truncating"
"12002C>T","12006G>A",63,55.9869036482694,0.0512540999198439,0.238,"Not Significant","truncating"
"12002C>T","8852G>A",87,63.2029934518241,0.138781604576204,0,"Significant","truncating"
"12002C>T","12931C>T",89,63.4518241347053,0.146945894788472,0,"Significant","truncating"
"12002C>T","14283C>T",121,122.922357343312,-0.00684551002948023,0.818,"Not Significant","truncating"
"12002C>T","9687C>T",43,49.5173058933583,-0.0612885522522762,0.25,"Not Significant","truncating"
"12002C>T","15882G>A",40,44.2918615528531,-0.0442639424031154,0.447,"Not Significant","truncating"
"12002C>T","6030C>T",47,58.9728718428438,-0.0985544194964877,0.044,"Significant","truncating"
"12002C>T","6690G>A",33,40.310570626754,-0.0869050060867938,0.151,"Not Significant","truncating"
"12002C>T","14360C>T",85,66.1889616463985,0.108633357660791,0.001,"Significant","truncating"
"12002C>T","9376G>A",49,48.2731524789523,0.00649041867598524,0.931,"Not Significant","truncating"
"12002C>T","4214G>A",48,55.9869036482694,-0.0668452121579352,0.182,"Not Significant","truncating"
"12002C>T","5035G>A",48,44.0430308699719,0.0373640395914103,0.549,"Not Significant","truncating"
"12002C>T","11594C>T",41,42.5500467726847,-0.0161161850946686,0.795,"Not Significant","truncating"
"12002C>T","13556G>A",34,48.2731524789523,-0.152226744309882,0.01,"Significant","truncating"
"12002C>T","9819G>A",70,48.2731524789523,0.161392378661463,0.001,"Significant","truncating"
"12002C>T","9984G>A",46,46.2825070159027,-0.00265904395862548,1,"Not Significant","truncating"
"12002C>T","8572G>T",60,47.2778297474275,0.103493718008331,0.02,"Significant","truncating"
"12002C>T","6922G>A",63,57.4798877455566,0.0398246381390822,0.329,"Not Significant","truncating"
"12002C>T","3668G>A",52,42.0523854069224,0.0922127075986391,0.073,"Not Significant","truncating"
"12002C>T","15761G>A",53,49.7661365762395,0.0273419425144656,0.603,"Not Significant","truncating"
"12002C>T","4743C>T",60,44.2918615528531,0.131827316652204,0.005,"Significant","truncating"
"11403G>A","8391G>A",54,58.2263797942002,-0.0327260290094049,0.479,"Not Significant","truncating"
"11403G>A","9253G>A",70,70.2656688493919,-0.00164514459197765,1,"Not Significant","truncating"
"11403G>A","14592C>T",70,61.5098222637979,0.0561535679077265,0.178,"Not Significant","truncating"
"11403G>A","3842G>A",75,59.3208606173994,0.101853820315776,0.004,"Significant","truncating"
"11403G>A","7896G>A",66,64.355472404116,0.0109584529283298,0.782,"Not Significant","truncating"
"11403G>A","7384G>A",56,42.6847521047708,0.117915263442076,0.015,"Significant","truncating"
"11403G>A","15723G>A",70,68.733395696913,0.00793023973966558,0.86,"Not Significant","truncating"
"11403G>A","4983C>T",65,60.1964452759588,0.0333425106111748,0.446,"Not Significant","truncating"
"11403G>A","7122C>T",83,78.3648269410664,0.0249569135308038,0.492,"Not Significant","truncating"
"11403G>A","4716C>T",62,54.067352666043,0.0594565840371205,0.201,"Not Significant","truncating"
"11403G>A","12767G>A",87,73.9869036482694,0.0703644001395113,0.038,"Significant","truncating"
"11403G>A","6573G>A",84,70.0467726847521,0.0788911555405079,0.025,"Significant","truncating"
"11403G>A","4121G>A",63,53.1917680074836,0.0734961236537776,0.086,"Not Significant","truncating"
"11403G>A","7779G>A",83,62.6043030869972,0.122473907045496,0,"Significant","truncating"
"11403G>A","12923G>A",37,44.8737137511693,-0.0837902891899181,0.191,"Not Significant","truncating"
"11403G>A","8980C>T",51,53.1917680074836,-0.0182742497017055,0.719,"Not Significant","truncating"
"11403G>A","8114G>A",68,57.5696913002806,0.072315012014998,0.096,"Not Significant","truncating"
"11403G>A","15561G>A",56,51.6594948550047,0.0350378718346639,0.47,"Not Significant","truncating"
"11403G>A","14314A>C",33,38.087932647334,-0.0622734606059012,0.326,"Not Significant","truncating"
"11403G>A","14429C>T",71,58.44527595884,0.0845089351530039,0.035,"Significant","truncating"
"11403G>A","12006G>A",54,49.2516370439663,0.0399730895101637,0.393,"Not Significant","truncating"
"11403G>A","8852G>A",64,55.599625818522,0.0611081051624818,0.13,"Not Significant","truncating"
"11403G>A","12931C>T",58,55.8185219831618,0.0166496609275881,0.727,"Not Significant","truncating"
"11403G>A","14283C>T",121,108.134705332086,0.0488202691913956,0.061,"Not Significant","truncating"
"11403G>A","9687C>T",58,43.5603367633302,0.124336764951618,0.011,"Significant","truncating"
"11403G>A","15882G>A",48,38.9635173058934,0.0905830828651186,0.081,"Not Significant","truncating"
"11403G>A","6030C>T",59,51.8783910196445,0.0558655134305744,0.211,"Not Significant","truncating"
"11403G>A","6690G>A",34,35.4611786716558,-0.018274249701688,0.813,"Not Significant","truncating"
"11403G>A","14360C>T",51,58.2263797942002,-0.0575496127343897,0.213,"Not Significant","truncating"
"11403G>A","9376G>A",45,42.465855940131,0.0251726316436953,0.621,"Not Significant","truncating"
"11403G>A","4214G>A",58,49.2516370439663,0.071007323250077,0.123,"Not Significant","truncating"
"11403G>A","5035G>A",50,38.7446211412535,0.110758585772595,0.028,"Significant","truncating"
"11403G>A","11594C>T",48,37.4312441534144,0.108006974781813,0.036,"Significant","truncating"
"11403G>A","13556G>A",56,42.465855940131,0.120148144874362,0.008,"Significant","truncating"
"11403G>A","9819G>A",39,42.465855940131,-0.0369752751050007,0.555,"Not Significant","truncating"
"11403G>A","9984G>A",50,40.7146866230122,0.0892189079165396,0.087,"Not Significant","truncating"
"11403G>A","8572G>T",35,41.5902712815716,-0.0749237088037215,0.191,"Not Significant","truncating"
"11403G>A","6922G>A",51,50.5650140318054,0.00372004400441995,1,"Not Significant","truncating"
"11403G>A","3668G>A",41,36.9934518241347,0.0446589999045825,0.413,"Not Significant","truncating"
"11403G>A","15761G>A",41,43.7792329279701,-0.0284842911455432,0.664,"Not Significant","truncating"
"11403G>A","4743C>T",37,38.9635173058934,-0.0224564304432046,0.768,"Not Significant","truncating"
"8391G>A","9253G>A",88,79.8746492048644,0.0420737083229573,0.223,"Not Significant","truncating"
"8391G>A","14592C>T",62,69.9214218896165,-0.0522185618290355,0.234,"Not Significant","truncating"
"8391G>A","3842G>A",76,67.4331150608045,0.051940369984024,0.173,"Not Significant","truncating"
"8391G>A","7896G>A",71,73.156220767072,-0.0129929131153529,0.739,"Not Significant","truncating"
"8391G>A","7384G>A",56,48.5219831618335,0.0622494842212739,0.2,"Not Significant","truncating"
"8391G>A","15723G>A",78,78.132834424696,-0.000738976805022591,1,"Not Significant","truncating"
"8391G>A","4983C>T",77,68.4284377923293,0.0512540999198595,0.183,"Not Significant","truncating"
"8391G>A","7122C>T",111,89.0813844714687,0.0955360207203978,0,"Significant","truncating"
"8391G>A","4716C>T",67,61.4611786716558,0.0374739180188133,0.34,"Not Significant","truncating"
"8391G>A","12767G>A",86,84.1047708138447,0.00967781954361271,0.843,"Not Significant","truncating"
"8391G>A","6573G>A",90,79.6258185219832,0.053188599697067,0.116,"Not Significant","truncating"
"8391G>A","4121G>A",75,60.465855940131,0.0935510583709596,0.019,"Significant","truncating"
"8391G>A","7779G>A",75,71.1655753040225,0.0227912988403369,0.562,"Not Significant","truncating"
"8391G>A","12923G>A",45,51.0102899906455,-0.0544452787025859,0.289,"Not Significant","truncating"
"8391G>A","8980C>T",68,60.465855940131,0.0509987076855555,0.196,"Not Significant","truncating"
"8391G>A","8114G>A",75,65.4424695977549,0.0592015834795686,0.114,"Not Significant","truncating"
"8391G>A","15561G>A",63,58.7240411599626,0.0305246150611359,0.491,"Not Significant","truncating"
"8391G>A","14314A>C",41,43.2965388213283,-0.023669322985097,0.691,"Not Significant","truncating"
"8391G>A","14429C>T",67,66.4377923292797,0.00365960991395672,0.934,"Not Significant","truncating"
"8391G>A","12006G>A",75,55.9869036482694,0.126974813857852,0.001,"Significant","truncating"
"8391G>A","8852G>A",57,63.2029934518241,-0.0448627923696608,0.32,"Not Significant","truncating"
"8391G>A","12931C>T",63,63.4518241347053,-0.00310356240265754,1,"Not Significant","truncating"
"8391G>A","14283C>T",134,122.922357343312,0.0374739180188425,0.106,"Not Significant","truncating"
"8391G>A","9687C>T",49,49.5173058933583,-0.00456092780347273,0.926,"Not Significant","truncating"
"8391G>A","15882G>A",54,44.2918615528531,0.0860698260916093,0.074,"Not Significant","truncating"
"8391G>A","6030C>T",65,58.9728718428438,0.0422610792103944,0.291,"Not Significant","truncating"
"8391G>A","6690G>A",60,40.310570626754,0.17273230441837,0,"Significant","truncating"
"8391G>A","14360C>T",65,66.1889616463985,-0.00787221141048845,0.88,"Not Significant","truncating"
"8391G>A","9376G>A",49,48.2731524789523,0.00649041867598524,0.924,"Not Significant","truncating"
"8391G>A","4214G>A",49,55.9869036482694,-0.0578903695050272,0.285,"Not Significant","truncating"
"8391G>A","5035G>A",43,44.0430308699719,-0.0104087422044851,0.841,"Not Significant","truncating"
"8391G>A","11594C>T",44,42.5500467726847,0.014552634671711,0.836,"Not Significant","truncating"
"8391G>A","13556G>A",56,48.2731524789523,0.0644823656535612,0.169,"Not Significant","truncating"
"8391G>A","9819G>A",57,48.2731524789523,0.0721691943198386,0.113,"Not Significant","truncating"
"8391G>A","9984G>A",56,46.2825070159027,0.0827711513658323,0.078,"Not Significant","truncating"
"8391G>A","8572G>T",53,47.2778297474275,0.049618337225572,0.322,"Not Significant","truncating"
"8391G>A","6922G>A",57,57.4798877455566,-0.0036410556419355,1,"Not Significant","truncating"
"8391G>A","3668G>A",41,42.0523854069224,-0.0110067793162005,0.844,"Not Significant","truncating"
"8391G>A","15761G>A",52,49.7661365762395,0.0190694165484915,0.691,"Not Significant","truncating"
"8391G>A","4743C>T",53,44.2918615528531,0.077951935869445,0.099,"Not Significant","truncating"
"9253G>A","14592C>T",92,84.378858746492,0.0375541802443387,0.256,"Not Significant","truncating"
"9253G>A","3842G>A",93,81.3760523854069,0.0579863304833686,0.071,"Not Significant","truncating"
"9253G>A","7896G>A",94,88.2825070159027,0.0272531959914174,0.409,"Not Significant","truncating"
"9253G>A","7384G>A",67,58.55472404116,0.0585128641421208,0.176,"Not Significant","truncating"
"9253G>A","15723G>A",98,94.288119738073,0.0167691004231684,0.617,"Not Significant","truncating"
"9253G>A","4983C>T",69,82.577174929841,-0.0780109302889979,0.05,"Not Significant","truncating"
"9253G>A","7122C>T",115,107.500467726848,0.029287486513617,0.321,"Not Significant","truncating"
"9253G>A","4716C>T",90,74.1693171188026,0.0840182289834621,0.011,"Significant","truncating"
"9253G>A","12767G>A",126,101.494855004677,0.0939265176437309,0.001,"Significant","truncating"
"9253G>A","6573G>A",95,96.089803554724,-0.00495370022714707,0.876,"Not Significant","truncating"
"9253G>A","4121G>A",67,72.9681945743686,-0.0370587980935268,0.404,"Not Significant","truncating"
"9253G>A","7779G>A",85,85.8802619270346,-0.00447443461083907,0.948,"Not Significant","truncating"
"9253G>A","12923G>A",62,61.5575304022451,0.00311050124640046,1,"Not Significant","truncating"
"9253G>A","8980C>T",96,72.9681945743686,0.119137632245019,0,"Significant","truncating"
"9253G>A","8114G>A",83,78.9738072965388,0.0215950166901953,0.533,"Not Significant","truncating"
"9253G>A","15561G>A",82,70.866230121609,0.0633745222174329,0.077,"Not Significant","truncating"
"9253G>A","14314A>C",49,52.2488306828812,-0.027880495450125,0.56,"Not Significant","truncating"
"9253G>A","14429C>T",76,80.1749298409729,-0.0232249962798481,0.543,"Not Significant","truncating"
"9253G>A","12006G>A",81,67.5631431244153,0.0787751735710866,0.039,"Significant","truncating"
"9253G>A","8852G>A",89,76.2712815715622,0.0670289628287992,0.052,"Not Significant","truncating"
"9253G>A","12931C>T",96,76.5715622076707,0.0982037254094043,0.001,"Significant","truncating"
"9253G>A","14283C>T",162,148.338634237605,0.0382607384228652,0.062,"Not Significant","truncating"
"9253G>A","9687C>T",58,59.755846585594,-0.0129524100428414,0.787,"Not Significant","truncating"
"9253G>A","15882G>A",63,53.4499532273153,0.0713932199484704,0.097,"Not Significant","truncating"
"9253G>A","6030C>T",80,71.1665107577175,0.0508143137856783,0.181,"Not Significant","truncating"
"9253G>A","6690G>A",38,48.645463049579,-0.107258745121665,0.055,"Not Significant","truncating"
"9253G>A","14360C>T",75,79.8746492048644,-0.0273477004354257,0.461,"Not Significant","truncating"
"9253G>A","9376G>A",72,58.2544434050515,0.092003439304806,0.014,"Significant","truncating"
"9253G>A","4214G>A",71,67.5631431244153,0.0215485034115877,0.6,"Not Significant","truncating"
"9253G>A","5035G>A",52,53.1496725912067,-0.00949724992308346,0.856,"Not Significant","truncating"
"9253G>A","11594C>T",48,51.3479887745557,-0.0292822002126017,0.599,"Not Significant","truncating"
"9253G>A","13556G>A",53,58.2544434050515,-0.0410531875254572,0.391,"Not Significant","truncating"
"9253G>A","9819G>A",62,58.2544434050515,0.0270626323718887,0.555,"Not Significant","truncating"
"9253G>A","9984G>A",74,55.8521983161834,0.122191448316775,0.002,"Significant","truncating"
"9253G>A","8572G>T",72,57.0533208606174,0.101051568282187,0.014,"Significant","truncating"
"9253G>A","6922G>A",67,69.3648269410664,-0.0150645043873899,0.745,"Not Significant","truncating"
"9253G>A","3668G>A",52,50.7474275023386,0.0105893118250109,0.846,"Not Significant","truncating"
"9253G>A","15761G>A",81,60.0561272217025,0.129927696018388,0,"Significant","truncating"
"9253G>A","4743C>T",56,53.4499532273153,0.0202406975011753,0.663,"Not Significant","truncating"
"14592C>T","3842G>A",86,71.2357343311506,0.0818005456727554,0.022,"Significant","truncating"
"14592C>T","7896G>A",84,77.2815715622077,0.0362033409533776,0.314,"Not Significant","truncating"
"14592C>T","7384G>A",41,51.2581852198316,-0.0969793693388723,0.064,"Not Significant","truncating"
"14592C>T","15723G>A",91,82.5388213283442,0.0423831295515279,0.2,"Not Significant","truncating"
"14592C>T","4983C>T",75,72.2871842843779,0.0159999548651139,0.707,"Not Significant","truncating"
"14592C>T","7122C>T",107,94.1047708138447,0.0557721363449778,0.071,"Not Significant","truncating"
"14592C>T","4716C>T",79,64.9270346117867,0.0852015233343547,0.016,"Significant","truncating"
"14592C>T","12767G>A",90,88.8475210477081,0.00559719446536206,0.877,"Not Significant","truncating"
"14592C>T","6573G>A",89,84.1159962581852,0.0245114136286767,0.501,"Not Significant","truncating"
"14592C>T","4121G>A",76,63.8755846585594,0.0754787039860688,0.049,"Significant","truncating"
"14592C>T","7779G>A",82,75.178671655753,0.0377192045583238,0.294,"Not Significant","truncating"
"14592C>T","12923G>A",64,53.8868101028999,0.0746974982317037,0.074,"Not Significant","truncating"
"14592C>T","8980C>T",68,63.8755846585594,0.027174024411581,0.523,"Not Significant","truncating"
"14592C>T","8114G>A",68,69.132834424696,-0.00717545047981291,0.875,"Not Significant","truncating"
"14592C>T","15561G>A",59,62.0355472404116,-0.0217886060242282,0.594,"Not Significant","truncating"
"14592C>T","14314A>C",68,45.7380729653882,0.172231049727024,0,"Significant","truncating"
"14592C>T","14429C>T",77,70.1842843779233,0.0402508491115501,0.311,"Not Significant","truncating"
"14592C>T","12006G>A",73,59.1440598690365,0.0914117273126522,0.017,"Significant","truncating"
"14592C>T","8852G>A",70,66.7670720299345,0.0205357086979869,0.624,"Not Significant","truncating"
"14592C>T","12931C>T",72,67.0299345182413,0.0310637013009666,0.501,"Not Significant","truncating"
"14592C>T","14283C>T",145,129.854069223573,0.0479124386149912,0.039,"Significant","truncating"
"14592C>T","9687C>T",73,52.3096351730589,0.144741169014212,0,"Significant","truncating"
"14592C>T","15882G>A",41,46.7895229186155,-0.0573647602853293,0.303,"Not Significant","truncating"
"14592C>T","6030C>T",53,62.2984097287184,-0.0702010911054944,0.137,"Not Significant","truncating"
"14592C>T","6690G>A",38,42.5837231057063,-0.0494600326219996,0.385,"Not Significant","truncating"
"14592C>T","14360C>T",73,69.9214218896165,0.018712608793061,0.62,"Not Significant","truncating"
"14592C>T","9376G>A",57,50.9953227315248,0.0483445110458738,0.283,"Not Significant","truncating"
"14592C>T","4214G>A",55,59.1440598690365,-0.0315484433133651,0.495,"Not Significant","truncating"
"14592C>T","5035G>A",57,46.5266604303087,0.0881729746142114,0.054,"Not Significant","truncating"
"14592C>T","11594C>T",58,44.9494855004677,0.110703268474264,0.014,"Significant","truncating"
"14592C>T","13556G>A",49,50.9953227315248,-0.0173342645979795,0.775,"Not Significant","truncating"
"14592C>T","9819G>A",51,50.9953227315248,3.98314714084317e-05,1,"Not Significant","truncating"
"14592C>T","9984G>A",65,48.8924228250702,0.123671797728417,0.005,"Significant","truncating"
"14592C>T","8572G>T",54,49.9438727782975,0.0339115441737724,0.442,"Not Significant","truncating"
"14592C>T","6922G>A",57,60.7212347988775,-0.0274657389159081,0.551,"Not Significant","truncating"
"14592C>T","3668G>A",51,44.4237605238541,0.0599548567878349,0.22,"Not Significant","truncating"
"14592C>T","15761G>A",62,52.5724976613658,0.0716330791378452,0.125,"Not Significant","truncating"
"14592C>T","4743C>T",61,46.7895229186155,0.115181218005355,0.008,"Significant","truncating"
"3842G>A","7896G>A",74,74.5313376987839,-0.00310719634680456,0.929,"Not Significant","truncating"
"3842G>A","7384G>A",52,49.4340505144995,0.0219771466066101,0.676,"Not Significant","truncating"
"3842G>A","15723G>A",82,79.6014967259121,0.0128926186448581,0.763,"Not Significant","truncating"
"3842G>A","4983C>T",83,69.7146866230122,0.0757538128800839,0.04,"Significant","truncating"
"3842G>A","7122C>T",100,90.755846585594,0.0421253876904537,0.195,"Not Significant","truncating"
"3842G>A","4716C>T",61,62.6164639850327,-0.0113587039145081,0.82,"Not Significant","truncating"
"3842G>A","12767G>A",107,85.6856875584658,0.0964754917418262,0.001,"Significant","truncating"
"3842G>A","6573G>A",105,81.1225444340505,0.112047735084283,0.001,"Significant","truncating"
"3842G>A","4121G>A",75,61.6024321796071,0.0854634041276343,0.03,"Significant","truncating"
"3842G>A","7779G>A",80,72.5032740879327,0.0427323681972167,0.257,"Not Significant","truncating"
"3842G>A","12923G>A",64,51.9691300280636,0.0904345272623481,0.034,"Significant","truncating"
"3842G>A","8980C>T",76,61.6024321796071,0.0912157330167179,0.014,"Significant","truncating"
"3842G>A","8114G>A",73,66.6725912067353,0.0393755259650139,0.331,"Not Significant","truncating"
"3842G>A","15561G>A",65,59.8278765201123,0.0360097680070635,0.429,"Not Significant","truncating"
"3842G>A","14314A>C",46,44.110383536015,0.0182169977333062,0.773,"Not Significant","truncating"
"3842G>A","14429C>T",79,67.6866230121609,0.0671242442601466,0.061,"Not Significant","truncating"
"3842G>A","12006G>A",69,57.0392890551918,0.0826749869601331,0.05,"Not Significant","truncating"
"3842G>A","8852G>A",69,64.3910196445276,0.0300237884516444,0.463,"Not Significant","truncating"
"3842G>A","12931C>T",69,64.644527595884,0.0283173246376301,0.502,"Not Significant","truncating"
"3842G>A","14283C>T",138,125.232927970065,0.0421605518119297,0.066,"Not Significant","truncating"
"3842G>A","9687C>T",60,50.4480823199252,0.0753065883081723,0.081,"Not Significant","truncating"
"3842G>A","15882G>A",41,45.1244153414406,-0.0416277312546894,0.454,"Not Significant","truncating"
"3842G>A","6030C>T",68,60.0813844714687,0.0537689810304206,0.184,"Not Significant","truncating"
"3842G>A","6690G>A",47,41.0682881197381,0.0585912577273254,0.28,"Not Significant","truncating"
"3842G>A","14360C>T",74,67.4331150608045,0.0403584974342243,0.28,"Not Significant","truncating"
"3842G>A","9376G>A",52,49.1805425631431,0.0242100280388975,0.659,"Not Significant","truncating"
"3842G>A","4214G>A",66,57.0392890551918,0.063369831764775,0.122,"Not Significant","truncating"
"3842G>A","5035G>A",40,44.8709073900842,-0.0499048606993541,0.414,"Not Significant","truncating"
"3842G>A","11594C>T",39,43.3498596819457,-0.0459230890311705,0.432,"Not Significant","truncating"
"3842G>A","13556G>A",50,49.1805425631431,0.00717668874015056,0.919,"Not Significant","truncating"
"3842G>A","9819G>A",56,49.1805425631431,0.0563947114102391,0.229,"Not Significant","truncating"
"3842G>A","9984G>A",41,47.1524789522919,-0.0607206731636703,0.282,"Not Significant","truncating"
"3842G>A","8572G>T",52,48.1665107577175,0.0332581570162761,0.5,"Not Significant","truncating"
"3842G>A","6922G>A",62,58.5603367633302,0.0247881239404407,0.633,"Not Significant","truncating"
"3842G>A","3668G>A",49,42.8428437792329,0.0583177897490851,0.238,"Not Significant","truncating"
"3842G>A","15761G>A",66,50.7015902712816,0.114522354212061,0.003,"Significant","truncating"
"3842G>A","4743C>T",49,45.1244153414406,0.0357844920539158,0.532,"Not Significant","truncating"
"7896G>A","7384G>A",49,53.6295603367633,-0.0392081565373071,0.427,"Not Significant","truncating"
"7896G>A","15723G>A",104,86.3573433115061,0.0807340660221008,0.011,"Significant","truncating"
"7896G>A","4983C>T",80,75.6314312441534,0.0243876679582703,0.537,"Not Significant","truncating"
"7896G>A","7122C>T",97,98.4583723105706,-0.00648091758100213,0.876,"Not Significant","truncating"
"7896G>A","4716C>T",73,67.9307764265669,0.0312562816573664,0.415,"Not Significant","truncating"
"7896G>A","12767G>A",93,92.9579045837231,0.000196623072900848,1,"Not Significant","truncating"
"7896G>A","6573G>A",90,88.0074836295603,0.00972290591602867,0.82,"Not Significant","truncating"
"7896G>A","4121G>A",74,66.8306828811974,0.0442558209292218,0.255,"Not Significant","truncating"
"7896G>A","7779G>A",80,78.6566884939195,0.00735432865951207,0.872,"Not Significant","truncating"
"7896G>A","12923G>A",43,56.3797942001871,-0.117655030679307,0.023,"Significant","truncating"
"7896G>A","8980C>T",59,66.8306828811974,-0.054123887159461,0.209,"Not Significant","truncating"
"7896G>A","8114G>A",74,72.3311506080449,0.00990634603782558,0.802,"Not Significant","truncating"
"7896G>A","15561G>A",70,64.9055191768008,0.0328164118407223,0.402,"Not Significant","truncating"
"7896G>A","14314A>C",38,47.8540692235734,-0.100135276868934,0.071,"Not Significant","truncating"
"7896G>A","14429C>T",69,73.4312441534144,-0.0270317958306612,0.541,"Not Significant","truncating"
"7896G>A","12006G>A",75,61.8802619270346,0.0835091200768355,0.033,"Significant","truncating"
"7896G>A","8852G>A",88,69.8559401309635,0.100279330326723,0.001,"Significant","truncating"
"7896G>A","12931C>T",83,70.1309635173059,0.0731682867386434,0.048,"Significant","truncating"
"7896G>A","14283C>T",150,135.861552853134,0.0429946849286249,0.051,"Not Significant","truncating"
"7896G>A","9687C>T",40,54.7296538821328,-0.136162710284831,0.012,"Significant","truncating"
"7896G>A","15882G>A",48,48.9541627689429,-0.0085483901366684,0.925,"Not Significant","truncating"
"7896G>A","6030C>T",75,65.1805425631431,0.0609432921781297,0.127,"Not Significant","truncating"
"7896G>A","6690G>A",44,44.5537885874649,-0.00543196325981046,0.917,"Not Significant","truncating"
"7896G>A","14360C>T",85,73.156220767072,0.0651676638797638,0.068,"Not Significant","truncating"
"7896G>A","9376G>A",64,53.354536950421,0.0790086188501465,0.061,"Not Significant","truncating"
"7896G>A","4214G>A",62,61.8802619270346,0.000839546183510752,1,"Not Significant","truncating"
"7896G>A","5035G>A",49,48.6791393826006,0.0028531884633219,1,"Not Significant","truncating"
"7896G>A","11594C>T",47,47.0289990645463,-0.000267877659815071,1,"Not Significant","truncating"
"7896G>A","13556G>A",57,53.354536950421,0.028703500538834,0.526,"Not Significant","truncating"
"7896G>A","9819G>A",80,53.354536950421,0.175918631858067,0,"Significant","truncating"
"7896G>A","9984G>A",58,51.154349859682,0.0545454241415414,0.209,"Not Significant","truncating"
"7896G>A","8572G>T",67,52.2544434050514,0.107951576544435,0.011,"Significant","truncating"
"7896G>A","6922G>A",61,63.5304022450889,-0.0176517700847282,0.684,"Not Significant","truncating"
"7896G>A","3668G>A",65,46.4789522918616,0.145657026825536,0.001,"Significant","truncating"
"7896G>A","15761G>A",62,55.0046772684752,0.0519920686308044,0.248,"Not Significant","truncating"
"7896G>A","4743C>T",58,48.9541627689429,0.0736383660505256,0.111,"Not Significant","truncating"
"7384G>A","15723G>A",65,57.2778297474275,0.0549268024158105,0.187,"Not Significant","truncating"
"7384G>A","4983C>T",58,50.1637043966324,0.0630383935788177,0.182,"Not Significant","truncating"
"7384G>A","7122C>T",70,65.3040224508887,0.0301581072165978,0.463,"Not Significant","truncating"
"7384G>A","4716C>T",49,45.0561272217025,0.0364422206150303,0.514,"Not Significant","truncating"
"7384G>A","12767G>A",67,61.6557530402245,0.0361011962693755,0.414,"Not Significant","truncating"
"7384G>A","6573G>A",59,58.3723105706268,0.00464512716849029,0.934,"Not Significant","truncating"
"7384G>A","4121G>A",46,44.3264733395697,0.0160946519294862,0.748,"Not Significant","truncating"
"7384G>A","7779G>A",65,52.1702525724977,0.0954904173599082,0.032,"Significant","truncating"
"7384G>A","12923G>A",30,37.3947614593078,-0.0956895124895457,0.18,"Not Significant","truncating"
"7384G>A","8980C>T",57,44.3264733395697,0.109211675920221,0.019,"Significant","truncating"
"7384G>A","8114G>A",49,47.9747427502339,0.00918342538499687,0.856,"Not Significant","truncating"
"7384G>A","15561G>A",46,43.0495790458372,0.0287889225576627,0.636,"Not Significant","truncating"
"7384G>A","14314A>C",34,31.7399438727783,0.0298727626058245,0.683,"Not Significant","truncating"
"7384G>A","14429C>T",55,48.7043966323667,0.0527945219758266,0.254,"Not Significant","truncating"
"7384G>A","12006G>A",41,41.0430308699719,-0.000455567545365874,1,"Not Significant","truncating"
"7384G>A","8852G>A",53,46.333021515435,0.058385246826993,0.241,"Not Significant","truncating"
"7384G>A","12931C>T",52,46.5154349859682,0.0484062570470055,0.356,"Not Significant","truncating"
"7384G>A","14283C>T",111,90.112254443405,0.0905391237091798,0.001,"Significant","truncating"
"7384G>A","9687C>T",41,36.3002806361085,0.0528738741561516,0.354,"Not Significant","truncating"
"7384G>A","15882G>A",45,32.4695977549111,0.141735605312337,0.011,"Significant","truncating"
"7384G>A","6030C>T",55,43.2319925163704,0.104557437330185,0.027,"Significant","truncating"
"7384G>A","6690G>A",38,29.5509822263798,0.109211675920112,0.062,"Not Significant","truncating"
"7384G>A","14360C>T",59,48.5219831618335,0.0849134688571782,0.07,"Not Significant","truncating"
"7384G>A","9376G>A",41,35.3882132834425,0.0639252206356015,0.257,"Not Significant","truncating"
"7384G>A","4214G>A",44,41.0430308699719,0.0302132522210139,0.62,"Not Significant","truncating"
"7384G>A","5035G>A",32,32.2871842843779,-0.00388019419562854,1,"Not Significant","truncating"
"7384G>A","11594C>T",32,31.1927034611787,0.0110969617739771,0.913,"Not Significant","truncating"
"7384G>A","13556G>A",44,35.3882132834425,0.0945940404019812,0.095,"Not Significant","truncating"
"7384G>A","9819G>A",48,35.3882132834425,0.132382601291299,0.01,"Significant","truncating"
"7384G>A","9984G>A",41,33.9289055191768,0.0822140063478584,0.158,"Not Significant","truncating"
"7384G>A","8572G>T",45,34.6585594013096,0.113402006668487,0.039,"Significant","truncating"
"7384G>A","6922G>A",55,42.1375116931712,0.115693803448118,0.016,"Significant","truncating"
"7384G>A","3668G>A",39,30.8278765201123,0.102120996258791,0.082,"Not Significant","truncating"
"7384G>A","15761G>A",44,36.4826941066417,0.0813657746682629,0.141,"Not Significant","truncating"
"7384G>A","4743C>T",28,32.4695977549111,-0.0643188771202013,0.384,"Not Significant","truncating"
"15723G>A","4983C>T",88,80.776426566885,0.0371980354554248,0.295,"Not Significant","truncating"
"15723G>A","7122C>T",123,105.156220767072,0.0680701419310267,0.006,"Significant","truncating"
"15723G>A","4716C>T",70,72.5519176800749,-0.0155508561098241,0.696,"Not Significant","truncating"
"15723G>A","12767G>A",110,99.2815715622077,0.0445240420160908,0.161,"Not Significant","truncating"
"15723G>A","6573G>A",107,93.9943872778297,0.0562818565008106,0.058,"Not Significant","truncating"
"15723G>A","4121G>A",78,71.376987839102,0.0385363862276797,0.284,"Not Significant","truncating"
"15723G>A","7779G>A",94,84.0074836295603,0.0488098776061637,0.149,"Not Significant","truncating"
"15723G>A","12923G>A",66,60.2151543498597,0.0398381316216142,0.379,"Not Significant","truncating"
"15723G>A","8980C>T",76,71.376987839102,0.0272553758180053,0.441,"Not Significant","truncating"
"15723G>A","8114G>A",82,77.2516370439663,0.0259061610294894,0.471,"Not Significant","truncating"
"15723G>A","15561G>A",76,69.3208606173994,0.0399496464461928,0.283,"Not Significant","truncating"
"15723G>A","14314A>C",51,51.1094480823199,-0.000931015049098471,1,"Not Significant","truncating"
"15723G>A","14429C>T",95,78.4265668849392,0.0832604010597391,0.01,"Significant","truncating"
"15723G>A","12006G>A",80,66.089803554724,0.0829555260160299,0.026,"Significant","truncating"
"15723G>A","8852G>A",98,74.6080449017774,0.118440416207981,0,"Significant","truncating"
"15723G>A","12931C>T",87,74.9017773620206,0.0650271293201458,0.057,"Not Significant","truncating"
"15723G>A","14283C>T",164,145.10383536015,0.0531649562595795,0.016,"Significant","truncating"
"15723G>A","9687C>T",61,58.4527595884004,0.0185248157365924,0.676,"Not Significant","truncating"
"15723G>A","15882G>A",58,52.2843779232928,0.0450560483895245,0.283,"Not Significant","truncating"
"15723G>A","6030C>T",66,69.6145930776427,-0.023156353332638,0.584,"Not Significant","truncating"
"15723G>A","6690G>A",51,47.5846585594013,0.0301032186908074,0.555,"Not Significant","truncating"
"15723G>A","14360C>T",84,78.132834424696,0.0314457065663389,0.403,"Not Significant","truncating"
"15723G>A","9376G>A",51,56.9840972871843,-0.0481834966966372,0.329,"Not Significant","truncating"
"15723G>A","4214G>A",73,66.089803554724,0.0431883991445943,0.28,"Not Significant","truncating"
"15723G>A","5035G>A",69,51.9906454630496,0.122923881510806,0,"Significant","truncating"
"15723G>A","11594C>T",49,50.2282507015903,-0.0107519732280554,0.858,"Not Significant","truncating"
"15723G>A","13556G>A",70,56.9840972871843,0.0893443672194522,0.026,"Significant","truncating"
"15723G>A","9819G>A",64,56.9840972871843,0.0504263011891406,0.231,"Not Significant","truncating"
"15723G>A","9984G>A",59,54.6342376052385,0.0333871245597321,0.46,"Not Significant","truncating"
"15723G>A","8572G>T",73,55.8091674462114,0.116617316303007,0.004,"Significant","truncating"
"15723G>A","6922G>A",63,67.8521983161834,-0.0322233733029503,0.472,"Not Significant","truncating"
"15723G>A","3668G>A",65,49.6407857811038,0.117074709164538,0.005,"Significant","truncating"
"15723G>A","15761G>A",67,58.7464920486436,0.0570928641723172,0.159,"Not Significant","truncating"
"15723G>A","4743C>T",68,52.2843779232928,0.114136967532713,0.004,"Significant","truncating"
"4983C>T","7122C>T",100,92.0954162768943,0.0357619847346037,0.265,"Not Significant","truncating"
"4983C>T","4716C>T",57,63.5406922357343,-0.0471770862085805,0.279,"Not Significant","truncating"
"4983C>T","12767G>A",99,86.9504209541628,0.0563635056983498,0.065,"Not Significant","truncating"
"4983C>T","6573G>A",87,82.3199251637044,0.0240142856771995,0.48,"Not Significant","truncating"
"4983C>T","4121G>A",162,62.511693171188,0.413553752322407,0,"Significant","truncating"
"4983C>T","7779G>A",91,73.5734331150608,0.0923203705704529,0.007,"Significant","truncating"
"4983C>T","12923G>A",43,52.7362020579981,-0.088640394097466,0.079,"Not Significant","truncating"
"4983C>T","8980C>T",58,62.511693171188,-0.0325332686568055,0.455,"Not Significant","truncating"
"4983C>T","8114G>A",75,67.6566884939195,0.0447505262803948,0.264,"Not Significant","truncating"
"4983C>T","15561G>A",63,60.710944808232,0.0160735578619646,0.705,"Not Significant","truncating"
"4983C>T","14314A>C",28,44.7614593077643,-0.203746205561284,0.001,"Significant","truncating"
"4983C>T","14429C>T",82,68.6856875584659,0.0769476023975541,0.024,"Significant","truncating"
"4983C>T","12006G>A",49,57.8811973807297,-0.0723414267041974,0.147,"Not Significant","truncating"
"4983C>T","8852G>A",54,65.3414405986904,-0.0827949454183146,0.071,"Not Significant","truncating"
"4983C>T","12931C>T",53,65.5986903648269,-0.0926192994544934,0.036,"Significant","truncating"
"4983C>T","14283C>T",141,127.081384471469,0.0451371751102145,0.05,"Not Significant","truncating"
"4983C>T","9687C>T",56,51.1927034611787,0.0389799619749363,0.404,"Not Significant","truncating"
"4983C>T","15882G>A",54,45.7904583723106,0.0716187688924458,0.142,"Not Significant","truncating"
"4983C>T","6030C>T",74,60.9681945743686,0.0841283850992622,0.03,"Significant","truncating"
"4983C>T","6690G>A",52,41.6744621141253,0.0961333404704767,0.043,"Significant","truncating"
"4983C>T","14360C>T",79,68.4284377923293,0.0623904660378048,0.093,"Not Significant","truncating"
"4983C>T","9376G>A",72,49.9064546304958,0.159175777879291,0,"Significant","truncating"
"4983C>T","4214G>A",64,57.8811973807297,0.0436424672509683,0.313,"Not Significant","truncating"
"4983C>T","5035G>A",47,45.533208606174,0.0137696029523965,0.851,"Not Significant","truncating"
"4983C>T","11594C>T",40,43.9897100093545,-0.0412911076855776,0.485,"Not Significant","truncating"
"4983C>T","13556G>A",69,49.9064546304958,0.140692372185304,0,"Significant","truncating"
"4983C>T","9819G>A",41,49.9064546304958,-0.0853728618317861,0.122,"Not Significant","truncating"
"4983C>T","9984G>A",46,47.8484565014032,-0.0171101011577904,0.803,"Not Significant","truncating"
"4983C>T","8572G>T",41,48.8774555659495,-0.0763247328544074,0.169,"Not Significant","truncating"
"4983C>T","6922G>A",69,59.4246959775491,0.064882122223525,0.121,"Not Significant","truncating"
"4983C>T","3668G>A",40,43.4752104770814,-0.036181701907109,0.562,"Not Significant","truncating"
"4983C>T","15761G>A",49,51.4499532273152,-0.02118890425691,0.708,"Not Significant","truncating"
"4983C>T","4743C>T",35,45.7904583723106,-0.116706946579811,0.061,"Not Significant","truncating"
"7122C>T","4716C>T",97,82.7184284377923,0.0691694595714055,0.025,"Significant","truncating"
"7122C>T","12767G>A",119,113.193638914874,0.021724939679761,0.458,"Not Significant","truncating"
"7122C>T","6573G>A",120,107.165575304022,0.0491259462925791,0.075,"Not Significant","truncating"
"7122C>T","4121G>A",79,81.378858746492,-0.012884503742951,0.758,"Not Significant","truncating"
"7122C>T","7779G>A",87,95.7792329279701,-0.041752101945475,0.209,"Not Significant","truncating"
"7122C>T","12923G>A",80,68.6529466791394,0.0664308045010031,0.076,"Not Significant","truncating"
"7122C>T","8980C>T",93,81.378858746492,0.0579713535204599,0.058,"Not Significant","truncating"
"7122C>T","8114G>A",98,88.0767072029934,0.0463650057675908,0.151,"Not Significant","truncating"
"7122C>T","15561G>A",75,79.0346117867166,-0.0227560610134733,0.492,"Not Significant","truncating"
"7122C>T","14314A>C",69,58.2712815715622,0.0733945210194434,0.084,"Not Significant","truncating"
"7122C>T","14429C>T",101,89.4162768942937,0.0529047909829154,0.08,"Not Significant","truncating"
"7122C>T","12006G>A",99,75.3507951356408,0.118547355050953,0,"Significant","truncating"
"7122C>T","8852G>A",89,85.0626753975678,0.0196509685898558,0.589,"Not Significant","truncating"
"7122C>T","12931C>T",91,85.3975678203929,0.0275958904520107,0.435,"Not Significant","truncating"
"7122C>T","14283C>T",175,165.436856875585,0.0244057783275369,0.223,"Not Significant","truncating"
"7122C>T","9687C>T",79,66.643592142189,0.0738686934455365,0.049,"Significant","truncating"
"7122C>T","15882G>A",59,59.6108512628625,-0.00447331210183858,0.925,"Not Significant","truncating"
"7122C>T","6030C>T",84,79.3695042095416,0.0246256186166513,0.467,"Not Significant","truncating"
"7122C>T","6690G>A",67,54.2525724976614,0.0916544667229468,0.019,"Significant","truncating"
"7122C>T","14360C>T",84,89.0813844714687,-0.0255076720042522,0.459,"Not Significant","truncating"
"7122C>T","9376G>A",67,64.9691300280636,0.0133677513354838,0.736,"Not Significant","truncating"
"7122C>T","4214G>A",71,75.3507951356408,-0.0258294908273482,0.527,"Not Significant","truncating"
"7122C>T","5035G>A",68,59.2759588400374,0.0596303249092394,0.137,"Not Significant","truncating"
"7122C>T","11594C>T",75,57.266604303087,0.117159831564271,0,"Significant","truncating"
"7122C>T","13556G>A",77,64.9691300280636,0.0737836738070551,0.047,"Significant","truncating"
"7122C>T","9819G>A",65,64.9691300280636,0.000206305277532884,1,"Not Significant","truncating"
"7122C>T","9984G>A",77,62.289990645463,0.092072459519336,0.014,"Significant","truncating"
"7122C>T","8572G>T",70,63.6295603367633,0.0414391176262694,0.323,"Not Significant","truncating"
"7122C>T","6922G>A",78,77.3601496725912,0.00357730136323519,0.937,"Not Significant","truncating"
"7122C>T","3668G>A",64,56.5968194574369,0.0533879479350286,0.195,"Not Significant","truncating"
"7122C>T","15761G>A",71,66.978484565014,0.0253230316199611,0.491,"Not Significant","truncating"
"7122C>T","4743C>T",68,59.6108512628625,0.0571835889621561,0.153,"Not Significant","truncating"
"4716C>T","12767G>A",88,78.0972871842844,0.0518467238215636,0.127,"Not Significant","truncating"
"4716C>T","6573G>A",73,73.9382600561272,-0.0055463662503303,0.936,"Not Significant","truncating"
"4716C>T","4121G>A",53,56.1468662301216,-0.0250496520483649,0.612,"Not Significant","truncating"
"4716C>T","7779G>A",72,66.0823199251637,0.0372472152512838,0.366,"Not Significant","truncating"
"4716C>T","12923G>A",63,47.3666978484565,0.123867440346712,0.003,"Significant","truncating"
"4716C>T","8980C>T",64,56.1468662301216,0.0568544523345924,0.204,"Not Significant","truncating"
"4716C>T","8114G>A",79,60.7680074836296,0.113952094749631,0.004,"Significant","truncating"
"4716C>T","15561G>A",58,54.5294667913938,0.0267967425418954,0.633,"Not Significant","truncating"
"4716C>T","14314A>C",52,40.2039289055192,0.111734847301067,0.021,"Significant","truncating"
"4716C>T","14429C>T",77,61.6922357343312,0.096260215756879,0.012,"Significant","truncating"
"4716C>T","12006G>A",66,51.9878391019645,0.103642169379441,0.01,"Significant","truncating"
"4716C>T","8852G>A",81,58.688493919551,0.13993205420762,0,"Significant","truncating"
"4716C>T","12931C>T",79,58.9195509822264,0.127367662805411,0,"Significant","truncating"
"4716C>T","14283C>T",122,114.142188961646,0.028913633700189,0.259,"Not Significant","truncating"
"4716C>T","9687C>T",54,45.9803554724041,0.0698214353622339,0.139,"Not Significant","truncating"
"4716C>T","15882G>A",36,41.1281571562208,-0.0578367495923441,0.307,"Not Significant","truncating"
"4716C>T","6030C>T",73,54.7605238540692,0.124855266059266,0,"Significant","truncating"
"4716C>T","6690G>A",37,37.4312441534144,-0.00503253852651013,1,"Not Significant","truncating"
"4716C>T","14360C>T",65,61.4611786716558,0.0243124719608623,0.548,"Not Significant","truncating"
"4716C>T","9376G>A",57,44.8250701590271,0.104353877691171,0.018,"Significant","truncating"
"4716C>T","4214G>A",50,51.9878391019645,-0.0169317618261982,0.798,"Not Significant","truncating"
"4716C>T","5035G>A",39,40.8971000935454,-0.0206279073861435,0.762,"Not Significant","truncating"
"4716C>T","11594C>T",43,39.510757717493,0.0367530971364558,0.574,"Not Significant","truncating"
"4716C>T","13556G>A",39,44.8250701590271,-0.0604563709544699,0.298,"Not Significant","truncating"
"4716C>T","9819G>A",50,44.8250701590271,0.0474490263548048,0.386,"Not Significant","truncating"
"4716C>T","9984G>A",51,42.976613657624,0.0743379838289733,0.139,"Not Significant","truncating"
"4716C>T","8572G>T",55,43.9008419083255,0.0978898404903275,0.032,"Significant","truncating"
"4716C>T","6922G>A",68,53.3741814780168,0.105177684763029,0.013,"Significant","truncating"
"4716C>T","3668G>A",41,39.0486435921422,0.0211779040551214,0.772,"Not Significant","truncating"
"4716C>T","15761G>A",43,46.2114125350795,-0.0312807881352122,0.563,"Not Significant","truncating"
"4716C>T","4743C>T",50,41.1281571562208,0.0848307539760497,0.1,"Not Significant","truncating"
"12767G>A","6573G>A",117,101.178671655753,0.063096888357321,0.026,"Significant","truncating"
"12767G>A","4121G>A",82,76.8325537885875,0.0282685837164922,0.457,"Not Significant","truncating"
"12767G>A","7779G>A",110,90.4284377923293,0.0850876569602199,0.007,"Significant","truncating"
"12767G>A","12923G>A",64,64.8175865294668,-0.00551288214073531,0.933,"Not Significant","truncating"
"12767G>A","8980C>T",97,76.8325537885875,0.101226465598938,0.006,"Significant","truncating"
"12767G>A","8114G>A",95,83.156220767072,0.0578288617301481,0.094,"Not Significant","truncating"
"12767G>A","15561G>A",91,74.6192703461179,0.0861903942820055,0.012,"Significant","truncating"
"12767G>A","14314A>C",54,55.0159027128157,-0.0080944835284931,0.853,"Not Significant","truncating"
"12767G>A","14429C>T",92,84.4209541627689,0.037337570912061,0.249,"Not Significant","truncating"
"12767G>A","12006G>A",77,71.1412535079513,0.0343692119921963,0.384,"Not Significant","truncating"
"12767G>A","8852G>A",94,80.310570626754,0.0683551419108051,0.046,"Significant","truncating"
"12767G>A","12931C>T",99,80.6267539756782,0.0891560190946181,0.006,"Significant","truncating"
"12767G>A","14283C>T",159,156.194574368569,0.00773118032792301,0.741,"Not Significant","truncating"
"12767G>A","9687C>T",62,62.9204864359214,-0.00640038198031927,0.927,"Not Significant","truncating"
"12767G>A","15882G>A",65,56.2806361085126,0.0625543592649814,0.144,"Not Significant","truncating"
"12767G>A","6030C>T",72,74.9354536950421,-0.0173548446476884,0.664,"Not Significant","truncating"
"12767G>A","6690G>A",65,51.221702525725,0.103459347031168,0.015,"Significant","truncating"
"12767G>A","14360C>T",97,84.1047708138447,0.0619511025662325,0.069,"Not Significant","truncating"
"12767G>A","9376G>A",76,61.3395696913003,0.0930728672815521,0.016,"Significant","truncating"
"12767G>A","4214G>A",87,71.1412535079513,0.0873977394382681,0.02,"Significant","truncating"
"12767G>A","5035G>A",60,55.9644527595884,0.0302389889529081,0.474,"Not Significant","truncating"
"12767G>A","11594C>T",45,54.067352666043,-0.0797225916855249,0.107,"Not Significant","truncating"
"12767G>A","13556G>A",56,61.3395696913003,-0.0395526979928347,0.394,"Not Significant","truncating"
"12767G>A","9819G>A",75,61.3395696913003,0.0873205383924684,0.023,"Significant","truncating"
"12767G>A","9984G>A",53,58.8101028999065,-0.045176069685923,0.346,"Not Significant","truncating"
"12767G>A","8572G>T",61,60.0748362956034,0.00663723898905053,0.932,"Not Significant","truncating"
"12767G>A","6922G>A",79,73.0383536014967,0.0340761163293755,0.369,"Not Significant","truncating"
"12767G>A","3668G>A",57,53.4349859681946,0.0280491559898904,0.539,"Not Significant","truncating"
"12767G>A","15761G>A",71,63.2366697848456,0.0502893579861423,0.208,"Not Significant","truncating"
"12767G>A","4743C>T",49,56.2806361085126,-0.0601629173491424,0.206,"Not Significant","truncating"
"6573G>A","4121G>A",67,72.7408793264733,-0.0357037440085626,0.394,"Not Significant","truncating"
"6573G>A","7779G>A",92,85.6127221702526,0.0312495211053491,0.361,"Not Significant","truncating"
"6573G>A","12923G>A",60,61.3657623947615,-0.00977488378322253,0.86,"Not Significant","truncating"
"6573G>A","8980C>T",74,72.7408793264733,0.00745317302152588,0.874,"Not Significant","truncating"
"6573G>A","8114G>A",90,78.7277829747428,0.0581144878383699,0.093,"Not Significant","truncating"
"6573G>A","15561G>A",81,70.645463049579,0.0594007427973367,0.107,"Not Significant","truncating"
"6573G>A","14314A>C",55,52.0860617399439,0.023641168100472,0.654,"Not Significant","truncating"
"6573G>A","14429C>T",85,79.9251637043966,0.0267353912385572,0.445,"Not Significant","truncating"
"6573G>A","12006G>A",75,67.3526660430309,0.0467064721691439,0.226,"Not Significant","truncating"
"6573G>A","8852G>A",77,76.0336763330215,0.00548473544140879,0.942,"Not Significant","truncating"
"6573G>A","12931C>T",76,76.333021515435,-0.00189886126428922,1,"Not Significant","truncating"
"6573G>A","14283C>T",161,147.876520112254,0.0369266539970508,0.081,"Not Significant","truncating"
"6573G>A","9687C>T",63,59.5696913002806,0.0243151999327074,0.612,"Not Significant","truncating"
"6573G>A","15882G>A",57,53.2834424695978,0.0292825802524163,0.506,"Not Significant","truncating"
"6573G>A","6030C>T",67,70.9448082319925,-0.0248458164203694,0.585,"Not Significant","truncating"
"6573G>A","6690G>A",45,48.4939195509822,-0.0324747738783456,0.581,"Not Significant","truncating"
"6573G>A","14360C>T",92,79.6258185219832,0.062733917603287,0.051,"Not Significant","truncating"
"6573G>A","9376G>A",60,58.0729653882133,0.0141772473422656,0.81,"Not Significant","truncating"
"6573G>A","4214G>A",75,67.3526660430309,0.0467064721691439,0.219,"Not Significant","truncating"
"6573G>A","5035G>A",56,52.9840972871843,0.0240424875332216,0.569,"Not Significant","truncating"
"6573G>A","11594C>T",52,51.1880261927035,0.00683496013150421,0.929,"Not Significant","truncating"
"6573G>A","13556G>A",60,58.0729653882133,0.0141772473422656,0.778,"Not Significant","truncating"
"6573G>A","9819G>A",69,58.0729653882133,0.074875087695783,0.071,"Not Significant","truncating"
"6573G>A","9984G>A",62,55.6782039289055,0.04670647216913,0.277,"Not Significant","truncating"
"6573G>A","8572G>T",53,56.8755846585594,-0.030650004463112,0.552,"Not Significant","truncating"
"6573G>A","6922G>A",62,69.1487371375117,-0.0473925635049459,0.25,"Not Significant","truncating"
"6573G>A","3668G>A",54,50.5893358278765,0.0283347820981128,0.596,"Not Significant","truncating"
"6573G>A","15761G>A",68,59.8690364826941,0.0553066439310404,0.17,"Not Significant","truncating"
"6573G>A","4743C>T",59,53.2834424695978,0.0442597362220432,0.308,"Not Significant","truncating"
"4121G>A","7779G>A",88,65.0121608980355,0.131488070631417,0,"Significant","truncating"
"4121G>A","12923G>A",44,46.599625818522,-0.0249297529590461,0.647,"Not Significant","truncating"
"4121G>A","8980C>T",54,55.2376052385407,-0.00984108216485989,0.866,"Not Significant","truncating"
"4121G>A","8114G>A",61,59.7839101964453,0.00874551813146054,0.847,"Not Significant","truncating"
"4121G>A","15561G>A",50,53.6463985032741,-0.030570567023563,0.531,"Not Significant","truncating"
"4121G>A","14314A>C",34,39.5528531337699,-0.0656988996296995,0.293,"Not Significant","truncating"
"4121G>A","14429C>T",66,60.6931711880262,0.0364041057877017,0.404,"Not Significant","truncating"
"4121G>A","12006G>A",43,51.1459307764266,-0.0753426309211493,0.155,"Not Significant","truncating"
"4121G>A","8852G>A",47,57.7380729653882,-0.0893644270735829,0.088,"Not Significant","truncating"
"4121G>A","12931C>T",41,57.9653882132834,-0.150384892103444,0.004,"Significant","truncating"
"4121G>A","14283C>T",121,112.293732460243,0.0324298530032411,0.231,"Not Significant","truncating"
"4121G>A","9687C>T",48,45.2357343311506,0.0257595925762911,0.636,"Not Significant","truncating"
"4121G>A","15882G>A",54,40.4621141253508,0.125345189124271,0.012,"Significant","truncating"
"4121G>A","6030C>T",54,53.8737137511693,0.00101684542332859,1,"Not Significant","truncating"
"4121G>A","6690G>A",45,36.8250701590271,0.0870689308429643,0.091,"Not Significant","truncating"
"4121G>A","14360C>T",64,60.465855940131,0.0246697689632463,0.576,"Not Significant","truncating"
"4121G>A","9376G>A",58,44.0991580916745,0.118997695242941,0.011,"Significant","truncating"
"4121G>A","4214G>A",57,51.1459307764266,0.0470637691715075,0.331,"Not Significant","truncating"
"4121G>A","5035G>A",40,40.2347988774556,-0.0025418434233721,1,"Not Significant","truncating"
"4121G>A","11594C>T",47,38.8709073900842,0.0824731791538362,0.118,"Not Significant","truncating"
"4121G>A","13556G>A",61,44.0991580916745,0.140899536690734,0.003,"Significant","truncating"
"4121G>A","9819G>A",34,44.0991580916745,-0.112951381277213,0.078,"Not Significant","truncating"
"4121G>A","9984G>A",50,42.2806361085126,0.0728284917284097,0.14,"Not Significant","truncating"
"4121G>A","8572G>T",34,43.1898971000935,-0.103903252299836,0.074,"Not Significant","truncating"
"4121G>A","6922G>A",74,52.5098222637979,0.148991171449058,0,"Significant","truncating"
"4121G>A","3668G>A",30,38.4162768942937,-0.107394018283228,0.114,"Not Significant","truncating"
"4121G>A","15761G>A",51,45.4630495790458,0.0499116120443173,0.298,"Not Significant","truncating"
"4121G>A","4743C>T",31,40.4621141253508,-0.115686876863828,0.076,"Not Significant","truncating"
"7779G>A","12923G>A",50,54.8456501403181,-0.0401721846399237,0.436,"Not Significant","truncating"
"7779G>A","8980C>T",79,65.0121608980355,0.084632489771746,0.021,"Significant","truncating"
"7779G>A","8114G>A",77,70.3629560336763,0.0391466487624059,0.286,"Not Significant","truncating"
"7779G>A","15561G>A",84,63.1393826005613,0.123978955171339,0.001,"Significant","truncating"
"7779G>A","14314A>C",37,46.5519176800748,-0.0997358521356289,0.081,"Not Significant","truncating"
"7779G>A","14429C>T",83,71.4331150608045,0.065178503091149,0.081,"Not Significant","truncating"
"7779G>A","12006G>A",67,60.1964452759588,0.0465039566691256,0.277,"Not Significant","truncating"
"7779G>A","8852G>A",60,67.955098222638,-0.0540707941564747,0.238,"Not Significant","truncating"
"7779G>A","12931C>T",54,68.22263797942,-0.101534748531084,0.024,"Significant","truncating"
"7779G>A","14283C>T",139,132.164639850327,0.021899523410167,0.368,"Not Significant","truncating"
"7779G>A","9687C>T",47,53.2404115996258,-0.0541435463941459,0.297,"Not Significant","truncating"
"7779G>A","15882G>A",53,47.622076707203,0.0464675393715375,0.346,"Not Significant","truncating"
"7779G>A","6030C>T",70,63.4069223573433,0.0429613660838235,0.29,"Not Significant","truncating"
"7779G>A","6690G>A",43,43.3414405986904,-0.0034348868833014,1,"Not Significant","truncating"
"7779G>A","14360C>T",79,71.1655753040225,0.0453571267390489,0.255,"Not Significant","truncating"
"7779G>A","9376G>A",67,51.9027128157156,0.110884744850147,0.006,"Significant","truncating"
"7779G>A","4214G>A",77,60.1964452759588,0.106919879140697,0.003,"Significant","truncating"
"7779G>A","5035G>A",42,47.354536950421,-0.0521123038840542,0.339,"Not Significant","truncating"
"7779G>A","11594C>T",54,45.7492984097287,0.0720093215104046,0.122,"Not Significant","truncating"
"7779G>A","13556G>A",57,51.9027128157156,0.0406847978219255,0.368,"Not Significant","truncating"
"7779G>A","9819G>A",49,51.9027128157156,-0.0249939778219278,0.639,"Not Significant","truncating"
"7779G>A","9984G>A",65,49.7623947614593,0.11601208450447,0.01,"Significant","truncating"
"7779G>A","8572G>T",28,50.8325537885875,-0.258983897530178,0,"Significant","truncating"
"7779G>A","6922G>A",70,61.8016838166511,0.0540977322017652,0.192,"Not Significant","truncating"
"7779G>A","3668G>A",42,45.2142188961646,-0.0320257421359645,0.567,"Not Significant","truncating"
"7779G>A","15761G>A",55,53.5079513564079,0.0119443659099757,0.861,"Not Significant","truncating"
"7779G>A","4743C>T",51,47.622076707203,0.029761845868717,0.56,"Not Significant","truncating"
"12923G>A","8980C>T",47,46.599625818522,0.00371542849042096,1,"Not Significant","truncating"
"12923G>A","8114G>A",47,50.4349859681946,-0.0306340464009538,0.586,"Not Significant","truncating"
"12923G>A","15561G>A",56,45.2572497661366,0.0924998681889334,0.042,"Significant","truncating"
"12923G>A","14314A>C",64,33.3676333021515,0.282854569853688,0,"Significant","truncating"
"12923G>A","14429C>T",45,51.2020579981291,-0.056074903436091,0.289,"Not Significant","truncating"
"12923G>A","12006G>A",55,43.1478016838167,0.105404015535688,0.023,"Significant","truncating"
"12923G>A","8852G>A",44,48.7090739008419,-0.0441571959806316,0.417,"Not Significant","truncating"
"12923G>A","12931C>T",51,48.9008419083255,0.0182538398169683,0.713,"Not Significant","truncating"
"12923G>A","14283C>T",104,94.733395696913,0.0405302345281163,0.141,"Not Significant","truncating"
"12923G>A","9687C>T",56,38.1618334892423,0.166558794749155,0.003,"Significant","truncating"
"12923G>A","15882G>A",31,34.1347053320861,-0.041834464321469,0.538,"Not Significant","truncating"
"12923G>A","6030C>T",39,45.4490177736202,-0.066459894830423,0.27,"Not Significant","truncating"
"12923G>A","6690G>A",33,31.066417212348,0.0262227694881984,0.722,"Not Significant","truncating"
"12923G>A","14360C>T",44,51.0102899906455,-0.0642051159917202,0.213,"Not Significant","truncating"
"12923G>A","9376G>A",26,37.2029934518241,-0.155604537805881,0.03,"Significant","truncating"
"12923G>A","4214G>A",46,43.1478016838167,0.0277991577231728,0.644,"Not Significant","truncating"
"12923G>A","5035G>A",50,33.9429373246024,0.168220582126825,0.003,"Significant","truncating"
"12923G>A","11594C>T",28,32.7923292797007,-0.0686142348966842,0.341,"Not Significant","truncating"
"12923G>A","13556G>A",31,37.2029934518241,-0.0792161919426961,0.234,"Not Significant","truncating"
"12923G>A","9819G>A",35,37.2029934518241,-0.0265098414268532,0.717,"Not Significant","truncating"
"12923G>A","9984G>A",44,35.6688493919551,0.0911635764210642,0.106,"Not Significant","truncating"
"12923G>A","8572G>T",39,36.4359214218896,0.0295348502266156,0.605,"Not Significant","truncating"
"12923G>A","6922G>A",50,44.2984097287184,0.0525818685967864,0.321,"Not Significant","truncating"
"12923G>A","3668G>A",26,32.4087932647334,-0.0956895124895016,0.194,"Not Significant","truncating"
"12923G>A","15761G>A",32,38.3536014967259,-0.0786561731908267,0.228,"Not Significant","truncating"
"12923G>A","4743C>T",41,34.1347053320861,0.0795876985636522,0.205,"Not Significant","truncating"
"8980C>T","8114G>A",63,59.7839101964453,0.0227562325742526,0.597,"Not Significant","truncating"
"8980C>T","15561G>A",77,53.6463985032741,0.156950153812596,0,"Significant","truncating"
"8980C>T","14314A>C",29,39.5528531337699,-0.134779818772778,0.052,"Not Significant","truncating"
"8980C>T","14429C>T",68,60.6931711880262,0.04936908295205,0.246,"Not Significant","truncating"
"8980C>T","12006G>A",49,51.1459307764266,-0.0186150064723458,0.717,"Not Significant","truncating"
"8980C>T","8852G>A",57,57.7380729653882,-0.00558742933697109,0.925,"Not Significant","truncating"
"8980C>T","12931C>T",83,57.9653882132834,0.155909343552359,0,"Significant","truncating"
"8980C>T","14283C>T",120,112.293732460243,0.0288257287344188,0.271,"Not Significant","truncating"
"8980C>T","9687C>T",41,45.2357343311506,-0.0426977880794062,0.446,"Not Significant","truncating"
"8980C>T","15882G>A",51,40.4621141253508,0.100521605399286,0.037,"Significant","truncating"
"8980C>T","6030C>T",67,53.8737137511693,0.0946978883010304,0.017,"Significant","truncating"
"8980C>T","6690G>A",33,36.8250701590271,-0.0476296430541409,0.478,"Not Significant","truncating"
"8980C>T","14360C>T",56,60.465855940131,-0.0333221780143435,0.484,"Not Significant","truncating"
"8980C>T","9376G>A",47,44.0991580916745,0.0276675596158965,0.623,"Not Significant","truncating"
"8980C>T","4214G>A",39,51.1459307764266,-0.117746479474133,0.026,"Significant","truncating"
"8980C>T","5035G>A",39,40.2347988774556,-0.0135372277248074,0.856,"Not Significant","truncating"
"8980C>T","11594C>T",45,38.8709073900842,0.0635878349935036,0.231,"Not Significant","truncating"
"8980C>T","13556G>A",50,44.0991580916745,0.0545397060161424,0.298,"Not Significant","truncating"
"8980C>T","9819G>A",42,44.0991580916745,-0.0211810079218105,0.702,"Not Significant","truncating"
"8980C>T","9984G>A",50,42.2806361085126,0.0728284917284097,0.142,"Not Significant","truncating"
"8980C>T","8572G>T",42,43.1898971000935,-0.0121328789444342,0.86,"Not Significant","truncating"
"8980C>T","6922G>A",63,52.5098222637979,0.0791000011717655,0.062,"Not Significant","truncating"
"8980C>T","3668G>A",40,38.4162768942937,0.01754471832471,0.742,"Not Significant","truncating"
"8980C>T","15761G>A",55,45.4630495790458,0.0827041254405629,0.063,"Not Significant","truncating"
"8980C>T","4743C>T",39,40.4621141253508,-0.0159839636718887,0.839,"Not Significant","truncating"
"8114G>A","15561G>A",66,58.0617399438728,0.0556538892906923,0.207,"Not Significant","truncating"
"8114G>A","14314A>C",54,42.8082319925164,0.100866468259179,0.042,"Significant","truncating"
"8114G>A","14429C>T",80,65.688493919551,0.0856006823462703,0.017,"Significant","truncating"
"8114G>A","12006G>A",68,55.355472404116,0.0893483513137481,0.03,"Significant","truncating"
"8114G>A","8852G>A",55,62.4901777362021,-0.0554490704065794,0.247,"Not Significant","truncating"
"8114G>A","12931C>T",48,62.7362020579981,-0.116276986339135,0.019,"Significant","truncating"
"8114G>A","14283C>T",138,121.536014967259,0.055174094196567,0.019,"Significant","truncating"
"8114G>A","9687C>T",58,48.9588400374181,0.0735968738721125,0.113,"Not Significant","truncating"
"8114G>A","15882G>A",58,43.7923292797007,0.12202994797282,0.001,"Significant","truncating"
"8114G>A","6030C>T",62,58.3077642656689,0.0266653002071258,0.554,"Not Significant","truncating"
"8114G>A","6690G>A",50,39.8559401309635,0.098476946512187,0.042,"Significant","truncating"
"8114G>A","14360C>T",79,65.4424695977549,0.0817674113782807,0.025,"Significant","truncating"
"8114G>A","9376G>A",57,47.7287184284378,0.0770950824611375,0.101,"Not Significant","truncating"
"8114G>A","4214G>A",57,55.355472404116,0.0127142942801265,0.803,"Not Significant","truncating"
"8114G>A","5035G>A",45,43.5463049579046,0.014261204132525,0.862,"Not Significant","truncating"
"8114G>A","11594C>T",42,42.0701590271282,-0.00072486327523151,1,"Not Significant","truncating"
"8114G>A","13556G>A",56,47.7287184284378,0.0694082537948602,0.162,"Not Significant","truncating"
"8114G>A","9819G>A",58,47.7287184284378,0.0846482203515703,0.065,"Not Significant","truncating"
"8114G>A","9984G>A",57,45.7605238540692,0.0953838681734081,0.042,"Significant","truncating"
"8114G>A","8572G>T",52,46.7446211412535,0.0462716994008965,0.345,"Not Significant","truncating"
"8114G>A","6922G>A",70,56.8316183348924,0.0905080168409889,0.025,"Significant","truncating"
"8114G>A","3668G>A",35,41.578110383536,-0.0747967035441814,0.197,"Not Significant","truncating"
"8114G>A","15761G>A",43,49.2048643592142,-0.0585395833652472,0.258,"Not Significant","truncating"
"8114G>A","4743C>T",53,43.7923292797007,0.0828778240107429,0.093,"Not Significant","truncating"
"15561G>A","14314A>C",37,38.4134705332086,-0.0162818219768902,0.853,"Not Significant","truncating"
"15561G>A","14429C>T",60,58.9448082319925,0.00770569125772695,0.874,"Not Significant","truncating"
"15561G>A","12006G>A",51,49.6725912067353,0.0114533602252226,0.853,"Not Significant","truncating"
"15561G>A","8852G>A",64,56.0748362956034,0.0574119596025247,0.179,"Not Significant","truncating"
"15561G>A","12931C>T",64,56.2956033676333,0.0557054957885106,0.208,"Not Significant","truncating"
"15561G>A","14283C>T",109,109.058933582788,-0.00023474874435161,1,"Not Significant","truncating"
"15561G>A","9687C>T",49,43.932647333957,0.0474087058573762,0.348,"Not Significant","truncating"
"15561G>A","15882G>A",53,39.2965388213283,0.129921569530281,0.007,"Significant","truncating"
"15561G>A","6030C>T",56,52.3217960710945,0.0295053832347134,0.532,"Not Significant","truncating"
"15561G>A","6690G>A",32,35.7642656688494,-0.0482993339839107,0.482,"Not Significant","truncating"
"15561G>A","14360C>T",65,58.7240411599626,0.0440974222503886,0.3,"Not Significant","truncating"
"15561G>A","9376G>A",44,42.8288119738073,0.0117166487946059,0.831,"Not Significant","truncating"
"15561G>A","4214G>A",68,49.6725912067353,0.13639209683331,0,"Significant","truncating"
"15561G>A","5035G>A",32,39.0757717492984,-0.0867575858029835,0.179,"Not Significant","truncating"
"15561G>A","11594C>T",42,37.7511693171188,0.0463188822443017,0.457,"Not Significant","truncating"
"15561G>A","13556G>A",41,42.8288119738073,-0.0189521709717738,0.783,"Not Significant","truncating"
"15561G>A","9819G>A",49,42.8288119738073,0.0584600523368314,0.25,"Not Significant","truncating"
"15561G>A","9984G>A",65,41.0626753975678,0.199466114663221,0,"Significant","truncating"
"15561G>A","8572G>T",39,41.9457436856876,-0.0316232916875801,0.654,"Not Significant","truncating"
"15561G>A","6922G>A",58,50.9971936389149,0.0558817159093617,0.209,"Not Significant","truncating"
"15561G>A","3668G>A",48,37.3096351730589,0.109420235000326,0.027,"Significant","truncating"
"15561G>A","15761G>A",46,44.1534144059869,0.0177935382562249,0.781,"Not Significant","truncating"
"15561G>A","4743C>T",52,39.2965388213283,0.121649043564307,0.014,"Significant","truncating"
"14314A>C","14429C>T",54,43.4593077642657,0.0943109553843766,0.048,"Significant","truncating"
"14314A>C","12006G>A",36,36.623012160898,-0.0074515604178764,0.911,"Not Significant","truncating"
"14314A>C","8852G>A",41,41.3433115060805,-0.0036214029740155,1,"Not Significant","truncating"
"14314A>C","12931C>T",40,41.5060804490178,-0.0160517321797751,0.786,"Not Significant","truncating"
"14314A>C","14283C>T",88,80.4078578110384,0.0391841801526534,0.223,"Not Significant","truncating"
"14314A>C","9687C>T",56,32.3910196445276,0.237763407522107,0,"Significant","truncating"
"14314A>C","15882G>A",30,28.9728718428438,0.0151297093368955,0.82,"Not Significant","truncating"
"14314A>C","6030C>T",38,38.5762394761459,-0.00653629246709832,0.928,"Not Significant","truncating"
"14314A>C","6690G>A",22,26.3685687558466,-0.0786638767939194,0.364,"Not Significant","truncating"
"14314A>C","14360C>T",55,43.2965388213283,0.103909509789142,0.023,"Significant","truncating"
"14314A>C","9376G>A",25,31.577174929841,-0.101433264331648,0.164,"Not Significant","truncating"
"14314A>C","4214G>A",37,36.623012160898,0.00444766288179877,1,"Not Significant","truncating"
"14314A>C","5035G>A",35,28.8101028999065,0.0845232349143808,0.184,"Not Significant","truncating"
"14314A>C","11594C>T",28,27.8334892422825,0.00259037787623443,1,"Not Significant","truncating"
"14314A>C","13556G>A",32,31.577174929841,0.00577670531584017,1,"Not Significant","truncating"
"14314A>C","9819G>A",30,31.577174929841,-0.022252018284313,0.747,"Not Significant","truncating"
"14314A>C","9984G>A",34,30.2750233863424,0.05039442975036,0.458,"Not Significant","truncating"
"14314A>C","8572G>T",35,30.9260991580917,0.0537429003234616,0.366,"Not Significant","truncating"
"14314A>C","6922G>A",31,37.599625818522,-0.0838218291314475,0.205,"Not Significant","truncating"
"14314A>C","3668G>A",24,27.5079513564079,-0.0592470059756585,0.433,"Not Significant","truncating"
"14314A>C","15761G>A",29,32.5537885874649,-0.0502035408386834,0.48,"Not Significant","truncating"
"14314A>C","4743C>T",42,28.9728718428438,0.16125774501472,0.006,"Significant","truncating"
"14429C>T","12006G>A",68,56.1973807296539,0.0827928384389425,0.038,"Significant","truncating"
"14429C>T","8852G>A",84,63.4405986903648,0.121912013285979,0,"Significant","truncating"
"14429C>T","12931C>T",74,63.6903648269411,0.0651579831411289,0.093,"Not Significant","truncating"
"14429C>T","14283C>T",128,123.384471468662,0.0159494645684114,0.52,"Not Significant","truncating"
"14429C>T","9687C>T",52,49.7034611786717,0.0196167110692568,0.729,"Not Significant","truncating"
"14429C>T","15882G>A",46,44.4583723105706,0.0148042732168502,0.808,"Not Significant","truncating"
"14429C>T","6030C>T",61,59.1945743685688,0.0130479328448443,0.815,"Not Significant","truncating"
"14429C>T","6690G>A",42,40.4621141253508,0.0162007196994331,0.767,"Not Significant","truncating"
"14429C>T","14360C>T",88,66.4377923292797,0.122067479363144,0,"Significant","truncating"
"14429C>T","9376G>A",57,48.4546304957905,0.0705395695863338,0.119,"Not Significant","truncating"
"14429C>T","4214G>A",59,56.1973807296539,0.0211359373749478,0.672,"Not Significant","truncating"
"14429C>T","5035G>A",45,44.2086061739944,0.0077056912577226,0.911,"Not Significant","truncating"
"14429C>T","11594C>T",42,42.710009354537,-0.00728037615003337,0.928,"Not Significant","truncating"
"14429C>T","13556G>A",52,48.4546304957905,0.0306680575487148,0.543,"Not Significant","truncating"
"14429C>T","9819G>A",43,48.4546304957905,-0.051866830506323,0.371,"Not Significant","truncating"
"14429C>T","9984G>A",41,46.4565014031805,-0.0542626436538536,0.346,"Not Significant","truncating"
"14429C>T","8572G>T",47,47.4555659494855,-0.0041892991728998,1,"Not Significant","truncating"
"14429C>T","6922G>A",63,57.6959775491113,0.0381950134055768,0.407,"Not Significant","truncating"
"14429C>T","3668G>A",55,42.2104770813845,0.114942428724534,0.016,"Significant","truncating"
"14429C>T","15761G>A",52,49.9532273152479,0.0174397918149866,0.707,"Not Significant","truncating"
"14429C>T","4743C>T",42,44.4583723105706,-0.0247042680667335,0.696,"Not Significant","truncating"
"12006G>A","8852G>A",59,53.4611786716558,0.0428134821195453,0.319,"Not Significant","truncating"
"12006G>A","12931C>T",61,53.6716557530402,0.0555848416741302,0.214,"Not Significant","truncating"
"12006G>A","14283C>T",121,103.975678203929,0.0658536084901599,0.007,"Significant","truncating"
"12006G>A","9687C>T",56,41.8849391955098,0.126130137693648,0.003,"Significant","truncating"
"12006G>A","15882G>A",34,37.4649204864359,-0.0421458981691052,0.565,"Not Significant","truncating"
"12006G>A","6030C>T",51,49.8830682881197,0.00961701718522897,0.871,"Not Significant","truncating"
"12006G>A","6690G>A",42,34.0972871842844,0.0905294629524453,0.115,"Not Significant","truncating"
"12006G>A","14360C>T",67,55.9869036482694,0.0779883531670475,0.062,"Not Significant","truncating"
"12006G>A","9376G>A",45,40.8325537885875,0.0422059709424347,0.421,"Not Significant","truncating"
"12006G>A","4214G>A",53,47.3573433115061,0.0488885385867445,0.29,"Not Significant","truncating"
"12006G>A","5035G>A",39,37.2544434050515,0.0198865277620559,0.777,"Not Significant","truncating"
"12006G>A","11594C>T",51,35.9915809167446,0.151369252802843,0.001,"Significant","truncating"
"12006G>A","13556G>A",43,40.8325537885875,0.0224619127467223,0.686,"Not Significant","truncating"
"12006G>A","9819G>A",56,40.8325537885875,0.137181484173102,0.006,"Significant","truncating"
"12006G>A","9984G>A",37,39.1487371375117,-0.0245160330534414,0.687,"Not Significant","truncating"
"12006G>A","8572G>T",44,39.9906454630496,0.0414942626306751,0.426,"Not Significant","truncating"
"12006G>A","6922G>A",49,48.6202057998129,0.00337928723377795,1,"Not Significant","truncating"
"12006G>A","3668G>A",45,35.5706267539757,0.10212099625883,0.061,"Not Significant","truncating"
"12006G>A","15761G>A",51,42.0954162768943,0.0833353675311906,0.107,"Not Significant","truncating"
"12006G>A","4743C>T",54,37.4649204864359,0.158768944611135,0,"Significant","truncating"
"8852G>A","12931C>T",140,60.5893358278765,0.363731843832716,0,"Significant","truncating"
"8852G>A","14283C>T",123,117.376987839102,0.020322151104574,0.433,"Not Significant","truncating"
"8852G>A","9687C>T",59,47.2834424695978,0.096142923821095,0.034,"Significant","truncating"
"8852G>A","15882G>A",40,42.2937324602432,-0.0242160223920328,0.686,"Not Significant","truncating"
"8852G>A","6030C>T",55,56.3124415341441,-0.0102416679270017,0.854,"Not Significant","truncating"
"8852G>A","6690G>A",30,38.4920486435921,-0.108249771233809,0.118,"Not Significant","truncating"
"8852G>A","14360C>T",84,63.2029934518241,0.123541638019485,0.001,"Significant","truncating"
"8852G>A","9376G>A",46,46.0954162768943,-0.000899909659810016,1,"Not Significant","truncating"
"8852G>A","4214G>A",59,53.4611786716558,0.0428134821195453,0.336,"Not Significant","truncating"
"8852G>A","5035G>A",47,42.0561272217025,0.0482685801626422,0.413,"Not Significant","truncating"
"8852G>A","11594C>T",39,40.6304957904584,-0.01778751477677,0.768,"Not Significant","truncating"
"8852G>A","13556G>A",42,46.0954162768943,-0.0404084509433937,0.447,"Not Significant","truncating"
"8852G>A","9819G>A",59,46.0954162768943,0.107194270300552,0.026,"Significant","truncating"
"8852G>A","9984G>A",36,44.1945743685688,-0.0890664548615654,0.127,"Not Significant","truncating"
"8852G>A","8572G>T",75,45.1449953227315,0.220451651027328,0,"Significant","truncating"
"8852G>A","6922G>A",53,54.8868101028999,-0.0151921217024871,0.784,"Not Significant","truncating"
"8852G>A","3668G>A",57,40.155285313377,0.152132139647338,0.002,"Significant","truncating"
"8852G>A","15761G>A",66,47.5210477081384,0.142657928466472,0,"Significant","truncating"
"8852G>A","4743C>T",48,42.2937324602432,0.0549652236554111,0.25,"Not Significant","truncating"
"12931C>T","14283C>T",126,117.839101964453,0.0290811209687149,0.253,"Not Significant","truncating"
"12931C>T","9687C>T",55,47.4695977549111,0.0639471378592348,0.155,"Not Significant","truncating"
"12931C>T","15882G>A",44,42.4602432179607,0.0154701989520805,0.754,"Not Significant","truncating"
"12931C>T","6030C>T",65,56.534144059869,0.0606025354074745,0.182,"Not Significant","truncating"
"12931C>T","6690G>A",29,38.643592142189,-0.124679491868478,0.048,"Significant","truncating"
"12931C>T","14360C>T",85,63.4518241347053,0.126974813857875,0,"Significant","truncating"
"12931C>T","9376G>A",44,46.2768942937325,-0.0219115286691672,0.715,"Not Significant","truncating"
"12931C>T","4214G>A",57,53.6716557530402,0.0261298623359044,0.587,"Not Significant","truncating"
"12931C>T","5035G>A",44,42.221702525725,0.0179169348991621,0.762,"Not Significant","truncating"
"12931C>T","11594C>T",42,40.7904583723106,0.0126907047805388,0.849,"Not Significant","truncating"
"12931C>T","13556G>A",34,46.2768942937325,-0.133885288112809,0.021,"Significant","truncating"
"12931C>T","9819G>A",64,46.2768942937325,0.140815768828224,0.001,"Significant","truncating"
"12931C>T","9984G>A",45,44.3685687558466,0.0061370943322365,0.91,"Not Significant","truncating"
"12931C>T","8572G>T",76,45.3227315247895,0.224497516102398,0,"Significant","truncating"
"12931C>T","6922G>A",59,55.1028999064546,0.0296775565247707,0.541,"Not Significant","truncating"
"12931C>T","3668G>A",59,40.3133769878391,0.165402831802952,0,"Significant","truncating"
"12931C>T","15761G>A",60,47.7081384471469,0.0995587794942988,0.032,"Significant","truncating"
"12931C>T","4743C>T",47,42.4602432179607,0.0441153804015476,0.392,"Not Significant","truncating"
"14283C>T","9687C>T",98,91.9607109448082,0.0276237555678902,0.348,"Not Significant","truncating"
"14283C>T","15882G>A",100,82.2563143124415,0.0848307539761434,0.009,"Significant","truncating"
"14283C>T","6030C>T",123,109.521047708138,0.0504075217143817,0.058,"Not Significant","truncating"
"14283C>T","6690G>A",77,74.8624883068288,0.0122264669149659,0.725,"Not Significant","truncating"
"14283C>T","14360C>T",119,122.922357343312,-0.0140839189533935,0.636,"Not Significant","truncating"
"14283C>T","9376G>A",102,89.6501403180543,0.056049198116764,0.046,"Significant","truncating"
"14283C>T","4214G>A",102,103.975678203929,-0.00833159006430576,0.815,"Not Significant","truncating"
"14283C>T","5035G>A",88,81.7942001870907,0.0317601620734557,0.319,"Not Significant","truncating"
"14283C>T","11594C>T",84,79.021515434986,0.0265339319548263,0.471,"Not Significant","truncating"
"14283C>T","13556G>A",106,89.6501403180543,0.0727548916196005,0.009,"Significant","truncating"
"14283C>T","9819G>A",83,89.6501403180543,-0.0334728812689822,0.299,"Not Significant","truncating"
"14283C>T","9984G>A",89,85.9532273152479,0.0151278187121102,0.632,"Not Significant","truncating"
"14283C>T","8572G>T",84,87.8016838166511,-0.0192235586057938,0.568,"Not Significant","truncating"
"14283C>T","6922G>A",107,106.748362956034,0.00102255407819544,1,"Not Significant","truncating"
"14283C>T","3668G>A",77,78.0972871842844,-0.00614522315605261,0.862,"Not Significant","truncating"
"14283C>T","15761G>A",107,92.422825070159,0.0636045383062955,0.024,"Significant","truncating"
"14283C>T","4743C>T",87,82.2563143124415,0.0243500065948268,0.461,"Not Significant","truncating"
"9687C>T","15882G>A",35,33.1356407857811,0.0237726708403832,0.718,"Not Significant","truncating"
"9687C>T","6030C>T",44,44.1188026192703,-0.00117104072484244,1,"Not Significant","truncating"
"9687C>T","6690G>A",28,30.1571562207671,-0.0322323544012294,0.673,"Not Significant","truncating"
"9687C>T","14360C>T",58,49.5173058933583,0.0686709857308133,0.146,"Not Significant","truncating"
"9687C>T","9376G>A",45,36.1141253507951,0.0955354126439515,0.086,"Not Significant","truncating"
"9687C>T","4214G>A",38,41.8849391955098,-0.042274292695375,0.518,"Not Significant","truncating"
"9687C>T","5035G>A",39,32.9494855004677,0.0732159694635595,0.204,"Not Significant","truncating"
"9687C>T","11594C>T",44,31.8325537885875,0.140581194892728,0.01,"Significant","truncating"
"9687C>T","13556G>A",34,36.1141253507951,-0.0261981840888248,0.691,"Not Significant","truncating"
"9687C>T","9819G>A",34,36.1141253507951,-0.0261981840888248,0.701,"Not Significant","truncating"
"9687C>T","9984G>A",41,34.6248830682881,0.0733955413006955,0.214,"Not Significant","truncating"
"9687C>T","8572G>T",35,35.3695042095416,-0.00456092780346893,1,"Not Significant","truncating"
"9687C>T","6922G>A",32,43.0018709073901,-0.12833737277282,0.047,"Significant","truncating"
"9687C>T","3668G>A",26,31.4602432179607,-0.0827887278434943,0.253,"Not Significant","truncating"
"9687C>T","15761G>A",43,37.2310570626754,0.0625630887145202,0.263,"Not Significant","truncating"
"9687C>T","4743C>T",41,33.1356407857811,0.0924884832096615,0.124,"Not Significant","truncating"
"15882G>A","6030C>T",50,39.4630495790458,0.102779361225567,0.035,"Significant","truncating"
"15882G>A","6690G>A",25,26.9747427502339,-0.0330173029705821,0.747,"Not Significant","truncating"
"15882G>A","14360C>T",53,44.2918615528531,0.077951935869445,0.096,"Not Significant","truncating"
"15882G>A","9376G>A",44,32.3030869971936,0.134208649455488,0.011,"Significant","truncating"
"15882G>A","4214G>A",38,37.4649204864359,0.00615878140531536,0.928,"Not Significant","truncating"
"15882G>A","5035G>A",29,29.4724041159963,-0.00701756556294253,1,"Not Significant","truncating"
"15882G>A","11594C>T",26,28.4733395696913,-0.0394650595213067,0.642,"Not Significant","truncating"
"15882G>A","13556G>A",41,32.3030869971936,0.103539829689108,0.078,"Not Significant","truncating"
"15882G>A","9819G>A",41,32.3030869971936,0.103539829689108,0.06,"Not Significant","truncating"
"15882G>A","9984G>A",36,30.9710009354537,0.0653472594490591,0.292,"Not Significant","truncating"
"15882G>A","8572G>T",34,31.6370439663237,0.0312830189892148,0.699,"Not Significant","truncating"
"15882G>A","6922G>A",44,38.4639850327409,0.058398399493785,0.276,"Not Significant","truncating"
"15882G>A","3668G>A",26,28.1403180542563,-0.0343556537428444,0.637,"Not Significant","truncating"
"15882G>A","15761G>A",39,33.3021515434986,0.0685923142622116,0.238,"Not Significant","truncating"
"15882G>A","4743C>T",38,29.6389148737138,0.107921297207478,0.059,"Not Significant","truncating"
"6030C>T","6690G>A",36,35.9158091674462,0.00101684542332763,1,"Not Significant","truncating"
"6030C>T","14360C>T",65,58.9728718428438,0.0422610792103944,0.313,"Not Significant","truncating"
"6030C>T","9376G>A",40,43.0102899906455,-0.0315123794035135,0.581,"Not Significant","truncating"
"6030C>T","4214G>A",45,49.8830682881197,-0.0447406451372502,0.412,"Not Significant","truncating"
"6030C>T","5035G>A",40,39.2413470533209,0.00831608416480891,0.912,"Not Significant","truncating"
"6030C>T","11594C>T",40,37.911131898971,0.0232932401344229,0.685,"Not Significant","truncating"
"6030C>T","13556G>A",82,43.0102899906455,0.280241481651685,0,"Significant","truncating"
"6030C>T","9819G>A",47,43.0102899906455,0.0385254872040799,0.498,"Not Significant","truncating"
"6030C>T","9984G>A",49,41.2366697848457,0.0749124950091046,0.138,"Not Significant","truncating"
"6030C>T","8572G>T",40,42.1234798877456,-0.0224642504261376,0.675,"Not Significant","truncating"
"6030C>T","6922G>A",58,51.2132834424696,0.0540453728693679,0.266,"Not Significant","truncating"
"6030C>T","3668G>A",35,37.467726847521,-0.029589301064642,0.677,"Not Significant","truncating"
"6030C>T","15761G>A",57,44.3405051449953,0.109074219206967,0.015,"Significant","truncating"
"6030C>T","4743C>T",44,39.4630495790458,0.0472620333758541,0.36,"Not Significant","truncating"
"6690G>A","14360C>T",40,40.310570626754,-0.00335895463694919,1,"Not Significant","truncating"
"6690G>A","9376G>A",26,29.399438727783,-0.0533656912930678,0.525,"Not Significant","truncating"
"6690G>A","4214G>A",33,34.0972871842844,-0.0142058875672856,0.834,"Not Significant","truncating"
"6690G>A","5035G>A",23,26.823199251637,-0.0667827396777975,0.419,"Not Significant","truncating"
"6690G>A","11594C>T",19,25.9139382600561,-0.134779818772568,0.131,"Not Significant","truncating"
"6690G>A","13556G>A",26,29.399438727783,-0.0533656912930678,0.475,"Not Significant","truncating"
"6690G>A","9819G>A",25,29.399438727783,-0.0703990305917814,0.385,"Not Significant","truncating"
"6690G>A","9984G>A",35,28.1870907390084,0.0940177907982065,0.146,"Not Significant","truncating"
"6690G>A","8572G>T",30,28.7932647333957,0.0178303444329199,0.828,"Not Significant","truncating"
"6690G>A","6922G>A",38,35.0065481758653,0.0356343073907153,0.602,"Not Significant","truncating"
"6690G>A","3668G>A",28,25.6108512628625,0.0387340173945481,0.62,"Not Significant","truncating"
"6690G>A","15761G>A",28,30.3086997193639,-0.0344092736554967,0.682,"Not Significant","truncating"
"6690G>A","4743C>T",27,26.9747427502339,0.000406452516238937,1,"Not Significant","truncating"
"14360C>T","9376G>A",48,48.2731524789523,-0.00246442397692274,1,"Not Significant","truncating"
"14360C>T","4214G>A",61,55.9869036482694,0.0372433854770518,0.394,"Not Significant","truncating"
"14360C>T","5035G>A",42,44.0430308699719,-0.0206279073861472,0.719,"Not Significant","truncating"
"14360C>T","11594C>T",34,42.5500467726847,-0.0974211247719309,0.092,"Not Significant","truncating"
"14360C>T","13556G>A",56,48.2731524789523,0.0644823656535612,0.156,"Not Significant","truncating"
"14360C>T","9819G>A",61,48.2731524789523,0.101624173658064,0.019,"Significant","truncating"
"14360C>T","9984G>A",49,46.2825070159027,0.0247792043882563,0.644,"Not Significant","truncating"
"14360C>T","8572G>T",62,47.2778297474275,0.117734157122918,0.004,"Significant","truncating"
"14360C>T","6922G>A",63,57.4798877455566,0.0398246381390822,0.353,"Not Significant","truncating"
"14360C>T","3668G>A",59,42.0523854069224,0.147061375605885,0,"Significant","truncating"
"14360C>T","15761G>A",55,49.7661365762395,0.0434287624078907,0.354,"Not Significant","truncating"
"14360C>T","4743C>T",45,44.2918615528531,0.00688858004414524,0.928,"Not Significant","truncating"
"9376G>A","4214G>A",38,40.8325537885875,-0.0312229462159211,0.606,"Not Significant","truncating"
"9376G>A","5035G>A",32,32.1216089803555,-0.00164731276334349,1,"Not Significant","truncating"
"9376G>A","11594C>T",34,31.0327408793265,0.0396587819285312,0.601,"Not Significant","truncating"
"9376G>A","13556G>A",35,35.2067352666043,-0.00255771030139109,1,"Not Significant","truncating"
"9376G>A","9819G>A",35,35.2067352666043,-0.00255771030139109,1,"Not Significant","truncating"
"9376G>A","9984G>A",43,33.754911131899,0.105131486639946,0.063,"Not Significant","truncating"
"9376G>A","8572G>T",40,34.4808231992516,0.0644823656535117,0.28,"Not Significant","truncating"
"9376G>A","6922G>A",47,41.9214218896165,0.0496618533220132,0.337,"Not Significant","truncating"
"9376G>A","3668G>A",28,30.6697848456501,-0.0395526979927672,0.575,"Not Significant","truncating"
"9376G>A","15761G>A",32,36.2956033676333,-0.0547040420653626,0.391,"Not Significant","truncating"
"9376G>A","4743C>T",37,32.3030869971936,0.0589576970364823,0.35,"Not Significant","truncating"
"4214G>A","5035G>A",41,37.2544434050515,0.0416057774552378,0.484,"Not Significant","truncating"
"4214G>A","11594C>T",31,35.9915809167446,-0.0648392294602713,0.363,"Not Significant","truncating"
"4214G>A","13556G>A",43,40.8325537885875,0.0224619127467223,0.705,"Not Significant","truncating"
"4214G>A","9819G>A",45,40.8325537885875,0.0422059709424347,0.437,"Not Significant","truncating"
"4214G>A","9984G>A",52,39.1487371375117,0.123285586514024,0.014,"Significant","truncating"
"4214G>A","8572G>T",40,39.9906454630496,0.000101577472548795,1,"Not Significant","truncating"
"4214G>A","6922G>A",43,48.6202057998129,-0.0533483372150255,0.322,"Not Significant","truncating"
"4214G>A","3668G>A",35,35.5706267539757,-0.00702347316596242,0.924,"Not Significant","truncating"
"4214G>A","15761G>A",57,42.0954162768943,0.131640047105656,0.008,"Significant","truncating"
"4214G>A","4743C>T",42,37.4649204864359,0.0496244751862968,0.364,"Not Significant","truncating"
"5035G>A","11594C>T",27,28.3133769878391,-0.0206279073861205,0.831,"Not Significant","truncating"
"5035G>A","13556G>A",30,32.1216089803555,-0.0296760363634966,0.671,"Not Significant","truncating"
"5035G>A","9819G>A",33,32.1216089803555,0.0117166487945969,0.93,"Not Significant","truncating"
"5035G>A","9984G>A",28,30.7970065481759,-0.0413504740285849,0.576,"Not Significant","truncating"
"5035G>A","8572G>T",40,31.4593077642657,0.10431082922181,0.068,"Not Significant","truncating"
"5035G>A","6922G>A",42,38.2478952291862,0.0406417493526261,0.485,"Not Significant","truncating"
"5035G>A","3668G>A",39,27.9822263797942,0.144182341259359,0.013,"Significant","truncating"
"5035G>A","15761G>A",34,33.1150608044902,0.0114533602252111,0.921,"Not Significant","truncating"
"5035G>A","4743C>T",26,29.4724041159963,-0.0544422154909078,0.497,"Not Significant","truncating"
"11594C>T","13556G>A",41,31.0327408793265,0.120963721605793,0.044,"Significant","truncating"
"11594C>T","9819G>A",35,31.0327408793265,0.0522479092365152,0.442,"Not Significant","truncating"
"11594C>T","9984G>A",41,29.7530402245089,0.139252507318043,0.018,"Significant","truncating"
"11594C>T","8572G>T",34,30.3928905519177,0.0487069109058989,0.434,"Not Significant","truncating"
"11594C>T","6922G>A",36,36.9513564078578,-0.0113278843082017,0.913,"Not Significant","truncating"
"11594C>T","3668G>A",31,27.0336763330215,0.0594565840370178,0.437,"Not Significant","truncating"
"11594C>T","15761G>A",42,31.9925163704397,0.11820088955022,0.034,"Significant","truncating"
"11594C>T","4743C>T",33,28.4733395696913,0.0640755323854085,0.301,"Not Significant","truncating"
"13556G>A","9819G>A",31,35.2067352666043,-0.055264060817234,0.401,"Not Significant","truncating"
"13556G>A","9984G>A",40,33.754911131899,0.0737230223883972,0.209,"Not Significant","truncating"
"13556G>A","8572G>T",34,34.4808231992516,-0.00609870863200398,1,"Not Significant","truncating"
"13556G>A","6922G>A",49,41.9214218896165,0.0677600754147717,0.19,"Not Significant","truncating"
"13556G>A","3668G>A",30,30.6697848456501,-0.00958947461542743,0.907,"Not Significant","truncating"
"13556G>A","15761G>A",48,36.2956033676333,0.121387216989866,0.019,"Significant","truncating"
"13556G>A","4743C>T",33,32.3030869971936,0.00926991284751709,0.901,"Not Significant","truncating"
"9819G>A","9984G>A",43,33.754911131899,0.105131486639946,0.062,"Not Significant","truncating"
"9819G>A","8572G>T",54,34.4808231992516,0.194816134148236,0,"Significant","truncating"
"9819G>A","6922G>A",46,41.9214218896165,0.04032182706789,0.454,"Not Significant","truncating"
"9819G>A","3668G>A",44,30.6697848456501,0.156741947150637,0.006,"Significant","truncating"
"9819G>A","15761G>A",38,36.2956033676333,0.0199295762313273,0.75,"Not Significant","truncating"
"9819G>A","4743C>T",40,32.3030869971936,0.0928159642973617,0.109,"Not Significant","truncating"
"9984G>A","8572G>T",31,33.0589335827877,-0.0279271461276074,0.671,"Not Significant","truncating"
"9984G>A","6922G>A",41,40.1927034611787,0.00863663781843159,0.923,"Not Significant","truncating"
"9984G>A","3668G>A",26,29.4050514499532,-0.0534485956518004,0.499,"Not Significant","truncating"
"9984G>A","15761G>A",35,34.798877455566,0.00250280967714899,1,"Not Significant","truncating"
"9984G>A","4743C>T",53,30.9710009354537,0.233320628282174,0,"Significant","truncating"
"8572G>T","6922G>A",46,41.0570626753976,0.0493699560452652,0.41,"Not Significant","truncating"
"8572G>T","3668G>A",48,30.0374181478017,0.203578637017322,0,"Significant","truncating"
"8572G>T","15761G>A",41,35.5472404115996,0.0619779653115409,0.284,"Not Significant","truncating"
"8572G>T","4743C>T",35,31.6370439663237,0.0438721462971989,0.506,"Not Significant","truncating"
"6922G>A","3668G>A",34,36.5191768007484,-0.0310420622546966,0.599,"Not Significant","truncating"
"6922G>A","15761G>A",46,43.2179607109448,0.0270935613341659,0.646,"Not Significant","truncating"
"6922G>A","4743C>T",40,38.4639850327409,0.0170057143356587,0.78,"Not Significant","truncating"
"3668G>A","15761G>A",44,31.6183348924228,0.143513681416924,0.008,"Significant","truncating"
"3668G>A","4743C>T",27,28.1403180542563,-0.017965237554737,0.832,"Not Significant","truncating"
"15761G>A","4743C>T",33,33.3021515434986,-0.00395835288619771,1,"Not Significant","truncating"
