"Variant1","Variant2","Observed","Expected","log10_OE","P_perm","Significance","Variant_Type"
"6261G>A","5486C>A",1062,1062.00561272217,-2.29526160612589e-06,1,"Not Significant","missense"
"6261G>A","15386C>T",1068,1068,0,1,"Not Significant","missense"
"6261G>A","4235C>A",1064,1064.00374181478,-1.52729948673248e-06,1,"Not Significant","missense"
"6261G>A","11013C>T",1062,1062.00561272217,-2.29526160612589e-06,1,"Not Significant","missense"
"6261G>A","7216G>A",1063,1063.00467726848,-1.91091949224549e-06,1,"Not Significant","missense"
"6261G>A","13618C>T",1056,1056.01122544434,-4.61659339245597e-06,1,"Not Significant","missense"
"6261G>A","7829C>T",1061,1061.00654817587,-2.68032786913245e-06,1,"Not Significant","missense"
"6261G>A","15068C>T",1060,1060.00748362956,-3.06612032999056e-06,1,"Not Significant","missense"
"6261G>A","15650G>A",1053,1053.01403180543,-5.78717480089586e-06,1,"Not Significant","missense"
"6261G>A","12775G>A",1064,1064.00374181478,-1.52729948673248e-06,1,"Not Significant","missense"
"6261G>A","15111C>T",1057,1057.01028999065,-4.22787550020881e-06,1,"Not Significant","missense"
"6261G>A","5377C>T",1033,1033.03274087933,-1.37647220628015e-05,1,"Not Significant","missense"
"6261G>A","4831G>A",1060,1059.00841908326,0.000406452516240382,0.009,"Significant","missense"
"6261G>A","4202C>T",1038,1037.02899906455,0.000406452516240382,0.031,"Significant","missense"
"6261G>A","10285C>T",1029,1029.03648269411,-1.5397426498815e-05,1,"Not Significant","missense"
"6261G>A","9497T>A",993,993.070159027128,-3.06833856917571e-05,1,"Not Significant","missense"
"6261G>A","15687G>A",999,999.064546304958,-2.80592577772442e-05,1,"Not Significant","missense"
"6261G>A","12425A>T",999,999.064546304958,-2.80592577772442e-05,1,"Not Significant","missense"
"6261G>A","10914G>A",1007,1007.0570626754,-2.46090396480718e-05,1,"Not Significant","missense"
"6261G>A","4777C>T",992,992.071094480823,-3.11238249620862e-05,1,"Not Significant","missense"
"6261G>A","14997C>T",1001,1001.06267539757,-2.71915356678281e-05,1,"Not Significant","missense"
"6261G>A","13911A>T",1035,1034.03180542563,0.000406452516240382,0.035,"Significant","missense"
"6261G>A","11043A>T",998,997.066417212348,0.000406452516240382,0.075,"Not Significant","missense"
"6261G>A","9818C>A",1016,1016.04864359214,-2.07924586037217e-05,1,"Not Significant","missense"
"6261G>A","5014C>T",964,963.09822263798,0.000406452516240382,0.084,"Not Significant","missense"
"6261G>A","11789C>T",989,989.073900841908,-3.24504841300998e-05,1,"Not Significant","missense"
"6261G>A","15207C>A",884,883.173058933583,0.000406452516240382,0.177,"Not Significant","missense"
"6261G>A","14433C>T",878,878.177736202058,-8.79066514289796e-05,1,"Not Significant","missense"
"6261G>A","8833G>A",862,861.193638914874,0.000406452516240382,0.192,"Not Significant","missense"
"6261G>A","15443C>A",1054,1054.01309635173,-5.39624094325378e-06,1,"Not Significant","missense"
"6261G>A","9837G>A",1007,1007.0570626754,-2.46090396480718e-05,1,"Not Significant","missense"
"6261G>A","9295G>A",1031,1031.03461178672,-1.45794914355924e-05,1,"Not Significant","missense"
"6261G>A","6174G>A",1018,1018.04677268475,-1.99534894460326e-05,1,"Not Significant","missense"
"6261G>A","7273G>A",1000,999.064546304958,0.000406452516240382,0.071,"Not Significant","missense"
"6261G>A","12053C>T",1021,1021.04396632367,-1.87011955432399e-05,1,"Not Significant","missense"
"6261G>A","15698C>T",969,969.092609915809,-4.15046992391647e-05,1,"Not Significant","missense"
"6261G>A","10944C>T",994,994.069223573433,-3.02438321717056e-05,1,"Not Significant","missense"
"6261G>A","9445G>A",967,966.095416276894,0.000406452516240382,0.095,"Not Significant","missense"
"6261G>A","7332G>A",781,780.269410664172,0.000406452516240382,0.28,"Not Significant","missense"
"6261G>A","8720G>T",582,582.45463049579,-0.000339117592885196,1,"Not Significant","missense"
"6261G>A","13541C>T",847,847.206735266604,-0.000105989409766491,1,"Not Significant","missense"
"6261G>A","13430C>T",898,898.159027128157,-7.69025496839682e-05,1,"Not Significant","missense"
"6261G>A","15691A>T",768,767.281571562208,0.000406452516240382,0.289,"Not Significant","missense"
"6261G>A","3715G>A",865,865.189897100094,-9.53320362919973e-05,1,"Not Significant","missense"
"6261G>A","6925C>T",916,916.142188961646,-6.74094859303076e-05,1,"Not Significant","missense"
"6261G>A","6807C>T",666,665.376987839102,0.000406452516240382,0.369,"Not Significant","missense"
"6261G>A","15539C>T",710,710.334892422825,-0.000204799494450602,1,"Not Significant","missense"
"6261G>A","12920C>T",717,716.329279700655,0.000406452516240382,0.331,"Not Significant","missense"
"6261G>A","14895T>A",644,644.396632366698,-0.000267394759215261,1,"Not Significant","missense"
"6261G>A","13007C>T",709,709.33582787652,-0.000205661019768259,1,"Not Significant","missense"
"6261G>A","6648C>T",720,719.32647333957,0.000406452516240382,0.328,"Not Significant","missense"
"6261G>A","15600C>T",668,668.374181478017,-0.000243202776036982,1,"Not Significant","missense"
"6261G>A","14225C>T",863,862.192703461179,0.000406452516240382,0.191,"Not Significant","missense"
"6261G>A","13565C>T",638,637.403180542563,0.000406452516240382,0.395,"Not Significant","missense"
"6261G>A","14945G>A",569,568.467726847521,0.000406452516240478,0.499,"Not Significant","missense"
"6261G>A","15636C>T",729,728.318054256314,0.000406452516240286,0.313,"Not Significant","missense"
"6261G>A","8181T>A",619,619.420018709074,-0.00029458796189547,1,"Not Significant","missense"
"6261G>A","9270C>T",510,509.522918615528,0.000406452516240382,1,"Not Significant","missense"
"6261G>A","5227G>A",638,637.403180542563,0.000406452516240382,0.394,"Not Significant","missense"
"6261G>A","13996G>A",782,782.267539756782,-0.000148556481854906,1,"Not Significant","missense"
"6261G>A","14531C>T",824,823.229186155285,0.000406452516240382,0.213,"Not Significant","missense"
"6261G>A","15246G>A",516,515.517305893358,0.000406452516240286,1,"Not Significant","missense"
"6261G>A","12863G>A",689,688.355472404116,0.000406452516240382,0.353,"Not Significant","missense"
"6261G>A","3530C>T",849,848.205799812909,0.000406452516240382,0.194,"Not Significant","missense"
"6261G>A","8810C>T",535,534.499532273152,0.000406452516240382,0.491,"Not Significant","missense"
"6261G>A","3380G>A",405,404.621141253508,0.000406452516240286,1,"Not Significant","missense"
"6261G>A","10762G>A",883,883.173058933583,-8.51089192640582e-05,1,"Not Significant","missense"
"6261G>A","14394C>T",432,431.595884003742,0.000406452516240382,1,"Not Significant","missense"
"6261G>A","9907G>C",491,491.539756782039,-0.000477158128151317,0.468,"Not Significant","missense"
"6261G>A","7048C>T",814,814.237605238541,-0.000126751334534955,1,"Not Significant","missense"
"6261G>A","8406C>T",502,501.530402245089,0.000406452516240286,1,"Not Significant","missense"
"6261G>A","8723G>A",825,824.22825070159,0.000406452516240382,0.218,"Not Significant","missense"
"6261G>A","12503G>A",763,762.286248830683,0.000406452516240382,0.308,"Not Significant","missense"
"6261G>A","13103G>C",477,477.55285313377,-0.000503065055764479,0.454,"Not Significant","missense"
"6261G>A","15602A>G",761,760.288119738073,0.000406452516240382,0.278,"Not Significant","missense"
"6261G>A","4522T>C",732,732.314312441534,-0.000186441066495651,1,"Not Significant","missense"
"6261G>A","12468T>A",731,730.316183348924,0.000406452516240286,0.328,"Not Significant","missense"
"6261G>A","6445C>T",920,920.138447146866,-6.53503350532174e-05,1,"Not Significant","missense"
"6261G>A","14619A>T",719,719.32647333957,-0.000197153532145425,1,"Not Significant","missense"
"6261G>A","13421T>C",742,741.305893358279,0.000406452516240286,0.323,"Not Significant","missense"
"6261G>A","13370C>T",710,709.33582787652,0.000406452516240382,0.365,"Not Significant","missense"
"6261G>A","10354C>T",755,755.292797006548,-0.000168391355777876,1,"Not Significant","missense"
"6261G>A","15651C>T",853,852.202057998129,0.000406452516240382,0.246,"Not Significant","missense"
"6261G>A","8878C>T",820,819.232927970066,0.000406452516240286,0.235,"Not Significant","missense"
"6261G>A","6300G>A",710,710.334892422825,-0.000204799494450602,1,"Not Significant","missense"
"6261G>A","15044C>T",814,814.237605238541,-0.000126751334534955,1,"Not Significant","missense"
"6261G>A","7897G>T",699,698.346117867166,0.000406452516240382,0.32,"Not Significant","missense"
"6261G>A","7026G>A",760,759.289055191768,0.000406452516240382,0.274,"Not Significant","missense"
"6261G>A","7065G>A",715,714.331150608045,0.000406452516240382,0.336,"Not Significant","missense"
"6261G>A","15810C>T",689,688.355472404116,0.000406452516240382,0.326,"Not Significant","missense"
"6261G>A","3650C>T",807,806.245088868101,0.000406452516240382,0.25,"Not Significant","missense"
"6261G>A","15384C>T",459,459.569691300281,-0.00053869362807235,0.438,"Not Significant","missense"
"6261G>A","7916A>G",568,568.467726847521,-0.000357478167811722,1,"Not Significant","missense"
"6261G>A","13682C>T",772,771.277829747428,0.000406452516240382,0.272,"Not Significant","missense"
"6261G>A","8734C>T",724,723.32273152479,0.000406452516240382,0.335,"Not Significant","missense"
"6261G>A","13759G>A",898,898.159027128157,-7.69025496839682e-05,1,"Not Significant","missense"
"6261G>A","9835T>C",546,545.489242282507,0.000406452516240382,0.475,"Not Significant","missense"
"6261G>A","9651C>T",756,755.292797006548,0.000406452516240382,0.28,"Not Significant","missense"
"6261G>A","9520G>A",692,692.351730589336,-0.000220687638808505,1,"Not Significant","missense"
"5486C>A","15386C>T",1063,1063,0,1,"Not Significant","missense"
"5486C>A","4235C>A",1059,1059.02245088868,-9.20698179028603e-06,1,"Not Significant","missense"
"5486C>A","11013C>T",1058,1057.03367633302,0.000396843861351308,0.038,"Significant","missense"
"5486C>A","7216G>A",1060,1058.02806361085,0.000808677991221993,0.001,"Significant","missense"
"5486C>A","13618C>T",1053,1051.06735266604,0.000797824563541416,0,"Significant","missense"
"5486C>A","7829C>T",1056,1056.03928905519,-1.61578621755529e-05,1,"Not Significant","missense"
"5486C>A","15068C>T",1055,1055.04490177736,-1.84835821478858e-05,1,"Not Significant","missense"
"5486C>A","15650G>A",1048,1048.08419083255,-3.48875433386574e-05,1,"Not Significant","missense"
"5486C>A","12775G>A",1061,1059.02245088868,0.00081021681206525,0,"Significant","missense"
"5486C>A","15111C>T",1052,1052.06173994387,-2.5487195965406e-05,1,"Not Significant","missense"
"5486C>A","5377C>T",1029,1028.19644527596,0.000339276689990429,0.186,"Not Significant","missense"
"5486C>A","4831G>A",1056,1054.05051449953,0.000802493618504404,0.001,"Significant","missense"
"5486C>A","4202C>T",1033,1032.17399438728,0.000347408692662739,0.18,"Not Significant","missense"
"5486C>A","10285C>T",1026,1024.21889616464,0.000754576756106508,0.022,"Significant","missense"
"5486C>A","9497T>A",991,988.420954162769,0.00113171077344316,0.006,"Significant","missense"
"5486C>A","15687G>A",997,994.387277829748,0.00113959899713685,0.004,"Significant","missense"
"5486C>A","12425A>T",996,994.387277829748,0.000703779109179861,0.054,"Not Significant","missense"
"5486C>A","10914G>A",1005,1002.34237605239,0.00114997033248238,0.004,"Significant","missense"
"5486C>A","4777C>T",991,987.426566884939,0.00156884667537519,0.001,"Significant","missense"
"5486C>A","14997C>T",997,996.376052385407,0.000271877465910052,0.289,"Not Significant","missense"
"5486C>A","13911A>T",1032,1029.19083255379,0.0011837881837371,0.001,"Significant","missense"
"5486C>A","11043A>T",993,992.398503274088,0.000263147893491353,0.368,"Not Significant","missense"
"5486C>A","9818C>A",1012,1011.29186155285,0.000304000266516934,0.277,"Not Significant","missense"
"5486C>A","5014C>T",960,958.589335827877,0.000638639822218727,0.111,"Not Significant","missense"
"5486C>A","11789C>T",985,984.44340505145,0.000245476585543051,0.34,"Not Significant","missense"
"5486C>A","15207C>A",879,879.038353601497,-1.89492538199335e-05,1,"Not Significant","missense"
"5486C>A","14433C>T",874,874.066417212348,-3.30017538875941e-05,1,"Not Significant","missense"
"5486C>A","8833G>A",858,857.161833489242,0.000424462709473881,0.583,"Not Significant","missense"
"5486C>A","15443C>A",1051,1049.07857811038,0.00079469708001186,0,"Significant","missense"
"5486C>A","9837G>A",1006,1002.34237605239,0.00158188929588319,0,"Significant","missense"
"5486C>A","9295G>A",1030,1026.2076707203,0.00160196809946073,0,"Significant","missense"
"5486C>A","6174G>A",1015,1013.28063610851,0.00073629892828646,0.029,"Significant","missense"
"5486C>A","7273G>A",998,994.387277829748,0.00157498197285215,0,"Significant","missense"
"5486C>A","12053C>T",1019,1016.263797942,0.00116772889321368,0.003,"Significant","missense"
"5486C>A","15698C>T",967,964.555659494855,0.00109918050223798,0.008,"Significant","missense"
"5486C>A","10944C>T",994,989.415341440599,0.00200774433706891,0,"Significant","missense"
"5486C>A","9445G>A",965,961.572497661366,0.00154527994627196,0,"Significant","missense"
"5486C>A","7332G>A",780,776.616463985033,0.0018880094986611,0.006,"Significant","missense"
"5486C>A","8720G>T",580,579.727782974743,0.00020387948940442,1,"Not Significant","missense"
"5486C>A","13541C>T",846,843.240411599626,0.00141895146779087,0.024,"Significant","missense"
"5486C>A","13430C>T",897,893.954162768943,0.00147719199634443,0.009,"Significant","missense"
"5486C>A","15691A>T",766,763.689429373246,0.00131199028657308,0.056,"Not Significant","missense"
"5486C>A","3715G>A",864,861.139382600561,0.00144029114702771,0.014,"Significant","missense"
"5486C>A","6925C>T",916,911.853133769878,0.00197057868331029,0,"Significant","missense"
"5486C>A","6807C>T",665,662.261927034612,0.00179185681828452,0.031,"Significant","missense"
"5486C>A","15539C>T",709,707.00935453695,0.0012210751387813,0.189,"Not Significant","missense"
"5486C>A","12920C>T",714,712.975678203929,0.000623496793855448,0.405,"Not Significant","missense"
"5486C>A","14895T>A",643,641.379794200187,0.0010956989744354,0.21,"Not Significant","missense"
"5486C>A","13007C>T",709,706.014967259121,0.0018323271494723,0.024,"Significant","missense"
"5486C>A","6648C>T",718,715.958840037418,0.0012363884965129,0.085,"Not Significant","missense"
"5486C>A","15600C>T",668,665.245088868101,0.00179478539320353,0.022,"Significant","missense"
"5486C>A","14225C>T",860,858.156220767072,0.000932096213839203,0.076,"Not Significant","missense"
"5486C>A","13565C>T",637,634.419083255379,0.00176319429966909,0.044,"Significant","missense"
"5486C>A","14945G>A",568,565.806361085126,0.0016805100014287,0.098,"Not Significant","missense"
"5486C>A","15636C>T",727,724.908325537886,0.00125132322654427,0.086,"Not Significant","missense"
"5486C>A","8181T>A",619,616.520112254443,0.00174340020734506,0.091,"Not Significant","missense"
"5486C>A","9270C>T",507,507.137511693171,-0.000117776079119094,1,"Not Significant","missense"
"5486C>A","5227G>A",636,634.419083255379,0.00108087761273265,0.225,"Not Significant","missense"
"5486C>A","13996G>A",781,778.605238540692,0.001333712504838,0.064,"Not Significant","missense"
"5486C>A","14531C>T",821,819.375116931712,0.000860386107806106,0.144,"Not Significant","missense"
"5486C>A","15246G>A",516,513.10383536015,0.00244444068548076,0.033,"Significant","missense"
"5486C>A","12863G>A",687,685.132834424696,0.00118195583740566,0.165,"Not Significant","missense"
"5486C>A","3530C>T",847,844.234798877456,0.00142016077223528,0.019,"Significant","missense"
"5486C>A","8810C>T",533,531.997193638915,0.000817867690824959,0.441,"Not Significant","missense"
"5486C>A","3380G>A",405,402.726847521048,0.00244444068548067,0.096,"Not Significant","missense"
"5486C>A","10762G>A",881,879.038353601497,0.000968084084455973,0.062,"Not Significant","missense"
"5486C>A","14394C>T",432,429.575304022451,0.00244444068548067,0.092,"Not Significant","missense"
"5486C>A","9907G>C",490,489.238540692236,0.000675417946634491,0.713,"Not Significant","missense"
"5486C>A","7048C>T",810,810.425631431244,-0.000228149175845547,1,"Not Significant","missense"
"5486C>A","8406C>T",502,499.182413470533,0.00244444068548067,0.028,"Significant","missense"
"5486C>A","8723G>A",822,820.369504209542,0.000862309675606462,0.138,"Not Significant","missense"
"5486C>A","12503G>A",760,758.717492984097,0.000733495011391981,0.365,"Not Significant","missense"
"5486C>A","13103G>C",476,475.317118802619,0.000623496793855352,0.668,"Not Significant","missense"
"5486C>A","15602A>G",758,756.728718428438,0.000728989546961921,0.352,"Not Significant","missense"
"5486C>A","4522T>C",731,728.885874649205,0.00125784300221364,0.085,"Not Significant","missense"
"5486C>A","12468T>A",729,726.897100093545,0.00125459204559526,0.093,"Not Significant","missense"
"5486C>A","6445C>T",917,915.830682881197,0.000554146158653434,0.219,"Not Significant","missense"
"5486C>A","14619A>T",719,715.958840037418,0.00184083463709509,0.014,"Significant","missense"
"5486C>A","13421T>C",740,737.835360149673,0.00127225513743023,0.088,"Not Significant","missense"
"5486C>A","13370C>T",707,706.014967259121,0.000605505763305323,0.676,"Not Significant","missense"
"5486C>A","10354C>T",753,751.756782039289,0.000717621384975156,0.368,"Not Significant","missense"
"5486C>A","15651C>T",849,848.212347988775,0.000403099761910857,0.592,"Not Significant","missense"
"5486C>A","8878C>T",817,815.397567820393,0.000852644834179882,0.143,"Not Significant","missense"
"5486C>A","6300G>A",710,707.00935453695,0.00183318867478999,0.021,"Significant","missense"
"5486C>A","15044C>T",814,810.425631431244,0.00191123683470566,0.005,"Significant","missense"
"5486C>A","7897G>T",696,695.076707202993,0.00057650455036183,0.685,"Not Significant","missense"
"5486C>A","7026G>A",760,755.734331150608,0.00244444068548096,0.001,"Significant","missense"
"5486C>A","7065G>A",712,710.986903648269,0.000618392521256964,0.407,"Not Significant","missense"
"5486C>A","15810C>T",688,685.132834424696,0.00181365701336644,0.032,"Significant","missense"
"5486C>A","3650C>T",806,802.470533208606,0.00190594776850121,0.002,"Significant","missense"
"5486C>A","15384C>T",460,457.418147801684,0.00244444068548067,0.035,"Significant","missense"
"5486C>A","7916A>G",567,565.806361085126,0.00091523318331654,0.441,"Not Significant","missense"
"5486C>A","13682C>T",768,767.666978484565,0.000188360381257119,1,"Not Significant","missense"
"5486C>A","8734C>T",720,719.936389148737,3.83709196027975e-05,1,"Not Significant","missense"
"5486C>A","13759G>A",899,893.954162768943,0.00244444068548105,0,"Significant","missense"
"5486C>A","9835T>C",544,542.935453695042,0.00085069767892381,0.432,"Not Significant","missense"
"5486C>A","9651C>T",753,751.756782039289,0.000717621384975156,0.382,"Not Significant","missense"
"5486C>A","9520G>A",691,689.110383536015,0.00118925344787275,0.18,"Not Significant","missense"
"15386C>T","4235C>A",1065,1065,0,1,"Not Significant","missense"
"15386C>T","11013C>T",1063,1063,0,1,"Not Significant","missense"
"15386C>T","7216G>A",1064,1064,0,1,"Not Significant","missense"
"15386C>T","13618C>T",1057,1057,0,1,"Not Significant","missense"
"15386C>T","7829C>T",1062,1062,0,1,"Not Significant","missense"
"15386C>T","15068C>T",1061,1061,0,1,"Not Significant","missense"
"15386C>T","15650G>A",1054,1054,0,1,"Not Significant","missense"
"15386C>T","12775G>A",1065,1065,0,1,"Not Significant","missense"
"15386C>T","15111C>T",1058,1058,0,1,"Not Significant","missense"
"15386C>T","5377C>T",1034,1034,0,1,"Not Significant","missense"
"15386C>T","4831G>A",1060,1060,0,1,"Not Significant","missense"
"15386C>T","4202C>T",1038,1038,0,1,"Not Significant","missense"
"15386C>T","10285C>T",1030,1030,0,1,"Not Significant","missense"
"15386C>T","9497T>A",994,994,0,1,"Not Significant","missense"
"15386C>T","15687G>A",1000,1000,0,1,"Not Significant","missense"
"15386C>T","12425A>T",1000,1000,0,1,"Not Significant","missense"
"15386C>T","10914G>A",1008,1008,0,1,"Not Significant","missense"
"15386C>T","4777C>T",993,993,0,1,"Not Significant","missense"
"15386C>T","14997C>T",1002,1002,0,1,"Not Significant","missense"
"15386C>T","13911A>T",1035,1035,0,1,"Not Significant","missense"
"15386C>T","11043A>T",998,998,0,1,"Not Significant","missense"
"15386C>T","9818C>A",1017,1017,0,1,"Not Significant","missense"
"15386C>T","5014C>T",964,964,0,1,"Not Significant","missense"
"15386C>T","11789C>T",990,990,0,1,"Not Significant","missense"
"15386C>T","15207C>A",884,884,0,1,"Not Significant","missense"
"15386C>T","14433C>T",879,879,0,1,"Not Significant","missense"
"15386C>T","8833G>A",862,862,0,1,"Not Significant","missense"
"15386C>T","15443C>A",1055,1055,0,1,"Not Significant","missense"
"15386C>T","9837G>A",1008,1008,0,1,"Not Significant","missense"
"15386C>T","9295G>A",1032,1032,0,1,"Not Significant","missense"
"15386C>T","6174G>A",1019,1019,0,1,"Not Significant","missense"
"15386C>T","7273G>A",1000,1000,0,1,"Not Significant","missense"
"15386C>T","12053C>T",1022,1022,0,1,"Not Significant","missense"
"15386C>T","15698C>T",970,970,0,1,"Not Significant","missense"
"15386C>T","10944C>T",995,995,0,1,"Not Significant","missense"
"15386C>T","9445G>A",967,967,0,1,"Not Significant","missense"
"15386C>T","7332G>A",781,781,0,1,"Not Significant","missense"
"15386C>T","8720G>T",583,583,0,1,"Not Significant","missense"
"15386C>T","13541C>T",848,848,0,1,"Not Significant","missense"
"15386C>T","13430C>T",899,899,0,1,"Not Significant","missense"
"15386C>T","15691A>T",768,768,0,1,"Not Significant","missense"
"15386C>T","3715G>A",866,866,0,1,"Not Significant","missense"
"15386C>T","6925C>T",917,917,0,1,"Not Significant","missense"
"15386C>T","6807C>T",666,666,0,1,"Not Significant","missense"
"15386C>T","15539C>T",711,711,0,1,"Not Significant","missense"
"15386C>T","12920C>T",717,717,0,1,"Not Significant","missense"
"15386C>T","14895T>A",645,645,0,1,"Not Significant","missense"
"15386C>T","13007C>T",710,710,0,1,"Not Significant","missense"
"15386C>T","6648C>T",720,720,0,1,"Not Significant","missense"
"15386C>T","15600C>T",669,669,0,1,"Not Significant","missense"
"15386C>T","14225C>T",863,863,0,1,"Not Significant","missense"
"15386C>T","13565C>T",638,638,0,1,"Not Significant","missense"
"15386C>T","14945G>A",569,569,9.64327466553287e-17,1,"Not Significant","missense"
"15386C>T","15636C>T",729,729,0,1,"Not Significant","missense"
"15386C>T","8181T>A",620,620,0,1,"Not Significant","missense"
"15386C>T","9270C>T",510,510,0,1,"Not Significant","missense"
"15386C>T","5227G>A",638,638,0,1,"Not Significant","missense"
"15386C>T","13996G>A",783,783,0,1,"Not Significant","missense"
"15386C>T","14531C>T",824,824,0,1,"Not Significant","missense"
"15386C>T","15246G>A",516,516,0,1,"Not Significant","missense"
"15386C>T","12863G>A",689,689,0,1,"Not Significant","missense"
"15386C>T","3530C>T",849,849,0,1,"Not Significant","missense"
"15386C>T","8810C>T",535,535,0,1,"Not Significant","missense"
"15386C>T","3380G>A",405,405,0,1,"Not Significant","missense"
"15386C>T","10762G>A",884,884,0,1,"Not Significant","missense"
"15386C>T","14394C>T",432,432,0,1,"Not Significant","missense"
"15386C>T","9907G>C",492,492,0,1,"Not Significant","missense"
"15386C>T","7048C>T",815,815,0,1,"Not Significant","missense"
"15386C>T","8406C>T",502,502,-4.82163733276644e-17,1,"Not Significant","missense"
"15386C>T","8723G>A",825,825,0,1,"Not Significant","missense"
"15386C>T","12503G>A",763,763,0,1,"Not Significant","missense"
"15386C>T","13103G>C",478,478,0,1,"Not Significant","missense"
"15386C>T","15602A>G",761,761,0,1,"Not Significant","missense"
"15386C>T","4522T>C",733,733,0,1,"Not Significant","missense"
"15386C>T","12468T>A",731,731,0,1,"Not Significant","missense"
"15386C>T","6445C>T",921,921,0,1,"Not Significant","missense"
"15386C>T","14619A>T",720,720,0,1,"Not Significant","missense"
"15386C>T","13421T>C",742,742,0,1,"Not Significant","missense"
"15386C>T","13370C>T",710,710,0,1,"Not Significant","missense"
"15386C>T","10354C>T",756,756,0,1,"Not Significant","missense"
"15386C>T","15651C>T",853,853,0,1,"Not Significant","missense"
"15386C>T","8878C>T",820,820,0,1,"Not Significant","missense"
"15386C>T","6300G>A",711,711,0,1,"Not Significant","missense"
"15386C>T","15044C>T",815,815,0,1,"Not Significant","missense"
"15386C>T","7897G>T",699,699,0,1,"Not Significant","missense"
"15386C>T","7026G>A",760,760,0,1,"Not Significant","missense"
"15386C>T","7065G>A",715,715,0,1,"Not Significant","missense"
"15386C>T","15810C>T",689,689,0,1,"Not Significant","missense"
"15386C>T","3650C>T",807,807,0,1,"Not Significant","missense"
"15386C>T","15384C>T",460,460,-4.82163733276644e-17,1,"Not Significant","missense"
"15386C>T","7916A>G",569,569,9.64327466553287e-17,1,"Not Significant","missense"
"15386C>T","13682C>T",772,772,0,1,"Not Significant","missense"
"15386C>T","8734C>T",724,724,0,1,"Not Significant","missense"
"15386C>T","13759G>A",899,899,0,1,"Not Significant","missense"
"15386C>T","9835T>C",546,546,9.64327466553287e-17,1,"Not Significant","missense"
"15386C>T","9651C>T",756,756,0,1,"Not Significant","missense"
"15386C>T","9520G>A",693,693,0,1,"Not Significant","missense"
"4235C>A","11013C>T",1059,1059.02245088868,-9.20698179028603e-06,1,"Not Significant","missense"
"4235C>A","7216G>A",1060,1060.0187090739,-7.66526023768627e-06,1,"Not Significant","missense"
"4235C>A","13618C>T",1053,1053.04490177736,-1.85186879183377e-05,1,"Not Significant","missense"
"4235C>A","7829C>T",1058,1058.02619270346,-1.07516122618413e-05,1,"Not Significant","missense"
"4235C>A","15068C>T",1057,1057.02993451824,-1.22991598929228e-05,1,"Not Significant","missense"
"4235C>A","15650G>A",1050,1050.0561272217,-2.32143725682691e-05,1,"Not Significant","missense"
"4235C>A","12775G>A",1062,1061.01496725912,0.000403006404715113,0.015,"Significant","missense"
"4235C>A","15111C>T",1054,1054.04115996258,-1.69593886176079e-05,1,"Not Significant","missense"
"4235C>A","5377C>T",1034,1030.13096351731,0.00162809743402136,0,"Significant","missense"
"4235C>A","4831G>A",1056,1056.03367633302,-1.38496329552814e-05,1,"Not Significant","missense"
"4235C>A","4202C>T",1038,1034.11599625819,0.00162809743402126,0,"Significant","missense"
"4235C>A","10285C>T",1026,1026.14593077643,-6.17664953532962e-05,1,"Not Significant","missense"
"4235C>A","9497T>A",991,990.280636108513,0.000315367521983413,0.251,"Not Significant","missense"
"4235C>A","15687G>A",996,996.258185219832,-0.00011256414227975,1,"Not Significant","missense"
"4235C>A","12425A>T",996,996.258185219832,-0.00011256414227975,1,"Not Significant","missense"
"4235C>A","10914G>A",1004,1004.22825070159,-9.8721866484471e-05,1,"Not Significant","missense"
"4235C>A","4777C>T",990,989.284377923293,0.000314043536190166,0.248,"Not Significant","missense"
"4235C>A","14997C>T",998,998.250701590271,-0.000109082809834307,1,"Not Significant","missense"
"4235C>A","13911A>T",1032,1031.12722170253,0.00036744493227745,0.134,"Not Significant","missense"
"4235C>A","11043A>T",995,994.265668849392,0.000320636892375797,0.228,"Not Significant","missense"
"4235C>A","9818C>A",1015,1013.19457436857,0.000773186760508452,0.012,"Significant","missense"
"4235C>A","5014C>T",963,960.392890551918,0.00117735065572507,0.001,"Significant","missense"
"4235C>A","11789C>T",988,986.295603367633,0.000749847424099617,0.038,"Significant","missense"
"4235C>A","15207C>A",883,880.692235734331,0.00113653599851685,0.016,"Significant","missense"
"4235C>A","14433C>T",875,875.710944808232,-0.000352724617437167,0.624,"Not Significant","missense"
"4235C>A","8833G>A",860,858.774555659495,0.000619282852876265,0.181,"Not Significant","missense"
"4235C>A","15443C>A",1052,1051.05238540692,0.000391377618030178,0.05,"Not Significant","missense"
"4235C>A","9837G>A",1007,1004.22825070159,0.0011970358781329,0,"Significant","missense"
"4235C>A","9295G>A",1030,1028.13844714687,0.000785624848000999,0.004,"Significant","missense"
"4235C>A","6174G>A",1016,1015.18709073901,0.000347621375495506,0.161,"Not Significant","missense"
"4235C>A","7273G>A",997,996.258185219832,0.000323255745677198,0.243,"Not Significant","missense"
"4235C>A","12053C>T",1019,1018.17586529467,0.000351385641753924,0.181,"Not Significant","missense"
"4235C>A","15698C>T",969,966.370439663237,0.00118014021854179,0.004,"Significant","missense"
"4235C>A","10944C>T",993,991.276894293733,0.000754265183677057,0.024,"Significant","missense"
"4235C>A","9445G>A",965,963.381665107577,0.000728936694812284,0.038,"Significant","missense"
"4235C>A","7332G>A",778,778.077642656689,-4.3339453589949e-05,1,"Not Significant","missense"
"4235C>A","8720G>T",582,580.818521983162,0.000882527324895692,0.333,"Not Significant","missense"
"4235C>A","13541C>T",846,844.826941066417,0.000602608216331086,0.196,"Not Significant","missense"
"4235C>A","13430C>T",897,895.636108512629,0.000660848744884681,0.111,"Not Significant","missense"
"4235C>A","15691A>T",766,765.126286248831,0.000495647035113359,0.578,"Not Significant","missense"
"4235C>A","3715G>A",863,862.759588400374,0.00012100113188443,1,"Not Significant","missense"
"4235C>A","6925C>T",915,913.568755846586,0.000679855830448622,0.1,"Not Significant","missense"
"4235C>A","6807C>T",663,663.507951356408,-0.000332603331506428,0.663,"Not Significant","missense"
"4235C>A","15539C>T",710,708.3395696913,0.00101684542333032,0.111,"Not Significant","missense"
"4235C>A","12920C>T",716,714.317118802619,0.00102196407407676,0.104,"Not Significant","missense"
"4235C>A","14895T>A",644,642.586529466791,0.000954250158565563,0.302,"Not Significant","missense"
"4235C>A","13007C>T",708,707.34331150608,0.000403006404715113,0.613,"Not Significant","missense"
"4235C>A","6648C>T",718,717.305893358279,0.000420045245053277,0.612,"Not Significant","missense"
"4235C>A","15600C>T",667,666.496725912067,0.000327813582747281,0.634,"Not Significant","missense"
"4235C>A","14225C>T",862,859.770813844715,0.00112456754352448,0.033,"Significant","missense"
"4235C>A","13565C>T",637,635.612722170253,0.000946851048209406,0.32,"Not Significant","missense"
"4235C>A","14945G>A",568,566.870907390084,0.000864166749969115,0.337,"Not Significant","missense"
"4235C>A","15636C>T",729,726.272217025257,0.00162809743402126,0.009,"Significant","missense"
"4235C>A","8181T>A",618,617.680074836296,0.000224883024583428,1,"Not Significant","missense"
"4235C>A","9270C>T",507,508.091674462114,-0.000934119330578717,0.343,"Not Significant","missense"
"4235C>A","5227G>A",638,635.612722170253,0.00162809743402126,0.02,"Significant","missense"
"4235C>A","13996G>A",781,780.070159027128,0.000517369253378334,0.568,"Not Significant","missense"
"4235C>A","14531C>T",822,820.916744621141,0.000572703276955948,0.211,"Not Significant","missense"
"4235C>A","15246G>A",513,514.069223573433,-0.000904239081373479,0.329,"Not Significant","missense"
"4235C>A","12863G>A",689,686.421889616464,0.00162809743402117,0.01,"Significant","missense"
"4235C>A","3530C>T",848,845.823199251637,0.00111625944678244,0.029,"Significant","missense"
"4235C>A","8810C>T",534,532.99812909261,0.000815572441349323,0.365,"Not Significant","missense"
"4235C>A","3380G>A",403,403.484565014032,-0.000521879639537517,1,"Not Significant","missense"
"4235C>A","10762G>A",881,880.692235734331,0.000151740832996357,1,"Not Significant","missense"
"4235C>A","14394C>T",431,430.383536014967,0.000621620779840816,0.685,"Not Significant","missense"
"4235C>A","9907G>C",491,490.159027128157,0.000744486789629442,0.605,"Not Significant","missense"
"4235C>A","7048C>T",813,811.950420954163,0.000561034288112965,0.257,"Not Significant","missense"
"4235C>A","8406C>T",498,500.121608980356,-0.00184627695128005,0.055,"Not Significant","missense"
"4235C>A","8723G>A",824,821.913002806361,0.00110136058121196,0.032,"Significant","missense"
"4235C>A","12503G>A",762,760.144995322732,0.00105853081874133,0.085,"Not Significant","missense"
"4235C>A","13103G>C",478,476.21141253508,0.00162809743402107,0.131,"Not Significant","missense"
"4235C>A","15602A>G",760,758.152478952292,0.00105703294423988,0.076,"Not Significant","missense"
"4235C>A","4522T>C",731,730.257249766137,0.000441499750753868,0.589,"Not Significant","missense"
"4235C>A","12468T>A",730,728.264733395697,0.00103358059661678,0.076,"Not Significant","missense"
"4235C>A","6445C>T",919,917.553788587465,0.000683978623283705,0.104,"Not Significant","missense"
"4235C>A","14619A>T",719,717.305893358279,0.00102449138563548,0.096,"Not Significant","missense"
"4235C>A","13421T>C",741,739.223573433115,0.00104240013432238,0.09,"Not Significant","missense"
"4235C>A","13370C>T",710,707.34331150608,0.00162809743402126,0.011,"Significant","missense"
"4235C>A","10354C>T",755,753.171188026193,0.00105325356200309,0.083,"Not Significant","missense"
"4235C>A","15651C>T",851,849.808231992516,0.000608626351086278,0.188,"Not Significant","missense"
"4235C>A","8878C>T",818,816.931711880262,0.000567548721627683,0.24,"Not Significant","missense"
"4235C>A","6300G>A",710,708.3395696913,0.00101684542333032,0.125,"Not Significant","missense"
"4235C>A","15044C>T",814,811.950420954163,0.00109489358324596,0.042,"Significant","missense"
"4235C>A","7897G>T",698,696.384471468662,0.00100634431150107,0.12,"Not Significant","missense"
"4235C>A","7026G>A",759,757.156220767072,0.00105628104871035,0.082,"Not Significant","missense"
"4235C>A","7065G>A",714,712.32460243218,0.00102026740911514,0.126,"Not Significant","missense"
"4235C>A","15810C>T",688,686.421889616464,0.00099731376190676,0.114,"Not Significant","missense"
"4235C>A","3650C>T",807,803.980355472404,0.00162809743402126,0.004,"Significant","missense"
"4235C>A","15384C>T",457,458.278765201123,-0.00121353417770215,0.305,"Not Significant","missense"
"4235C>A","7916A>G",569,566.870907390084,0.00162809743402126,0.055,"Not Significant","missense"
"4235C>A","13682C>T",771,769.11131898971,0.00106517514924217,0.078,"Not Significant","missense"
"4235C>A","8734C>T",723,721.290926099158,0.00102782853140522,0.108,"Not Significant","missense"
"4235C>A","13759G>A",897,895.636108512629,0.000660848744884681,0.132,"Not Significant","missense"
"4235C>A","9835T>C",545,543.956969130028,0.000831957005926529,0.362,"Not Significant","missense"
"4235C>A","9651C>T",755,753.171188026193,0.00105325356200309,0.076,"Not Significant","missense"
"4235C>A","9520G>A",693,690.406922357343,0.00162809743402126,0.016,"Significant","missense"
"11013C>T","7216G>A",1060,1058.02806361085,0.000808677991221993,0.001,"Significant","missense"
"11013C>T","13618C>T",1055,1051.06735266604,0.00162191301176636,0,"Significant","missense"
"11013C>T","7829C>T",1059,1056.03928905519,0.0012158840475159,0,"Significant","missense"
"11013C>T","15068C>T",1057,1055.04490177736,0.000804044091566825,0,"Significant","missense"
"11013C>T","15650G>A",1052,1048.08419083255,0.00161956962667357,0,"Significant","missense"
"11013C>T","12775G>A",1059,1059.02245088868,-9.20698179028603e-06,1,"Not Significant","missense"
"11013C>T","15111C>T",1054,1052.06173994387,0.000799383862842123,0,"Significant","missense"
"11013C>T","5377C>T",1028,1028.19644527596,-8.29834131855622e-05,1,"Not Significant","missense"
"11013C>T","4831G>A",1054,1054.05051449953,-2.08137027611774e-05,1,"Not Significant","missense"
"11013C>T","4202C>T",1032,1032.17399438728,-7.32155357652497e-05,1,"Not Significant","missense"
"11013C>T","10285C>T",1026,1024.21889616464,0.000754576756106508,0.017,"Significant","missense"
"11013C>T","9497T>A",993,988.420954162769,0.00200730478354885,0,"Significant","missense"
"11013C>T","15687G>A",999,994.387277829748,0.00200992891146336,0,"Significant","missense"
"11013C>T","12425A>T",996,994.387277829748,0.000703779109179861,0.039,"Significant","missense"
"11013C>T","10914G>A",1007,1002.34237605239,0.00201337912959259,0,"Significant","missense"
"11013C>T","4777C>T",991,987.426566884939,0.00156884667537519,0,"Significant","missense"
"11013C>T","14997C>T",1000,996.376052385407,0.00157671915425418,0,"Significant","missense"
"11013C>T","13911A>T",1031,1029.19083255379,0.000762756176061185,0.017,"Significant","missense"
"11013C>T","11043A>T",993,992.398503274088,0.000263147893491353,0.358,"Not Significant","missense"
"11013C>T","9818C>A",1012,1011.29186155285,0.000304000266516934,0.268,"Not Significant","missense"
"11013C>T","5014C>T",960,958.589335827877,0.000638639822218727,0.106,"Not Significant","missense"
"11013C>T","11789C>T",985,984.44340505145,0.000245476585543051,0.391,"Not Significant","missense"
"11013C>T","15207C>A",878,879.038353601497,-0.000513308421489229,0.41,"Not Significant","missense"
"11013C>T","14433C>T",876,874.066417212348,0.000959671779789947,0.082,"Not Significant","missense"
"11013C>T","8833G>A",856,857.161833489242,-0.000589060462078244,0.367,"Not Significant","missense"
"11013C>T","15443C>A",1050,1049.07857811038,0.000381280121707751,0.078,"Not Significant","missense"
"11013C>T","9837G>A",1003,1002.34237605239,0.000284841596392857,0.329,"Not Significant","missense"
"11013C>T","9295G>A",1027,1026.2076707203,0.000335186991566891,0.19,"Not Significant","missense"
"11013C>T","6174G>A",1014,1013.28063610851,0.000308211676371952,0.246,"Not Significant","missense"
"11013C>T","7273G>A",995,994.387277829748,0.000267521431206676,0.338,"Not Significant","missense"
"11013C>T","12053C>T",1018,1016.263797942,0.000741322887527244,0.018,"Significant","missense"
"11013C>T","15698C>T",967,964.555659494855,0.00109918050223798,0.008,"Significant","missense"
"11013C>T","10944C>T",990,989.415341440599,0.000256554537305732,0.335,"Not Significant","missense"
"11013C>T","9445G>A",963,961.572497661366,0.00064425372701403,0.115,"Not Significant","missense"
"11013C>T","7332G>A",779,776.616463985033,0.00133086448074522,0.044,"Significant","missense"
"11013C>T","8720G>T",577,579.727782974743,-0.00204830091780107,0.031,"Significant","missense"
"11013C>T","13541C>T",844,843.240411599626,0.000391035054422502,0.618,"Not Significant","missense"
"11013C>T","13430C>T",897,893.954162768943,0.00147719199634443,0.005,"Significant","missense"
"11013C>T","15691A>T",763,763.689429373246,-0.000392241391150164,0.69,"Not Significant","missense"
"11013C>T","3715G>A",863,861.139382600561,0.000937344383344026,0.087,"Not Significant","missense"
"11013C>T","6925C>T",913,911.853133769878,0.000545882549758973,0.183,"Not Significant","missense"
"11013C>T","6807C>T",663,662.261927034612,0.000483739919953221,0.669,"Not Significant","missense"
"11013C>T","15539C>T",711,707.00935453695,0.00244444068548086,0.002,"Significant","missense"
"11013C>T","12920C>T",712,712.975678203929,-0.00059472134546244,0.653,"Not Significant","missense"
"11013C>T","14895T>A",644,641.379794200187,0.00177059341002526,0.04,"Significant","missense"
"11013C>T","13007C>T",705,706.014967259121,-0.000624791042195257,0.445,"Not Significant","missense"
"11013C>T","6648C>T",715,715.958840037418,-0.000582013944706542,0.654,"Not Significant","missense"
"11013C>T","15600C>T",664,665.245088868101,-0.000813597714324191,0.397,"Not Significant","missense"
"11013C>T","14225C>T",861,858.156220767072,0.00143679642392624,0.009,"Significant","missense"
"11013C>T","13565C>T",636,634.419083255379,0.00108087761273265,0.217,"Not Significant","missense"
"11013C>T","14945G>A",567,565.806361085126,0.00091523318331654,0.442,"Not Significant","missense"
"11013C>T","15636C>T",726,724.908325537886,0.000653533067600202,0.38,"Not Significant","missense"
"11013C>T","8181T>A",615,616.520112254443,-0.00107213303735575,0.245,"Not Significant","missense"
"11013C>T","9270C>T",507,507.137511693171,-0.000117776079119094,1,"Not Significant","missense"
"11013C>T","5227G>A",632,634.419083255379,-0.00165915975329578,0.094,"Not Significant","missense"
"11013C>T","13996G>A",778,778.605238540692,-0.000337724382773124,0.695,"Not Significant","missense"
"11013C>T","14531C>T",820,819.375116931712,0.000331081372082048,0.635,"Not Significant","missense"
"11013C>T","15246G>A",516,513.10383536015,0.00244444068548076,0.036,"Significant","missense"
"11013C>T","12863G>A",686,685.132834424696,0.000549334484607003,0.66,"Not Significant","missense"
"11013C>T","3530C>T",844,844.234798877456,-0.000120802932816411,1,"Not Significant","missense"
"11013C>T","8810C>T",534,531.997193638915,0.00163191569280897,0.13,"Not Significant","missense"
"11013C>T","3380G>A",405,402.726847521048,0.00244444068548067,0.094,"Not Significant","missense"
"11013C>T","10762G>A",879,879.038353601497,-1.89492538199335e-05,1,"Not Significant","missense"
"11013C>T","14394C>T",432,429.575304022451,0.00244444068548067,0.074,"Not Significant","missense"
"11013C>T","9907G>C",491,489.238540692236,0.00156083004108906,0.224,"Not Significant","missense"
"11013C>T","7048C>T",810,810.425631431244,-0.000228149175845547,1,"Not Significant","missense"
"11013C>T","8406C>T",501,499.182413470533,0.00157844940770729,0.249,"Not Significant","missense"
"11013C>T","8723G>A",820,820.369504209542,-0.000195655480727136,1,"Not Significant","missense"
"11013C>T","12503G>A",759,758.717492984097,0.00016167862608113,1,"Not Significant","missense"
"11013C>T","13103G>C",478,475.317118802619,0.00244444068548076,0.034,"Significant","missense"
"11013C>T","15602A>G",756,756.728718428438,-0.000418420583884961,0.661,"Not Significant","missense"
"11013C>T","4522T>C",732,728.885874649205,0.00185154710274496,0.014,"Significant","missense"
"11013C>T","12468T>A",726,726.897100093545,-0.000536315572285354,0.66,"Not Significant","missense"
"11013C>T","6445C>T",916,915.830682881197,8.02841564827799e-05,1,"Not Significant","missense"
"11013C>T","14619A>T",717,715.958840037418,0.000631099922012759,0.399,"Not Significant","missense"
"11013C>T","13421T>C",738,737.835360149673,9.68972294957566e-05,1,"Not Significant","missense"
"11013C>T","13370C>T",706,706.014967259121,-9.20698179028603e-06,1,"Not Significant","missense"
"11013C>T","10354C>T",751,751.756782039289,-0.000437417811556861,0.681,"Not Significant","missense"
"11013C>T","15651C>T",851,848.212347988775,0.00142496960254588,0.017,"Significant","missense"
"11013C>T","8878C>T",815,815.397567820393,-0.000211802958258827,1,"Not Significant","missense"
"11013C>T","6300G>A",707,707.00935453695,-5.74624738568544e-06,1,"Not Significant","missense"
"11013C>T","15044C>T",814,810.425631431244,0.00191123683470566,0.005,"Significant","missense"
"11013C>T","7897G>T",693,695.076707202993,-0.00129950044839322,0.094,"Not Significant","missense"
"11013C>T","7026G>A",757,755.734331150608,0.000726727904762616,0.373,"Not Significant","missense"
"11013C>T","7065G>A",710,710.986903648269,-0.000603252396523968,0.673,"Not Significant","missense"
"11013C>T","15810C>T",686,685.132834424696,0.000549334484607003,0.682,"Not Significant","missense"
"11013C>T","3650C>T",804,802.470533208606,0.000826954711861968,0.161,"Not Significant","missense"
"11013C>T","15384C>T",460,457.418147801684,0.00244444068548067,0.034,"Significant","missense"
"11013C>T","7916A>G",565,565.806361085126,-0.000619377890151237,0.69,"Not Significant","missense"
"11013C>T","13682C>T",766,767.666978484565,-0.000944090017650834,0.185,"Not Significant","missense"
"11013C>T","8734C>T",719,719.936389148737,-0.00056523512878296,0.672,"Not Significant","missense"
"11013C>T","13759G>A",895,893.954162768943,0.000507784268164478,0.224,"Not Significant","missense"
"11013C>T","9835T>C",543,542.935453695042,5.16275695909924e-05,1,"Not Significant","missense"
"11013C>T","9651C>T",752,751.756782039289,0.00014048577591691,1,"Not Significant","missense"
"11013C>T","9520G>A",689,689.110383536015,-6.95720186996635e-05,1,"Not Significant","missense"
"7216G>A","13618C>T",1054,1052.0561272217,0.000801700818850074,0.001,"Significant","missense"
"7216G>A","7829C>T",1058,1057.03274087933,0.000397228203465185,0.042,"Significant","missense"
"7216G>A","15068C>T",1057,1056.0374181478,0.000395680655834193,0.048,"Significant","missense"
"7216G>A","15650G>A",1052,1049.07015902713,0.00121120619094091,0,"Significant","missense"
"7216G>A","12775G>A",1060,1060.0187090739,-7.66526023768627e-06,1,"Not Significant","missense"
"7216G>A","15111C>T",1054,1053.05144995323,0.000391020427109466,0.049,"Significant","missense"
"7216G>A","5377C>T",1029,1029.16370439663,-6.90867457421867e-05,1,"Not Significant","missense"
"7216G>A","4831G>A",1055,1055.04209541628,-1.73283813101057e-05,1,"Not Significant","missense"
"7216G>A","4202C>T",1033,1033.14499532273,-6.09547430698607e-05,1,"Not Significant","missense"
"7216G>A","10285C>T",1027,1025.18241347053,0.00076929614185458,0.017,"Significant","missense"
"7216G>A","9497T>A",993,989.350795135641,0.0015989413478163,0,"Significant","missense"
"7216G>A","15687G>A",998,995.32273152479,0.00116661853711966,0.004,"Significant","missense"
"7216G>A","12425A>T",998,995.32273152479,0.00116661853711966,0.004,"Significant","missense"
"7216G>A","10914G>A",1008,1003.28531337699,0.00203607724974845,0,"Significant","missense"
"7216G>A","4777C>T",992,988.355472404116,0.00159850090854596,0,"Significant","missense"
"7216G>A","14997C>T",1000,997.313376987839,0.00116835571852161,0.001,"Significant","missense"
"7216G>A","13911A>T",1032,1030.15902712816,0.000775424748004469,0.009,"Significant","missense"
"7216G>A","11043A>T",995,993.33208606174,0.000728616708102948,0.041,"Significant","missense"
"7216G>A","9818C>A",1014,1012.24321796071,0.000753079324321096,0.023,"Significant","missense"
"7216G>A","5014C>T",961,959.491113189897,0.000682431015463113,0.086,"Not Significant","missense"
"7216G>A","11789C>T",986,985.369504209542,0.000277797593409872,0.35,"Not Significant","missense"
"7216G>A","15207C>A",880,879.865294667914,6.64843868441065e-05,1,"Not Significant","missense"
"7216G>A","14433C>T",876,874.88868101029,0.000551308344057422,0.211,"Not Significant","missense"
"7216G>A","8833G>A",857,857.968194574369,-0.000490366651765955,0.572,"Not Significant","missense"
"7216G>A","15443C>A",1051,1050.06548175865,0.000386333644279325,0.062,"Not Significant","missense"
"7216G>A","9837G>A",1004,1003.28531337699,0.000309257949242659,0.265,"Not Significant","missense"
"7216G>A","9295G>A",1028,1027.17305893358,0.000349494617812933,0.183,"Not Significant","missense"
"7216G>A","6174G>A",1015,1014.23386342376,0.000327935492553867,0.216,"Not Significant","missense"
"7216G>A","7273G>A",996,995.32273152479,0.000295415673447279,0.281,"Not Significant","missense"
"7216G>A","12053C>T",1020,1017.21983161833,0.00118535321297208,0,"Significant","missense"
"7216G>A","15698C>T",968,965.463049579046,0.00113970029189734,0.006,"Significant","missense"
"7216G>A","10944C>T",992,990.346117867166,0.000724668658201702,0.039,"Significant","missense"
"7216G>A","9445G>A",964,962.477081384471,0.000686637069577647,0.066,"Not Significant","missense"
"7216G>A","7332G>A",779,777.347053320861,0.000922501045012644,0.119,"Not Significant","missense"
"7216G>A","8720G>T",579,580.273152478952,-0.000953913781829147,0.385,"Not Significant","missense"
"7216G>A","13541C>T",845,844.033676333022,0.000496933942727068,0.598,"Not Significant","missense"
"7216G>A","13430C>T",899,894.795135640786,0.00203607724974835,0.001,"Significant","missense"
"7216G>A","15691A>T",765,764.407857811038,0.000336292371854271,0.601,"Not Significant","missense"
"7216G>A","3715G>A",862,861.949485500468,2.54510571147083e-05,1,"Not Significant","missense"
"7216G>A","6925C>T",915,912.710944808232,0.00108783564617568,0.02,"Significant","missense"
"7216G>A","6807C>T",663,662.88493919551,7.53764842206718e-05,1,"Not Significant","missense"
"7216G>A","15539C>T",710,707.674462114125,0.00142482523905744,0.038,"Significant","missense"
"7216G>A","12920C>T",714,713.646398503274,0.000215133358122897,1,"Not Significant","missense"
"7216G>A","14895T>A",645,641.983161833489,0.00203607724974826,0.012,"Significant","missense"
"7216G>A","13007C>T",707,706.679139382601,0.000197142327572739,1,"Not Significant","missense"
"7216G>A","6648C>T",716,716.632366697849,-0.000383396873664229,0.68,"Not Significant","missense"
"7216G>A","15600C>T",666,665.870907390084,8.418865222661e-05,1,"Not Significant","missense"
"7216G>A","14225C>T",860,858.963517305893,0.000523732778106737,0.244,"Not Significant","missense"
"7216G>A","13565C>T",638,635.015902712816,0.00203607724974835,0.008,"Significant","missense"
"7216G>A","14945G>A",568,566.338634237605,0.00127214656569613,0.189,"Not Significant","missense"
"7216G>A","15636C>T",728,725.590271281572,0.00143992824481092,0.04,"Significant","missense"
"7216G>A","8181T>A",617,617.10009354537,-7.04482152635827e-05,1,"Not Significant","missense"
"7216G>A","9270C>T",506,507.614593077643,-0.00138358200838836,0.192,"Not Significant","missense"
"7216G>A","5227G>A",634,635.015902712816,-0.000695343589680841,0.387,"Not Significant","missense"
"7216G>A","13996G>A",779,779.33769878391,-0.000188227135630224,1,"Not Significant","missense"
"7216G>A","14531C>T",821,820.145930776427,0.000452022672073484,0.603,"Not Significant","missense"
"7216G>A","15246G>A",515,513.586529466791,0.00119360466372801,0.365,"Not Significant","missense"
"7216G>A","12863G>A",687,685.77736202058,0.000773592401673095,0.372,"Not Significant","missense"
"7216G>A","3530C>T",847,845.028999064546,0.00101179733650282,0.07,"Not Significant","missense"
"7216G>A","8810C>T",534,532.497661365762,0.00122355225707636,0.225,"Not Significant","missense"
"7216G>A","3380G>A",404,403.10570626754,0.000962419145684788,0.675,"Not Significant","missense"
"7216G>A","10762G>A",881,879.865294667914,0.000559720648723363,0.207,"Not Significant","missense"
"7216G>A","14394C>T",432,429.979420018709,0.00203607724974816,0.095,"Not Significant","missense"
"7216G>A","9907G>C",491,489.698783910196,0.00115246660535661,0.376,"Not Significant","missense"
"7216G>A","7048C>T",811,811.188026192703,-0.000100677279071891,1,"Not Significant","missense"
"7216G>A","8406C>T",501,499.652011225444,0.00117008597197476,0.379,"Not Significant","missense"
"7216G>A","8723G>A",823,821.141253507951,0.000981963912093259,0.098,"Not Significant","missense"
"7216G>A","12503G>A",760,759.431244153414,0.000325131575659477,0.628,"Not Significant","missense"
"7216G>A","13103G>C",477,475.764265668849,0.00112655967774339,0.385,"Not Significant","missense"
"7216G>A","15602A>G",757,757.440598690365,-0.000252700020751404,1,"Not Significant","missense"
"7216G>A","4522T>C",733,729.571562207671,0.00203607724974835,0,"Significant","missense"
"7216G>A","12468T>A",728,727.580916744621,0.000250079604925337,1,"Not Significant","missense"
"7216G>A","6445C>T",917,916.692235734331,0.000145782722920841,1,"Not Significant","missense"
"7216G>A","14619A>T",717,716.632366697849,0.000222736486280242,1,"Not Significant","missense"
"7216G>A","13421T>C",738,738.529466791394,-0.000311466206236811,0.698,"Not Significant","missense"
"7216G>A","13370C>T",706,706.679139382601,-0.000417570417522865,0.676,"Not Significant","missense"
"7216G>A","10354C>T",752,752.463985032741,-0.000267877659815602,1,"Not Significant","missense"
"7216G>A","15651C>T",852,849.010289990645,0.00152664084892556,0.009,"Significant","missense"
"7216G>A","8878C>T",817,816.164639850327,0.000444281398447447,0.609,"Not Significant","missense"
"7216G>A","6300G>A",708,707.674462114125,0.000199734209751272,1,"Not Significant","missense"
"7216G>A","15044C>T",814,811.188026192703,0.00150287339897306,0.012,"Significant","missense"
"7216G>A","7897G>T",695,695.730589335828,-0.00045629390581876,0.675,"Not Significant","missense"
"7216G>A","7026G>A",759,756.44527595884,0.00146426086443752,0.021,"Significant","missense"
"7216G>A","7065G>A",710,711.655753040224,-0.00101161583225652,0.188,"Not Significant","missense"
"7216G>A","15810C>T",687,685.77736202058,0.000773592401673095,0.357,"Not Significant","missense"
"7216G>A","3650C>T",805,803.225444340505,0.000958422895546552,0.088,"Not Significant","missense"
"7216G>A","15384C>T",460,457.848456501403,0.00203607724974816,0.069,"Not Significant","missense"
"7216G>A","7916A>G",567,566.338634237605,0.000506869747584017,0.654,"Not Significant","missense"
"7216G>A","13682C>T",767,768.389148737137,-0.000785859137006426,0.347,"Not Significant","missense"
"7216G>A","8734C>T",719,720.613657623948,-0.000973598564515487,0.193,"Not Significant","missense"
"7216G>A","13759G>A",897,894.795135640786,0.00106882856061181,0.028,"Significant","missense"
"7216G>A","9835T>C",545,543.446211412535,0.00123993682165366,0.213,"Not Significant","missense"
"7216G>A","9651C>T",753,752.463985032741,0.000309257949242659,0.643,"Not Significant","missense"
"7216G>A","9520G>A",690,689.758652946679,0.000151933375197183,1,"Not Significant","missense"
"13618C>T","7829C>T",1053,1050.07857811038,0.00120657234138784,0,"Significant","missense"
"13618C>T","15068C>T",1053,1049.08980355472,0.00161570518549744,0,"Significant","missense"
"13618C>T","15650G>A",1046,1042.16838166511,0.0015937915560792,0,"Significant","missense"
"13618C>T","12775G>A",1054,1053.04490177736,0.000393721003122946,0.055,"Not Significant","missense"
"13618C>T","15111C>T",1051,1046.12347988775,0.00201976623042686,0,"Significant","missense"
"13618C>T","5377C>T",1022,1022.39289055192,-0.000166925057878033,1,"Not Significant","missense"
"13618C>T","4831G>A",1048,1048.10102899906,-4.18647157107095e-05,1,"Not Significant","missense"
"13618C>T","4202C>T",1026,1026.34798877456,-0.00014727483528982,1,"Not Significant","missense"
"13618C>T","10285C>T",1021,1018.43779232928,0.00109123528308965,0.003,"Significant","missense"
"13618C>T","9497T>A",990,982.841908325538,0.00315152810158803,0,"Significant","missense"
"13618C>T","15687G>A",993,988.774555659495,0.00185196639673274,0,"Significant","missense"
"13618C>T","12425A>T",994,988.774555659495,0.0022891022986648,0,"Significant","missense"
"13618C>T","10914G>A",1003,996.684752104771,0.00274311881226305,0,"Significant","missense"
"13618C>T","4777C>T",987,981.853133769878,0.00227062207560707,0,"Significant","missense"
"13618C>T","14997C>T",995,990.752104770814,0.00185807711585013,0,"Significant","missense"
"13618C>T","13911A>T",1025,1023.38166510758,0.000686233500188186,0.044,"Significant","missense"
"13618C>T","11043A>T",987,986.797006548176,8.93292836173901e-05,1,"Not Significant","missense"
"13618C>T","9818C>A",1006,1005.58372310571,0.000179745698515691,1,"Not Significant","missense"
"13618C>T","5014C>T",956,953.178671655753,0.0012835762746209,0.016,"Significant","missense"
"13618C>T","11789C>T",978,978.8868101029,-0.000393621908596679,0.632,"Not Significant","missense"
"13618C>T","15207C>A",874,874.076707202993,-3.81144773182968e-05,1,"Not Significant","missense"
"13618C>T","14433C>T",872,869.132834424696,0.00143032776014683,0.051,"Not Significant","missense"
"13618C>T","8833G>A",853,852.323666978485,0.000344483244161944,0.706,"Not Significant","missense"
"13618C>T","15443C>A",1046,1043.15715622077,0.00118194279889559,0,"Significant","missense"
"13618C>T","9837G>A",998,996.684752104771,0.000572727079216328,0.143,"Not Significant","missense"
"13618C>T","9295G>A",1021,1020.4153414406,0.000248762697069469,0.375,"Not Significant","missense"
"13618C>T","6174G>A",1010,1007.56127221703,0.00104990767756776,0.024,"Significant","missense"
"13618C>T","7273G>A",990,988.774555659495,0.000537912498901608,0.18,"Not Significant","missense"
"13618C>T","12053C>T",1015,1010.527595884,0.0019178643518893,0,"Significant","missense"
"13618C>T","15698C>T",963,959.11131898971,0.0017572707596412,0.003,"Significant","missense"
"13618C>T","10944C>T",985,983.830682881197,0.000515867653237954,0.204,"Not Significant","missense"
"13618C>T","9445G>A",959,956.144995322732,0.00129485098901353,0.018,"Significant","missense"
"13618C>T","7332G>A",776,772.232927970065,0.00211340528223964,0.019,"Significant","missense"
"13618C>T","8720G>T",573,576.455565949486,-0.002611214890272,0.092,"Not Significant","missense"
"13618C>T","13541C>T",839,838.480823199252,0.000268826473338093,0.723,"Not Significant","missense"
"13618C>T","13430C>T",894,888.908325537886,0.00248054496404041,0.001,"Significant","missense"
"13618C>T","15691A>T",759,759.378858746492,-0.000216726234679838,1,"Not Significant","missense"
"13618C>T","3715G>A",859,856.278765201123,0.00137798971524718,0.068,"Not Significant","missense"
"13618C>T","6925C>T",911,906.706267539757,0.00205175920432869,0.004,"Significant","missense"
"13618C>T","6807C>T",664,658.523854069224,0.00359656809906763,0.001,"Significant","missense"
"13618C>T","15539C>T",707,703.018709073901,0.00245253096848446,0.023,"Significant","missense"
"13618C>T","12920C>T",708,708.951356407858,-0.000583180076679296,0.747,"Not Significant","missense"
"13618C>T","14895T>A",641,637.759588400374,0.00220103278490098,0.079,"Not Significant","missense"
"13618C>T","13007C>T",701,702.029934518241,-0.000637612851064786,0.542,"Not Significant","missense"
"13618C>T","6648C>T",709,711.917680074836,-0.00178354334684994,0.097,"Not Significant","missense"
"13618C>T","15600C>T",660,661.490177736202,-0.000979464324602494,0.539,"Not Significant","missense"
"13618C>T","14225C>T",857,853.312441534144,0.00187274410934011,0.015,"Significant","missense"
"13618C>T","13565C>T",633,630.838166510758,0.00148574919754434,0.272,"Not Significant","missense"
"13618C>T","14945G>A",567,562.612722170252,0.00337351039918664,0.017,"Significant","missense"
"13618C>T","15636C>T",722,720.816651075772,0.000712387153016115,0.545,"Not Significant","missense"
"13618C>T","8181T>A",610,613.040224508887,-0.00215913658613484,0.078,"Not Significant","missense"
"13618C>T","9270C>T",507,504.275023386342,0.00234050113675096,0.149,"Not Significant","missense"
"13618C>T","5227G>A",629,630.838166510758,-0.00126731537454143,0.41,"Not Significant","missense"
"13618C>T","13996G>A",775,774.210477081385,0.000442658349718533,0.747,"Not Significant","missense"
"13618C>T","14531C>T",814,814.750233863424,-0.000400088906562769,0.759,"Not Significant","missense"
"13618C>T","15246G>A",515,510.207670720299,0.00406024531533069,0.009,"Significant","missense"
"13618C>T","12863G>A",681,681.265668849392,-0.000169392093488973,1,"Not Significant","missense"
"13618C>T","3530C>T",843,839.469597754911,0.00182260228214113,0.019,"Significant","missense"
"13618C>T","8810C>T",531,528.99438727783,0.00164345696159202,0.275,"Not Significant","missense"
"13618C>T","3380G>A",404,400.453695042095,0.0038290597972872,0.033,"Significant","missense"
"13618C>T","10762G>A",877,874.076707202993,0.00145004625431898,0.04,"Significant","missense"
"13618C>T","14394C>T",432,427.150608044902,0.00490271790135056,0.005,"Significant","missense"
"13618C>T","9907G>C",489,486.477081384471,0.00224647425761125,0.139,"Not Significant","missense"
"13618C>T","7048C>T",806,805.851262862488,8.0150966465733e-05,1,"Not Significant","missense"
"13618C>T","8406C>T",501,496.364826941066,0.00403672662357725,0.012,"Significant","missense"
"13618C>T","8723G>A",815,815.739008419083,-0.000393621908596679,0.733,"Not Significant","missense"
"13618C>T","12503G>A",755,754.434985968195,0.000325131575659477,0.744,"Not Significant","missense"
"13618C>T","13103G>C",476,472.634237605239,0.00308177400972531,0.092,"Not Significant","missense"
"13618C>T","15602A>G",752,752.457436856876,-0.000264098277578808,1,"Not Significant","missense"
"13618C>T","4522T>C",729,724.77174929841,0.00252627157819805,0.018,"Significant","missense"
"13618C>T","12468T>A",723,722.794200187091,0.000123638238022091,1,"Not Significant","missense"
"13618C>T","6445C>T",910,910.661365762395,-0.000315519974403479,0.685,"Not Significant","missense"
"13618C>T","14619A>T",715,711.917680074836,0.00187626327116365,0.076,"Not Significant","missense"
"13618C>T","13421T>C",734,733.670720299345,0.000194872538395161,1,"Not Significant","missense"
"13618C>T","13370C>T",699,702.029934518241,-0.00187845507204188,0.063,"Not Significant","missense"
"13618C>T","10354C>T",747,747.513564078578,-0.000298475784455973,0.78,"Not Significant","missense"
"13618C>T","15651C>T",846,843.424695977549,0.00132404977285205,0.062,"Not Significant","missense"
"13618C>T","8878C>T",813,810.795135640786,0.00117941111170306,0.178,"Not Significant","missense"
"13618C>T","6300G>A",704,703.018709073901,0.000605776313697562,0.764,"Not Significant","missense"
"13618C>T","15044C>T",810,805.851262862488,0.00223012804002455,0.004,"Significant","missense"
"13618C>T","7897G>T",688,691.153414405987,-0.00198601960881802,0.063,"Not Significant","missense"
"13618C>T","7026G>A",756,751.468662301216,0.00261092112176662,0.008,"Significant","missense"
"13618C>T","7065G>A",706,706.973807296539,-0.000598622847925075,0.736,"Not Significant","missense"
"13618C>T","15810C>T",682,681.265668849392,0.000467870650204692,0.759,"Not Significant","missense"
"13618C>T","3650C>T",801,797.941066417212,0.00166169926351881,0.049,"Significant","missense"
"13618C>T","15384C>T",460,454.836295603368,0.00490271790135066,0,"Significant","missense"
"13618C>T","7916A>G",561,562.612722170252,-0.00124668723755771,0.384,"Not Significant","missense"
"13618C>T","13682C>T",764,763.33395696913,0.000378776141305467,0.717,"Not Significant","missense"
"13618C>T","8734C>T",716,715.872778297474,7.71740120603974e-05,1,"Not Significant","missense"
"13618C>T","13759G>A",893,888.908325537886,0.00199448505666918,0.005,"Significant","missense"
"13618C>T","9835T>C",544,539.870907390084,0.00330897489479376,0.019,"Significant","missense"
"13618C>T","9651C>T",749,747.513564078578,0.000862740099611521,0.52,"Not Significant","missense"
"13618C>T","9520G>A",684,685.22076707203,-0.000774414990338665,0.569,"Not Significant","missense"
"7829C>T","15068C>T",1058,1054.05238540692,0.00162347226115385,0,"Significant","missense"
"7829C>T","15650G>A",1051,1047.09822263798,0.001615293615042,0,"Significant","missense"
"7829C>T","12775G>A",1058,1058.02619270346,-1.07516122618413e-05,1,"Not Significant","missense"
"7829C>T","15111C>T",1053,1051.07202993452,0.000795891949647264,0.004,"Significant","missense"
"7829C>T","5377C>T",1027,1027.22918615529,-9.69066973177362e-05,1,"Not Significant","missense"
"7829C>T","4831G>A",1053,1053.05893358279,-2.43056159559362e-05,1,"Not Significant","missense"
"7829C>T","4202C>T",1031,1031.20299345182,-8.54997655947346e-05,1,"Not Significant","missense"
"7829C>T","10285C>T",1024,1023.25537885875,0.00031592039796753,0.247,"Not Significant","missense"
"7829C>T","9497T>A",992,987.491113189897,0.00197847622019289,0,"Significant","missense"
"7829C>T","15687G>A",997,993.451824134705,0.00154834677498329,0,"Significant","missense"
"7829C>T","12425A>T",997,993.451824134705,0.00154834677498329,0,"Significant","missense"
"7829C>T","10914G>A",1006,1001.39943872778,0.0019906370737297,0,"Significant","missense"
"7829C>T","4777C>T",989,986.497661365762,0.00110023156512584,0.011,"Significant","missense"
"7829C>T","14997C>T",999,995.438727782975,0.00155095515808304,0,"Significant","missense"
"7829C>T","13911A>T",1029,1028.22263797942,0.000328213432824154,0.22,"Not Significant","missense"
"7829C>T","11043A>T",992,991.464920486436,0.000234319330135307,0.392,"Not Significant","missense"
"7829C>T","9818C>A",1011,1010.340505145,0.000283391131584208,0.285,"Not Significant","missense"
"7829C>T","5014C>T",960,957.687558465856,0.00104738760006529,0.023,"Significant","missense"
"7829C>T","11789C>T",984,983.517305893358,0.000213092297119365,1,"Not Significant","missense"
"7829C>T","15207C>A",877,878.21141253508,-0.000599483183704731,0.366,"Not Significant","missense"
"7829C>T","14433C>T",877,873.244153414406,0.00186390675559615,0.003,"Significant","missense"
"7829C>T","8833G>A",855,856.355472404116,-0.000687962633212304,0.347,"Not Significant","missense"
"7829C>T","15443C>A",1049,1048.09167446211,0.000376217023174007,0.092,"Not Significant","missense"
"7829C>T","9837G>A",1001,1001.39943872778,-0.000173266166860031,1,"Not Significant","missense"
"7829C>T","9295G>A",1025,1025.24228250702,-0.000102643436091707,1,"Not Significant","missense"
"7829C>T","6174G>A",1013,1012.32740879326,0.000288449817181746,0.303,"Not Significant","missense"
"7829C>T","7273G>A",993,993.451824134705,-0.000197563041291078,1,"Not Significant","missense"
"7829C>T","12053C>T",1018,1015.30776426567,0.00115007066537365,0.003,"Significant","missense"
"7829C>T","15698C>T",965,963.648269410664,0.000608767540875422,0.132,"Not Significant","missense"
"7829C>T","10944C>T",989,988.484565014032,0.000226399314781682,0.425,"Not Significant","missense"
"7829C>T","9445G>A",962,960.66791393826,0.000601786418138982,0.123,"Not Significant","missense"
"7829C>T","7332G>A",776,775.885874649205,6.38758442158221e-05,1,"Not Significant","missense"
"7829C>T","8720G>T",576,579.182413470533,-0.00239288287247388,0.02,"Significant","missense"
"7829C>T","13541C>T",842,842.44714686623,-0.00023057229373662,1,"Not Significant","missense"
"7829C>T","13430C>T",895,893.1131898971,0.000916532046010873,0.09,"Not Significant","missense"
"7829C>T","15691A>T",761,762.971000935454,-0.00112337479761121,0.198,"Not Significant","missense"
"7829C>T","3715G>A",861,860.329279700655,0.000338447899635804,0.608,"Not Significant","missense"
"7829C>T","6925C>T",914,910.995322731525,0.00143004852713791,0.015,"Significant","missense"
"7829C>T","6807C>T",664,661.638914873714,0.00154703866104386,0.095,"Not Significant","missense"
"7829C>T","15539C>T",709,706.344246959776,0.0016298229166277,0.044,"Significant","missense"
"7829C>T","12920C>T",710,712.304957904584,-0.00140761848539686,0.093,"Not Significant","missense"
"7829C>T","14895T>A",643,640.776426566885,0.00150444675228182,0.113,"Not Significant","missense"
"7829C>T","13007C>T",704,705.350795135641,-0.000832501113635238,0.434,"Not Significant","missense"
"7829C>T","6648C>T",713,715.285313376988,-0.00138977811607498,0.097,"Not Significant","missense"
"7829C>T","15600C>T",662,664.619270346118,-0.00171493986479513,0.062,"Not Significant","missense"
"7829C>T","14225C>T",860,857.348924228251,0.00134084399168573,0.02,"Significant","missense"
"7829C>T","13565C>T",637,633.822263797942,0.00217194207751561,0.025,"Significant","missense"
"7829C>T","14945G>A",567,565.274087932647,0.00132398096116295,0.29,"Not Significant","missense"
"7829C>T","15636C>T",726,724.2263797942,0.00106228084544666,0.212,"Not Significant","missense"
"7829C>T","8181T>A",613,615.940130963517,-0.00207802651651074,0.056,"Not Significant","missense"
"7829C>T","9270C>T",507,506.6604303087,0.000290971698727316,1,"Not Significant","missense"
"7829C>T","5227G>A",631,633.822263797942,-0.00193813101369988,0.05,"Not Significant","missense"
"7829C>T","13996G>A",777,777.872778297474,-0.00048755479370133,0.661,"Not Significant","missense"
"7829C>T","14531C>T",819,818.604303086997,0.000209878526630428,1,"Not Significant","missense"
"7829C>T","15246G>A",515,512.621141253508,0.00201071587730697,0.136,"Not Significant","missense"
"7829C>T","12863G>A",684,684.488306828812,-0.000309931724181828,1,"Not Significant","missense"
"7829C>T","3530C>T",844,843.440598690365,0.000287944845030006,0.624,"Not Significant","missense"
"7829C>T","8810C>T",533,531.496725912067,0.00122661546867128,0.289,"Not Significant","missense"
"7829C>T","3380G>A",404,402.347988774556,0.00177953035926372,0.261,"Not Significant","missense"
"7829C>T","10762G>A",878,878.21141253508,-0.000104560643642725,1,"Not Significant","missense"
"7829C>T","14394C>T",431,429.171188026193,0.00184671180914684,0.254,"Not Significant","missense"
"7829C>T","9907G>C",492,488.778297474275,0.00285318846332716,0.024,"Significant","missense"
"7829C>T","7048C>T",810,809.663236669785,0.000180598602000887,1,"Not Significant","missense"
"7829C>T","8406C>T",502,498.712815715622,0.00285318846332716,0.014,"Significant","missense"
"7829C>T","8723G>A",821,819.597754911132,0.000742397032843327,0.361,"Not Significant","missense"
"7829C>T","12503G>A",759,758.00374181478,0.000570426403927497,0.671,"Not Significant","missense"
"7829C>T","13103G>C",478,474.869971936389,0.00285318846332707,0.015,"Significant","missense"
"7829C>T","15602A>G",755,756.016838166511,-0.000584516678056671,0.469,"Not Significant","missense"
"7829C>T","4522T>C",731,728.200187090739,0.00166659078006005,0.029,"Significant","missense"
"7829C>T","12468T>A",726,726.21328344247,-0.000127567794438959,1,"Not Significant","missense"
"7829C>T","6445C>T",914,914.969130028064,-0.00046024599968965,0.597,"Not Significant","missense"
"7829C>T","14619A>T",715,715.285313376988,-0.000173266166860127,1,"Not Significant","missense"
"7829C>T","13421T>C",737,737.141253507951,-8.32289566478961e-05,1,"Not Significant","missense"
"7829C>T","13370C>T",706,705.350795135641,0.000399540796056182,0.712,"Not Significant","missense"
"7829C>T","10354C>T",751,751.049579045837,-2.86700337104009e-05,1,"Not Significant","missense"
"7829C>T","15651C>T",851,847.414405986904,0.0018337173803924,0.001,"Significant","missense"
"7829C>T","8878C>T",814,814.630495790458,-0.000336259031187704,0.712,"Not Significant","missense"
"7829C>T","6300G>A",706,706.344246959776,-0.000211711214634784,1,"Not Significant","missense"
"7829C>T","15044C>T",813,809.663236669785,0.00178612531741914,0.011,"Significant","missense"
"7829C>T","7897G>T",693,694.422825070159,-0.000890752670546726,0.468,"Not Significant","missense"
"7829C>T","7026G>A",757,755.023386342376,0.00113547568260906,0.206,"Not Significant","missense"
"7829C>T","7065G>A",709,710.318054256314,-0.000806618154686143,0.447,"Not Significant","missense"
"7829C>T","15810C>T",683,684.488306828812,-0.00094532976276537,0.45,"Not Significant","missense"
"7829C>T","3650C>T",801,801.715622076707,-0.000387830174504945,0.687,"Not Significant","missense"
"7829C>T","15384C>T",460,456.987839101964,0.00285318846332707,0.02,"Significant","missense"
"7829C>T","7916A>G",564,565.274087932647,-0.000979973948400913,0.438,"Not Significant","missense"
"7829C>T","13682C>T",765,766.944808231993,-0.00110267671879062,0.201,"Not Significant","missense"
"7829C>T","8734C>T",719,719.259120673527,-0.000156487350936556,1,"Not Significant","missense"
"7829C>T","13759G>A",894,893.1131898971,0.000431015526016671,0.603,"Not Significant","missense"
"7829C>T","9835T>C",543,542.424695977549,0.000460375347437368,0.704,"Not Significant","missense"
"7829C>T","9651C>T",751,751.049579045837,-2.86700337104009e-05,1,"Not Significant","missense"
"7829C>T","9520G>A",688,688.462114125351,-0.000291607912967595,1,"Not Significant","missense"
"15068C>T","15650G>A",1051,1046.1122544434,0.00202442645915165,0,"Significant","missense"
"15068C>T","12775G>A",1057,1057.02993451824,-1.22991598929228e-05,1,"Not Significant","missense"
"15068C>T","15111C>T",1054,1050.08231992516,0.00161726448479814,0,"Significant","missense"
"15068C>T","5377C>T",1026,1026.26192703461,-0.000110856674688835,1,"Not Significant","missense"
"15068C>T","4831G>A",1052,1052.06735266604,-2.78041396126371e-05,1,"Not Significant","missense"
"15068C>T","4202C>T",1030,1030.23199251637,-9.78074998294654e-05,1,"Not Significant","missense"
"15068C>T","10285C>T",1024,1022.29186155285,0.000725053242077028,0.03,"Significant","missense"
"15068C>T","9497T>A",991,986.561272217025,0.00194959139539915,0,"Significant","missense"
"15068C>T","15687G>A",996,992.516370439663,0.00152165973113597,0.001,"Significant","missense"
"15068C>T","12425A>T",996,992.516370439663,0.00152165973113597,0,"Significant","missense"
"15068C>T","10914G>A",1005,1000.45650140318,0.0019678509544383,0,"Significant","missense"
"15068C>T","4777C>T",989,985.568755846586,0.00150936440923541,0,"Significant","missense"
"15068C>T","14997C>T",998,994.501403180543,0.00152514106358138,0,"Significant","missense"
"15068C>T","13911A>T",1028,1027.25444340505,0.000315086173757822,0.242,"Not Significant","missense"
"15068C>T","11043A>T",990,990.531337698784,-0.000233025382383759,0.686,"Not Significant","missense"
"15068C>T","9818C>A",1009,1009.38914873714,-0.000167465378396743,1,"Not Significant","missense"
"15068C>T","5014C>T",957,956.785781103835,9.72251814501838e-05,1,"Not Significant","missense"
"15068C>T","11789C>T",982,982.591206735267,-0.000261385503162848,0.634,"Not Significant","missense"
"15068C>T","15207C>A",876,877.384471468662,-0.000685837537554916,0.349,"Not Significant","missense"
"15068C>T","14433C>T",876,872.421889616464,0.00177755240174594,0.011,"Significant","missense"
"15068C>T","8833G>A",855,855.54911131899,-0.000278829789102801,0.677,"Not Significant","missense"
"15068C>T","15443C>A",1048,1047.10477081384,0.000371144321433588,0.111,"Not Significant","missense"
"15068C>T","9837G>A",1001,1000.45650140318,0.000235866677249469,0.372,"Not Significant","missense"
"15068C>T","9295G>A",1024,1024.27689429373,-0.000117419343943282,1,"Not Significant","missense"
"15068C>T","6174G>A",1012,1011.37418147802,0.000268649804791192,0.311,"Not Significant","missense"
"15068C>T","7273G>A",992,992.516370439663,-0.00022600653838398,0.67,"Not Significant","missense"
"15068C>T","12053C>T",1015,1014.35173058934,0.000277467757975075,0.294,"Not Significant","missense"
"15068C>T","15698C>T",964,962.740879326473,0.000567620944023199,0.168,"Not Significant","missense"
"15068C>T","10944C>T",987,987.553788587465,-0.000243606768651346,0.628,"Not Significant","missense"
"15068C>T","9445G>A",959,959.763330215154,-0.000345545604900632,0.598,"Not Significant","missense"
"15068C>T","7332G>A",777,775.155285313377,0.00103230623105111,0.244,"Not Significant","missense"
"15068C>T","8720G>T",575,578.637043966324,-0.00273838876194583,0.012,"Significant","missense"
"15068C>T","13541C>T",841,841.653882132834,-0.000337535151364318,0.725,"Not Significant","missense"
"15068C>T","13430C>T",894,892.272217025257,0.000840148370126165,0.114,"Not Significant","missense"
"15068C>T","15691A>T",760,762.252572497661,-0.00128530644328308,0.122,"Not Significant","missense"
"15068C>T","3715G>A",860,859.519176800748,0.000242880533658324,1,"Not Significant","missense"
"15068C>T","6925C>T",914,910.137511693171,0.00183918137124752,0,"Significant","missense"
"15068C>T","6807C>T",664,661.015902712816,0.00195617150515354,0.063,"Not Significant","missense"
"15068C>T","15539C>T",709,705.6791393826,0.00203895576073734,0.014,"Significant","missense"
"15068C>T","12920C>T",709,711.634237605239,-0.00161059917729602,0.053,"Not Significant","missense"
"15068C>T","14895T>A",643,640.173058933583,0.00191357959639128,0.049,"Significant","missense"
"15068C>T","13007C>T",703,704.686623012161,-0.00104070239181382,0.319,"Not Significant","missense"
"15068C>T","6648C>T",712,714.611786716558,-0.00159018148697449,0.061,"Not Significant","missense"
"15068C>T","15600C>T",661,663.993451824135,-0.00196233697474521,0.065,"Not Significant","missense"
"15068C>T","14225C>T",860,856.541627689429,0.00174997683579534,0.009,"Significant","missense"
"15068C>T","13565C>T",637,633.225444340505,0.00258107492162506,0.009,"Significant","missense"
"15068C>T","14945G>A",567,564.741814780168,0.00173311380527255,0.16,"Not Significant","missense"
"15068C>T","15636C>T",724,723.544434050514,0.000273359186609612,1,"Not Significant","missense"
"15068C>T","8181T>A",612,615.360149672591,-0.00237794604525501,0.025,"Significant","missense"
"15068C>T","9270C>T",506,506.183348924228,-0.000157337950699889,1,"Not Significant","missense"
"15068C>T","5227G>A",630,633.225444340505,-0.00221780796014287,0.021,"Significant","missense"
"15068C>T","13996G>A",776,777.140318054256,-0.000637719492317531,0.434,"Not Significant","missense"
"15068C>T","14531C>T",817,817.833489242282,-0.000442833857262871,0.701,"Not Significant","missense"
"15068C>T","15246G>A",515,512.138447146866,0.00241984872141651,0.073,"Not Significant","missense"
"15068C>T","12863G>A",683,683.843779232928,-0.000536196918655844,0.69,"Not Significant","missense"
"15068C>T","3530C>T",842,842.646398503274,-0.000333277436865761,0.706,"Not Significant","missense"
"15068C>T","8810C>T",533,530.99625818522,0.00163574831278088,0.182,"Not Significant","missense"
"15068C>T","3380G>A",402,401.969130028064,3.33511772388472e-05,1,"Not Significant","missense"
"15068C>T","10762G>A",878,877.384471468662,0.00030457220046686,0.647,"Not Significant","missense"
"15068C>T","14394C>T",431,428.767072029935,0.00225584465325633,0.143,"Not Significant","missense"
"15068C>T","9907G>C",492,488.318054256314,0.00326232130743663,0.009,"Significant","missense"
"15068C>T","7048C>T",809,808.900841908325,5.32341797330694e-05,1,"Not Significant","missense"
"15068C>T","8406C>T",500,498.243217960711,0.00152860849843651,0.278,"Not Significant","missense"
"15068C>T","8723G>A",820,818.826005612722,0.000622225141228903,0.422,"Not Significant","missense"
"15068C>T","12503G>A",757,757.289990645463,-0.000166337147370309,1,"Not Significant","missense"
"15068C>T","13103G>C",478,474.422825070159,0.00326232130743663,0.01,"Significant","missense"
"15068C>T","15602A>G",754,755.304957904584,-0.000750989593361265,0.441,"Not Significant","missense"
"15068C>T","4522T>C",732,727.514499532273,0.00266942772470092,0,"Significant","missense"
"15068C>T","12468T>A",726,725.529466791394,0.000281565049670631,1,"Not Significant","missense"
"15068C>T","6445C>T",914,914.10757717493,-5.11131555800582e-05,1,"Not Significant","missense"
"15068C>T","14619A>T",714,714.611786716558,-0.000371963347656645,0.737,"Not Significant","missense"
"15068C>T","13421T>C",736,736.44714686623,-0.000263769634090855,1,"Not Significant","missense"
"15068C>T","13370C>T",703,704.686623012161,-0.00104070239181382,0.29,"Not Significant","missense"
"15068C>T","10354C>T",749,750.342376052385,-0.000777656494302597,0.423,"Not Significant","missense"
"15068C>T","15651C>T",849,846.616463985033,0.00122098038386684,0.051,"Not Significant","missense"
"15068C>T","8878C>T",813,813.863423760524,-0.00046098548221113,0.69,"Not Significant","missense"
"15068C>T","6300G>A",705,705.6791393826,-0.000418162430930155,0.747,"Not Significant","missense"
"15068C>T","15044C>T",812,808.900841908325,0.00166074180863589,0.016,"Significant","missense"
"15068C>T","7897G>T",692,693.768942937325,-0.0011087599814861,0.282,"Not Significant","missense"
"15068C>T","7026G>A",758,754.312441534144,0.00211793465869925,0.014,"Significant","missense"
"15068C>T","7065G>A",708,709.649204864359,-0.00101046280387415,0.279,"Not Significant","missense"
"15068C>T","15810C>T",683,683.843779232928,-0.000536196918655844,0.702,"Not Significant","missense"
"15068C>T","3650C>T",802,800.960710944808,0.000563154869530374,0.407,"Not Significant","missense"
"15068C>T","15384C>T",459,456.557530402245,0.00231717516312396,0.148,"Not Significant","missense"
"15068C>T","7916A>G",563,564.741814780168,-0.0013415502362873,0.292,"Not Significant","missense"
"15068C>T","13682C>T",764,766.22263797942,-0.00126162045260873,0.111,"Not Significant","missense"
"15068C>T","8734C>T",718,718.581852198316,-0.000351800647409225,0.725,"Not Significant","missense"
"15068C>T","13759G>A",895,892.272217025257,0.00132566489012044,0.025,"Significant","missense"
"15068C>T","9835T>C",544,541.913938260056,0.00166857830087978,0.17,"Not Significant","missense"
"15068C>T","9651C>T",750,750.342376052385,-0.000198210802069073,1,"Not Significant","missense"
"15068C>T","9520G>A",688,687.813844714687,0.000117524931141946,1,"Not Significant","missense"
"15650G>A","12775G>A",1050,1050.0561272217,-2.32143725682691e-05,1,"Not Significant","missense"
"15650G>A","15111C>T",1046,1043.15434985968,0.00118311116433864,0,"Significant","missense"
"15650G>A","5377C>T",1020,1019.4911131899,0.000216727336243993,0.425,"Not Significant","missense"
"15650G>A","4831G>A",1045,1045.12628624883,-5.24804854472156e-05,1,"Not Significant","missense"
"15650G>A","4202C>T",1023,1023.43498596819,-0.000184625468028687,1,"Not Significant","missense"
"15650G>A","10285C>T",1018,1015.5472404116,0.00104764762781792,0.014,"Significant","missense"
"15650G>A","9497T>A",987,980.052385406922,0.00306786260457332,0,"Significant","missense"
"15650G>A","15687G>A",994,985.968194574369,0.00352347872956315,0,"Significant","missense"
"15650G>A","12425A>T",989,985.968194574369,0.0013333859294295,0.008,"Significant","missense"
"15650G>A","10914G>A",1002,993.855940130964,0.00354428375397031,0,"Significant","missense"
"15650G>A","4777C>T",985,979.066417212348,0.00262407633448048,0,"Significant","missense"
"15650G>A","14997C>T",995,987.940130963517,0.00309245354674842,0,"Significant","missense"
"15650G>A","13911A>T",1021,1020.47708138447,0.000222486626223942,0.393,"Not Significant","missense"
"15650G>A","11043A>T",986,983.99625818522,0.000883467986090232,0.082,"Not Significant","missense"
"15650G>A","9818C>A",1004,1002.72965388213,0.000549854218506086,0.169,"Not Significant","missense"
"15650G>A","5014C>T",953,950.473339569691,0.00115296106774573,0.049,"Significant","missense"
"15650G>A","11789C>T",976,976.108512628625,-4.82825986078265e-05,1,"Not Significant","missense"
"15650G>A","15207C>A",871,871.595884003742,-0.000297015673159605,0.746,"Not Significant","missense"
"15650G>A","14433C>T",872,866.66604303087,0.00266470419104529,0.001,"Significant","missense"
"15650G>A","8833G>A",849,849.904583723106,-0.000462481248509852,0.766,"Not Significant","missense"
"15650G>A","15443C>A",1041,1040.19644527596,0.000335364209074846,0.176,"Not Significant","missense"
"15650G>A","9837G>A",994,993.855940130964,6.29466200570148e-05,1,"Not Significant","missense"
"15650G>A","9295G>A",1017,1017.51917680075,-0.000221650036197699,0.717,"Not Significant","missense"
"15650G>A","6174G>A",1005,1004.70159027128,0.000128972082331469,1,"Not Significant","missense"
"15650G>A","7273G>A",985,985.968194574369,-0.000426675170138003,0.593,"Not Significant","missense"
"15650G>A","12053C>T",1011,1007.659494855,0.00143735412455723,0.003,"Significant","missense"
"15650G>A","15698C>T",960,956.389148737137,0.00163659310557362,0.016,"Significant","missense"
"15650G>A","10944C>T",980,981.038353601497,-0.000459910720980337,0.428,"Not Significant","missense"
"15650G>A","9445G>A",954,953.431244153414,0.000258994953343686,0.671,"Not Significant","missense"
"15650G>A","7332G>A",772,770.041159962582,0.00110336079068587,0.363,"Not Significant","missense"
"15650G>A","8720G>T",571,574.819457436857,-0.00289535218091538,0.069,"Not Significant","missense"
"15650G>A","13541C>T",835,836.101028999065,-0.00057228244086144,0.545,"Not Significant","missense"
"15650G>A","13430C>T",890,886.385406922357,0.00176740924393403,0.022,"Significant","missense"
"15650G>A","15691A>T",753,757.223573433115,-0.00242914949856084,0.01,"Significant","missense"
"15650G>A","3715G>A",854,853.848456501403,7.70730039086222e-05,1,"Not Significant","missense"
"15650G>A","6925C>T",907,904.132834424696,0.00137504572232416,0.051,"Not Significant","missense"
"15650G>A","6807C>T",660,656.65481758653,0.00220680070381746,0.089,"Not Significant","missense"
"15650G>A","15539C>T",708,701.023386342376,0.00430075129225236,0,"Significant","missense"
"15650G>A","12920C>T",703,706.939195509822,-0.00242673631572557,0.054,"Not Significant","missense"
"15650G>A","14895T>A",641,635.949485500468,0.00343540921579932,0.007,"Significant","missense"
"15650G>A","13007C>T",696,700.037418147802,-0.00251201477626264,0.022,"Significant","missense"
"15650G>A","6648C>T",705,709.897100093545,-0.00300628510761913,0.012,"Significant","missense"
"15650G>A","15600C>T",655,659.612722170253,-0.00304772344378939,0.022,"Significant","missense"
"15650G>A","14225C>T",857,850.89055191768,0.0031071205402384,0.001,"Significant","missense"
"15650G>A","13565C>T",636,629.047708138447,0.00477353125950097,0,"Significant","missense"
"15650G>A","14945G>A",566,561.015902712816,0.00384125912544986,0.014,"Significant","missense"
"15650G>A","15636C>T",719,718.770813844715,0.00013845639715809,1,"Not Significant","missense"
"15650G>A","8181T>A",606,611.300280636109,-0.00378197099971691,0.007,"Significant","missense"
"15650G>A","9270C>T",503,502.843779232928,0.000134903290241202,1,"Not Significant","missense"
"15650G>A","5227G>A",624,629.047708138447,-0.00349899470648762,0.007,"Significant","missense"
"15650G>A","13996G>A",769,772.01309635173,-0.00169832792426187,0.084,"Not Significant","missense"
"15650G>A","14531C>T",812,812.43779232928,-0.000234088123690201,1,"Not Significant","missense"
"15650G>A","15246G>A",512,508.759588400374,0.00275735368086911,0.128,"Not Significant","missense"
"15650G>A","12863G>A",677,679.33208606174,-0.00149345889023113,0.29,"Not Significant","missense"
"15650G>A","3530C>T",841,837.086997193639,0.0020253998862095,0.024,"Significant","missense"
"15650G>A","8810C>T",532,527.492984097287,0.00369494460606932,0.015,"Significant","missense"
"15650G>A","3380G>A",401,399.317118802619,0.0018264437377635,0.444,"Not Significant","missense"
"15650G>A","10762G>A",873,871.595884003742,0.000699073024746844,0.469,"Not Significant","missense"
"15650G>A","14394C>T",429,425.938260056127,0.00311063970206162,0.113,"Not Significant","missense"
"15650G>A","9907G>C",489,485.096351730589,0.00348085068850947,0.07,"Not Significant","missense"
"15650G>A","7048C>T",804,803.56407857811,0.000235534340724831,1,"Not Significant","missense"
"15650G>A","8406C>T",498,494.956033676333,0.0026627199469479,0.126,"Not Significant","missense"
"15650G>A","8723G>A",815,813.423760523854,0.000840754522301649,0.335,"Not Significant","missense"
"15650G>A","12503G>A",751,752.293732460243,-0.000747506618461717,0.579,"Not Significant","missense"
"15650G>A","13103G>C",475,471.292797006548,0.0034028073449972,0.056,"Not Significant","missense"
"15650G>A","15602A>G",748,750.321796071094,-0.00134596457386107,0.249,"Not Significant","missense"
"15650G>A","4522T>C",731,722.714686623012,0.00495049664898208,0.001,"Significant","missense"
"15650G>A","12468T>A",719,720.742750233863,-0.00105139224272744,0.43,"Not Significant","missense"
"15650G>A","6445C>T",906,908.076707202993,-0.000994338187785559,0.124,"Not Significant","missense"
"15650G>A","14619A>T",708,709.897100093545,-0.00116214440924909,0.433,"Not Significant","missense"
"15650G>A","13421T>C",730,731.588400374181,-0.000943950826320823,0.428,"Not Significant","missense"
"15650G>A","13370C>T",698,700.037418147802,-0.00126583176366383,0.309,"Not Significant","missense"
"15650G>A","10354C>T",742,745.391955098223,-0.001980795889929,0.095,"Not Significant","missense"
"15650G>A","15651C>T",848,841.030869971936,0.00358391542144062,0.001,"Significant","missense"
"15650G>A","8878C>T",807,808.493919550982,-0.000803223329396052,0.551,"Not Significant","missense"
"15650G>A","6300G>A",699,701.023386342376,-0.00125533065183448,0.299,"Not Significant","missense"
"15650G>A","15044C>T",810,803.56407857811,0.0034645044709229,0.001,"Significant","missense"
"15650G>A","7897G>T",686,689.191768007484,-0.00201596570667918,0.093,"Not Significant","missense"
"15650G>A","7026G>A",754,749.33582787652,0.00269484792123262,0.012,"Significant","missense"
"15650G>A","7065G>A",703,704.967259120673,-0.00121362244900622,0.418,"Not Significant","missense"
"15650G>A","15810C>T",679,679.33208606174,-0.000212353294873941,1,"Not Significant","missense"
"15650G>A","3650C>T",796,795.676333021515,0.000176627347848878,1,"Not Significant","missense"
"15650G>A","15384C>T",457,453.54536950421,0.00329546272052566,0.129,"Not Significant","missense"
"15650G>A","7916A>G",558,561.015902712816,-0.00234097312524176,0.122,"Not Significant","missense"
"15650G>A","13682C>T",758,761.167446211413,-0.00181100037143215,0.082,"Not Significant","missense"
"15650G>A","8734C>T",710,713.840972871843,-0.00234312314582106,0.044,"Significant","missense"
"15650G>A","13759G>A",890,886.385406922357,0.00176740924393403,0.026,"Significant","missense"
"15650G>A","9835T>C",542,538.338634237605,0.00294373816589947,0.081,"Not Significant","missense"
"15650G>A","9651C>T",746,745.391955098223,0.000354126303712479,0.772,"Not Significant","missense"
"15650G>A","9520G>A",680,683.275958840037,-0.00208722757331987,0.107,"Not Significant","missense"
"12775G>A","15111C>T",1054,1054.04115996258,-1.69593886176079e-05,1,"Not Significant","missense"
"12775G>A","5377C>T",1033,1030.13096351731,0.00120788019571828,0,"Significant","missense"
"12775G>A","4831G>A",1057,1056.03367633302,0.000397219476677447,0.039,"Significant","missense"
"12775G>A","4202C>T",1036,1034.11599625819,0.000790499330796568,0.004,"Significant","missense"
"12775G>A","10285C>T",1026,1026.14593077643,-6.17664953532962e-05,1,"Not Significant","missense"
"12775G>A","9497T>A",991,990.280636108513,0.000315367521983413,0.279,"Not Significant","missense"
"12775G>A","15687G>A",996,996.258185219832,-0.00011256414227975,1,"Not Significant","missense"
"12775G>A","12425A>T",996,996.258185219832,-0.00011256414227975,1,"Not Significant","missense"
"12775G>A","10914G>A",1004,1004.22825070159,-9.8721866484471e-05,1,"Not Significant","missense"
"12775G>A","4777C>T",990,989.284377923293,0.000314043536190166,0.269,"Not Significant","missense"
"12775G>A","14997C>T",998,998.250701590271,-0.000109082809834307,1,"Not Significant","missense"
"12775G>A","13911A>T",1031,1031.12722170253,-5.35870753985192e-05,1,"Not Significant","missense"
"12775G>A","11043A>T",997,994.265668849392,0.001192714458306,0.001,"Significant","missense"
"12775G>A","9818C>A",1015,1013.19457436857,0.000773186760508452,0.016,"Significant","missense"
"12775G>A","5014C>T",964,960.392890551918,0.00162809743402126,0,"Significant","missense"
"12775G>A","11789C>T",989,986.295603367633,0.00118919443365083,0.002,"Significant","missense"
"12775G>A","15207C>A",883,880.692235734331,0.00113653599851685,0.028,"Significant","missense"
"12775G>A","14433C>T",875,875.710944808232,-0.000352724617437167,0.589,"Not Significant","missense"
"12775G>A","8833G>A",862,858.774555659495,0.00162809743402126,0.002,"Significant","missense"
"12775G>A","15443C>A",1053,1051.05238540692,0.000804008985796427,0,"Significant","missense"
"12775G>A","9837G>A",1007,1004.22825070159,0.0011970358781329,0,"Significant","missense"
"12775G>A","9295G>A",1030,1028.13844714687,0.000785624848000999,0.006,"Significant","missense"
"12775G>A","6174G>A",1016,1015.18709073901,0.000347621375495506,0.173,"Not Significant","missense"
"12775G>A","7273G>A",998,996.258185219832,0.000758638721392548,0.011,"Significant","missense"
"12775G>A","12053C>T",1020,1018.17586529467,0.000777373397245058,0.015,"Significant","missense"
"12775G>A","15698C>T",968,966.370439663237,0.00073172047617018,0.038,"Significant","missense"
"12775G>A","10944C>T",994,991.276894293733,0.0011914010856092,0.001,"Significant","missense"
"12775G>A","9445G>A",966,963.381665107577,0.001178749766513,0.003,"Significant","missense"
"12775G>A","7332G>A",778,778.077642656689,-4.3339453589949e-05,1,"Not Significant","missense"
"12775G>A","8720G>T",583,580.818521983162,0.00162809743402117,0.048,"Significant","missense"
"12775G>A","13541C>T",847,844.826941066417,0.00111565550801441,0.025,"Significant","missense"
"12775G>A","13430C>T",897,895.636108512629,0.000660848744884681,0.117,"Not Significant","missense"
"12775G>A","15691A>T",767,765.126286248831,0.00106224135149035,0.067,"Not Significant","missense"
"12775G>A","3715G>A",864,862.759588400374,0.00062394789556799,0.164,"Not Significant","missense"
"12775G>A","6925C>T",917,913.568755846586,0.00162809743402126,0,"Significant","missense"
"12775G>A","6807C>T",664,663.507951356408,0.000321947631737846,1,"Not Significant","missense"
"12775G>A","15539C>T",710,708.3395696913,0.00101684542333032,0.127,"Not Significant","missense"
"12775G>A","12920C>T",716,714.317118802619,0.00102196407407676,0.099,"Not Significant","missense"
"12775G>A","14895T>A",645,642.586529466791,0.00162809743402117,0.022,"Significant","missense"
"12775G>A","13007C>T",710,707.34331150608,0.00162809743402126,0.007,"Significant","missense"
"12775G>A","6648C>T",720,717.305893358279,0.00162809743402126,0.011,"Significant","missense"
"12775G>A","15600C>T",669,666.496725912067,0.00162809743402117,0.023,"Significant","missense"
"12775G>A","14225C>T",861,859.770813844715,0.000620453172466549,0.17,"Not Significant","missense"
"12775G>A","13565C>T",637,635.612722170253,0.000946851048209406,0.313,"Not Significant","missense"
"12775G>A","14945G>A",568,566.870907390084,0.000864166749969115,0.346,"Not Significant","missense"
"12775G>A","15636C>T",729,726.272217025257,0.00162809743402126,0.011,"Significant","missense"
"12775G>A","8181T>A",619,617.680074836296,0.000927056955885466,0.31,"Not Significant","missense"
"12775G>A","9270C>T",507,508.091674462114,-0.000934119330578717,0.355,"Not Significant","missense"
"12775G>A","5227G>A",638,635.612722170253,0.00162809743402126,0.028,"Significant","missense"
"12775G>A","13996G>A",782,780.070159027128,0.00107308843592594,0.072,"Not Significant","missense"
"12775G>A","14531C>T",822,820.916744621141,0.000572703276955948,0.216,"Not Significant","missense"
"12775G>A","15246G>A",515,514.069223573433,0.000785624848000903,0.628,"Not Significant","missense"
"12775G>A","12863G>A",687,686.421889616464,0.000365612585945984,0.594,"Not Significant","missense"
"12775G>A","3530C>T",847,845.823199251637,0.00060381752077565,0.178,"Not Significant","missense"
"12775G>A","8810C>T",533,532.99812909261,1.52443936525808e-06,1,"Not Significant","missense"
"12775G>A","3380G>A",405,403.484565014032,0.00162809743402107,0.177,"Not Significant","missense"
"12775G>A","10762G>A",883,880.692235734331,0.00113653599851685,0.016,"Significant","missense"
"12775G>A","14394C>T",432,430.383536014967,0.00162809743402107,0.143,"Not Significant","missense"
"12775G>A","9907G>C",492,490.159027128157,0.00162809743402117,0.139,"Not Significant","missense"
"12775G>A","7048C>T",813,811.950420954163,0.000561034288112965,0.241,"Not Significant","missense"
"12775G>A","8406C>T",500,500.121608980356,-0.000105615374979097,1,"Not Significant","missense"
"12775G>A","8723G>A",824,821.913002806361,0.00110136058121196,0.039,"Significant","missense"
"12775G>A","12503G>A",762,760.144995322732,0.00105853081874133,0.069,"Not Significant","missense"
"12775G>A","13103G>C",478,476.21141253508,0.00162809743402107,0.125,"Not Significant","missense"
"12775G>A","15602A>G",761,758.152478952292,0.00162809743402126,0.006,"Significant","missense"
"12775G>A","4522T>C",733,730.257249766137,0.00162809743402126,0.012,"Significant","missense"
"12775G>A","12468T>A",731,728.264733395697,0.00162809743402126,0.01,"Significant","missense"
"12775G>A","6445C>T",919,917.553788587465,0.000683978623283705,0.095,"Not Significant","missense"
"12775G>A","14619A>T",719,717.305893358279,0.00102449138563548,0.121,"Not Significant","missense"
"12775G>A","13421T>C",742,739.223573433115,0.00162809743402126,0.01,"Significant","missense"
"12775G>A","13370C>T",709,707.34331150608,0.00101598389801263,0.124,"Not Significant","missense"
"12775G>A","10354C>T",755,753.171188026193,0.00105325356200309,0.07,"Not Significant","missense"
"12775G>A","15651C>T",850,849.808231992516,9.799198079122e-05,1,"Not Significant","missense"
"12775G>A","8878C>T",819,816.931711880262,0.0010981468107231,0.053,"Not Significant","missense"
"12775G>A","6300G>A",711,708.3395696913,0.00162809743402126,0.014,"Significant","missense"
"12775G>A","15044C>T",815,811.950420954163,0.00162809743402136,0.001,"Significant","missense"
"12775G>A","7897G>T",699,696.384471468662,0.00162809743402126,0.018,"Significant","missense"
"12775G>A","7026G>A",760,757.156220767072,0.00162809743402126,0.005,"Significant","missense"
"12775G>A","7065G>A",714,712.32460243218,0.00102026740911514,0.112,"Not Significant","missense"
"12775G>A","15810C>T",688,686.421889616464,0.00099731376190676,0.157,"Not Significant","missense"
"12775G>A","3650C>T",807,803.980355472404,0.00162809743402126,0.002,"Significant","missense"
"12775G>A","15384C>T",459,458.278765201123,0.000682951289708432,0.634,"Not Significant","missense"
"12775G>A","7916A>G",569,566.870907390084,0.00162809743402126,0.041,"Significant","missense"
"12775G>A","13682C>T",771,769.11131898971,0.00106517514924217,0.07,"Not Significant","missense"
"12775G>A","8734C>T",722,721.290926099158,0.000426728806513649,0.588,"Not Significant","missense"
"12775G>A","13759G>A",898,895.636108512629,0.00114474236809692,0.017,"Significant","missense"
"12775G>A","9835T>C",544,543.956969130028,3.43544274641478e-05,1,"Not Significant","missense"
"12775G>A","9651C>T",755,753.171188026193,0.00105325356200309,0.096,"Not Significant","missense"
"12775G>A","9520G>A",693,690.406922357343,0.00162809743402126,0.011,"Significant","missense"
"15111C>T","5377C>T",1024,1023.36014967259,0.000271455391499291,0.305,"Not Significant","missense"
"15111C>T","4831G>A",1050,1049.09260991581,0.00037547131477884,0.091,"Not Significant","missense"
"15111C>T","4202C>T",1028,1027.31898971001,0.000287798656428903,0.267,"Not Significant","missense"
"15111C>T","10285C>T",1021,1019.40130963517,0.000680554891349033,0.053,"Not Significant","missense"
"15111C>T","9497T>A",990,983.77174929841,0.00274084770984747,0,"Significant","missense"
"15111C>T","15687G>A",993,989.710009354537,0.0014412860049921,0.004,"Significant","missense"
"15111C>T","12425A>T",996,989.710009354537,0.00275137593330952,0,"Significant","missense"
"15111C>T","10914G>A",1001,997.627689429373,0.00146558287942312,0,"Significant","missense"
"15111C>T","4777C>T",984,982.782039289055,0.000537887445571391,0.198,"Not Significant","missense"
"15111C>T","14997C>T",997,991.689429373246,0.00231947429003967,0,"Significant","missense"
"15111C>T","13911A>T",1025,1024.34985968195,0.000275553108447659,0.291,"Not Significant","missense"
"15111C>T","11043A>T",988,987.730589335828,0.000118440809868117,1,"Not Significant","missense"
"15111C>T","9818C>A",1007,1006.53507951356,0.000200555140484436,1,"Not Significant","missense"
"15111C>T","5014C>T",955,954.080449017774,0.000418375190526549,0.625,"Not Significant","missense"
"15111C>T","11789C>T",979,979.812909260992,-0.000360465284800997,0.591,"Not Significant","missense"
"15111C>T","15207C>A",875,874.903648269411,4.78255188512727e-05,1,"Not Significant","missense"
"15111C>T","14433C>T",872,869.955098222638,0.00101964736840634,0.124,"Not Significant","missense"
"15111C>T","8833G>A",852,853.130028063611,-0.000575633548401527,0.491,"Not Significant","missense"
"15111C>T","15443C>A",1045,1044.14405986904,0.000355868322972406,0.124,"Not Significant","missense"
"15111C>T","9837G>A",998,997.627689429373,0.0001620466874757,1,"Not Significant","missense"
"15111C>T","9295G>A",1022,1021.38072965388,0.000263236017112432,0.328,"Not Significant","missense"
"15111C>T","6174G>A",1009,1008.51449953227,0.000209019740095171,1,"Not Significant","missense"
"15111C>T","7273G>A",990,989.710009354537,0.000127232107160971,1,"Not Significant","missense"
"15111C>T","12053C>T",1014,1011.48362956034,0.00107909670823425,0.006,"Significant","missense"
"15111C>T","15698C>T",960,960.018709073901,-8.46371706534414e-06,1,"Not Significant","missense"
"15111C>T","10944C>T",985,984.761459307764,0.000105187261497329,1,"Not Significant","missense"
"15111C>T","9445G>A",958,957.049579045837,0.000431072505153749,0.613,"Not Significant","missense"
"15111C>T","7332G>A",774,772.963517305893,0.000581964315203271,0.509,"Not Significant","missense"
"15111C>T","8720G>T",574,577.000935453695,-0.00226462485142916,0.069,"Not Significant","missense"
"15111C>T","13541C>T",838,839.274087932647,-0.000659796116826133,0.463,"Not Significant","missense"
"15111C>T","13430C>T",892,889.749298409729,0.00109720015250528,0.078,"Not Significant","missense"
"15111C>T","15691A>T",757,760.097287184284,-0.00177330302182787,0.041,"Significant","missense"
"15111C>T","3715G>A",858,857.088868101029,0.000461433340969742,0.733,"Not Significant","missense"
"15111C>T","6925C>T",908,907.56407857811,0.000208550360675109,1,"Not Significant","missense"
"15111C>T","6807C>T",661,659.146866230122,0.00121926782495002,0.383,"Not Significant","missense"
"15111C>T","15539C>T",706,703.683816651076,0.00142713783164832,0.181,"Not Significant","missense"
"15111C>T","12920C>T",708,709.622076707203,-0.000993860468419873,0.356,"Not Significant","missense"
"15111C>T","14895T>A",641,638.362956033676,0.00179035239316045,0.129,"Not Significant","missense"
"15111C>T","13007C>T",700,702.694106641721,-0.00166827119520711,0.113,"Not Significant","missense"
"15111C>T","6648C>T",711,712.591206735267,-0.000970858191890958,0.346,"Not Significant","missense"
"15111C>T","15600C>T",660,662.115996258185,-0.00139014471634316,0.235,"Not Significant","missense"
"15111C>T","14225C>T",859,854.119738072965,0.0024744056256435,0.001,"Significant","missense"
"15111C>T","13565C>T",634,631.434985968194,0.00176061667018125,0.108,"Not Significant","missense"
"15111C>T","14945G>A",567,563.144995322731,0.00296283000744598,0.034,"Significant","missense"
"15111C>T","15636C>T",722,721.498596819457,0.000301706761275489,0.746,"Not Significant","missense"
"15111C>T","8181T>A",610,613.620205799813,-0.00256981697787534,0.03,"Significant","missense"
"15111C>T","9270C>T",505,504.752104770814,0.000213239530336116,1,"Not Significant","missense"
"15111C>T","5227G>A",628,631.434985968194,-0.00236899747435471,0.052,"Not Significant","missense"
"15111C>T","13996G>A",774,774.942937324602,-0.000528763865439651,0.721,"Not Significant","missense"
"15111C>T","14531C>T",814,815.521047708138,-0.000810769298303348,0.307,"Not Significant","missense"
"15111C>T","15246G>A",513,510.690364826941,0.00195970099421567,0.243,"Not Significant","missense"
"15111C>T","12863G>A",681,681.910196445276,-0.00058007248522946,0.76,"Not Significant","missense"
"15111C>T","3530C>T",840,840.263797942002,-0.000136366672459904,1,"Not Significant","missense"
"15111C>T","8810C>T",534,529.494855004677,0.00367951251693835,0.004,"Significant","missense"
"15111C>T","3380G>A",399,400.832553788587,-0.00199009001830872,0.335,"Not Significant","missense"
"15111C>T","10762G>A",875,874.903648269411,4.78255188512727e-05,1,"Not Significant","missense"
"15111C>T","14394C>T",431,427.55472404116,0.00348556085542977,0.05,"Not Significant","missense"
"15111C>T","9907G>C",491,486.937324602432,0.00360842686521851,0.012,"Significant","missense"
"15111C>T","7048C>T",806,806.613657623948,-0.000330529425274852,0.736,"Not Significant","missense"
"15111C>T","8406C>T",497,496.834424695978,0.000144709097923792,1,"Not Significant","missense"
"15111C>T","8723G>A",816,816.510757717493,-0.000271752286452868,0.745,"Not Significant","missense"
"15111C>T","12503G>A",754,755.148737137512,-0.000661154575495279,0.516,"Not Significant","missense"
"15111C>T","13103G>C",477,473.081384471469,0.00358251993760535,0.022,"Significant","missense"
"15111C>T","15602A>G",751,753.169317118802,-0.00125268225679313,0.167,"Not Significant","missense"
"15111C>T","4522T>C",727,725.457436856875,0.000922473727520901,0.34,"Not Significant","missense"
"15111C>T","12468T>A",722,723.478016838166,-0.000888141878610126,0.532,"Not Significant","missense"
"15111C>T","6445C>T",912,911.522918615529,0.000227245641178337,1,"Not Significant","missense"
"15111C>T","14619A>T",711,712.591206735267,-0.000970858191890958,0.346,"Not Significant","missense"
"15111C>T","13421T>C",734,734.364826941066,-0.000215807853345448,1,"Not Significant","missense"
"15111C>T","13370C>T",699,702.694106641721,-0.00228913546378246,0.021,"Significant","missense"
"15111C>T","10354C>T",747,748.22076707203,-0.000709156176196587,0.546,"Not Significant","missense"
"15111C>T","15651C>T",848,844.22263797942,0.00193885859880166,0.014,"Significant","missense"
"15111C>T","8878C>T",811,811.56220767072,-0.000300960662949603,0.741,"Not Significant","missense"
"15111C>T","6300G>A",702,703.683816651076,-0.00104045109034981,0.352,"Not Significant","missense"
"15111C>T","15044C>T",806,806.613657623948,-0.000330529425274852,0.741,"Not Significant","missense"
"15111C>T","7897G>T",690,691.807296538821,-0.00113604749881479,0.354,"Not Significant","missense"
"15111C>T","7026G>A",753,752.179607109448,0.000473421429520291,0.734,"Not Significant","missense"
"15111C>T","7065G>A",706,707.642656688494,-0.0010093032396656,0.348,"Not Significant","missense"
"15111C>T","15810C>T",680,681.910196445276,-0.00121827169177822,0.346,"Not Significant","missense"
"15111C>T","3650C>T",799,798.695977549111,0.00016528210153209,1,"Not Significant","missense"
"15111C>T","15384C>T",456,455.266604303087,0.000699048492471845,0.75,"Not Significant","missense"
"15111C>T","7916A>G",561,563.144995322731,-0.00165736762929834,0.23,"Not Significant","missense"
"15111C>T","13682C>T",762,764.056127221702,-0.00117029148652438,0.204,"Not Significant","missense"
"15111C>T","8734C>T",715,716.550046772685,-0.000940486886455044,0.352,"Not Significant","missense"
"15111C>T","13759G>A",891,889.749298409729,0.00061004981325712,0.391,"Not Significant","missense"
"15111C>T","9835T>C",544,540.381665107577,0.00289829450305331,0.029,"Significant","missense"
"15111C>T","9651C>T",747,748.22076707203,-0.000709156176196587,0.538,"Not Significant","missense"
"15111C>T","9520G>A",685,685.869036482694,-0.000550625609769982,0.756,"Not Significant","missense"
"5377C>T","4831G>A",1030,1025.29466791394,0.00198852589125607,0,"Significant","missense"
"5377C>T","4202C>T",1021,1004.01496725912,0.00728555502532478,0,"Significant","missense"
"5377C>T","10285C>T",997,996.276894293733,0.000315100057337789,0.649,"Not Significant","missense"
"5377C>T","9497T>A",961,961.455565949486,-0.000205830277913618,1,"Not Significant","missense"
"5377C>T","15687G>A",966,967.259120673527,-0.00056570713365229,0.479,"Not Significant","missense"
"5377C>T","12425A>T",966,967.259120673527,-0.00056570713365229,0.48,"Not Significant","missense"
"5377C>T","10914G>A",973,974.997193638915,-0.000890525390300207,0.251,"Not Significant","missense"
"5377C>T","4777C>T",959,960.488306828812,-0.000673474873863229,0.498,"Not Significant","missense"
"5377C>T","14997C>T",968,969.193638914874,-0.000535197771978869,0.518,"Not Significant","missense"
"5377C>T","13911A>T",1002,1001.1131898971,0.000384538189144635,0.64,"Not Significant","missense"
"5377C>T","11043A>T",983,965.32460243218,0.00788014299561803,0,"Significant","missense"
"5377C>T","9818C>A",996,983.702525724977,0.00539555195180791,0,"Significant","missense"
"5377C>T","5014C>T",950,932.43779232928,0.00810373783687045,0,"Significant","missense"
"5377C>T","11789C>T",976,957.586529466791,0.00827178951999534,0,"Significant","missense"
"5377C>T","15207C>A",874,855.057062675398,0.00951633407218315,0,"Significant","missense"
"5377C>T","14433C>T",848,850.22076707203,-0.00113585636620362,0.39,"Not Significant","missense"
"5377C>T","8833G>A",845,833.77736202058,0.0058066095758332,0,"Significant","missense"
"5377C>T","15443C>A",1023,1020.45837231057,0.00108034052930285,0.007,"Significant","missense"
"5377C>T","9837G>A",980,974.997193638915,0.00222271003384245,0.003,"Significant","missense"
"5377C>T","9295G>A",1002,998.21141253508,0.0016451906908885,0.005,"Significant","missense"
"5377C>T","6174G>A",989,985.637043966324,0.0014792740416071,0.025,"Significant","missense"
"5377C>T","7273G>A",972,967.259120673527,0.00212343137712866,0.007,"Significant","missense"
"5377C>T","12053C>T",994,988.538821328344,0.00239265504947341,0,"Significant","missense"
"5377C>T","15698C>T",945,938.241347053321,0.00311724069387206,0,"Significant","missense"
"5377C>T","10944C>T",973,962.422825070159,0.00474692597348026,0,"Significant","missense"
"5377C>T","9445G>A",938,935.3395696913,0.00123353074691698,0.137,"Not Significant","missense"
"5377C>T","7332G>A",756,755.429373246024,0.000327928074760395,0.833,"Not Significant","missense"
"5377C>T","8720G>T",579,563.912067352666,0.0114671754192744,0,"Significant","missense"
"5377C>T","13541C>T",829,820.235734331151,0.0046158447444135,0.001,"Significant","missense"
"5377C>T","13430C>T",879,869.5659494855,0.00468634979139687,0,"Significant","missense"
"5377C>T","15691A>T",746,742.855004677269,0.00183477389201086,0.266,"Not Significant","missense"
"5377C>T","3715G>A",847,837.646398503274,0.00482268476421397,0.001,"Significant","missense"
"5377C>T","6925C>T",894,886.976613657624,0.00342534957675044,0.002,"Significant","missense"
"5377C>T","6807C>T",645,644.194574368569,0.000542651915820946,0.858,"Not Significant","missense"
"5377C>T","15539C>T",693,687.721234798878,0.0033208003328943,0.068,"Not Significant","missense"
"5377C>T","12920C>T",695,693.524789522919,0.000922815373168,0.737,"Not Significant","missense"
"5377C>T","14895T>A",634,623.882132834425,0.00698670969731803,0,"Significant","missense"
"5377C>T","13007C>T",690,686.753975678204,0.00204790846903399,0.296,"Not Significant","missense"
"5377C>T","6648C>T",702,696.426566884939,0.00346178214939061,0.039,"Significant","missense"
"5377C>T","15600C>T",653,647.096351730589,0.00394422995810449,0.038,"Significant","missense"
"5377C>T","14225C>T",842,834.744621141254,0.00375846223529378,0.003,"Significant","missense"
"5377C>T","13565C>T",620,617.11131898971,0.00202817722794562,0.382,"Not Significant","missense"
"5377C>T","14945G>A",548,550.370439663237,-0.00187454145984726,0.51,"Not Significant","missense"
"5377C>T","15636C>T",718,705.131898971001,0.00785408237517888,0,"Significant","missense"
"5377C>T","8181T>A",601,599.700654817587,0.00093994895533973,0.742,"Not Significant","missense"
"5377C>T","9270C>T",493,493.302151543499,-0.000266090369851933,1,"Not Significant","missense"
"5377C>T","5227G>A",632,617.11131898971,0.0103535660120754,0,"Significant","missense"
"5377C>T","13996G>A",766,757.363891487371,0.00492417402551414,0,"Significant","missense"
"5377C>T","14531C>T",809,797.021515434986,0.00647847636600999,0,"Significant","missense"
"5377C>T","15246G>A",492,499.10570626754,-0.0062274324089955,0.022,"Significant","missense"
"5377C>T","12863G>A",673,666.44153414406,0.00425300876720471,0.018,"Significant","missense"
"5377C>T","3530C>T",827,821.202993451824,0.0030549857594479,0.015,"Significant","missense"
"5377C>T","8810C>T",512,517.483629560337,-0.00462665459454249,0.088,"Not Significant","missense"
"5377C>T","3380G>A",391,391.739943872778,-0.00082109936794725,0.849,"Not Significant","missense"
"5377C>T","10762G>A",863,855.057062675398,0.00401569715299035,0.001,"Significant","missense"
"5377C>T","14394C>T",412,417.855940130964,-0.00612936433092171,0.056,"Not Significant","missense"
"5377C>T","9907G>C",486,475.891487371375,0.00912833294578544,0.001,"Significant","missense"
"5377C>T","7048C>T",798,788.316183348924,0.00530244906160647,0,"Significant","missense"
"5377C>T","8406C>T",486,485.56407857811,0.000389718568128161,1,"Not Significant","missense"
"5377C>T","8723G>A",809,797.98877455566,0.00595173951320077,0,"Significant","missense"
"5377C>T","12503G>A",749,738.018709073901,0.00641444619543947,0,"Significant","missense"
"5377C>T","13103G>C",472,462.349859681946,0.00897126847282126,0,"Significant","missense"
"5377C>T","15602A>G",749,736.084190832554,0.00755432737974697,0,"Significant","missense"
"5377C>T","4522T>C",721,709.000935453695,0.00728845652915445,0,"Significant","missense"
"5377C>T","12468T>A",721,707.066417212348,0.00847505421242177,0,"Significant","missense"
"5377C>T","6445C>T",895,890.845650140318,0.0020205715699172,0.044,"Significant","missense"
"5377C>T","14619A>T",707,696.426566884939,0.00654408381648427,0,"Significant","missense"
"5377C>T","13421T>C",731,717.706267539757,0.00797063812968651,0,"Significant","missense"
"5377C>T","13370C>T",703,686.753975678204,0.0101541427516015,0,"Significant","missense"
"5377C>T","10354C>T",745,731.247895229186,0.00809164369793949,0,"Significant","missense"
"5377C>T","15651C>T",833,825.072029934518,0.00415313669011833,0.002,"Significant","missense"
"5377C>T","8878C>T",794,793.152478952292,0.000463816494233813,0.823,"Not Significant","missense"
"5377C>T","6300G>A",704,687.721234798878,0.0101602248631987,0,"Significant","missense"
"5377C>T","15044C>T",801,788.316183348924,0.00693207379511458,0,"Significant","missense"
"5377C>T","7897G>T",691,676.114125350795,0.00945803807936991,0,"Significant","missense"
"5377C>T","7026G>A",746,735.11693171188,0.00638240164273091,0,"Significant","missense"
"5377C>T","7065G>A",707,691.590271281572,0.0095705384466718,0,"Significant","missense"
"5377C>T","15810C>T",678,666.44153414406,0.00746763841029076,0,"Significant","missense"
"5377C>T","3650C>T",793,780.578110383536,0.00685681904638686,0,"Significant","missense"
"5377C>T","15384C>T",445,444.939195509822,5.93457502117917e-05,1,"Not Significant","missense"
"5377C>T","7916A>G",563,550.370439663237,0.00985329490712772,0,"Significant","missense"
"5377C>T","13682C>T",755,746.724041159963,0.0047868177443058,0.005,"Significant","missense"
"5377C>T","8734C>T",712,700.295603367633,0.00719859389056276,0,"Significant","missense"
"5377C>T","13759G>A",882,869.5659494855,0.00616605984944461,0,"Significant","missense"
"5377C>T","9835T>C",532,528.123479887746,0.00317615604116463,0.228,"Not Significant","missense"
"5377C>T","9651C>T",738,731.247895229186,0.00399173277268877,0.014,"Significant","missense"
"5377C>T","9520G>A",682,670.310570626754,0.00750830649552534,0,"Significant","missense"
"4831G>A","4202C>T",1034,1029.26099158092,0.00199502518949231,0,"Significant","missense"
"4831G>A","10285C>T",1022,1021.32834424696,0.000285511037529535,0.297,"Not Significant","missense"
"4831G>A","9497T>A",985,985.631431244153,-0.000278313955693781,0.663,"Not Significant","missense"
"4831G>A","15687G>A",991,991.580916744621,-0.000254505570716884,0.683,"Not Significant","missense"
"4831G>A","12425A>T",991,991.580916744621,-0.000254505570716884,0.674,"Not Significant","missense"
"4831G>A","10914G>A",999,999.513564078578,-0.000223203939516378,0.668,"Not Significant","missense"
"4831G>A","4777C>T",985,984.639850327409,0.000158821946238286,1,"Not Significant","missense"
"4831G>A","14997C>T",993,993.56407857811,-0.00024663309183795,0.679,"Not Significant","missense"
"4831G>A","13911A>T",1029,1026.28624883068,0.00114686491350412,0.002,"Significant","missense"
"4831G>A","11043A>T",993,989.597754911132,0.00149054715201772,0.004,"Significant","missense"
"4831G>A","9818C>A",1010,1008.43779232928,0.000672260803905621,0.068,"Not Significant","missense"
"4831G>A","5014C>T",960,955.884003741815,0.00186603908074524,0,"Significant","missense"
"4831G>A","11789C>T",986,981.665107577175,0.0019135602876689,0,"Significant","missense"
"4831G>A","15207C>A",880,876.557530402245,0.00170224708110313,0.01,"Significant","missense"
"4831G>A","14433C>T",871,871.599625818522,-0.000298880122100825,0.707,"Not Significant","missense"
"4831G>A","8833G>A",859,854.742750233863,0.00215773795053706,0.001,"Significant","missense"
"4831G>A","15443C>A",1047,1046.11786716558,0.000366061989138625,0.113,"Not Significant","missense"
"4831G>A","9837G>A",1004,999.513564078578,0.00194502064350161,0,"Significant","missense"
"4831G>A","9295G>A",1029,1023.31150608045,0.00240751741524796,0,"Significant","missense"
"4831G>A","6174G>A",1011,1010.42095416277,0.000248811528582364,0.35,"Not Significant","missense"
"4831G>A","7273G>A",1000,991.580916744621,0.00367183994400742,0,"Significant","missense"
"4831G>A","12053C>T",1015,1013.395696913,0.000686986394545593,0.058,"Not Significant","missense"
"4831G>A","15698C>T",961,961.833489242282,-0.000376506653691636,0.626,"Not Significant","missense"
"4831G>A","10944C>T",991,986.623012160898,0.00192241368355742,0,"Significant","missense"
"4831G>A","9445G>A",961,958.858746492049,0.000968753529551402,0.043,"Significant","missense"
"4831G>A","7332G>A",776,774.424695977549,0.000882527324895788,0.248,"Not Significant","missense"
"4831G>A","8720G>T",582,578.091674462114,0.00292626983488169,0.014,"Significant","missense"
"4831G>A","13541C>T",841,840.860617399439,7.19834852061042e-05,1,"Not Significant","missense"
"4831G>A","13430C>T",897,891.431244153414,0.00270459125487086,0,"Significant","missense"
"4831G>A","15691A>T",761,761.534144059869,-0.000304723316931284,0.743,"Not Significant","missense"
"4831G>A","3715G>A",864,858.709073900842,0.0026676904055541,0,"Significant","missense"
"4831G>A","6925C>T",912,909.279700654818,0.00129734260240271,0.031,"Significant","missense"
"4831G>A","6807C>T",663,660.392890551918,0.00171113917847957,0.083,"Not Significant","missense"
"4831G>A","15539C>T",706,705.014031805426,0.00060694026604516,0.716,"Not Significant","missense"
"4831G>A","12920C>T",710,710.963517305893,-0.000588967004716952,0.738,"Not Significant","missense"
"4831G>A","14895T>A",640,639.569691300281,0.000292099292627022,1,"Not Significant","missense"
"4831G>A","13007C>T",704,704.022450888681,-1.38496329552814e-05,1,"Not Significant","missense"
"4831G>A","6648C>T",715,713.938260056127,0.000645385313819783,0.497,"Not Significant","missense"
"4831G>A","15600C>T",664,663.367633302151,0.000413801544202249,0.77,"Not Significant","missense"
"4831G>A","14225C>T",858,855.734331150608,0.00114833207750348,0.072,"Not Significant","missense"
"4831G>A","13565C>T",634,632.628624883068,0.00094041910457798,0.498,"Not Significant","missense"
"4831G>A","14945G>A",565,564.209541627689,0.000608021368374997,0.731,"Not Significant","missense"
"4831G>A","15636C>T",728,722.862488306829,0.00307569093906987,0.001,"Significant","missense"
"4831G>A","8181T>A",613,614.780168381665,-0.0012593750358309,0.342,"Not Significant","missense"
"4831G>A","9270C>T",509,505.706267539757,0.00281944618282963,0.036,"Significant","missense"
"4831G>A","5227G>A",637,632.628624883068,0.00299059355819548,0.004,"Significant","missense"
"4831G>A","13996G>A",780,776.407857811038,0.00200468057654458,0.014,"Significant","missense"
"4831G>A","14531C>T",822,817.062675397568,0.00261644578694208,0.001,"Significant","missense"
"4831G>A","15246G>A",512,511.655753040225,0.000292099292627215,1,"Not Significant","missense"
"4831G>A","12863G>A",685,683.199251637044,0.00114318952880739,0.308,"Not Significant","missense"
"4831G>A","3530C>T",845,841.852198316183,0.00162085864974722,0.021,"Significant","missense"
"4831G>A","8810C>T",529,530.495790458372,-0.00122627004203469,0.516,"Not Significant","missense"
"4831G>A","3380G>A",402,401.590271281572,0.000442869813809265,1,"Not Significant","missense"
"4831G>A","10762G>A",878,876.557530402245,0.00071409083703725,0.381,"Not Significant","missense"
"4831G>A","14394C>T",428,428.362956033676,-0.000368137857732249,1,"Not Significant","missense"
"4831G>A","9907G>C",489,487.857811038354,0.00101559630026749,0.531,"Not Significant","missense"
"4831G>A","7048C>T",812,808.138447146866,0.00207026044520622,0.011,"Significant","missense"
"4831G>A","8406C>T",501,497.7736202058,0.00280584866623357,0.038,"Significant","missense"
"4831G>A","8723G>A",821,818.054256314312,0.00156104851352334,0.018,"Significant","missense"
"4831G>A","12503G>A",759,756.576239476146,0.00138907788460751,0.141,"Not Significant","missense"
"4831G>A","13103G>C",474,473.975678203929,2.22850059739425e-05,1,"Not Significant","missense"
"4831G>A","15602A>G",757,754.593077642657,0.00138306267350755,0.13,"Not Significant","missense"
"4831G>A","4522T>C",731,726.828811973807,0.00248524226073998,0.003,"Significant","missense"
"4831G>A","12468T>A",728,724.845650140318,0.00188584229918427,0.026,"Significant","missense"
"4831G>A","6445C>T",915,913.246024321796,0.000833303813607039,0.125,"Not Significant","missense"
"4831G>A","14619A>T",717,713.938260056127,0.00185849918053913,0.051,"Not Significant","missense"
"4831G>A","13421T>C",740,735.753040224509,0.00249965439595661,0.001,"Significant","missense"
"4831G>A","13370C>T",707,704.022450888681,0.00183290502183163,0.089,"Not Significant","missense"
"4831G>A","10354C>T",753,749.635173058934,0.00194502064350161,0.026,"Significant","missense"
"4831G>A","15651C>T",846,845.818521983162,9.31718155082844e-05,1,"Not Significant","missense"
"4831G>A","8878C>T",814,813.096351730589,0.000482392449492276,0.703,"Not Significant","missense"
"4831G>A","6300G>A",709,705.014031805426,0.00244847439730769,0.01,"Significant","missense"
"4831G>A","15044C>T",811,808.138447146866,0.00153508541518704,0.053,"Not Significant","missense"
"4831G>A","7897G>T",696,693.11506080449,0.00180390380888831,0.075,"Not Significant","missense"
"4831G>A","7026G>A",758,753.601496725912,0.00252745329526966,0.002,"Significant","missense"
"4831G>A","7065G>A",713,708.980355472404,0.00245532799479238,0.008,"Significant","missense"
"4831G>A","15810C>T",688,683.199251637044,0.00304105627189282,0.002,"Significant","missense"
"4831G>A","3650C>T",806,800.205799812909,0.0031333470270276,0,"Significant","missense"
"4831G>A","15384C>T",457,456.127221702526,0.000830208332283719,0.756,"Not Significant","missense"
"4831G>A","7916A>G",567,564.209541627689,0.00214263244184284,0.103,"Not Significant","missense"
"4831G>A","13682C>T",766,765.500467726848,0.000283309240875516,1,"Not Significant","missense"
"4831G>A","8734C>T",721,717.904583723106,0.00186853846628968,0.024,"Significant","missense"
"4831G>A","13759G>A",894,891.431244153414,0.00124966700669659,0.04,"Significant","missense"
"4831G>A","9835T>C",543,541.403180542563,0.0012790268281173,0.314,"Not Significant","missense"
"4831G>A","9651C>T",751,749.635173058934,0.000789981446969521,0.477,"Not Significant","missense"
"4831G>A","9520G>A",691,687.165575304022,0.00241665270639919,0.01,"Significant","missense"
"4202C>T","10285C>T",1000,1000.13096351731,-5.68730088332371e-05,1,"Not Significant","missense"
"4202C>T","9497T>A",964,965.174929840973,-0.000528998798143474,0.521,"Not Significant","missense"
"4202C>T","15687G>A",969,971.000935453695,-0.000895871252895624,0.164,"Not Significant","missense"
"4202C>T","12425A>T",969,971.000935453695,-0.000895871252895624,0.152,"Not Significant","missense"
"4202C>T","10914G>A",977,978.768942937325,-0.00078561669439437,0.278,"Not Significant","missense"
"4202C>T","4777C>T",963,964.203928905519,-0.000542609674507657,0.476,"Not Significant","missense"
"4202C>T","14997C>T",971,972.942937324603,-0.000868139926883049,0.237,"Not Significant","missense"
"4202C>T","13911A>T",1007,1004.98596819457,0.000869472457020332,0.076,"Not Significant","missense"
"4202C>T","11043A>T",981,969.058933582788,0.00531881778891584,0,"Significant","missense"
"4202C>T","9818C>A",1002,987.507951356408,0.00632712030482062,0,"Significant","missense"
"4202C>T","5014C>T",956,936.044901777362,0.00916121006960728,0,"Significant","missense"
"4202C>T","11789C>T",979,961.290926099158,0.00792784890192608,0,"Significant","missense"
"4202C>T","15207C>A",876,858.364826941066,0.00883219285134568,0,"Significant","missense"
"4202C>T","14433C>T",848,853.509822263798,-0.00281267112071876,0.006,"Significant","missense"
"4202C>T","8833G>A",847,837.002806361085,0.00515649620233254,0.001,"Significant","missense"
"4202C>T","15443C>A",1025,1024.40598690365,0.000251757454400583,0.343,"Not Significant","missense"
"4202C>T","9837G>A",982,978.768942937325,0.00143130737378206,0.026,"Significant","missense"
"4202C>T","9295G>A",1006,1002.07296538821,0.00169863512505485,0.004,"Significant","missense"
"4202C>T","6174G>A",992,989.449953227315,0.00111783984409105,0.046,"Significant","missense"
"4202C>T","7273G>A",976,971.000935453695,0.00223016936303049,0.001,"Significant","missense"
"4202C>T","12053C>T",996,992.362956033676,0.00158879432134363,0.004,"Significant","missense"
"4202C>T","15698C>T",946,941.870907390084,0.0018997538318867,0.011,"Significant","missense"
"4202C>T","10944C>T",974,966.145930776427,0.0035162278292286,0,"Significant","missense"
"4202C>T","9445G>A",944,938.957904583723,0.00232587191140611,0.006,"Significant","missense"
"4202C>T","7332G>A",759,758.351730589336,0.000371093714518976,0.846,"Not Significant","missense"
"4202C>T","8720G>T",579,566.093545369504,0.0097903606647594,0,"Significant","missense"
"4202C>T","13541C>T",827,823.408793264733,0.00189000899217158,0.112,"Not Significant","missense"
"4202C>T","13430C>T",885,872.929840972872,0.00596393066093501,0,"Significant","missense"
"4202C>T","15691A>T",747,745.728718428438,0.00073973348022567,0.67,"Not Significant","missense"
"4202C>T","3715G>A",849,840.8868101029,0.00417014992294452,0.002,"Significant","missense"
"4202C>T","6925C>T",897,890.407857811038,0.00320345907040955,0.001,"Significant","missense"
"4202C>T","6807C>T",652,646.686623012161,0.00355371825795751,0.054,"Not Significant","missense"
"4202C>T","15539C>T",700,690.381665107577,0.00600879098082866,0,"Significant","missense"
"4202C>T","12920C>T",696,696.207670720299,-0.00012956436089902,1,"Not Significant","missense"
"4202C>T","14895T>A",637,626.295603367633,0.00736006939642047,0,"Significant","missense"
"4202C>T","13007C>T",690,689.410664172123,0.000371093714518976,0.838,"Not Significant","missense"
"4202C>T","6648C>T",704,699.12067352666,0.00302051440718227,0.066,"Not Significant","missense"
"4202C>T","15600C>T",653,649.599625818522,0.00226741520358955,0.274,"Not Significant","missense"
"4202C>T","14225C>T",843,837.973807296539,0.0025971306058714,0.024,"Significant","missense"
"4202C>T","13565C>T",617,619.498596819457,-0.00175516299158131,0.464,"Not Significant","missense"
"4202C>T","14945G>A",550,552.499532273152,-0.00196922520448796,0.469,"Not Significant","missense"
"4202C>T","15636C>T",719,707.859681945744,0.00678171376124593,0,"Significant","missense"
"4202C>T","8181T>A",601,602.020579981291,-0.000736865799175226,0.716,"Not Significant","missense"
"4202C>T","9270C>T",495,495.210477081384,-0.000184625468028639,1,"Not Significant","missense"
"4202C>T","5227G>A",635,619.498596819457,0.0107333982671507,0,"Significant","missense"
"4202C>T","13996G>A",767,760.293732460243,0.00381395358737608,0.003,"Significant","missense"
"4202C>T","14531C>T",809,800.104770813845,0.00480166161149485,0,"Significant","missense"
"4202C>T","15246G>A",494,501.036482694107,-0.00614240100722423,0.014,"Significant","missense"
"4202C>T","12863G>A",679,669.019644527596,0.00643090406921388,0.001,"Significant","missense"
"4202C>T","3530C>T",831,824.379794200187,0.00347368523649688,0.008,"Significant","missense"
"4202C>T","8810C>T",514,519.485500467727,-0.00461031132961289,0.06,"Not Significant","missense"
"4202C>T","3380G>A",392,393.255378858746,-0.001388604497872,0.713,"Not Significant","missense"
"4202C>T","10762G>A",862,858.364826941066,0.0018353525079785,0.093,"Not Significant","missense"
"4202C>T","14394C>T",413,419.472404115996,-0.00675334346217048,0.028,"Significant","missense"
"4202C>T","9907G>C",486,477.732460243218,0.00745151819127053,0.001,"Significant","missense"
"4202C>T","7048C>T",802,791.365762394761,0.00579711124052515,0,"Significant","missense"
"4202C>T","8406C>T",486,487.442469597755,-0.00128709618638672,0.725,"Not Significant","missense"
"4202C>T","8723G>A",813,801.075771749298,0.00641694874048131,0,"Significant","missense"
"4202C>T","12503G>A",751,740.873713751169,0.00589575074562608,0,"Significant","missense"
"4202C>T","13103G>C",472,464.138447146866,0.00729445371830629,0.008,"Significant","missense"
"4202C>T","15602A>G",747,738.931711880262,0.00471629674116434,0.001,"Significant","missense"
"4202C>T","4522T>C",723,711.743685687558,0.00681467434974092,0,"Significant","missense"
"4202C>T","12468T>A",722,709.801683816651,0.00740017230811655,0,"Significant","missense"
"4202C>T","6445C>T",897,894.291861552853,0.00131316454358206,0.186,"Not Significant","missense"
"4202C>T","14619A>T",707,699.12067352666,0.00486726906196925,0.002,"Significant","missense"
"4202C>T","13421T>C",733,720.482694106642,0.00748042105843882,0,"Significant","missense"
"4202C>T","13370C>T",703,689.410664172123,0.00847732799708647,0,"Significant","missense"
"4202C>T","10354C>T",744,734.076707202993,0.00583149174101032,0,"Significant","missense"
"4202C>T","15651C>T",836,828.263797942002,0.00403759796783179,0,"Significant","missense"
"4202C>T","8878C>T",799,796.22076707203,0.00151327862661352,0.275,"Not Significant","missense"
"4202C>T","6300G>A",701,690.381665107577,0.00662876893323038,0,"Significant","missense"
"4202C>T","15044C>T",802,791.365762394761,0.00579711124052515,0,"Significant","missense"
"4202C>T","7897G>T",692,678.729653882133,0.00840927040741416,0,"Significant","missense"
"4202C>T","7026G>A",748,737.960710944808,0.00586835728000822,0,"Significant","missense"
"4202C>T","7065G>A",707,694.265668849392,0.00789372369215668,0,"Significant","missense"
"4202C>T","15810C>T",678,669.019644527596,0.00579082365577565,0.001,"Significant","missense"
"4202C>T","3650C>T",793,783.597754911132,0.00518000429187168,0,"Significant","missense"
"4202C>T","15384C>T",445,446.6604303087,-0.00161746900430318,0.59,"Not Significant","missense"
"4202C>T","7916A>G",566,552.499532273152,0.0104845164895374,0,"Significant","missense"
"4202C>T","13682C>T",758,749.612722170253,0.00483225699265566,0.002,"Significant","missense"
"4202C>T","8734C>T",715,703.004677268475,0.00734782730027165,0,"Significant","missense"
"4202C>T","13759G>A",878,872.929840972872,0.0025151758692125,0.013,"Significant","missense"
"4202C>T","9835T>C",537,530.166510757717,0.00556199469115632,0.016,"Significant","missense"
"4202C>T","9651C>T",741,734.076707202993,0.00407676417446002,0.012,"Significant","missense"
"4202C>T","9520G>A",681,672.903648269411,0.00519422899731669,0.001,"Significant","missense"
"10285C>T","9497T>A",976,957.736202057998,0.00820391377298352,0,"Significant","missense"
"10285C>T","15687G>A",981,963.517305893358,0.00780948788355359,0,"Significant","missense"
"10285C>T","12425A>T",976,963.517305893358,0.00559029817029708,0,"Significant","missense"
"10285C>T","10914G>A",988,971.225444340505,0.00743689298172665,0,"Significant","missense"
"10285C>T","4777C>T",973,956.772684752105,0.00730407227657585,0,"Significant","missense"
"10285C>T","14997C>T",986,965.444340505145,0.0091496739135892,0,"Significant","missense"
"10285C>T","13911A>T",999,997.240411599626,0.000765618936651597,0.108,"Not Significant","missense"
"10285C>T","11043A>T",962,961.590271281572,0.000185011254047636,1,"Not Significant","missense"
"10285C>T","9818C>A",982,979.897100093545,0.000931015367810797,0.12,"Not Significant","missense"
"10285C>T","5014C>T",928,928.830682881197,-0.000388577180362861,0.792,"Not Significant","missense"
"10285C>T","11789C>T",954,953.882132834425,5.36606101509973e-05,1,"Not Significant","missense"
"10285C>T","15207C>A",850,851.749298409729,-0.000892858795174442,0.522,"Not Significant","missense"
"10285C>T","14433C>T",853,846.931711880262,0.00310063659735655,0.011,"Significant","missense"
"10285C>T","8833G>A",826,830.551917680075,-0.00238673800072443,0.06,"Not Significant","missense"
"10285C>T","15443C>A",1018,1016.51075771749,0.000635798870634196,0.103,"Not Significant","missense"
"10285C>T","9837G>A",973,971.225444340505,0.000792788662451146,0.266,"Not Significant","missense"
"10285C>T","9295G>A",996,994.349859681946,0.000720121636111884,0.137,"Not Significant","missense"
"10285C>T","6174G>A",984,981.824134705332,0.000961394928520799,0.121,"Not Significant","missense"
"10285C>T","7273G>A",966,963.517305893358,0.00111760691909908,0.169,"Not Significant","missense"
"10285C>T","12053C>T",986,984.714686623012,0.000566499646122997,0.39,"Not Significant","missense"
"10285C>T","15698C>T",935,934.611786716558,0.000180357109878704,1,"Not Significant","missense"
"10285C>T","10944C>T",962,958.699719363892,0.00149247179569317,0.048,"Significant","missense"
"10285C>T","9445G>A",932,931.721234798877,0.000129918774585565,1,"Not Significant","missense"
"10285C>T","7332G>A",764,752.507015902713,0.00658280520199455,0,"Significant","missense"
"10285C>T","8720G>T",552,561.730589335828,-0.00758899652620801,0,"Significant","missense"
"10285C>T","13541C>T",813,817.062675397568,-0.00216482615903953,0.113,"Not Significant","missense"
"10285C>T","13430C>T",867,866.202057998129,0.000399886246587301,0.8,"Not Significant","missense"
"10285C>T","15691A>T",736,739.981290926099,-0.00234292519040696,0.212,"Not Significant","missense"
"10285C>T","3715G>A",835,834.405986903648,0.000309063969861287,0.816,"Not Significant","missense"
"10285C>T","6925C>T",885,883.54536950421,0.000714415531410062,0.641,"Not Significant","missense"
"10285C>T","6807C>T",651,641.702525724977,0.00624723990149576,0.005,"Significant","missense"
"10285C>T","15539C>T",680,685.060804490178,-0.00322020751992366,0.072,"Not Significant","missense"
"10285C>T","12920C>T",685,690.841908325538,-0.00368810367176823,0.056,"Not Significant","missense"
"10285C>T","14895T>A",614,621.468662301216,-0.00525086299049344,0.017,"Significant","missense"
"10285C>T","13007C>T",679,684.097287184284,-0.00324809393496732,0.076,"Not Significant","missense"
"10285C>T","6648C>T",686,693.732460243218,-0.00486790022091023,0.009,"Significant","missense"
"10285C>T","15600C>T",638,644.593077642657,-0.00446495854305426,0.036,"Significant","missense"
"10285C>T","14225C>T",830,831.515434985968,-0.000792222835529814,0.572,"Not Significant","missense"
"10285C>T","13565C>T",618,614.724041159963,0.00230827687125897,0.329,"Not Significant","missense"
"10285C>T","14945G>A",558,548.241347053321,0.00766241304611213,0.002,"Significant","missense"
"10285C>T","15636C>T",701,702.404115996258,-0.000869029847710084,0.745,"Not Significant","missense"
"10285C>T","8181T>A",591,597.380729653882,-0.00466372811339199,0.045,"Significant","missense"
"10285C>T","9270C>T",500,491.393826005613,0.00754030874168671,0.007,"Significant","missense"
"10285C>T","5227G>A",610,614.724041159963,-0.00335036320678892,0.135,"Not Significant","missense"
"10285C>T","13996G>A",751,754.4340505145,-0.00198134455016892,0.285,"Not Significant","missense"
"10285C>T","14531C>T",794,793.938260056127,3.37712335863117e-05,1,"Not Significant","missense"
"10285C>T","15246G>A",502,497.174929840973,0.00419449602141299,0.146,"Not Significant","missense"
"10285C>T","12863G>A",663,663.863423760524,-0.000565212999246731,0.88,"Not Significant","missense"
"10285C>T","3530C>T",821,818.026192703461,0.00157594737909374,0.313,"Not Significant","missense"
"10285C>T","8810C>T",523,515.481758652947,0.00628838734965038,0.015,"Significant","missense"
"10285C>T","3380G>A",400,390.22450888681,0.010745448616897,0.001,"Significant","missense"
"10285C>T","10762G>A",851,851.749298409729,-0.000382224424879346,0.825,"Not Significant","missense"
"10285C>T","14394C>T",421,416.239476145931,0.00493882952436085,0.121,"Not Significant","missense"
"10285C>T","9907G>C",463,474.050514499532,-0.0102436312457992,0,"Significant","missense"
"10285C>T","7048C>T",786,785.266604303087,0.000405417803037094,0.858,"Not Significant","missense"
"10285C>T","8406C>T",494,483.685687558466,0.00916371228223148,0.001,"Significant","missense"
"10285C>T","8723G>A",796,794.90177736202,0.000599599691349756,0.688,"Not Significant","missense"
"10285C>T","12503G>A",734,735.163704396632,-0.000687997535203977,0.722,"Not Significant","missense"
"10285C>T","13103G>C",449,460.561272217025,-0.0110410751051875,0,"Significant","missense"
"10285C>T","15602A>G",729,733.236669784846,-0.00251664794899203,0.16,"Not Significant","missense"
"10285C>T","4522T>C",705,706.258185219832,-0.000774377146123299,0.705,"Not Significant","missense"
"10285C>T","12468T>A",701,704.331150608045,-0.00205887848759574,0.288,"Not Significant","missense"
"10285C>T","6445C>T",894,887.399438727783,0.0032183691026742,0.002,"Significant","missense"
"10285C>T","14619A>T",691,693.732460243218,-0.00171396855346397,0.394,"Not Significant","missense"
"10285C>T","13421T>C",719,714.929840972872,0.00246546560746105,0.158,"Not Significant","missense"
"10285C>T","13370C>T",680,684.097287184284,-0.00260895550923279,0.17,"Not Significant","missense"
"10285C>T","10354C>T",728,728.419083255379,-0.000249935684563473,1,"Not Significant","missense"
"10285C>T","15651C>T",825,821.880261927035,0.00164539788600774,0.199,"Not Significant","missense"
"10285C>T","8878C>T",791,790.084190832554,0.000503111617565578,0.846,"Not Significant","missense"
"10285C>T","6300G>A",681,685.060804490178,-0.00258200831337495,0.17,"Not Significant","missense"
"10285C>T","15044C>T",788,785.266604303087,0.00150908925318438,0.333,"Not Significant","missense"
"10285C>T","7897G>T",670,673.498596819457,-0.00226189254124879,0.342,"Not Significant","missense"
"10285C>T","7026G>A",734,732.273152478952,0.0010229481388849,0.599,"Not Significant","missense"
"10285C>T","7065G>A",690,688.914873713751,0.000683529439780454,0.709,"Not Significant","missense"
"10285C>T","15810C>T",663,663.863423760524,-0.000565212999246731,0.851,"Not Significant","missense"
"10285C>T","3650C>T",780,777.55846585594,0.00136154847201567,0.453,"Not Significant","missense"
"10285C>T","15384C>T",451,443.217960710945,0.00755919069999058,0.011,"Significant","missense"
"10285C>T","7916A>G",542,548.241347053321,-0.00497249935307744,0.044,"Significant","missense"
"10285C>T","13682C>T",740,743.835360149673,-0.00224510010115384,0.181,"Not Significant","missense"
"10285C>T","8734C>T",692,697.586529466791,-0.00349199123678279,0.067,"Not Significant","missense"
"10285C>T","13759G>A",868,866.202057998129,0.000900513946868911,0.51,"Not Significant","missense"
"10285C>T","9835T>C",530,526.080449017774,0.00322370739965699,0.254,"Not Significant","missense"
"10285C>T","9651C>T",726,728.419083255379,-0.00144469429750681,0.459,"Not Significant","missense"
"10285C>T","9520G>A",666,667.717492984097,-0.00111852493789968,0.638,"Not Significant","missense"
"9497T>A","15687G>A",969,929.840972871843,0.0179150978622281,0,"Significant","missense"
"9497T>A","12425A>T",968,929.840972871843,0.0174666781198565,0,"Significant","missense"
"9497T>A","10914G>A",968,937.279700654818,0.0140061460103504,0,"Significant","missense"
"9497T>A","4777C>T",962,923.33208606174,0.0178171443538946,0,"Significant","missense"
"9497T>A","14997C>T",969,931.700654817587,0.0170473763310013,0,"Significant","missense"
"9497T>A","13911A>T",965,962.385406922357,0.00117828436232061,0.076,"Not Significant","missense"
"9497T>A","11043A>T",928,927.981290926099,8.75574295567163e-06,1,"Not Significant","missense"
"9497T>A","9818C>A",948,945.648269410664,0.00107870522678625,0.246,"Not Significant","missense"
"9497T>A","5014C>T",894,896.366697848457,-0.00114819429544825,0.419,"Not Significant","missense"
"9497T>A","11789C>T",919,920.542563143124,-0.000728362399973863,0.502,"Not Significant","missense"
"9497T>A","15207C>A",816,821.979420018709,-0.00317078544774687,0.071,"Not Significant","missense"
"9497T>A","14433C>T",844,817.33021515435,0.0139448923633461,0,"Significant","missense"
"9497T>A","8833G>A",793,801.522918615529,-0.00464275769564368,0.013,"Significant","missense"
"9497T>A","15443C>A",983,980.982226379794,0.000892379009888711,0.078,"Not Significant","missense"
"9497T>A","9837G>A",938,937.279700654818,0.000333627081022608,0.793,"Not Significant","missense"
"9497T>A","9295G>A",959,959.595884003742,-0.000269769309064217,0.78,"Not Significant","missense"
"9497T>A","6174G>A",948,947.507951356408,0.000225474143104518,1,"Not Significant","missense"
"9497T>A","7273G>A",929,929.840972871843,-0.000392965194893553,0.802,"Not Significant","missense"
"9497T>A","12053C>T",954,950.297474275023,0.00168879971686573,0.037,"Significant","missense"
"9497T>A","15698C>T",902,901.945743685688,2.61240871615392e-05,1,"Not Significant","missense"
"9497T>A","10944C>T",925,925.191768007484,-9.00271952281735e-05,1,"Not Significant","missense"
"9497T>A","9445G>A",900,899.156220767072,0.000407356167787897,0.83,"Not Significant","missense"
"9497T>A","7332G>A",733,726.205799812909,0.00404426157529178,0.088,"Not Significant","missense"
"9497T>A","8720G>T",521,542.097287184284,-0.0172395106480217,0,"Significant","missense"
"9497T>A","13541C>T",780,788.505144995323,-0.00470992875476817,0.021,"Significant","missense"
"9497T>A","13430C>T",835,835.927034611787,-0.000481895438161875,0.864,"Not Significant","missense"
"9497T>A","15691A>T",706,714.117867165575,-0.00496519816824288,0.019,"Significant","missense"
"9497T>A","3715G>A",803,805.242282507016,-0.00121102592720092,0.544,"Not Significant","missense"
"9497T>A","6925C>T",853,852.66417212348,0.000171016308966606,1,"Not Significant","missense"
"9497T>A","6807C>T",626,619.274087932647,0.00469142485159255,0.104,"Not Significant","missense"
"9497T>A","15539C>T",653,661.11693171188,-0.00536509864322686,0.043,"Significant","missense"
"9497T>A","12920C>T",662,666.695977549111,-0.00306984541663507,0.262,"Not Significant","missense"
"9497T>A","14895T>A",588,599.747427502339,-0.00859106774766318,0.008,"Significant","missense"
"9497T>A","13007C>T",653,660.187090739008,-0.00475384663253596,0.078,"Not Significant","missense"
"9497T>A","6648C>T",661,669.485500467727,-0.00553971613416269,0.037,"Significant","missense"
"9497T>A","15600C>T",616,622.063610851263,-0.00425408479193219,0.125,"Not Significant","missense"
"9497T>A","14225C>T",802,802.4527595884,-0.000245106619581395,1,"Not Significant","missense"
"9497T>A","13565C>T",599,593.238540692236,0.00419746447961312,0.188,"Not Significant","missense"
"9497T>A","14945G>A",541,529.079513564079,0.00967631952296124,0.003,"Significant","missense"
"9497T>A","15636C>T",673,677.854069223574,-0.00312114328253268,0.236,"Not Significant","missense"
"9497T>A","8181T>A",569,576.501403180543,-0.00568810229171706,0.051,"Not Significant","missense"
"9497T>A","9270C>T",479,474.21889616464,0.00435665812809066,0.274,"Not Significant","missense"
"9497T>A","5227G>A",577,593.238540692236,-0.0120535447539641,0,"Significant","missense"
"9497T>A","13996G>A",717,728.065481758653,-0.00665128557867758,0.002,"Significant","missense"
"9497T>A","14531C>T",760,766.188961646399,-0.00352229860485926,0.087,"Not Significant","missense"
"9497T>A","15246G>A",491,479.797942001871,0.0100231113072197,0.007,"Significant","missense"
"9497T>A","12863G>A",643,640.6604303087,0.00158307182806072,0.637,"Not Significant","missense"
"9497T>A","3530C>T",789,789.434985968195,-0.000239366223067669,1,"Not Significant","missense"
"9497T>A","8810C>T",514,497.464920486436,0.0142006577855093,0,"Significant","missense"
"9497T>A","3380G>A",383,376.585594013096,0.00733507156541699,0.14,"Not Significant","missense"
"9497T>A","10762G>A",816,821.979420018709,-0.00317078544774687,0.086,"Not Significant","missense"
"9497T>A","14394C>T",413,401.691300280636,0.0120576256529506,0.01,"Significant","missense"
"9497T>A","9907G>C",439,457.481758652947,-0.0179092617137703,0,"Significant","missense"
"9497T>A","7048C>T",752,757.820392890552,-0.00334844733686917,0.111,"Not Significant","missense"
"9497T>A","8406C>T",476,466.780168381665,0.00849455638693668,0.031,"Significant","missense"
"9497T>A","8723G>A",773,767.11880261927,0.00331686617986406,0.126,"Not Significant","missense"
"9497T>A","12503G>A",704,709.468662301216,-0.00336055800130308,0.182,"Not Significant","missense"
"9497T>A","13103G>C",426,444.463985032741,-0.018426976697931,0,"Significant","missense"
"9497T>A","15602A>G",699,707.608980355472,-0.005316160213426,0.022,"Significant","missense"
"9497T>A","4522T>C",682,681.573433115061,0.000271720826815558,1,"Not Significant","missense"
"9497T>A","12468T>A",671,679.713751169317,-0.00560353597740284,0.028,"Significant","missense"
"9497T>A","6445C>T",862,856.383536014967,0.00283895643932828,0.053,"Not Significant","missense"
"9497T>A","14619A>T",662,669.485500467727,-0.00488318618010312,0.072,"Not Significant","missense"
"9497T>A","13421T>C",683,689.942001870907,-0.00439188078602921,0.101,"Not Significant","missense"
"9497T>A","13370C>T",652,660.187090739008,-0.00541943217568956,0.049,"Significant","missense"
"9497T>A","10354C>T",695,702.959775491113,-0.00494567009962732,0.047,"Significant","missense"
"9497T>A","15651C>T",799,793.154349859682,0.00318906895793269,0.105,"Not Significant","missense"
"9497T>A","8878C>T",754,762.469597754911,-0.00485118570247731,0.017,"Significant","missense"
"9497T>A","6300G>A",652,661.11693171188,-0.00603068418638052,0.021,"Significant","missense"
"9497T>A","15044C>T",757,757.820392890552,-0.00047040842843903,0.879,"Not Significant","missense"
"9497T>A","7897G>T",641,649.958840037418,-0.0060278254153983,0.044,"Significant","missense"
"9497T>A","7026G>A",708,706.679139382601,0.000810986220442263,0.785,"Not Significant","missense"
"9497T>A","7065G>A",659,664.836295603368,-0.00382930639560547,0.159,"Not Significant","missense"
"9497T>A","15810C>T",631,640.6604303087,-0.00659854185202572,0.022,"Significant","missense"
"9497T>A","3650C>T",744,750.381665107577,-0.00370927836472647,0.105,"Not Significant","missense"
"9497T>A","15384C>T",435,427.726847521048,0.00732274608452629,0.095,"Not Significant","missense"
"9497T>A","7916A>G",512,529.079513564079,-0.0142509846077729,0,"Significant","missense"
"9497T>A","13682C>T",705,717.837231057063,-0.00783686253287166,0,"Significant","missense"
"9497T>A","8734C>T",666,673.204864359214,-0.00467301621538041,0.081,"Not Significant","missense"
"9497T>A","13759G>A",838,835.927034611787,0.00107564770851236,0.53,"Not Significant","missense"
"9497T>A","9835T>C",522,507.693171188026,0.0120691811089873,0,"Significant","missense"
"9497T>A","9651C>T",692,702.959775491113,-0.00682438023298314,0.007,"Significant","missense"
"9497T>A","9520G>A",633,644.379794200187,-0.00773820378298567,0.002,"Significant","missense"
"15687G>A","12425A>T",970,935.453695042095,0.0157494394750212,0,"Significant","missense"
"15687G>A","10914G>A",976,942.937324602432,0.0149669907659618,0,"Significant","missense"
"15687G>A","4777C>T",966,928.905519176801,0.0170055831288884,0,"Significant","missense"
"15687G>A","14997C>T",973,937.32460243218,0.0162228239459013,0,"Significant","missense"
"15687G>A","13911A>T",970,968.194574368569,0.000809089682086279,0.276,"Not Significant","missense"
"15687G>A","11043A>T",933,933.582787652011,-0.00027119233209308,0.812,"Not Significant","missense"
"15687G>A","9818C>A",954,951.356407857811,0.00120512699012837,0.119,"Not Significant","missense"
"15687G>A","5014C>T",901,901.77736202058,-0.000374537714989741,0.827,"Not Significant","missense"
"15687G>A","11789C>T",925,926.099158091674,-0.00051575664973924,0.668,"Not Significant","missense"
"15687G>A","15207C>A",820,826.941066417212,-0.00366070742057789,0.032,"Significant","missense"
"15687G>A","14433C>T",847,822.263797942002,0.0128722404657115,0,"Significant","missense"
"15687G>A","8833G>A",797,806.361085126286,-0.00507123921982174,0.004,"Significant","missense"
"15687G>A","15443C>A",988,986.903648269411,0.000482190162694641,0.218,"Not Significant","missense"
"15687G>A","9837G>A",944,942.937324602432,0.000489167397340485,0.584,"Not Significant","missense"
"15687G>A","9295G>A",965,965.388213283442,-0.000174678738621942,1,"Not Significant","missense"
"15687G>A","6174G>A",955,953.227315247895,0.000806892786097828,0.375,"Not Significant","missense"
"15687G>A","7273G>A",935,935.453695042095,-0.00021068391870419,1,"Not Significant","missense"
"15687G>A","12053C>T",961,956.033676333022,0.0022501970786292,0.01,"Significant","missense"
"15687G>A","15698C>T",906,907.390084190833,-0.000665831380653712,0.677,"Not Significant","missense"
"15687G>A","10944C>T",932,930.776426566885,0.00057053681703391,0.621,"Not Significant","missense"
"15687G>A","9445G>A",907,904.583723105706,0.00115851818587152,0.382,"Not Significant","missense"
"15687G>A","7332G>A",738,730.589335827877,0.00438303315451861,0.051,"Not Significant","missense"
"15687G>A","8720G>T",525,545.369504209542,-0.0165315461442761,0,"Significant","missense"
"15687G>A","13541C>T",785,793.264733395697,-0.00454849030268267,0.022,"Significant","missense"
"15687G>A","13430C>T",840,840.972871842844,-0.00050270046256904,0.847,"Not Significant","missense"
"15687G>A","15691A>T",710,718.428437792329,-0.00512516610365791,0.03,"Significant","missense"
"15687G>A","3715G>A",805,810.102899906455,-0.00274430644069978,0.101,"Not Significant","missense"
"15687G>A","6925C>T",858,857.811038353601,9.56573874623259e-05,1,"Not Significant","missense"
"15687G>A","6807C>T",633,623.012160898036,0.00690718605583094,0.012,"Significant","missense"
"15687G>A","15539C>T",659,665.10757717493,-0.00400648092697782,0.106,"Not Significant","missense"
"15687G>A","12920C>T",666,670.720299345182,-0.0030672212887206,0.22,"Not Significant","missense"
"15687G>A","14895T>A",592,603.367633302152,-0.00826030270356861,0.005,"Significant","missense"
"15687G>A","13007C>T",655,664.172123479888,-0.00603934351851329,0.013,"Significant","missense"
"15687G>A","6648C>T",668,673.526660430309,-0.0035783287469443,0.135,"Not Significant","missense"
"15687G>A","15600C>T",621,625.818521983162,-0.00335681238246433,0.26,"Not Significant","missense"
"15687G>A","14225C>T",810,807.296538821328,0.00145192837221799,0.434,"Not Significant","missense"
"15687G>A","13565C>T",602,596.819457436857,0.00375351774543962,0.195,"Not Significant","missense"
"15687G>A","14945G>A",541,532.273152478952,0.007062703920275,0.033,"Significant","missense"
"15687G>A","15636C>T",674,681.945743685688,-0.00508992657387606,0.047,"Significant","missense"
"15687G>A","8181T>A",571,579.981290926099,-0.00677787604362667,0.028,"Significant","missense"
"15687G>A","9270C>T",486,477.081384471469,0.00804379837313339,0.033,"Significant","missense"
"15687G>A","5227G>A",582,596.819457436857,-0.0109199888624939,0,"Significant","missense"
"15687G>A","13996G>A",723,732.460243217961,-0.00564575955463374,0.016,"Significant","missense"
"15687G>A","14531C>T",764,770.813844714687,-0.00385614791264734,0.059,"Not Significant","missense"
"15687G>A","15246G>A",491,482.694106641721,0.00740949570453362,0.039,"Significant","missense"
"15687G>A","12863G>A",645,644.527595884004,0.000318197936419963,1,"Not Significant","missense"
"15687G>A","3530C>T",797,794.200187090739,0.00152833636093758,0.458,"Not Significant","missense"
"15687G>A","8810C>T",516,500.467726847521,0.0132736248147584,0,"Significant","missense"
"15687G>A","3380G>A",388,378.858746492049,0.010354407588314,0.021,"Significant","missense"
"15687G>A","10762G>A",821,826.941066417212,-0.00313140268485388,0.063,"Not Significant","missense"
"15687G>A","14394C>T",415,404.115996258185,0.0115420551059558,0.007,"Significant","missense"
"15687G>A","9907G>C",443,460.243217960711,-0.016583671335509,0,"Significant","missense"
"15687G>A","7048C>T",760,762.394761459308,-0.00136631125040701,0.536,"Not Significant","missense"
"15687G>A","8406C>T",483,469.597754911132,0.0122211188152683,0.001,"Significant","missense"
"15687G>A","8723G>A",778,771.749298409729,0.00350335364854144,0.084,"Not Significant","missense"
"15687G>A","12503G>A",707,713.751169317119,-0.00412741894920241,0.064,"Not Significant","missense"
"15687G>A","13103G>C",431,447.146866230122,-0.0159729212426057,0,"Significant","missense"
"15687G>A","15602A>G",701,711.880261927035,-0.00668893359513517,0.002,"Significant","missense"
"15687G>A","4522T>C",685,685.687558465856,-0.000435697939924314,0.889,"Not Significant","missense"
"15687G>A","12468T>A",674,683.816651075772,-0.00627977521376173,0.003,"Significant","missense"
"15687G>A","6445C>T",867,861.55285313377,0.00273717248813903,0.076,"Not Significant","missense"
"15687G>A","14619A>T",664,673.526660430309,-0.00618671185447205,0.008,"Significant","missense"
"15687G>A","13421T>C",687,694.106641721235,-0.00446946301069799,0.064,"Not Significant","missense"
"15687G>A","13370C>T",655,664.172123479888,-0.00603934351851329,0.018,"Significant","missense"
"15687G>A","10354C>T",697,707.202993451824,-0.00631131219441825,0.006,"Significant","missense"
"15687G>A","15651C>T",804,797.942001870907,0.0032847227897059,0.067,"Not Significant","missense"
"15687G>A","8878C>T",759,767.072029934518,-0.00459437127945771,0.02,"Significant","missense"
"15687G>A","6300G>A",652,665.10757717493,-0.00864429978906675,0,"Significant","missense"
"15687G>A","15044C>T",763,762.394761459308,0.000344634423681899,0.899,"Not Significant","missense"
"15687G>A","7897G>T",645,653.882132834425,-0.00593975590163472,0.027,"Significant","missense"
"15687G>A","7026G>A",712,710.944808231992,0.000644106564843021,0.786,"Not Significant","missense"
"15687G>A","7065G>A",662,668.849391955098,-0.00447034715260199,0.073,"Not Significant","missense"
"15687G>A","15810C>T",634,644.527595884004,-0.00715225881711401,0.008,"Significant","missense"
"15687G>A","3650C>T",751,754.911131898971,-0.00225589250912369,0.299,"Not Significant","missense"
"15687G>A","15384C>T",442,430.308699719364,0.0116421428762931,0.004,"Significant","missense"
"15687G>A","7916A>G",516,532.273152478952,-0.0134848595590792,0,"Significant","missense"
"15687G>A","13682C>T",707,722.170252572498,-0.00922018133005746,0,"Significant","missense"
"15687G>A","8734C>T",670,677.268475210477,-0.00468605828754173,0.074,"Not Significant","missense"
"15687G>A","13759G>A",842,840.972871842844,0.000530104975198696,0.726,"Not Significant","missense"
"15687G>A","9835T>C",527,510.757717492984,0.0135956777165849,0.001,"Significant","missense"
"15687G>A","9651C>T",694,707.202993451824,-0.0081846198375725,0.002,"Significant","missense"
"15687G>A","9520G>A",633,648.269410664172,-0.0103518193856719,0,"Significant","missense"
"12425A>T","10914G>A",974,942.937324602432,0.0140761299778856,0,"Significant","missense"
"12425A>T","4777C>T",962,928.905519176801,0.0152035287512082,0,"Significant","missense"
"12425A>T","14997C>T",976,937.32460243218,0.017559801344241,0,"Significant","missense"
"12425A>T","13911A>T",968,968.194574368569,-8.72872757648353e-05,1,"Not Significant","missense"
"12425A>T","11043A>T",933,933.582787652011,-0.00027119233209308,0.801,"Not Significant","missense"
"12425A>T","9818C>A",953,951.356407857811,0.000749652924359696,0.384,"Not Significant","missense"
"12425A>T","5014C>T",902,901.77736202058,0.000107208847888958,1,"Not Significant","missense"
"12425A>T","11789C>T",925,926.099158091674,-0.00051575664973924,0.626,"Not Significant","missense"
"12425A>T","15207C>A",820,826.941066417212,-0.00366070742057789,0.027,"Significant","missense"
"12425A>T","14433C>T",846,822.263797942002,0.0123591931740281,0,"Significant","missense"
"12425A>T","8833G>A",797,806.361085126286,-0.00507123921982174,0.002,"Significant","missense"
"12425A>T","15443C>A",988,986.903648269411,0.000482190162694641,0.235,"Not Significant","missense"
"12425A>T","9837G>A",941,942.937324602432,-0.000893203473471447,0.411,"Not Significant","missense"
"12425A>T","9295G>A",963,965.388213283442,-0.0010757049578799,0.184,"Not Significant","missense"
"12425A>T","6174G>A",956,953.227315247895,0.00126141347845153,0.13,"Not Significant","missense"
"12425A>T","7273G>A",933,935.453695042095,-0.00114065104472191,0.298,"Not Significant","missense"
"12425A>T","12053C>T",962,956.033676333022,0.00270188144789676,0.001,"Significant","missense"
"12425A>T","15698C>T",903,907.390084190833,-0.00210627874396081,0.086,"Not Significant","missense"
"12425A>T","10944C>T",929,930.776426566885,-0.000829661543305549,0.47,"Not Significant","missense"
"12425A>T","9445G>A",905,904.583723105706,0.000199810330979643,1,"Not Significant","missense"
"12425A>T","7332G>A",732,730.589335827877,0.000837752389869459,0.768,"Not Significant","missense"
"12425A>T","8720G>T",524,545.369504209542,-0.0173595625665062,0,"Significant","missense"
"12425A>T","13541C>T",782,793.264733395697,-0.00621139398808703,0.001,"Significant","missense"
"12425A>T","13430C>T",838,840.972871842844,-0.00153796789417408,0.409,"Not Significant","missense"
"12425A>T","15691A>T",707,718.428437792329,-0.00696410102583352,0,"Significant","missense"
"12425A>T","3715G>A",801,810.102899906455,-0.00490767072433037,0.001,"Significant","missense"
"12425A>T","6925C>T",859,857.811038353601,0.000601533369999164,0.711,"Not Significant","missense"
"12425A>T","6807C>T",633,623.012160898036,0.00690718605583094,0.008,"Significant","missense"
"12425A>T","15539C>T",654,665.10757717493,-0.00731414719671988,0,"Significant","missense"
"12425A>T","12920C>T",666,670.720299345182,-0.0030672212887206,0.241,"Not Significant","missense"
"12425A>T","14895T>A",591,603.367633302152,-0.00899452854523294,0.001,"Significant","missense"
"12425A>T","13007C>T",655,664.172123479888,-0.00603934351851329,0.018,"Significant","missense"
"12425A>T","6648C>T",664,673.526660430309,-0.00618671185447205,0.007,"Significant","missense"
"12425A>T","15600C>T",618,625.818521983162,-0.00545993747022832,0.06,"Not Significant","missense"
"12425A>T","14225C>T",807,807.296538821328,-0.000159555784361154,1,"Not Significant","missense"
"12425A>T","13565C>T",605,596.819457436857,0.00591240114008365,0.056,"Not Significant","missense"
"12425A>T","14945G>A",547,532.273152478952,0.0118527651471354,0,"Significant","missense"
"12425A>T","15636C>T",673,681.945743685688,-0.00573475888521895,0.02,"Significant","missense"
"12425A>T","8181T>A",569,579.981290926099,-0.00830171789440325,0.005,"Significant","missense"
"12425A>T","9270C>T",489,477.081384471469,0.0107163882344598,0.002,"Significant","missense"
"12425A>T","5227G>A",580,596.819457436857,-0.0124149799494449,0,"Significant","missense"
"12425A>T","13996G>A",721,732.460243217961,-0.00684879212973534,0.006,"Significant","missense"
"12425A>T","14531C>T",761,770.813844714687,-0.00556484971776422,0.002,"Significant","missense"
"12425A>T","15246G>A",495,482.694106641721,0.0109332025151331,0.002,"Significant","missense"
"12425A>T","12863G>A",641,644.527595884004,-0.00238348718003002,0.375,"Not Significant","missense"
"12425A>T","3530C>T",793,794.200187090739,-0.000656797717570743,0.766,"Not Significant","missense"
"12425A>T","8810C>T",517,500.467726847521,0.0141144662814893,0,"Significant","missense"
"12425A>T","3380G>A",385,378.858746492049,0.00698341150260827,0.127,"Not Significant","missense"
"12425A>T","10762G>A",820,826.941066417212,-0.00366070742057789,0.02,"Significant","missense"
"12425A>T","14394C>T",415,404.115996258185,0.0115420551059558,0.006,"Significant","missense"
"12425A>T","9907G>C",439,460.243217960711,-0.0205228773164563,0,"Significant","missense"
"12425A>T","7048C>T",758,762.394761459308,-0.00251069789914466,0.242,"Not Significant","missense"
"12425A>T","8406C>T",476,469.597754911132,0.00588094078425053,0.122,"Not Significant","missense"
"12425A>T","8723G>A",777,771.749298409729,0.0029447754597668,0.143,"Not Significant","missense"
"12425A>T","12503G>A",704,713.751169317119,-0.00597417360398936,0.009,"Significant","missense"
"12425A>T","13103G>C",426,447.146866230122,-0.0210405923006172,0,"Significant","missense"
"12425A>T","15602A>G",700,711.880261927035,-0.00730891154753688,0.003,"Significant","missense"
"12425A>T","4522T>C",683,685.687558465856,-0.00170556575081717,0.498,"Not Significant","missense"
"12425A>T","12468T>A",673,683.816651075772,-0.0069246075251046,0.002,"Significant","missense"
"12425A>T","6445C>T",867,861.55285313377,0.00273717248813903,0.059,"Not Significant","missense"
"12425A>T","14619A>T",660,673.526660430309,-0.00881085568062049,0.003,"Significant","missense"
"12425A>T","13421T>C",684,694.106641721235,-0.00637009835013192,0.004,"Significant","missense"
"12425A>T","13370C>T",653,664.172123479888,-0.00736746223522226,0,"Significant","missense"
"12425A>T","10354C>T",695,707.202993451824,-0.0075592857023136,0,"Significant","missense"
"12425A>T","15651C>T",800,797.942001870907,0.00111866103319843,0.533,"Not Significant","missense"
"12425A>T","8878C>T",757,767.072029934518,-0.00574026767486517,0.003,"Significant","missense"
"12425A>T","6300G>A",649,665.10757717493,-0.0106471987206174,0,"Significant","missense"
"12425A>T","15044C>T",757,762.394761459308,-0.00308402403112541,0.15,"Not Significant","missense"
"12425A>T","7897G>T",644,653.882132834425,-0.00661360317709028,0.013,"Significant","missense"
"12425A>T","7026G>A",709,710.944808231992,-0.00118965188894653,0.678,"Not Significant","missense"
"12425A>T","7065G>A",658,668.849391955098,-0.00710244297834605,0.006,"Significant","missense"
"12425A>T","15810C>T",629,644.527595884004,-0.0105908712535772,0,"Significant","missense"
"12425A>T","3650C>T",748,754.911131898971,-0.00399423164883052,0.057,"Not Significant","missense"
"12425A>T","15384C>T",433,430.308699719364,0.00270776988056875,0.538,"Not Significant","missense"
"12425A>T","7916A>G",514,532.273152478952,-0.0151714421910145,0,"Significant","missense"
"12425A>T","13682C>T",707,722.170252572498,-0.00922018133005746,0,"Significant","missense"
"12425A>T","8734C>T",667,677.268475210477,-0.0066350270718189,0.011,"Significant","missense"
"12425A>T","13759G>A",840,840.972871842844,-0.00050270046256904,0.868,"Not Significant","missense"
"12425A>T","9835T>C",528,510.757717492984,0.0144189850378504,0,"Significant","missense"
"12425A>T","9651C>T",692,707.202993451824,-0.00943799583566941,0,"Significant","missense"
"12425A>T","9520G>A",630,648.269410664172,-0.012414979949445,0,"Significant","missense"
"10914G>A","4777C>T",967,936.336763330215,0.0139943986868905,0,"Significant","missense"
"10914G>A","14997C>T",973,944.823199251637,0.0127622918363952,0,"Significant","missense"
"10914G>A","13911A>T",978,975.940130963517,0.000915678093936344,0.133,"Not Significant","missense"
"10914G>A","11043A>T",941,941.051449953227,-2.37447608426685e-05,1,"Not Significant","missense"
"10914G>A","9818C>A",961,958.967259120674,0.000919607845072133,0.226,"Not Significant","missense"
"10914G>A","5014C>T",909,908.991580916745,4.02241840818157e-06,1,"Not Significant","missense"
"10914G>A","11789C>T",932,933.507951356408,-0.000702109144296945,0.498,"Not Significant","missense"
"10914G>A","15207C>A",826,833.55659494855,-0.00395504459341884,0.01,"Significant","missense"
"10914G>A","14433C>T",850,828.841908325538,0.0109472237397911,0,"Significant","missense"
"10914G>A","8833G>A",805,812.811973807297,-0.00419421235757226,0.01,"Significant","missense"
"10914G>A","15443C>A",997,994.798877455566,0.000959871777215676,0.035,"Significant","missense"
"10914G>A","9837G>A",953,950.480823199252,0.0011495416280913,0.15,"Not Significant","missense"
"10914G>A","9295G>A",973,973.11131898971,-4.96839235690634e-05,1,"Not Significant","missense"
"10914G>A","6174G>A",961,960.853133769878,6.63767613904994e-05,1,"Not Significant","missense"
"10914G>A","7273G>A",944,942.937324602432,0.000489167397340485,0.589,"Not Significant","missense"
"10914G>A","12053C>T",971,963.681945743686,0.00328550720858216,0,"Significant","missense"
"10914G>A","15698C>T",916,914.649204864359,0.000640912500877062,0.661,"Not Significant","missense"
"10914G>A","10944C>T",940,938.22263797942,0.000821945953244665,0.426,"Not Significant","missense"
"10914G>A","9445G>A",914,911.820392890552,0.00103689475010111,0.365,"Not Significant","missense"
"10914G>A","7332G>A",744,736.4340505145,0.00443907476784928,0.017,"Significant","missense"
"10914G>A","8720G>T",532,549.732460243218,-0.0142397493646918,0,"Significant","missense"
"10914G>A","13541C>T",794,799.610851262863,-0.00305817673034569,0.068,"Not Significant","missense"
"10914G>A","13430C>T",846,847.700654817586,-0.000872155594933577,0.601,"Not Significant","missense"
"10914G>A","15691A>T",719,724.175865294668,-0.00311515654935738,0.153,"Not Significant","missense"
"10914G>A","3715G>A",813,816.583723105706,-0.00191017332400676,0.238,"Not Significant","missense"
"10914G>A","6925C>T",867,864.67352666043,0.00116693490546058,0.428,"Not Significant","missense"
"10914G>A","6807C>T",643,627.99625818522,0.0102539168531909,0.001,"Significant","missense"
"10914G>A","15539C>T",664,670.428437792329,-0.00418434826247665,0.087,"Not Significant","missense"
"10914G>A","12920C>T",673,676.086061739944,-0.00198691834455142,0.402,"Not Significant","missense"
"10914G>A","14895T>A",599,608.194574368569,-0.00661571914668383,0.011,"Significant","missense"
"10914G>A","13007C>T",664,669.485500467727,-0.00357309625178572,0.14,"Not Significant","missense"
"10914G>A","6648C>T",672,678.914873713751,-0.0044460502781711,0.072,"Not Significant","missense"
"10914G>A","15600C>T",625,630.825070159027,-0.00402892732447567,0.138,"Not Significant","missense"
"10914G>A","14225C>T",817,813.754911131899,0.00172843391647724,0.297,"Not Significant","missense"
"10914G>A","13565C>T",616,601.594013096352,0.010277206542533,0.001,"Significant","missense"
"10914G>A","14945G>A",546,536.531337698784,0.00759754940893623,0.025,"Significant","missense"
"10914G>A","15636C>T",683,687.401309635173,-0.00278965153717015,0.275,"Not Significant","missense"
"10914G>A","8181T>A",578,584.621141253508,-0.00494667797845243,0.089,"Not Significant","missense"
"10914G>A","9270C>T",488,480.89803554724,0.00636681900404446,0.06,"Not Significant","missense"
"10914G>A","5227G>A",587,601.594013096352,-0.0106654043742745,0,"Significant","missense"
"10914G>A","13996G>A",731,738.319925163704,-0.00432721200081073,0.033,"Significant","missense"
"10914G>A","14531C>T",773,776.980355472404,-0.00223054467951905,0.274,"Not Significant","missense"
"10914G>A","15246G>A",499,486.555659494855,0.0109680170954479,0.001,"Significant","missense"
"10914G>A","12863G>A",646,649.683816651076,-0.00246953081326989,0.336,"Not Significant","missense"
"10914G>A","3530C>T",801,800.553788587465,0.000241998939556437,1,"Not Significant","missense"
"10914G>A","8810C>T",521,504.471468662301,0.0140011143775649,0,"Significant","missense"
"10914G>A","3380G>A",389,381.889616463985,0.00801175121030867,0.052,"Not Significant","missense"
"10914G>A","10762G>A",830,833.55659494855,-0.0018569995377274,0.219,"Not Significant","missense"
"10914G>A","14394C>T",419,407.348924228251,0.0122474492506518,0.001,"Significant","missense"
"10914G>A","9907G>C",448,463.925163704397,-0.0151699156699414,0,"Significant","missense"
"10914G>A","7048C>T",770,768.493919550982,0.000850289531776756,0.634,"Not Significant","missense"
"10914G>A","8406C>T",486,473.354536950421,0.0114497252165432,0.002,"Significant","missense"
"10914G>A","8723G>A",786,777.923292797007,0.00448577058875376,0.019,"Significant","missense"
"10914G>A","12503G>A",714,719.461178671656,-0.00330915307943406,0.141,"Not Significant","missense"
"10914G>A","13103G>C",435,450.724041159963,-0.0154214665582066,0,"Significant","missense"
"10914G>A","15602A>G",710,717.575304022451,-0.00460913495222534,0.033,"Significant","missense"
"10914G>A","4522T>C",692,691.173058933583,0.00051929291490137,0.881,"Not Significant","missense"
"10914G>A","12468T>A",684,689.287184284378,-0.00334410213847217,0.156,"Not Significant","missense"
"10914G>A","6445C>T",870,868.44527595884,0.000776795521041028,0.55,"Not Significant","missense"
"10914G>A","14619A>T",672,678.914873713751,-0.0044460502781711,0.061,"Not Significant","missense"
"10914G>A","13421T>C",697,699.659494855005,-0.00165395408174589,0.477,"Not Significant","missense"
"10914G>A","13370C>T",662,669.485500467727,-0.00488318618010312,0.049,"Significant","missense"
"10914G>A","10354C>T",704,712.860617399439,-0.00543196325982203,0.016,"Significant","missense"
"10914G>A","15651C>T",808,804.325537885875,0.00197950270633448,0.287,"Not Significant","missense"
"10914G>A","8878C>T",767,773.208606173994,-0.00350131533546378,0.07,"Not Significant","missense"
"10914G>A","6300G>A",659,670.428437792329,-0.00746701303648383,0.005,"Significant","missense"
"10914G>A","15044C>T",772,768.493919550982,0.00197686469503083,0.258,"Not Significant","missense"
"10914G>A","7897G>T",650,659.1131898971,-0.00604664600355335,0.013,"Significant","missense"
"10914G>A","7026G>A",721,716.632366697848,0.00263884553790889,0.227,"Not Significant","missense"
"10914G>A","7065G>A",665,674.200187090739,-0.00596722339870361,0.006,"Significant","missense"
"10914G>A","15810C>T",644,649.683816651076,-0.00381618144854164,0.124,"Not Significant","missense"
"10914G>A","3650C>T",758,760.950420954163,-0.0016871559907451,0.408,"Not Significant","missense"
"10914G>A","15384C>T",442,433.751169317119,0.0081816107667874,0.022,"Significant","missense"
"10914G>A","7916A>G",524,536.531337698784,-0.010263806312071,0.002,"Significant","missense"
"10914G>A","13682C>T",716,727.947614593078,-0.00718710492860807,0.002,"Significant","missense"
"10914G>A","8734C>T",676,682.686623012161,-0.00427469715623882,0.056,"Not Significant","missense"
"10914G>A","13759G>A",847,847.700654817586,-0.000359108303250269,0.858,"Not Significant","missense"
"10914G>A","9835T>C",530,514.843779232928,0.012600399995321,0,"Significant","missense"
"10914G>A","9651C>T",704,712.860617399439,-0.00543196325982203,0.018,"Significant","missense"
"10914G>A","9520G>A",643,653.455565949486,-0.00700508858831205,0.007,"Significant","missense"
"4777C>T","14997C>T",963,930.763330215154,0.0147870223067029,0,"Significant","missense"
"4777C>T","13911A>T",965,961.417212347989,0.00161542026425271,0.026,"Significant","missense"
"4777C>T","11043A>T",926,927.047708138447,-0.000491097892039924,0.66,"Not Significant","missense"
"4777C>T","9818C>A",946,944.696913002806,0.000598640192444921,0.585,"Not Significant","missense"
"4777C>T","5014C>T",896,895.464920486436,0.000259432472691267,0.857,"Not Significant","missense"
"4777C>T","11789C>T",918,919.616463985033,-0.000764056682910554,0.493,"Not Significant","missense"
"4777C>T","15207C>A",815,821.152478952292,-0.00326619955969922,0.063,"Not Significant","missense"
"4777C>T","14433C>T",842,816.507951356408,0.0133516731392728,0,"Significant","missense"
"4777C>T","8833G>A",797,800.716557530402,-0.00202048771520335,0.284,"Not Significant","missense"
"4777C>T","15443C>A",982,979.995322731525,0.000887484866634984,0.063,"Not Significant","missense"
"4777C>T","9837G>A",941,936.336763330215,0.00215754803114705,0.026,"Significant","missense"
"4777C>T","9295G>A",961,958.630495790458,0.0010721470907495,0.176,"Not Significant","missense"
"4777C>T","6174G>A",946,946.55472404116,-0.000254590891236831,0.82,"Not Significant","missense"
"4777C>T","7273G>A",933,928.905519176801,0.0019101004598966,0.055,"Not Significant","missense"
"4777C>T","12053C>T",954,949.34144059869,0.00212593561879776,0.014,"Significant","missense"
"4777C>T","15698C>T",904,901.038353601497,0.00142515292251515,0.322,"Not Significant","missense"
"4777C>T","10944C>T",926,924.260991580917,0.000816362649605539,0.471,"Not Significant","missense"
"4777C>T","9445G>A",900,898.251637043966,0.000844492069720001,0.55,"Not Significant","missense"
"4777C>T","7332G>A",736,725.475210477081,0.00625523717359447,0.005,"Significant","missense"
"4777C>T","8720G>T",523,541.551917680075,-0.0151384091783402,0,"Significant","missense"
"4777C>T","13541C>T",784,787.711880261927,-0.00205133285887829,0.303,"Not Significant","missense"
"4777C>T","13430C>T",836,835.086061739944,0.000475042419184404,0.871,"Not Significant","missense"
"4777C>T","15691A>T",706,713.399438727783,-0.00452806226631075,0.075,"Not Significant","missense"
"4777C>T","3715G>A",802,804.43217960711,-0.00131506701978611,0.543,"Not Significant","missense"
"4777C>T","6925C>T",854,851.806361085126,0.0011169917323807,0.504,"Not Significant","missense"
"4777C>T","6807C>T",626,618.651075771749,0.00512856075352457,0.1,"Not Significant","missense"
"4777C>T","15539C>T",653,660.451824134705,-0.00492796274129479,0.073,"Not Significant","missense"
"4777C>T","12920C>T",665,666.025257249766,-0.000669053651298587,0.808,"Not Significant","missense"
"4777C>T","14895T>A",587,599.144059869037,-0.00889315667425502,0.005,"Significant","missense"
"4777C>T","13007C>T",652,659.522918615529,-0.00498229627375745,0.056,"Not Significant","missense"
"4777C>T","6648C>T",666,668.811973807297,-0.00182981054757027,0.516,"Not Significant","missense"
"4777C>T","15600C>T",618,621.43779232928,-0.00240918596561002,0.466,"Not Significant","missense"
"4777C>T","14225C>T",806,801.645463049579,0.00235270280327765,0.241,"Not Significant","missense"
"4777C>T","13565C>T",594,592.641721234799,0.000994222973427932,0.796,"Not Significant","missense"
"4777C>T","14945G>A",538,528.5472404116,0.00769846598471342,0.024,"Significant","missense"
"4777C>T","15636C>T",671,677.172123479888,-0.00397655143558511,0.137,"Not Significant","missense"
"4777C>T","8181T>A",572,575.921421889616,-0.00296720399183233,0.401,"Not Significant","missense"
"4777C>T","9270C>T",482,473.741814780168,0.00750531885430852,0.063,"Not Significant","missense"
"4777C>T","5227G>A",580,592.641721234799,-0.0093642284448266,0.004,"Significant","missense"
"4777C>T","13996G>A",722,727.333021515435,-0.00319610777490703,0.172,"Not Significant","missense"
"4777C>T","14531C>T",760,765.418147801684,-0.00308516270292722,0.158,"Not Significant","missense"
"4777C>T","15246G>A",491,479.315247895229,0.0104602472091517,0.001,"Significant","missense"
"4777C>T","12863G>A",644,640.015902712816,0.00269510216558267,0.377,"Not Significant","missense"
"4777C>T","3530C>T",790,788.640785781104,0.000747857759885433,0.783,"Not Significant","missense"
"4777C>T","8810C>T",511,496.964452759588,0.0120955748268787,0.002,"Significant","missense"
"4777C>T","3380G>A",387,376.206735266604,0.0122843985176365,0.006,"Significant","missense"
"4777C>T","10762G>A",818,821.152478952292,-0.00167050462835305,0.346,"Not Significant","missense"
"4777C>T","14394C>T",412,401.287184284378,0.0114419259316165,0.012,"Significant","missense"
"4777C>T","9907G>C",439,457.021515434986,-0.0174721258118382,0,"Significant","missense"
"4777C>T","7048C>T",756,757.057998129093,-0.000607356525373177,0.783,"Not Significant","missense"
"4777C>T","8406C>T",474,466.310570626754,0.00710308124246101,0.057,"Not Significant","missense"
"4777C>T","8723G>A",778,766.347053320861,0.00655410515315984,0.002,"Significant","missense"
"4777C>T","12503G>A",705,708.754911131899,-0.0023069642500846,0.384,"Not Significant","missense"
"4777C>T","13103G>C",422,444.016838166511,-0.022086988937043,0,"Significant","missense"
"4777C>T","15602A>G",699,706.897100093545,-0.00487902431149391,0.047,"Significant","missense"
"4777C>T","4522T>C",683,680.887745556595,0.00134518575380123,0.629,"Not Significant","missense"
"4777C>T","12468T>A",675,679.029934518241,-0.00258514741343823,0.351,"Not Significant","missense"
"4777C>T","6445C>T",858,855.521983161833,0.00125611436525327,0.492,"Not Significant","missense"
"4777C>T","14619A>T",665,668.811973807297,-0.00248239441476666,0.385,"Not Significant","missense"
"4777C>T","13421T>C",685,689.247895229186,-0.00268487707320426,0.295,"Not Significant","missense"
"4777C>T","13370C>T",652,659.522918615529,-0.00498229627375745,0.06,"Not Significant","missense"
"4777C>T","10354C>T",692,702.252572497661,-0.00638724433105099,0.005,"Significant","missense"
"4777C>T","15651C>T",793,792.356407857811,0.000352612863477566,0.878,"Not Significant","missense"
"4777C>T","8878C>T",758,761.702525724977,-0.00211619003826609,0.341,"Not Significant","missense"
"4777C>T","6300G>A",652,660.451824134705,-0.0055935482844484,0.041,"Significant","missense"
"4777C>T","15044C>T",759,757.057998129093,0.00111262386890043,0.676,"Not Significant","missense"
"4777C>T","7897G>T",641,649.304957904584,-0.00559068951346622,0.053,"Not Significant","missense"
"4777C>T","7026G>A",708,705.968194574369,0.00124812212237429,0.599,"Not Significant","missense"
"4777C>T","7065G>A",659,664.167446211412,-0.0033921704936733,0.232,"Not Significant","missense"
"4777C>T","15810C>T",636,640.015902712816,-0.00273364954581471,0.322,"Not Significant","missense"
"4777C>T","3650C>T",750,749.626753975678,0.000216185383026478,1,"Not Significant","missense"
"4777C>T","15384C>T",434,427.296538821328,0.00676035454433189,0.115,"Not Significant","missense"
"4777C>T","7916A>G",511,528.5472404116,-0.0146629095469588,0,"Significant","missense"
"4777C>T","13682C>T",709,717.11506080449,-0.00494260843927208,0.043,"Significant","missense"
"4777C>T","8734C>T",666,672.527595884004,-0.00423588031344831,0.09,"Not Significant","missense"
"4777C>T","13759G>A",840,835.086061739944,0.00254805104204948,0.123,"Not Significant","missense"
"4777C>T","9835T>C",521,507.182413470533,0.0116735373081819,0.001,"Significant","missense"
"4777C>T","9651C>T",696,702.252572497661,-0.00388409917724703,0.095,"Not Significant","missense"
"4777C>T","9520G>A",634,643.731524789523,-0.00661552001667614,0.011,"Significant","missense"
"14997C>T","13911A>T",970,970.130963517306,-5.86318491405939e-05,1,"Not Significant","missense"
"14997C>T","11043A>T",935,935.449953227315,-0.000208946737302177,1,"Not Significant","missense"
"14997C>T","9818C>A",954,953.259120673527,0.000337405458901601,0.766,"Not Significant","missense"
"14997C>T","5014C>T",902,903.580916744621,-0.000760512683337861,0.548,"Not Significant","missense"
"14997C>T","11789C>T",926,927.951356407858,-0.000914224238064362,0.466,"Not Significant","missense"
"14997C>T","15207C>A",822,828.594948550047,-0.00347046379547116,0.028,"Significant","missense"
"14997C>T","14433C>T",846,823.908325537886,0.0114914716428013,0,"Significant","missense"
"14997C>T","8833G>A",799,807.973807296539,-0.00485050283316971,0.008,"Significant","missense"
"14997C>T","15443C>A",989,988.87745556595,5.38156410189945e-05,1,"Not Significant","missense"
"14997C>T","9837G>A",944,944.823199251637,-0.000378554133886418,0.813,"Not Significant","missense"
"14997C>T","9295G>A",966,967.318989710009,-0.000592587198148075,0.51,"Not Significant","missense"
"14997C>T","6174G>A",954,955.133769878391,-0.000515825624780174,0.556,"Not Significant","missense"
"14997C>T","7273G>A",937,937.32460243218,-0.000150425434670641,1,"Not Significant","missense"
"14997C>T","12053C>T",961,957.945743685687,0.00138247554740244,0.055,"Not Significant","missense"
"14997C>T","15698C>T",909,909.204864359214,-9.78673667262704e-05,1,"Not Significant","missense"
"14997C>T","10944C>T",930,932.637979420019,-0.00123014851423912,0.192,"Not Significant","missense"
"14997C>T","9445G>A",906,906.392890551918,-0.000188292728637514,1,"Not Significant","missense"
"14997C>T","7332G>A",739,732.050514499532,0.00410338819507591,0.065,"Not Significant","missense"
"14997C>T","8720G>T",527,546.460243217961,-0.0157479558689135,0,"Significant","missense"
"14997C>T","13541C>T",785,794.851262862488,-0.00541621183390946,0.004,"Significant","missense"
"14997C>T","13430C>T",841,842.654817586529,-0.000853712257765326,0.612,"Not Significant","missense"
"14997C>T","15691A>T",709,719.865294667914,-0.0066050011708934,0.006,"Significant","missense"
"14997C>T","3715G>A",808,811.723105706268,-0.00199654756520915,0.245,"Not Significant","missense"
"14997C>T","6925C>T",857,859.526660430309,-0.00127853006927164,0.377,"Not Significant","missense"
"14997C>T","6807C>T",629,624.258185219832,0.00328639995251834,0.259,"Not Significant","missense"
"14997C>T","15539C>T",658,666.43779232928,-0.00553372343825894,0.024,"Significant","missense"
"14997C>T","12920C>T",669,672.061739943873,-0.00198305422242561,0.403,"Not Significant","missense"
"14997C>T","14895T>A",591,604.574368568756,-0.00986225007645965,0,"Significant","missense"
"14997C>T","13007C>T",656,665.500467726848,-0.00624452566586297,0.013,"Significant","missense"
"14997C>T","6648C>T",668,674.873713751169,-0.00444605027817105,0.074,"Not Significant","missense"
"14997C>T","15600C>T",621,627.070159027128,-0.00422453391369114,0.111,"Not Significant","missense"
"14997C>T","14225C>T",810,808.911131898971,0.000584206840991156,0.759,"Not Significant","missense"
"14997C>T","13565C>T",599,598.01309635173,0.000716127345700089,0.899,"Not Significant","missense"
"14997C>T","14945G>A",546,533.33769878391,0.0101903599872154,0,"Significant","missense"
"14997C>T","15636C>T",677,683.309635173059,-0.00402887595527871,0.105,"Not Significant","missense"
"14997C>T","8181T>A",573,581.141253507951,-0.00612708385331168,0.048,"Significant","missense"
"14997C>T","9270C>T",487,478.035547240412,0.00806876879424734,0.034,"Significant","missense"
"14997C>T","5227G>A",583,598.01309635173,-0.0110421402845952,0.001,"Significant","missense"
"14997C>T","13996G>A",723,733.925163704397,-0.00651348108586056,0.002,"Significant","missense"
"14997C>T","14531C>T",767,772.355472404116,-0.00302186407058332,0.122,"Not Significant","missense"
"14997C>T","15246G>A",492,483.659494855005,0.00742538481769854,0.052,"Not Significant","missense"
"14997C>T","12863G>A",642,645.816651075772,-0.00257421016122108,0.313,"Not Significant","missense"
"14997C>T","3530C>T",796,795.78858746492,0.000115361171267487,1,"Not Significant","missense"
"14997C>T","8810C>T",514,501.468662301216,0.0107193206515963,0,"Significant","missense"
"14997C>T","3380G>A",384,379.616463985033,0.00498618483041203,0.287,"Not Significant","missense"
"14997C>T","10762G>A",821,828.594948550047,-0.00399912421608074,0.007,"Significant","missense"
"14997C>T","14394C>T",415,404.924228250702,0.0106743335747292,0.008,"Significant","missense"
"14997C>T","9907G>C",442,461.163704396632,-0.0184328497407133,0,"Significant","missense"
"14997C>T","7048C>T",763,763.919550982226,-0.000523087107544983,0.868,"Not Significant","missense"
"14997C>T","8406C>T",475,470.536950420954,0.00409987615739749,0.3,"Not Significant","missense"
"14997C>T","8723G>A",779,773.292797006548,0.00319349280019003,0.091,"Not Significant","missense"
"14997C>T","12503G>A",708,715.178671655753,-0.00438129658755974,0.049,"Significant","missense"
"14997C>T","13103G>C",429,448.041159962582,-0.0188606207498393,0,"Significant","missense"
"14997C>T","15602A>G",703,713.304022450889,-0.00631934807319682,0.009,"Significant","missense"
"14997C>T","4522T>C",684,687.058933582788,-0.00193788924346033,0.425,"Not Significant","missense"
"14997C>T","12468T>A",676,685.184284377923,-0.00586069733867254,0.013,"Significant","missense"
"14997C>T","6445C>T",868,863.275958840037,0.00237007865719378,0.097,"Not Significant","missense"
"14997C>T","14619A>T",665,674.873713751169,-0.00640086745061183,0.011,"Significant","missense"
"14997C>T","13421T>C",689,695.494855004677,-0.00407469969384953,0.108,"Not Significant","missense"
"14997C>T","13370C>T",659,665.500467726848,-0.0042629504475137,0.068,"Not Significant","missense"
"14997C>T","10354C>T",701,708.617399438728,-0.00469379385699611,0.042,"Significant","missense"
"14997C>T","15651C>T",805,799.537885874649,0.00295683287789624,0.122,"Not Significant","missense"
"14997C>T","8878C>T",762,768.606173994387,-0.00374889736656459,0.065,"Not Significant","missense"
"14997C>T","6300G>A",655,666.43779232928,-0.00751831706043105,0.007,"Significant","missense"
"14997C>T","15044C>T",761,763.919550982226,-0.00166296829185247,0.472,"Not Significant","missense"
"14997C>T","7897G>T",646,655.189897100094,-0.00613467407304527,0.021,"Significant","missense"
"14997C>T","7026G>A",710,712.366697848456,-0.00144525988416471,0.582,"Not Significant","missense"
"14997C>T","7065G>A",665,670.187090739008,-0.00337441282042437,0.161,"Not Significant","missense"
"14997C>T","15810C>T",636,645.816651075772,-0.00665212258165982,0.019,"Significant","missense"
"14997C>T","3650C>T",752,756.420954162769,-0.0025457104528767,0.235,"Not Significant","missense"
"14997C>T","15384C>T",438,431.169317118803,0.00682626250007492,0.101,"Not Significant","missense"
"14997C>T","7916A>G",520,533.33769878391,-0.0109989390827188,0.002,"Significant","missense"
"14997C>T","13682C>T",714,723.614593077643,-0.00580910488200985,0.008,"Significant","missense"
"14997C>T","8734C>T",671,678.623012160898,-0.00490606235060302,0.04,"Significant","missense"
"14997C>T","13759G>A",844,842.654817586529,0.000692738569977388,0.73,"Not Significant","missense"
"14997C>T","9835T>C",528,511.77923292797,0.0135512635066236,0,"Significant","missense"
"14997C>T","9651C>T",700,708.617399438728,-0.00531377180939785,0.019,"Significant","missense"
"14997C>T","9520G>A",640,649.5659494855,-0.00644327695036749,0.018,"Significant","missense"
"13911A>T","11043A>T",968,966.258185219831,0.000782171436863952,0.28,"Not Significant","missense"
"13911A>T","9818C>A",985,984.653882132834,0.000152632990708596,1,"Not Significant","missense"
"13911A>T","5014C>T",935,933.3395696913,0.000771932385528372,0.401,"Not Significant","missense"
"13911A>T","11789C>T",957,958.512628624883,-0.000685901404864838,0.373,"Not Significant","missense"
"13911A>T","15207C>A",860,855.884003741815,0.00208354164633592,0.061,"Not Significant","missense"
"13911A>T","14433C>T",856,851.043030869972,0.00252224501922243,0.035,"Significant","missense"
"13911A>T","8833G>A",837,834.583723105706,0.00125554758438853,0.384,"Not Significant","missense"
"13911A>T","15443C>A",1023,1021.44527595884,0.000660529494290073,0.07,"Not Significant","missense"
"13911A>T","9837G>A",988,975.940130963517,0.00533376789396255,0,"Significant","missense"
"13911A>T","9295G>A",1011,999.176800748363,0.0051088137156495,0,"Significant","missense"
"13911A>T","6174G>A",988,986.590271281572,0.000620115997043136,0.406,"Not Significant","missense"
"13911A>T","7273G>A",986,968.194574368569,0.0079142703570519,0,"Significant","missense"
"13911A>T","12053C>T",993,989.494855004677,0.00153570811252856,0.019,"Significant","missense"
"13911A>T","15698C>T",945,939.148737137512,0.0026974296588593,0.003,"Significant","missense"
"13911A>T","10944C>T",976,963.353601496726,0.00566409233680722,0,"Significant","missense"
"13911A>T","9445G>A",941,936.244153414406,0.00220050476009655,0.012,"Significant","missense"
"13911A>T","7332G>A",760,756.159962581852,0.00219991381933219,0.17,"Not Significant","missense"
"13911A>T","8720G>T",561,564.457436856876,-0.00266833808701075,0.286,"Not Significant","missense"
"13911A>T","13541C>T",828,821.028999064546,0.00367183994400732,0.007,"Significant","missense"
"13911A>T","13430C>T",875,870.406922357343,0.00228571670492567,0.034,"Significant","missense"
"13911A>T","15691A>T",745,743.573433115061,0.000832408132622245,0.703,"Not Significant","missense"
"13911A>T","3715G>A",847,838.456501403181,0.00440287372920119,0,"Significant","missense"
"13911A>T","6925C>T",889,887.834424695978,0.000569780716034003,0.621,"Not Significant","missense"
"13911A>T","6807C>T",651,644.817586529467,0.00414411481373174,0.027,"Significant","missense"
"13911A>T","15539C>T",690,688.386342376052,0.00101684542333042,0.579,"Not Significant","missense"
"13911A>T","12920C>T",695,694.195509822264,0.000503004338155161,0.841,"Not Significant","missense"
"13911A>T","14895T>A",623,624.485500467727,-0.00103431256025655,0.711,"Not Significant","missense"
"13911A>T","13007C>T",691,687.418147801684,0.00225705407096426,0.216,"Not Significant","missense"
"13911A>T","6648C>T",700,697.100093545369,0.00180289899882965,0.351,"Not Significant","missense"
"13911A>T","15600C>T",651,647.722170252572,0.00219222621621006,0.271,"Not Significant","missense"
"13911A>T","14225C>T",838,835.551917680075,0.00127057833090823,0.375,"Not Significant","missense"
"13911A>T","13565C>T",626,617.708138447147,0.00579100990510793,0.002,"Significant","missense"
"13911A>T","14945G>A",558,550.902712815716,0.00555928795834798,0.018,"Significant","missense"
"13911A>T","15636C>T",710,705.813844714687,0.00256817581694179,0.124,"Not Significant","missense"
"13911A>T","8181T>A",600,600.280636108513,-0.000203083698768691,1,"Not Significant","missense"
"13911A>T","9270C>T",495,493.77923292797,0.00107237825147365,0.72,"Not Significant","missense"
"13911A>T","5227G>A",620,617.708138447147,0.00160836619293286,0.496,"Not Significant","missense"
"13911A>T","13996G>A",764,758.096351730589,0.0033689519335876,0.036,"Significant","missense"
"13911A>T","14531C>T",799,797.792329279701,0.000656923032717022,0.701,"Not Significant","missense"
"13911A>T","15246G>A",506,499.588400374181,0.00553817062842811,0.026,"Significant","missense"
"13911A>T","12863G>A",671,667.086061739944,0.00254065367720734,0.189,"Not Significant","missense"
"13911A>T","3530C>T",829,821.997193638915,0.00368419572216187,0.005,"Significant","missense"
"13911A>T","8810C>T",530,517.984097287184,0.00995944299540024,0,"Significant","missense"
"13911A>T","3380G>A",397,392.11880261927,0.00537283896428657,0.103,"Not Significant","missense"
"13911A>T","10762G>A",859,855.884003741815,0.00157825423401056,0.167,"Not Significant","missense"
"13911A>T","14394C>T",426,418.260056127222,0.00796320770364646,0.008,"Significant","missense"
"13911A>T","9907G>C",472,476.351730589336,-0.00398574871743025,0.175,"Not Significant","missense"
"13911A>T","7048C>T",795,789.078578110383,0.0032468753323348,0.026,"Significant","missense"
"13911A>T","8406C>T",494,486.033676333022,0.00706058719446765,0.007,"Significant","missense"
"13911A>T","8723G>A",807,798.760523854069,0.0044569415879863,0,"Significant","missense"
"13911A>T","12503G>A",743,738.732460243218,0.00250163122153599,0.117,"Not Significant","missense"
"13911A>T","13103G>C",458,462.797006548176,-0.0045250631924072,0.099,"Not Significant","missense"
"13911A>T","15602A>G",740,736.796071094481,0.00188441837624461,0.261,"Not Significant","missense"
"13911A>T","4522T>C",719,709.686623012161,0.00566227115759538,0.002,"Significant","missense"
"13911A>T","12468T>A",708,707.750233863424,0.000153236147750061,1,"Not Significant","missense"
"13911A>T","6445C>T",898,891.707202993452,0.00305406188629657,0.003,"Significant","missense"
"13911A>T","14619A>T",711,697.100093545369,0.00857445971433811,0,"Significant","missense"
"13911A>T","13421T>C",734,718.400374181478,0.00932951005288363,0,"Significant","missense"
"13911A>T","13370C>T",688,687.418147801684,0.000367444932277353,0.846,"Not Significant","missense"
"13911A>T","10354C>T",745,731.955098222638,0.00767183266292677,0,"Significant","missense"
"13911A>T","15651C>T",831,825.869971936389,0.00268934803242912,0.033,"Significant","missense"
"13911A>T","8878C>T",796,793.919550982226,0.00113657076979367,0.411,"Not Significant","missense"
"13911A>T","6300G>A",699,688.386342376052,0.00664493043175565,0,"Significant","missense"
"13911A>T","15044C>T",797,789.078578110383,0.00433806807197666,0.002,"Significant","missense"
"13911A>T","7897G>T",672,676.76800748363,-0.0030705472760142,0.096,"Not Significant","missense"
"13911A>T","7026G>A",746,735.827876520112,0.00596259060771814,0,"Significant","missense"
"13911A>T","7065G>A",696,692.259120673527,0.00234055322532266,0.207,"Not Significant","missense"
"13911A>T","15810C>T",680,667.086061739944,0.0083270462144508,0,"Significant","missense"
"13911A>T","3650C>T",783,781.333021515435,0.000925582751714409,0.573,"Not Significant","missense"
"13911A>T","15384C>T",452,445.369504209542,0.00641795854564811,0.016,"Significant","missense"
"13911A>T","7916A>G",554,550.902712815716,0.00243485374919957,0.281,"Not Significant","missense"
"13911A>T","13682C>T",748,747.446211412535,0.000321652944566599,0.858,"Not Significant","missense"
"13911A>T","8734C>T",700,700.972871842844,-0.000603170767048483,0.858,"Not Significant","missense"
"13911A>T","13759G>A",875,870.406922357343,0.00228571670492567,0.04,"Significant","missense"
"13911A>T","9835T>C",528,528.634237605238,-0.000521364755083355,0.862,"Not Significant","missense"
"13911A>T","9651C>T",735,731.955098222638,0.00180289899882965,0.259,"Not Significant","missense"
"13911A>T","9520G>A",679,670.958840037418,0.0051738950845357,0.006,"Significant","missense"
"11043A>T","9818C>A",981,949.453695042095,0.0141952183786094,0,"Significant","missense"
"11043A>T","5014C>T",945,899.973807296539,0.0212019385278368,0,"Significant","missense"
"11043A>T","11789C>T",956,924.246959775491,0.0146698615999556,0,"Significant","missense"
"11043A>T","15207C>A",859,825.287184284378,0.0173880627395741,0,"Significant","missense"
"11043A>T","14433C>T",819,820.619270346118,-0.000857809391946433,0.62,"Not Significant","missense"
"11043A>T","8833G>A",823,804.748362956034,0.00973973330896278,0,"Significant","missense"
"11043A>T","15443C>A",986,984.929840972872,0.000471619228906563,0.24,"Not Significant","missense"
"11043A>T","9837G>A",948,941.051449953227,0.00319496914996628,0.001,"Significant","missense"
"11043A>T","9295G>A",966,963.457436856876,0.00114459304570755,0.091,"Not Significant","missense"
"11043A>T","6174G>A",952,951.3208606174,0.000309928299454847,0.767,"Not Significant","missense"
"11043A>T","7273G>A",940,933.582787652011,0.0029750175211053,0.006,"Significant","missense"
"11043A>T","12053C>T",964,954.121608980355,0.00447330202554329,0,"Significant","missense"
"11043A>T","15698C>T",911,905.575304022451,0.00259380662816001,0.034,"Significant","missense"
"11043A>T","10944C>T",943,928.914873713751,0.00653577591300906,0,"Significant","missense"
"11043A>T","9445G>A",908,902.774555659495,0.00250653835949018,0.023,"Significant","missense"
"11043A>T","7332G>A",727,729.128157156221,-0.00126945909685542,0.583,"Not Significant","missense"
"11043A>T","8720G>T",571,544.278765201123,0.0208147174082371,0,"Significant","missense"
"11043A>T","13541C>T",802,791.678203928906,0.00562567994885587,0.002,"Significant","missense"
"11043A>T","13430C>T",855,839.290926099158,0.00805358691634978,0,"Significant","missense"
"11043A>T","15691A>T",722,716.991580916745,0.00302314145953362,0.186,"Not Significant","missense"
"11043A>T","3715G>A",819,808.482694106642,0.00561317366447802,0,"Significant","missense"
"11043A>T","6925C>T",868,856.095416276894,0.00599755342787709,0,"Significant","missense"
"11043A>T","6807C>T",620,621.76613657624,-0.00123537575064014,0.692,"Not Significant","missense"
"11043A>T","15539C>T",675,663.77736202058,0.00728133602266447,0.004,"Significant","missense"
"11043A>T","12920C>T",672,669.378858746492,0.00169728130743175,0.543,"Not Significant","missense"
"11043A>T","14895T>A",614,602.160898035547,0.00845582042730546,0.006,"Significant","missense"
"11043A>T","13007C>T",666,662.843779232928,0.00206304437263243,0.461,"Not Significant","missense"
"11043A>T","6648C>T",675,672.179607109448,0.001818440321163,0.505,"Not Significant","missense"
"11043A>T","15600C>T",627,624.566884939195,0.00168858698430003,0.605,"Not Significant","missense"
"11043A>T","14225C>T",813,805.681945743686,0.00392691380026505,0.027,"Significant","missense"
"11043A>T","13565C>T",589,595.625818521983,-0.00485822001265291,0.099,"Not Significant","missense"
"11043A>T","14945G>A",520,531.208606173994,-0.00926175883886328,0.006,"Significant","missense"
"11043A>T","15636C>T",696,680.581852198316,0.00972887521399297,0,"Significant","missense"
"11043A>T","8181T>A",578,578.821328344247,-0.000616687156317882,0.915,"Not Significant","missense"
"11043A>T","9270C>T",474,476.127221702526,-0.00194467050244394,0.609,"Not Significant","missense"
"11043A>T","5227G>A",621,595.625818521983,0.0181180853768218,0,"Significant","missense"
"11043A>T","13996G>A",738,730.995322731525,0.00414176368650453,0.05,"Not Significant","missense"
"11043A>T","14531C>T",787,769.272217025257,0.00989468458335447,0,"Significant","missense"
"11043A>T","15246G>A",470,481.728718428438,-0.0107046797700847,0.007,"Significant","missense"
"11043A>T","12863G>A",652,643.238540692236,0.00587553774570044,0.031,"Significant","missense"
"11043A>T","3530C>T",799,792.611786716558,0.00348625299144517,0.054,"Not Significant","missense"
"11043A>T","8810C>T",491,499.466791393826,-0.00742512597685156,0.045,"Significant","missense"
"11043A>T","3380G>A",378,378.101028999065,-0.000116059456036218,1,"Not Significant","missense"
"11043A>T","10762G>A",827,825.287184284378,0.000900408460880421,0.605,"Not Significant","missense"
"11043A>T","14394C>T",388,403.307764265669,-0.0168048572992937,0,"Significant","missense"
"11043A>T","9907G>C",473,459.32273152479,0.0127432018918555,0.001,"Significant","missense"
"11043A>T","7048C>T",773,760.869971936389,0.0068690490997543,0.001,"Significant","missense"
"11043A>T","8406C>T",476,468.65855940131,0.00675039949687923,0.079,"Not Significant","missense"
"11043A>T","8723G>A",779,770.205799812909,0.00493067304404566,0.015,"Significant","missense"
"11043A>T","12503G>A",723,712.323666978485,0.00646092326105635,0.006,"Significant","missense"
"11043A>T","13103G>C",464,446.252572497661,0.0169372478641651,0,"Significant","missense"
"11043A>T","15602A>G",722,710.45650140318,0.00699970472047228,0,"Significant","missense"
"11043A>T","4522T>C",698,684.316183348924,0.00859861190343876,0,"Significant","missense"
"11043A>T","12468T>A",693,682.44901777362,0.00666302157535219,0.009,"Significant","missense"
"11043A>T","6445C>T",864,859.829747427502,0.00210127620345109,0.141,"Not Significant","missense"
"11043A>T","14619A>T",689,672.179607109448,0.0107338893977627,0,"Significant","missense"
"11043A>T","13421T>C",709,692.718428437792,0.0100894938254449,0,"Significant","missense"
"11043A>T","13370C>T",678,662.843779232928,0.00981850906939361,0,"Significant","missense"
"11043A>T","10354C>T",721,705.78858746492,0.00926063313962817,0,"Significant","missense"
"11043A>T","15651C>T",809,796.346117867166,0.00684665436615541,0.002,"Significant","missense"
"11043A>T","8878C>T",768,765.537885874649,0.00139453156920207,0.583,"Not Significant","missense"
"11043A>T","6300G>A",679,663.77736202058,0.00984733747214085,0,"Significant","missense"
"11043A>T","15044C>T",775,760.869971936389,0.00799125768773957,0,"Significant","missense"
"11043A>T","7897G>T",663,652.574368568756,0.00688351658049763,0.012,"Significant","missense"
"11043A>T","7026G>A",726,709.522918615528,0.00997019234070795,0,"Significant","missense"
"11043A>T","7065G>A",679,667.511693171188,0.00741089640082694,0.001,"Significant","missense"
"11043A>T","15810C>T",657,643.238540692236,0.00919331157356052,0,"Significant","missense"
"11043A>T","3650C>T",766,753.401309635173,0.00720239883193948,0.002,"Significant","missense"
"11043A>T","15384C>T",432,429.448082319925,0.00257307905474436,0.534,"Not Significant","missense"
"11043A>T","7916A>G",556,531.208606173994,0.0198096891083896,0,"Significant","missense"
"11043A>T","13682C>T",724,720.725912067353,0.0019684297828174,0.396,"Not Significant","missense"
"11043A>T","8734C>T",681,675.913938260056,0.00325570963704473,0.187,"Not Significant","missense"
"11043A>T","13759G>A",842,839.290926099158,0.00139956368782741,0.415,"Not Significant","missense"
"11043A>T","9835T>C",520,509.736202057998,0.00865786485146729,0.012,"Significant","missense"
"11043A>T","9651C>T",710,705.78858746492,0.00258371713927534,0.26,"Not Significant","missense"
"11043A>T","9520G>A",661,646.972871842844,0.00931538879523906,0,"Significant","missense"
"9818C>A","5014C>T",956,917.10757717493,0.0180376106593007,0,"Significant","missense"
"9818C>A","11789C>T",968,941.842843779233,0.0118969149968759,0,"Significant","missense"
"9818C>A","15207C>A",869,840.999064546305,0.0142242637216251,0,"Significant","missense"
"9818C>A","14433C>T",835,836.242282507016,-0.000645647304136355,0.709,"Not Significant","missense"
"9818C>A","8833G>A",833,820.069223573433,0.00679448786810734,0,"Significant","missense"
"9818C>A","15443C>A",1004,1003.68101028999,0.000138005461322421,1,"Not Significant","missense"
"9818C>A","9837G>A",966,958.967259120674,0.00317334659201987,0,"Significant","missense"
"9818C>A","9295G>A",986,981.799812909261,0.0018539699360519,0.005,"Significant","missense"
"9818C>A","6174G>A",971,969.43217960711,0.000701798187611728,0.303,"Not Significant","missense"
"9818C>A","7273G>A",955,951.356407857811,0.00166012386977957,0.047,"Significant","missense"
"9818C>A","12053C>T",976,972.286248830683,0.00165567415403109,0.031,"Significant","missense"
"9818C>A","15698C>T",925,922.815715622077,0.00102675075882111,0.34,"Not Significant","missense"
"9818C>A","10944C>T",956,946.599625818522,0.00429156381640761,0,"Significant","missense"
"9818C>A","9445G>A",926,919.961646398503,0.00284126488496576,0.005,"Significant","missense"
"9818C>A","7332G>A",741,743.00935453695,-0.00117607361193861,0.537,"Not Significant","missense"
"9818C>A","8720G>T",576,554.640785781104,0.0164106809502285,0,"Significant","missense"
"9818C>A","13541C>T",813,806.750233863424,0.00335144562338731,0.034,"Significant","missense"
"9818C>A","13430C>T",872,855.269410664172,0.00841354548537088,0,"Significant","missense"
"9818C>A","15691A>T",733,730.641721234799,0.00139950689564918,0.544,"Not Significant","missense"
"9818C>A","3715G>A",838,823.874649204864,0.00738287889896244,0,"Significant","missense"
"9818C>A","6925C>T",885,872.393826005613,0.0062306873138371,0,"Significant","missense"
"9818C>A","6807C>T",636,633.603367633302,0.00163963876414587,0.59,"Not Significant","missense"
"9818C>A","15539C>T",684,676.414405986904,0.00484325327638263,0.023,"Significant","missense"
"9818C>A","12920C>T",681,682.12254443405,-0.000715291468981447,0.758,"Not Significant","missense"
"9818C>A","14895T>A",623,613.624883068288,0.00658508430993425,0.012,"Significant","missense"
"9818C>A","13007C>T",674,675.463049579046,-0.000941699897721885,0.773,"Not Significant","missense"
"9818C>A","6648C>T",684,684.976613657624,-0.000619642425118702,0.9,"Not Significant","missense"
"9818C>A","15600C>T",637,636.457436856876,0.000370066853560653,0.886,"Not Significant","missense"
"9818C>A","14225C>T",825,821.020579981291,0.00209990512074868,0.191,"Not Significant","missense"
"9818C>A","13565C>T",604,606.965388213283,-0.00212698781399669,0.48,"Not Significant","missense"
"9818C>A","14945G>A",532,541.321796071094,-0.00754388181398806,0.014,"Significant","missense"
"9818C>A","15636C>T",706,693.538821328344,0.00773392501986144,0,"Significant","missense"
"9818C>A","8181T>A",588,589.840972871843,-0.00135761113608172,0.683,"Not Significant","missense"
"9818C>A","9270C>T",484,485.191768007484,-0.0010680621674902,0.766,"Not Significant","missense"
"9818C>A","5227G>A",629,606.965388213283,0.0154867190101375,0,"Significant","missense"
"9818C>A","13996G>A",755,744.912067352666,0.00584194185727756,0,"Significant","missense"
"9818C>A","14531C>T",798,783.917680074836,0.00773243193964605,0,"Significant","missense"
"9818C>A","15246G>A",479,490.89990645463,-0.0106574359266125,0,"Significant","missense"
"9818C>A","12863G>A",661,655.484565014032,0.00363898986404726,0.107,"Not Significant","missense"
"9818C>A","3530C>T",812,807.701590271282,0.00230509128325573,0.159,"Not Significant","missense"
"9818C>A","8810C>T",500,508.975678203929,-0.00772702539917472,0.012,"Significant","missense"
"9818C>A","3380G>A",386,385.299345182414,0.000789033743119562,0.889,"Not Significant","missense"
"9818C>A","10762G>A",843,840.999064546305,0.00103206189770246,0.462,"Not Significant","missense"
"9818C>A","14394C>T",398,410.985968194574,-0.0139439224551874,0,"Significant","missense"
"9818C>A","9907G>C",480,468.067352666043,0.010932886894258,0.001,"Significant","missense"
"9818C>A","7048C>T",783,775.355472404116,0.00426090560399966,0.017,"Significant","missense"
"9818C>A","8406C>T",481,477.580916744621,0.00309811151484517,0.38,"Not Significant","missense"
"9818C>A","8723G>A",794,784.869036482694,0.00502330616320398,0.003,"Significant","missense"
"9818C>A","12503G>A",733,725.88493919551,0.0042361889722803,0.024,"Significant","missense"
"9818C>A","13103G>C",468,454.748362956034,0.0124747087480359,0,"Significant","missense"
"9818C>A","15602A>G",735,723.982226379794,0.00655943459965458,0,"Significant","missense"
"9818C>A","4522T>C",712,697.344246959776,0.00903277128176056,0,"Significant","missense"
"9818C>A","12468T>A",700,695.44153414406,0.0028374153424294,0.181,"Not Significant","missense"
"9818C>A","6445C>T",879,876.199251637044,0.0013859971629563,0.282,"Not Significant","missense"
"9818C>A","14619A>T",701,684.976613657624,0.0100422738214221,0,"Significant","missense"
"9818C>A","13421T>C",724,705.906454630496,0.0109914132041517,0,"Significant","missense"
"9818C>A","13370C>T",686,675.463049579046,0.00672251927370884,0,"Significant","missense"
"9818C>A","10354C>T",737,719.225444340505,0.0106024446438769,0,"Significant","missense"
"9818C>A","15651C>T",819,811.507015902713,0.00399162287892838,0.014,"Significant","missense"
"9818C>A","8878C>T",781,780.112254443405,0.000493933779616903,0.873,"Not Significant","missense"
"9818C>A","6300G>A",691,676.414405986904,0.00926519893046416,0,"Significant","missense"
"9818C>A","15044C>T",789,775.355472404116,0.00757614675547615,0,"Significant","missense"
"9818C>A","7897G>T",672,664.99812909261,0.00454884959417653,0.051,"Not Significant","missense"
"9818C>A","7026G>A",735,723.030869971936,0.00713049908943593,0,"Significant","missense"
"9818C>A","7065G>A",690,680.219831618335,0.00619980122220722,0.005,"Significant","missense"
"9818C>A","15810C>T",669,655.484565014032,0.0088636481462293,0,"Significant","missense"
"9818C>A","3650C>T",779,767.744621141254,0.00632067523652664,0,"Significant","missense"
"9818C>A","15384C>T",437,437.623947614593,-0.000619642425118751,0.892,"Not Significant","missense"
"9818C>A","7916A>G",562,541.321796071094,0.0162808014600204,0,"Significant","missense"
"9818C>A","13682C>T",739,734.44714686623,0.00268389034512266,0.161,"Not Significant","missense"
"9818C>A","8734C>T",691,688.782039289055,0.00139623346308474,0.54,"Not Significant","missense"
"9818C>A","13759G>A",863,855.269410664172,0.00390785626801374,0.005,"Significant","missense"
"9818C>A","9835T>C",528,519.440598690365,0.00709803211510713,0.013,"Significant","missense"
"9818C>A","9651C>T",724,719.225444340505,0.00287352298197339,0.177,"Not Significant","missense"
"9818C>A","9520G>A",675,659.289990645463,0.01022729050525,0,"Significant","missense"
"5014C>T","11789C>T",937,892.759588400374,0.0210050675961734,0,"Significant","missense"
"5014C>T","15207C>A",849,797.171188026193,0.0273560965368235,0,"Significant","missense"
"5014C>T","14433C>T",787,792.66230121609,-0.00311347140875966,0.143,"Not Significant","missense"
"5014C>T","8833G>A",805,777.33208606174,0.015189285849101,0,"Significant","missense"
"5014C>T","15443C>A",955,951.375116931712,0.00165158325598193,0.006,"Significant","missense"
"5014C>T","9837G>A",920,908.991580916745,0.00522796654199544,0,"Significant","missense"
"5014C>T","9295G>A",934,930.634237605239,0.00156785024484786,0.077,"Not Significant","missense"
"5014C>T","6174G>A",926,918.911131898971,0.00333747398145477,0.002,"Significant","missense"
"5014C>T","7273G>A",913,901.77736202058,0.00537144884024564,0,"Significant","missense"
"5014C>T","12053C>T",939,921.616463985033,0.00811536777336334,0,"Significant","missense"
"5014C>T","15698C>T",886,874.724041159963,0.00556265892675246,0,"Significant","missense"
"5014C>T","10944C>T",916,897.268475210477,0.00897306422807114,0,"Significant","missense"
"5014C>T","9445G>A",883,872.018709073901,0.00543490080051356,0.002,"Significant","missense"
"5014C>T","7332G>A",699,704.288119738073,-0.00327318682567119,0.258,"Not Significant","missense"
"5014C>T","8720G>T",562,525.736202057998,0.0289684321159889,0,"Significant","missense"
"5014C>T","13541C>T",787,764.707202993452,0.0124795514082964,0,"Significant","missense"
"5014C>T","13430C>T",833,810.697848456501,0.0117859809795046,0,"Significant","missense"
"5014C>T","15691A>T",704,692.565014031805,0.00711211041654648,0.009,"Significant","missense"
"5014C>T","3715G>A",802,780.939195509822,0.0115571475727626,0,"Significant","missense"
"5014C>T","6925C>T",843,826.929840972872,0.00835891026066752,0,"Significant","missense"
"5014C>T","6807C>T",599,600.583723105706,-0.00114673547504231,0.758,"Not Significant","missense"
"5014C>T","15539C>T",660,641.163704396632,0.0125750061180476,0,"Significant","missense"
"5014C>T","12920C>T",655,646.574368568756,0.00562281562992935,0.075,"Not Significant","missense"
"5014C>T","14895T>A",603,581.646398503274,0.0156582688108281,0,"Significant","missense"
"5014C>T","13007C>T",653,640.261927034612,0.00855550386194448,0.011,"Significant","missense"
"5014C>T","6648C>T",663,649.279700654818,0.00908170327945054,0.003,"Significant","missense"
"5014C>T","15600C>T",613,603.289055191768,0.00693502805653802,0.056,"Not Significant","missense"
"5014C>T","14225C>T",798,778.233863423761,0.0108927669414657,0,"Significant","missense"
"5014C>T","13565C>T",569,575.33395696913,-0.00480774102014305,0.199,"Not Significant","missense"
"5014C>T","14945G>A",499,513.11131898971,-0.0121110494657316,0.003,"Significant","missense"
"5014C>T","15636C>T",688,657.395696913003,0.0197615812234809,0,"Significant","missense"
"5014C>T","8181T>A",569,559.10196445276,0.0076212482027631,0.04,"Significant","missense"
"5014C>T","9270C>T",454,459.906454630496,-0.00561365193488397,0.257,"Not Significant","missense"
"5014C>T","5227G>A",617,575.33395696913,0.0303651566180216,0,"Significant","missense"
"5014C>T","13996G>A",725,706.091674462114,0.011476915818996,0,"Significant","missense"
"5014C>T","14531C>T",769,743.064546304958,0.0148997994102605,0,"Significant","missense"
"5014C>T","15246G>A",451,465.317118802619,-0.0135724884433006,0.01,"Significant","missense"
"5014C>T","12863G>A",641,621.32460243218,0.0135394789171366,0,"Significant","missense"
"5014C>T","3530C>T",773,765.608980355472,0.00417247498031893,0.085,"Not Significant","missense"
"5014C>T","8810C>T",474,482.45088868101,-0.0076747690411945,0.085,"Not Significant","missense"
"5014C>T","3380G>A",359,365.219831618335,-0.00745990333040005,0.217,"Not Significant","missense"
"5014C>T","10762G>A",808,797.171188026193,0.00585976706745963,0.003,"Significant","missense"
"5014C>T","14394C>T",370,389.567820392891,-0.022381351441964,0,"Significant","missense"
"5014C>T","9907G>C",469,443.674462114125,0.0241084112536649,0,"Significant","missense"
"5014C>T","7048C>T",751,734.948550046773,0.00938299957013775,0,"Significant","missense"
"5014C>T","8406C>T",454,452.692235734331,0.00125280701803142,0.818,"Not Significant","missense"
"5014C>T","8723G>A",763,743.966323666978,0.0109712607109012,0,"Significant","missense"
"5014C>T","12503G>A",702,688.056127221702,0.0087132454808708,0.002,"Significant","missense"
"5014C>T","13103G>C",460,431.049579045837,0.028230606375396,0,"Significant","missense"
"5014C>T","15602A>G",705,686.252572497661,0.0117051315267715,0,"Significant","missense"
"5014C>T","4522T>C",685,661.002806361085,0.0154872681572426,0,"Significant","missense"
"5014C>T","12468T>A",676,659.199251637044,0.0109299902897211,0,"Significant","missense"
"5014C>T","6445C>T",835,830.536950420954,0.00232751659270013,0.228,"Not Significant","missense"
"5014C>T","14619A>T",677,649.279700654818,0.0181568435598204,0,"Significant","missense"
"5014C>T","13421T>C",698,669.11880261927,0.0183521886500786,0,"Significant","missense"
"5014C>T","13370C>T",660,640.261927034612,0.0131862581287386,0,"Significant","missense"
"5014C>T","10354C>T",705,681.743685687558,0.0145679927961373,0,"Significant","missense"
"5014C>T","15651C>T",792,769.216089803555,0.0126768217279161,0,"Significant","missense"
"5014C>T","8878C>T",751,739.457436856876,0.00672675592639806,0.002,"Significant","missense"
"5014C>T","6300G>A",665,641.163704396632,0.0158527158792831,0,"Significant","missense"
"5014C>T","15044C>T",763,734.948550046773,0.016267600520849,0,"Significant","missense"
"5014C>T","7897G>T",647,630.342376052385,0.0113277762289645,0,"Significant","missense"
"5014C>T","7026G>A",704,685.350795135641,0.0116597381672665,0,"Significant","missense"
"5014C>T","7065G>A",664,644.770813844715,0.0127627088728822,0,"Significant","missense"
"5014C>T","15810C>T",647,621.32460243218,0.017585730067019,0,"Significant","missense"
"5014C>T","3650C>T",752,727.734331150608,0.0142449771755172,0,"Significant","missense"
"5014C>T","15384C>T",411,414.817586529467,-0.0040153384995567,0.501,"Not Significant","missense"
"5014C>T","7916A>G",552,513.11131898971,0.0317274826400691,0,"Significant","missense"
"5014C>T","13682C>T",710,696.172123479888,0.00854171968928514,0.004,"Significant","missense"
"5014C>T","8734C>T",667,652.8868101029,0.00928793902534793,0.001,"Significant","missense"
"5014C>T","13759G>A",819,810.697848456501,0.00442488133313643,0.034,"Significant","missense"
"5014C>T","9835T>C",505,492.370439663237,0.0109994067198692,0.008,"Significant","missense"
"5014C>T","9651C>T",701,681.743685687558,0.0120968937713976,0,"Significant","missense"
"5014C>T","9520G>A",652,624.931711880262,0.0184150324260578,0,"Significant","missense"
"11789C>T","15207C>A",863,818.67165575304,0.0229010413133619,0,"Significant","missense"
"11789C>T","14433C>T",808,814.041159962582,-0.00323500368795727,0.065,"Not Significant","missense"
"11789C>T","8833G>A",830,798.297474275023,0.0169133371625871,0,"Significant","missense"
"11789C>T","15443C>A",978,977.034611786716,0.000428905765118023,0.612,"Not Significant","missense"
"11789C>T","9837G>A",940,933.507951356408,0.00300983210142,0.003,"Significant","missense"
"11789C>T","9295G>A",957,955.734331150608,0.000574751096879065,0.504,"Not Significant","missense"
"11789C>T","6174G>A",951,943.695042095416,0.0033488435422153,0,"Significant","missense"
"11789C>T","7273G>A",934,926.099158091674,0.00368938684132109,0.001,"Significant","missense"
"11789C>T","12053C>T",956,946.473339569691,0.00434950708863385,0,"Significant","missense"
"11789C>T","15698C>T",906,898.316183348924,0.0036989740217959,0.002,"Significant","missense"
"11789C>T","10944C>T",938,921.468662301216,0.00772226824456622,0,"Significant","missense"
"11789C>T","9445G>A",900,895.537885874649,0.00215854596755104,0.115,"Not Significant","missense"
"11789C>T","7332G>A",714,723.283442469598,-0.00561031148989705,0.019,"Significant","missense"
"11789C>T","8720G>T",574,539.915809167446,0.0265858482501827,0,"Significant","missense"
"11789C>T","13541C>T",800,785.33208606174,0.00803664534645686,0,"Significant","missense"
"11789C>T","13430C>T",857,832.563143124415,0.012563640801196,0,"Significant","missense"
"11789C>T","15691A>T",717,711.244153414406,0.00350044624751576,0.16,"Not Significant","missense"
"11789C>T","3715G>A",820,802.00187090739,0.00963847097759701,0,"Significant","missense"
"11789C>T","6925C>T",868,849.232927970065,0.00949290011769782,0,"Significant","missense"
"11789C>T","6807C>T",612,616.782039289055,-0.00338029641351124,0.284,"Not Significant","missense"
"11789C>T","15539C>T",684,658.45650140318,0.0165290116015756,0,"Significant","missense"
"11789C>T","12920C>T",667,664.013096351731,0.00194918885997669,0.551,"Not Significant","missense"
"11789C>T","14895T>A",626,597.33395696913,0.0203571291863867,0,"Significant","missense"
"11789C>T","13007C>T",672,657.530402245089,0.00945343494597672,0,"Significant","missense"
"11789C>T","6648C>T",681,666.791393826006,0.00915712609274344,0.001,"Significant","missense"
"11789C>T","15600C>T",631,619.56033676333,0.00794575208753819,0.006,"Significant","missense"
"11789C>T","14225C>T",808,799.223573433115,0.00474307567060413,0.009,"Significant","missense"
"11789C>T","13565C>T",579,590.851262862488,-0.00879960438249643,0.005,"Significant","missense"
"11789C>T","14945G>A",513,526.950420954163,-0.0116523906720245,0.002,"Significant","missense"
"11789C>T","15636C>T",700,675.126286248831,0.0157130223075079,0,"Significant","missense"
"11789C>T","8181T>A",583,574.181478016838,0.00661937587198721,0.047,"Significant","missense"
"11789C>T","9270C>T",465,472.310570626754,-0.00677471259675287,0.085,"Not Significant","missense"
"11789C>T","5227G>A",620,590.851262862488,0.0209135213883163,0,"Significant","missense"
"11789C>T","13996G>A",747,725.135640785781,0.0129013503686818,0,"Significant","missense"
"11789C>T","14531C>T",795,763.10570626754,0.0177824275705803,0,"Significant","missense"
"11789C>T","15246G>A",463,477.867165575304,-0.0137261999980272,0,"Significant","missense"
"11789C>T","12863G>A",657,638.082319925164,0.0126886582633811,0,"Significant","missense"
"11789C>T","3530C>T",792,786.258185219832,0.00316000195676853,0.11,"Not Significant","missense"
"11789C>T","8810C>T",482,495.463049579046,-0.0119642331711483,0.006,"Significant","missense"
"11789C>T","3380G>A",367,375.070159027128,-0.00944644835134859,0.045,"Significant","missense"
"11789C>T","10762G>A",829,818.67165575304,0.00544477614842789,0.001,"Significant","missense"
"11789C>T","14394C>T",381,400.074836295603,-0.0212162605280592,0,"Significant","missense"
"11789C>T","9907G>C",479,455.640785781104,0.0217129212584264,0,"Significant","missense"
"11789C>T","7048C>T",777,754.770813844715,0.0126059206721642,0,"Significant","missense"
"11789C>T","8406C>T",458,464.901777362021,-0.00649572852992063,0.122,"Not Significant","missense"
"11789C>T","8723G>A",781,764.031805425631,0.00953959593860217,0,"Significant","missense"
"11789C>T","12503G>A",714,706.613657623948,0.00451618443252141,0.049,"Significant","missense"
"11789C>T","13103G>C",466,442.67539756782,0.0223005306891045,0,"Significant","missense"
"11789C>T","15602A>G",720,704.761459307764,0.00929035027192251,0,"Significant","missense"
"11789C>T","4522T>C",702,678.830682881197,0.0145756480999034,0,"Significant","missense"
"11789C>T","12468T>A",687,676.978484565014,0.00638187071291723,0.01,"Significant","missense"
"11789C>T","6445C>T",858,852.937324602432,0.00257016826308439,0.106,"Not Significant","missense"
"11789C>T","14619A>T",691,666.791393826006,0.0154880615541557,0,"Significant","missense"
"11789C>T","13421T>C",714,687.165575304022,0.016636817108373,0,"Significant","missense"
"11789C>T","13370C>T",674,657.530402245089,0.0107440584274711,0,"Significant","missense"
"11789C>T","10354C>T",720,700.130963517306,0.0121532115412883,0,"Significant","missense"
"11789C>T","15651C>T",807,789.962581852198,0.00926701416577429,0,"Significant","missense"
"11789C>T","8878C>T",768,759.401309635173,0.00488987825902271,0.024,"Significant","missense"
"11789C>T","6300G>A",686,658.45650140318,0.0177970255882109,0,"Significant","missense"
"11789C>T","15044C>T",781,754.770813844715,0.0148359357485499,0,"Significant","missense"
"11789C>T","7897G>T",663,647.34331150608,0.0103788632703182,0,"Significant","missense"
"11789C>T","7026G>A",723,703.835360149673,0.011667215624966,0,"Significant","missense"
"11789C>T","7065G>A",677,662.160898035547,0.0096251374952904,0,"Significant","missense"
"11789C>T","15810C>T",662,638.082319925164,0.0159812781432998,0,"Significant","missense"
"11789C>T","3650C>T",769,747.362020579981,0.0123953156905871,0,"Significant","missense"
"11789C>T","15384C>T",418,426.00561272217,-0.00823903929530877,0.063,"Not Significant","missense"
"11789C>T","7916A>G",560,526.950420954163,0.0264182712223525,0,"Significant","missense"
"11789C>T","13682C>T",731,714.948550046773,0.00964258723335105,0,"Significant","missense"
"11789C>T","8734C>T",680,670.495790458372,0.00611285712031657,0.024,"Significant","missense"
"11789C>T","13759G>A",836,832.563143124415,0.00178909631701555,0.347,"Not Significant","missense"
"11789C>T","9835T>C",523,505.650140318054,0.0146515567737623,0,"Significant","missense"
"11789C>T","9651C>T",717,700.130963517306,0.0103398707778202,0,"Significant","missense"
"11789C>T","9520G>A",666,641.78671655753,0.01608350516972,0,"Significant","missense"
"15207C>A","14433C>T",733,726.88119738073,0.00364053976306053,0.225,"Not Significant","missense"
"15207C>A","8833G>A",773,712.823199251637,0.0351976682893123,0,"Significant","missense"
"15207C>A","15443C>A",875,872.422825070159,0.00128103358430649,0.092,"Not Significant","missense"
"15207C>A","9837G>A",844,833.55659494855,0.00540735471185291,0,"Significant","missense"
"15207C>A","9295G>A",859,853.403180542563,0.00283890673575436,0.026,"Significant","missense"
"15207C>A","6174G>A",845,842.652946679139,0.00120796513897075,0.436,"Not Significant","missense"
"15207C>A","7273G>A",844,826.941066417212,0.00886788682135902,0,"Significant","missense"
"15207C>A","12053C>T",852,845.133769878391,0.00351413916371076,0.006,"Significant","missense"
"15207C>A","15698C>T",812,802.132834424696,0.0053097351706347,0.005,"Significant","missense"
"15207C>A","10944C>T",845,822.806361085126,0.0115590683996704,0,"Significant","missense"
"15207C>A","9445G>A",800,799.652011225444,0.000188953104646836,1,"Not Significant","missense"
"15207C>A","7332G>A",632,645.840972871843,-0.0094085153992089,0.013,"Significant","missense"
"15207C>A","8720G>T",563,482.106641721235,0.0673652802880242,0,"Significant","missense"
"15207C>A","13541C>T",735,701.246024321796,0.0204169270231831,0,"Significant","missense"
"15207C>A","13430C>T",801,743.420018709074,0.0323982645467097,0,"Significant","missense"
"15207C>A","15691A>T",644,635.090739008419,0.00605008752400412,0.116,"Not Significant","missense"
"15207C>A","3715G>A",732,716.130963517306,0.00951862923674874,0.001,"Significant","missense"
"15207C>A","6925C>T",792,758.304957904584,0.0188812861151749,0,"Significant","missense"
"15207C>A","6807C>T",530,550.742750233863,-0.0166729193738041,0,"Significant","missense"
"15207C>A","15539C>T",640,587.955098222638,0.0368358134498197,0,"Significant","missense"
"15207C>A","12920C>T",599,592.916744621141,0.00443310691721549,0.311,"Not Significant","missense"
"15207C>A","14895T>A",597,533.376987839102,0.0489400566897976,0,"Significant","missense"
"15207C>A","13007C>T",612,587.128157156221,0.0180185136221879,0,"Significant","missense"
"15207C>A","6648C>T",617,595.397567820393,0.0154781077976755,0,"Significant","missense"
"15207C>A","15600C>T",574,553.223573433115,0.0160112148258525,0,"Significant","missense"
"15207C>A","14225C>T",726,713.650140318054,0.00745126518058805,0.014,"Significant","missense"
"15207C>A","13565C>T",522,527.588400374181,-0.00462473552319435,0.392,"Not Significant","missense"
"15207C>A","14945G>A",445,470.529466791394,-0.0242268152184293,0,"Significant","missense"
"15207C>A","15636C>T",640,602.840037418148,0.0259778858616133,0,"Significant","missense"
"15207C>A","8181T>A",535,512.703461178672,0.018487532718676,0.001,"Significant","missense"
"15207C>A","9270C>T",399,421.739943872778,-0.0240718402154773,0,"Significant","missense"
"15207C>A","5227G>A",599,527.588400374181,0.0551315838638442,0,"Significant","missense"
"15207C>A","13996G>A",680,647.494855004677,0.0212725908439946,0,"Significant","missense"
"15207C>A","14531C>T",717,681.399438727783,0.0221173841663861,0,"Significant","missense"
"15207C>A","15246G>A",400,426.701590271282,-0.0280642701035372,0,"Significant","missense"
"15207C>A","12863G>A",604,569.762394761459,0.0253431569092066,0,"Significant","missense"
"15207C>A","3530C>T",704,702.072965388213,0.00119040909386425,0.766,"Not Significant","missense"
"15207C>A","8810C>T",417,442.413470533209,-0.02569228685176,0,"Significant","missense"
"15207C>A","3380G>A",338,334.911131898971,0.00398711725868991,0.628,"Not Significant","missense"
"15207C>A","10762G>A",750,731.015902712816,0.0111344385743304,0,"Significant","missense"
"15207C>A","14394C>T",327,357.238540692236,-0.0384105539589099,0,"Significant","missense"
"15207C>A","9907G>C",463,406.855004677268,0.0561413284462849,0,"Significant","missense"
"15207C>A","7048C>T",718,673.956969130028,0.0274922756980248,0,"Significant","missense"
"15207C>A","8406C>T",419,415.124415341441,0.00403574601697992,0.59,"Not Significant","missense"
"15207C>A","8723G>A",699,682.2263797942,0.0105486673914598,0,"Significant","missense"
"15207C>A","12503G>A",669,630.956033676333,0.0254270200086437,0,"Significant","missense"
"15207C>A","13103G>C",456,395.277829747428,0.0620623862480064,0,"Significant","missense"
"15207C>A","15602A>G",660,629.302151543499,0.0206847189669976,0,"Significant","missense"
"15207C>A","4522T>C",673,606.147801683817,0.0454365297785468,0,"Significant","missense"
"15207C>A","12468T>A",645,604.493919550982,0.0281677778731077,0,"Significant","missense"
"15207C>A","6445C>T",773,761.612722170252,0.00644530391718009,0.01,"Significant","missense"
"15207C>A","14619A>T",629,595.397567820393,0.0238435892097014,0,"Significant","missense"
"15207C>A","13421T>C",637,613.590271281572,0.0162609672520257,0,"Significant","missense"
"15207C>A","13370C>T",633,587.128157156221,0.0326708014939795,0,"Significant","missense"
"15207C>A","10354C>T",647,625.167446211413,0.0149079253631964,0,"Significant","missense"
"15207C>A","15651C>T",722,705.380729653882,0.0101136065978196,0,"Significant","missense"
"15207C>A","8878C>T",695,678.091674462114,0.0106963924021005,0.003,"Significant","missense"
"15207C>A","6300G>A",634,587.955098222638,0.0327450973476659,0,"Significant","missense"
"15207C>A","15044C>T",730,673.956969130028,0.0346906915761793,0,"Significant","missense"
"15207C>A","7897G>T",628,578.031805425631,0.0360079081872137,0,"Significant","missense"
"15207C>A","7026G>A",692,628.475210477081,0.0418179423716651,0,"Significant","missense"
"15207C>A","7065G>A",644,591.262862488307,0.0371052657544305,0,"Significant","missense"
"15207C>A","15810C>T",608,569.762394761459,0.0282097975608093,0,"Significant","missense"
"15207C>A","3650C>T",724,667.34144059869,0.0353904716707764,0,"Significant","missense"
"15207C>A","15384C>T",384,380.392890551918,0.00409883288166052,0.559,"Not Significant","missense"
"15207C>A","7916A>G",554,470.529466791394,0.0709229385290497,0,"Significant","missense"
"15207C>A","13682C>T",664,638.398503274088,0.0170762192279836,0,"Significant","missense"
"15207C>A","8734C>T",622,598.705332086062,0.0165772586893741,0,"Significant","missense"
"15207C>A","13759G>A",759,743.420018709074,0.00900752435795537,0.001,"Significant","missense"
"15207C>A","9835T>C",492,451.509822263798,0.0372979002583202,0,"Significant","missense"
"15207C>A","9651C>T",649,625.167446211413,0.016248341494865,0,"Significant","missense"
"15207C>A","9520G>A",628,573.070159027128,0.0397518493210876,0,"Significant","missense"
"14433C>T","8833G>A",706,708.791393826006,-0.00171373463790262,0.6,"Not Significant","missense"
"14433C>T","15443C>A",867,867.488306828812,-0.000244532022495042,1,"Not Significant","missense"
"14433C>T","9837G>A",830,828.841908325538,0.000606390401573466,0.739,"Not Significant","missense"
"14433C>T","9295G>A",849,848.576239476146,0.000216823087766195,1,"Not Significant","missense"
"14433C>T","6174G>A",835,837.8868101029,-0.00149887838781804,0.355,"Not Significant","missense"
"14433C>T","7273G>A",823,822.263797942002,0.000388665347275914,0.875,"Not Significant","missense"
"14433C>T","12053C>T",841,840.353601496726,0.000333930134224331,0.84,"Not Significant","missense"
"14433C>T","15698C>T",792,797.595884003742,-0.00305772254174486,0.133,"Not Significant","missense"
"14433C>T","10944C>T",819,818.152478952292,0.000449651149699091,0.879,"Not Significant","missense"
"14433C>T","9445G>A",793,795.129092609916,-0.00116445663039158,0.58,"Not Significant","missense"
"14433C>T","7332G>A",652,642.188026192704,0.00658539198962496,0.099,"Not Significant","missense"
"14433C>T","8720G>T",460,479.379794200187,-0.0179218929424301,0.003,"Significant","missense"
"14433C>T","13541C>T",701,697.279700654818,0.00231099584495067,0.483,"Not Significant","missense"
"14433C>T","13430C>T",742,739.21515434986,0.00163304368080419,0.582,"Not Significant","missense"
"14433C>T","15691A>T",625,631.498596819457,-0.00449237255242988,0.309,"Not Significant","missense"
"14433C>T","3715G>A",697,712.080449017774,-0.00929628378432978,0.003,"Significant","missense"
"14433C>T","6925C>T",762,754.015902712816,0.00457446580458497,0.083,"Not Significant","missense"
"14433C>T","6807C>T",561,547.627689429373,0.0104774622208646,0.024,"Significant","missense"
"14433C>T","15539C>T",599,584.629560336763,0.0105460517945494,0.008,"Significant","missense"
"14433C>T","12920C>T",581,589.563143124415,-0.00635419314246216,0.133,"Not Significant","missense"
"14433C>T","14895T>A",539,530.360149672591,0.00701788068647565,0.163,"Not Significant","missense"
"14433C>T","13007C>T",582,583.807296538821,-0.00134653393418045,0.802,"Not Significant","missense"
"14433C>T","6648C>T",588,592.029934518241,-0.00296634022012337,0.524,"Not Significant","missense"
"14433C>T","15600C>T",553,550.094480823199,0.00228784367188085,0.702,"Not Significant","missense"
"14433C>T","14225C>T",697,709.613657623948,-0.00778918748219297,0.008,"Significant","missense"
"14433C>T","13565C>T",553,524.604303086997,0.0228932827185379,0,"Significant","missense"
"14433C>T","14945G>A",496,467.868101028999,0.0253582402301273,0,"Significant","missense"
"14433C>T","15636C>T",576,599.430308699719,-0.0173162147597535,0,"Significant","missense"
"14433C>T","8181T>A",507,509.803554724041,-0.00239490002991128,0.691,"Not Significant","missense"
"14433C>T","9270C>T",432,419.354536950421,0.0129024008519788,0.038,"Significant","missense"
"14433C>T","5227G>A",506,524.604303086997,-0.015681331746354,0.001,"Significant","missense"
"14433C>T","13996G>A",636,643.832553788587,-0.00531581627452255,0.178,"Not Significant","missense"
"14433C>T","14531C>T",657,677.54536950421,-0.0133730120023269,0,"Significant","missense"
"14433C>T","15246G>A",450,424.288119738073,0.0255516422831326,0,"Significant","missense"
"14433C>T","12863G>A",551,566.539756782039,-0.0120787929208326,0.007,"Significant","missense"
"14433C>T","3530C>T",694,698.10196445276,-0.00255938965409126,0.422,"Not Significant","missense"
"14433C>T","8810C>T",472,439.911131898971,0.0305770467478587,0,"Significant","missense"
"14433C>T","3380G>A",363,333.016838166511,0.0374404319564393,0,"Significant","missense"
"14433C>T","10762G>A",738,726.88119738073,0.00659292694497373,0.017,"Significant","missense"
"14433C>T","14394C>T",388,355.217960710945,0.038336808914291,0,"Significant","missense"
"14433C>T","9907G>C",407,404.553788587465,0.00261813659286512,0.724,"Not Significant","missense"
"14433C>T","7048C>T",673,670.144995322731,0.00184628561900609,0.652,"Not Significant","missense"
"14433C>T","8406C>T",442,412.776426566885,0.0297073823390717,0,"Significant","missense"
"14433C>T","8723G>A",692,678.367633302151,0.00864097604183759,0.008,"Significant","missense"
"14433C>T","12503G>A",624,627.387277829747,-0.00235111813744996,0.64,"Not Significant","missense"
"14433C>T","13103G>C",395,393.042095416277,0.0021580291493469,0.781,"Not Significant","missense"
"14433C>T","15602A>G",624,625.742750233863,-0.00121123695314249,0.768,"Not Significant","missense"
"14433C>T","4522T>C",618,602.719363891487,0.0108733305826922,0.013,"Significant","missense"
"14433C>T","12468T>A",597,601.074836295603,-0.00295421569348468,0.49,"Not Significant","missense"
"14433C>T","6445C>T",759,757.304957904584,0.000970975833637458,0.703,"Not Significant","missense"
"14433C>T","14619A>T",576,592.029934518241,-0.0119211828730482,0.004,"Significant","missense"
"14433C>T","13421T>C",591,610.119738072965,-0.0138275942627633,0,"Significant","missense"
"14433C>T","13370C>T",586,583.807296538821,0.00162809743402117,0.748,"Not Significant","missense"
"14433C>T","10354C>T",609,621.631431244153,-0.00891567273332359,0.026,"Significant","missense"
"14433C>T","15651C>T",690,701.391019644528,-0.00711111029526061,0.025,"Significant","missense"
"14433C>T","8878C>T",673,674.256314312442,-0.00080995802473369,0.855,"Not Significant","missense"
"14433C>T","6300G>A",585,584.629560336763,0.000275095487420249,1,"Not Significant","missense"
"14433C>T","15044C>T",686,670.144995322731,0.0101553371017797,0.003,"Significant","missense"
"14433C>T","7897G>T",567,574.762394761459,-0.00590528671776767,0.197,"Not Significant","missense"
"14433C>T","7026G>A",638,624.920486435921,0.0089959165753757,0.028,"Significant","missense"
"14433C>T","7065G>A",584,587.918615528531,-0.00290436455367446,0.564,"Not Significant","missense"
"14433C>T","15810C>T",548,566.539756782039,-0.014449833288248,0.002,"Significant","missense"
"14433C>T","3650C>T",665,663.566884939195,0.000936940716040187,0.864,"Not Significant","missense"
"14433C>T","15384C>T",406,378.241347053321,0.0307570320306182,0,"Significant","missense"
"14433C>T","7916A>G",448,467.868101028999,-0.0188454222619168,0.002,"Significant","missense"
"14433C>T","13682C>T",627,634.787652011225,-0.00536092937001271,0.165,"Not Significant","missense"
"14433C>T","8734C>T",593,595.318989710009,-0.00169504269787784,0.742,"Not Significant","missense"
"14433C>T","13759G>A",763,739.21515434986,0.013753676356656,0,"Significant","missense"
"14433C>T","9835T>C",510,448.956033676333,0.0553663635281937,0,"Significant","missense"
"14433C>T","9651C>T",620,621.631431244153,-0.00114127586794637,0.805,"Not Significant","missense"
"14433C>T","9520G>A",569,569.828811973807,-0.000632138081729335,0.943,"Not Significant","missense"
"8833G>A","15443C>A",853,850.710944808232,0.00116701091787665,0.149,"Not Significant","missense"
"8833G>A","9837G>A",830,812.811973807297,0.00908799965063151,0,"Significant","missense"
"8833G>A","9295G>A",838,832.164639850327,0.00303476072314873,0.019,"Significant","missense"
"8833G>A","6174G>A",828,821.681945743686,0.00332659216251858,0.026,"Significant","missense"
"8833G>A","7273G>A",826,806.361085126286,0.0104504867044462,0,"Significant","missense"
"8833G>A","12053C>T",831,824.101028999065,0.00362056736948185,0.009,"Significant","missense"
"8833G>A","15698C>T",789,782.170252572498,0.00377570832724027,0.083,"Not Significant","missense"
"8833G>A","10944C>T",824,802.329279700655,0.0115745703354542,0,"Significant","missense"
"8833G>A","9445G>A",777,779.751169317119,-0.00153501589802198,0.532,"Not Significant","missense"
"8833G>A","7332G>A",622,629.76800748363,-0.00539020980241556,0.188,"Not Significant","missense"
"8833G>A","8720G>T",546,470.108512628625,0.0649945273297755,0,"Significant","missense"
"8833G>A","13541C>T",708,683.794200187091,0.0151078448171182,0,"Significant","missense"
"8833G>A","13430C>T",772,724.918615528531,0.027328047986569,0,"Significant","missense"
"8833G>A","15691A>T",625,619.285313376988,0.00398923669662793,0.341,"Not Significant","missense"
"8833G>A","3715G>A",717,698.308699719364,0.0114717030345171,0.001,"Significant","missense"
"8833G>A","6925C>T",774,739.433115060804,0.0198420643969342,0,"Significant","missense"
"8833G>A","6807C>T",529,537.036482694107,-0.00654811775104888,0.21,"Not Significant","missense"
"8833G>A","15539C>T",654,573.32273152479,0.0571785869785569,0,"Significant","missense"
"8833G>A","12920C>T",586,578.160898035547,0.00584889973435478,0.197,"Not Significant","missense"
"8833G>A","14895T>A",614,520.102899906455,0.0720790958899523,0,"Significant","missense"
"8833G>A","13007C>T",588,572.516370439663,0.0115894167411264,0.015,"Significant","missense"
"8833G>A","6648C>T",587,580.579981290926,0.00477604420041041,0.316,"Not Significant","missense"
"8833G>A","15600C>T",549,539.455565949486,0.00761666606633265,0.158,"Not Significant","missense"
"8833G>A","14225C>T",706,695.889616463985,0.0062643447206585,0.053,"Not Significant","missense"
"8833G>A","13565C>T",495,514.458372310571,-0.0167450404035251,0.002,"Significant","missense"
"8833G>A","14945G>A",417,458.819457436857,-0.0415057720372389,0,"Significant","missense"
"8833G>A","15636C>T",642,587.837231057063,0.0382779391349375,0,"Significant","missense"
"8833G>A","8181T>A",508,499.943872778297,0.00694246216972927,0.215,"Not Significant","missense"
"8833G>A","9270C>T",398,411.244153414406,-0.0142166646401798,0.032,"Significant","missense"
"8833G>A","5227G>A",579,514.458372310571,0.0513283243903297,0,"Significant","missense"
"8833G>A","13996G>A",667,631.380729653882,0.0238345112426671,0,"Significant","missense"
"8833G>A","14531C>T",734,664.44153414406,0.0432392876030137,0,"Significant","missense"
"8833G>A","15246G>A",380,416.082319925164,-0.0393956656263261,0,"Significant","missense"
"8833G>A","12863G>A",592,555.582787652011,0.0275729241993544,0,"Significant","missense"
"8833G>A","3530C>T",687,684.600561272217,0.00151948619966277,0.657,"Not Significant","missense"
"8833G>A","8810C>T",397,431.403180542563,-0.0360928358740395,0,"Significant","missense"
"8833G>A","3380G>A",339,326.576239476146,0.016215114372474,0.049,"Significant","missense"
"8833G>A","10762G>A",731,712.823199251637,0.0109355513288511,0,"Significant","missense"
"8833G>A","14394C>T",297,348.347988774556,-0.0692568581136129,0,"Significant","missense"
"8833G>A","9907G>C",469,396.729653882133,0.0726781793317713,0,"Significant","missense"
"8833G>A","7048C>T",710,657.184284377923,0.033571179363159,0,"Significant","missense"
"8833G>A","8406C>T",415,404.793264733396,0.010814818951136,0.134,"Not Significant","missense"
"8833G>A","8723G>A",692,665.247895229186,0.0171225852908954,0,"Significant","missense"
"8833G>A","12503G>A",668,615.253507951356,0.0357223639047249,0,"Significant","missense"
"8833G>A","13103G>C",460,385.440598690365,0.0768003744535021,0,"Significant","missense"
"8833G>A","15602A>G",649,613.640785781104,0.0243304794138578,0,"Significant","missense"
"8833G>A","4522T>C",673,591.062675397568,0.0563815289669051,0,"Significant","missense"
"8833G>A","12468T>A",628,589.449953227315,0.0275127061633964,0,"Significant","missense"
"8833G>A","6445C>T",756,742.65855940131,0.00773260468842178,0.003,"Significant","missense"
"8833G>A","14619A>T",607,580.579981290926,0.0193266340280511,0,"Significant","missense"
"8833G>A","13421T>C",630,598.319925163704,0.0224070835586162,0,"Significant","missense"
"8833G>A","13370C>T",624,572.516370439663,0.0373966803474076,0,"Significant","missense"
"8833G>A","10354C>T",635,609.608980355472,0.0177223691748315,0,"Significant","missense"
"8833G>A","15651C>T",691,687.826005612722,0.00199945559074032,0.571,"Not Significant","missense"
"8833G>A","8878C>T",681,661.216089803555,0.0128036989131317,0,"Significant","missense"
"8833G>A","6300G>A",616,573.32273152479,0.0311815508187191,0,"Significant","missense"
"8833G>A","15044C>T",706,657.184284377923,0.0311175316958878,0,"Significant","missense"
"8833G>A","7897G>T",623,563.646398503274,0.0434813102975461,0,"Significant","missense"
"8833G>A","7026G>A",679,612.834424695978,0.0445266213837687,0,"Significant","missense"
"8833G>A","7065G>A",626,576.548175865295,0.0357387307934084,0,"Significant","missense"
"8833G>A","15810C>T",591,555.582787652011,0.0268386983576901,0,"Significant","missense"
"8833G>A","3650C>T",720,650.733395696913,0.0439294010932569,0,"Significant","missense"
"8833G>A","15384C>T",381,370.926099158092,0.0116375833781073,0.108,"Not Significant","missense"
"8833G>A","7916A>G",533,458.819457436857,0.0650853820155532,0,"Significant","missense"
"8833G>A","13682C>T",639,622.510757717493,0.0113539972067274,0.002,"Significant","missense"
"8833G>A","8734C>T",616,583.805425631431,0.0233125853513398,0,"Significant","missense"
"8833G>A","13759G>A",742,724.918615528531,0.0101146529298622,0,"Significant","missense"
"8833G>A","9835T>C",515,440.273152478952,0.0680850257205048,0,"Significant","missense"
"8833G>A","9651C>T",626,609.608980355472,0.0115229770932864,0.007,"Significant","missense"
"8833G>A","9520G>A",603,558.808231992516,0.0330545169124041,0,"Significant","missense"
"15443C>A","9837G>A",997,994.798877455566,0.000959871777215676,0.04,"Significant","missense"
"15443C>A","9295G>A",1020,1018.48456501403,0.000645720045791514,0.093,"Not Significant","missense"
"15443C>A","6174G>A",1010,1005.65481758653,0.00187243535128252,0,"Significant","missense"
"15443C>A","7273G>A",988,986.903648269411,0.000482190162694641,0.22,"Not Significant","missense"
"15443C>A","12053C>T",1014,1008.61552853134,0.00231230477368955,0,"Significant","missense"
"15443C>A","15698C>T",963,957.296538821328,0.00257979843335594,0,"Significant","missense"
"15443C>A","10944C>T",987,981.969130028064,0.00221931749897757,0,"Significant","missense"
"15443C>A","9445G>A",960,954.33582787652,0.00257000453163307,0,"Significant","missense"
"15443C>A","7332G>A",774,770.77174929841,0.00181517238065846,0.077,"Not Significant","missense"
"15443C>A","8720G>T",578,575.364826941066,0.00198452923658111,0.19,"Not Significant","missense"
"15443C>A","13541C>T",842,836.89429373246,0.00264148481800189,0.003,"Significant","missense"
"15443C>A","13430C>T",891,887.2263797942,0.00184325787871228,0.016,"Significant","missense"
"15443C>A","15691A>T",762,757.942001870907,0.00231899688315474,0.021,"Significant","missense"
"15443C>A","3715G>A",859,854.65855940131,0.00220051738896192,0.005,"Significant","missense"
"15443C>A","6925C>T",910,904.99064546305,0.00239730222613873,0.005,"Significant","missense"
"15443C>A","6807C>T",656,657.277829747428,-0.000845144219574129,0.566,"Not Significant","missense"
"15443C>A","15539C>T",704,701.688493919551,0.00142830398741215,0.251,"Not Significant","missense"
"15443C>A","12920C>T",710,707.609915809167,0.00146443862634155,0.244,"Not Significant","missense"
"15443C>A","14895T>A",639,636.55285313377,0.00166638909819867,0.248,"Not Significant","missense"
"15443C>A","13007C>T",704,700.701590271282,0.00203955599810314,0.088,"Not Significant","missense"
"15443C>A","6648C>T",711,710.570626753976,0.000262349873564358,1,"Not Significant","missense"
"15443C>A","15600C>T",662,660.238540692236,0.00115711724694322,0.406,"Not Significant","missense"
"15443C>A","14225C>T",855,851.697848456501,0.00168056458802939,0.039,"Significant","missense"
"15443C>A","13565C>T",633,629.644527595884,0.00230827687125907,0.097,"Not Significant","missense"
"15443C>A","14945G>A",564,561.548175865295,0.00189208316333747,0.282,"Not Significant","missense"
"15443C>A","15636C>T",723,719.4527595884,0.00213601455162239,0.035,"Significant","missense"
"15443C>A","8181T>A",614,611.880261927035,0.00150192721798003,0.312,"Not Significant","missense"
"15443C>A","9270C>T",501,503.320860617399,-0.00200720465562367,0.28,"Not Significant","missense"
"15443C>A","5227G>A",631,629.644527595884,0.000933926098038454,0.582,"Not Significant","missense"
"15443C>A","13996G>A",780,772.745556594949,0.00405808620760305,0,"Significant","missense"
"15443C>A","14531C>T",816,813.208606173994,0.00148819263181173,0.107,"Not Significant","missense"
"15443C>A","15246G>A",512,509.242282507016,0.00234550492368552,0.178,"Not Significant","missense"
"15443C>A","12863G>A",683,679.976613657624,0.00192672734897298,0.09,"Not Significant","missense"
"15443C>A","3530C>T",843,837.88119738073,0.00264512995585585,0.008,"Significant","missense"
"15443C>A","8810C>T",531,527.993451824135,0.00246598463530669,0.127,"Not Significant","missense"
"15443C>A","3380G>A",400,399.695977549111,0.000330213688360302,1,"Not Significant","missense"
"15443C>A","10762G>A",879,872.422825070159,0.00326185563576499,0,"Significant","missense"
"15443C>A","14394C>T",428,426.342376052385,0.00168526777332608,0.39,"Not Significant","missense"
"15443C>A","9907G>C",486,485.55659494855,0.00039641206999958,1,"Not Significant","missense"
"15443C>A","7048C>T",804,804.32647333957,-0.00017631441645878,1,"Not Significant","missense"
"15443C>A","8406C>T",494,495.425631431244,-0.00125152264630564,0.577,"Not Significant","missense"
"15443C>A","8723G>A",817,814.195509822264,0.00149335355755675,0.108,"Not Significant","missense"
"15443C>A","12503G>A",759,753.00748362956,0.00344248351566598,0.001,"Significant","missense"
"15443C>A","13103G>C",474,471.739943872778,0.00207569063703225,0.288,"Not Significant","missense"
"15443C>A","15602A>G",755,751.033676333022,0.00228754043368167,0.027,"Significant","missense"
"15443C>A","4522T>C",728,723.400374181478,0.00275265024697538,0.007,"Significant","missense"
"15443C>A","12468T>A",726,721.426566884939,0.0027444893172995,0.008,"Significant","missense"
"15443C>A","6445C>T",909,908.938260056127,2.94986001850559e-05,1,"Not Significant","missense"
"15443C>A","14619A>T",717,710.570626753976,0.0039119048115976,0.003,"Significant","missense"
"15443C>A","13421T>C",738,732.282507015903,0.00337770211908051,0.002,"Significant","missense"
"15443C>A","13370C>T",702,700.701590271282,0.000804008985796427,0.572,"Not Significant","missense"
"15443C>A","10354C>T",750,746.099158091674,0.00226471346555982,0.033,"Significant","missense"
"15443C>A","15651C>T",847,841.828811973807,0.00265962473825013,0.004,"Significant","missense"
"15443C>A","8878C>T",814,809.260991580917,0.00253579808055075,0.007,"Significant","missense"
"15443C>A","6300G>A",704,701.688493919551,0.00142830398741215,0.242,"Not Significant","missense"
"15443C>A","15044C>T",809,804.32647333957,0.0025161584473619,0.01,"Significant","missense"
"15443C>A","7897G>T",693,689.845650140318,0.00198130444119163,0.076,"Not Significant","missense"
"15443C>A","7026G>A",753,750.046772684752,0.00170662949497551,0.146,"Not Significant","missense"
"15443C>A","7065G>A",711,705.636108512629,0.00328880450375186,0.002,"Significant","missense"
"15443C>A","15810C>T",686,679.976613657624,0.00383013937419181,0.002,"Significant","missense"
"15443C>A","3650C>T",803,796.431244153414,0.00356725613167669,0,"Significant","missense"
"15443C>A","15384C>T",453,453.975678203929,-0.00093438409367546,0.781,"Not Significant","missense"
"15443C>A","7916A>G",565,561.548175865295,0.00266142699943358,0.107,"Not Significant","missense"
"15443C>A","13682C>T",765,761.889616463985,0.0017693803929478,0.071,"Not Significant","missense"
"15443C>A","8734C>T",719,714.518241347053,0.0027155697608019,0.022,"Significant","missense"
"15443C>A","13759G>A",893,887.2263797942,0.00281701273038386,0,"Significant","missense"
"15443C>A","9835T>C",539,538.849391955098,0.000121368057067986,1,"Not Significant","missense"
"15443C>A","9651C>T",750,746.099158091674,0.00226471346555982,0.042,"Significant","missense"
"15443C>A","9520G>A",689,683.924228250702,0.00321123287088518,0.003,"Significant","missense"
"9837G>A","9295G>A",995,973.11131898971,0.00966055655380346,0,"Significant","missense"
"9837G>A","6174G>A",965,960.853133769878,0.00187030243663743,0.023,"Significant","missense"
"9837G>A","7273G>A",969,942.937324602432,0.0118409501500357,0,"Significant","missense"
"9837G>A","12053C>T",969,963.681945743686,0.00239005435134266,0.008,"Significant","missense"
"9837G>A","15698C>T",920,914.649204864359,0.00253326617858175,0.027,"Significant","missense"
"9837G>A","10944C>T",956,938.22263797942,0.00815198462964526,0,"Significant","missense"
"9837G>A","9445G>A",917,911.820392890552,0.00246003468629067,0.03,"Significant","missense"
"9837G>A","7332G>A",740,736.4340505145,0.00209785895294707,0.303,"Not Significant","missense"
"9837G>A","8720G>T",564,549.732460243218,0.0111277223235977,0,"Significant","missense"
"9837G>A","13541C>T",810,799.610851262863,0.00560633972120672,0.001,"Significant","missense"
"9837G>A","13430C>T",856,847.700654817586,0.00423124604319552,0.006,"Significant","missense"
"9837G>A","15691A>T",729,724.175865294668,0.00288348138573381,0.188,"Not Significant","missense"
"9837G>A","3715G>A",834,816.583723105706,0.00916533171966247,0,"Significant","missense"
"9837G>A","6925C>T",870,864.67352666043,0.00266709004786868,0.066,"Not Significant","missense"
"9837G>A","6807C>T",633,627.99625818522,0.00344665394632498,0.158,"Not Significant","missense"
"9837G>A","15539C>T",681,670.428437792329,0.0067946842822894,0.001,"Significant","missense"
"9837G>A","12920C>T",686,676.086061739944,0.0063221331382222,0.007,"Significant","missense"
"9837G>A","14895T>A",613,608.194574368569,0.00341793298241821,0.216,"Not Significant","missense"
"9837G>A","13007C>T",677,669.485500467727,0.00484749306533986,0.034,"Significant","missense"
"9837G>A","6648C>T",689,678.914873713751,0.00640389857562792,0.006,"Significant","missense"
"9837G>A","15600C>T",641,630.825070159027,0.00694908485026476,0.007,"Significant","missense"
"9837G>A","14225C>T",826,813.754911131899,0.00648642470444336,0.002,"Significant","missense"
"9837G>A","13565C>T",606,601.594013096352,0.00316911854439496,0.273,"Not Significant","missense"
"9837G>A","14945G>A",542,536.531337698784,0.00440419324258649,0.18,"Not Significant","missense"
"9837G>A","15636C>T",704,687.401309635173,0.0103623039234076,0,"Significant","missense"
"9837G>A","8181T>A",595,584.621141253508,0.00764244932956589,0.004,"Significant","missense"
"9837G>A","9270C>T",475,480.89803554724,-0.0053593933737971,0.16,"Not Significant","missense"
"9837G>A","5227G>A",616,601.594013096352,0.010277206542533,0,"Significant","missense"
"9837G>A","13996G>A",758,738.319925163704,0.0114246166733802,0,"Significant","missense"
"9837G>A","14531C>T",787,776.980355472404,0.00556469376121963,0.001,"Significant","missense"
"9837G>A","15246G>A",485,486.555659494855,-0.00139078992567587,0.721,"Not Significant","missense"
"9837G>A","12863G>A",658,649.683816651076,0.00552384480560032,0.019,"Significant","missense"
"9837G>A","3530C>T",809,800.553788587465,0.00455800446759056,0.002,"Significant","missense"
"9837G>A","8810C>T",507,504.471468662301,0.00217135041137861,0.508,"Not Significant","missense"
"9837G>A","3380G>A",382,381.889616463985,0.000125512796311701,1,"Not Significant","missense"
"9837G>A","10762G>A",841,833.55659494855,0.0038609038841102,0.018,"Significant","missense"
"9837G>A","14394C>T",405,407.348924228251,-0.00251155050097143,0.606,"Not Significant","missense"
"9837G>A","9907G>C",473,463.925163704397,0.00841321106972102,0.007,"Significant","missense"
"9837G>A","7048C>T",782,768.493919550982,0.00756631741914203,0,"Significant","missense"
"9837G>A","8406C>T",479,473.354536950421,0.00514896936881426,0.151,"Not Significant","missense"
"9837G>A","8723G>A",788,777.923292797007,0.00558944203890104,0.003,"Significant","missense"
"9837G>A","12503G>A",726,719.461178671656,0.00392925584448426,0.06,"Not Significant","missense"
"9837G>A","13103G>C",459,450.724041159963,0.0079019620244121,0.04,"Significant","missense"
"9837G>A","15602A>G",725,717.575304022451,0.00447052289969181,0.04,"Significant","missense"
"9837G>A","4522T>C",703,691.173058933583,0.00736852347796649,0.001,"Significant","missense"
"9837G>A","12468T>A",698,689.287184284378,0.00545521876457139,0.02,"Significant","missense"
"9837G>A","6445C>T",877,868.44527595884,0.00425713626846265,0.003,"Significant","missense"
"9837G>A","14619A>T",700,678.914873713751,0.0132827166822579,0,"Significant","missense"
"9837G>A","13421T>C",721,699.659494855005,0.0130485325396716,0,"Significant","missense"
"9837G>A","13370C>T",678,669.485500467727,0.00548851824725882,0.017,"Significant","missense"
"9837G>A","10354C>T",733,712.860617399439,0.0120993522391913,0,"Significant","missense"
"9837G>A","15651C>T",808,804.325537885875,0.00197950270633448,0.251,"Not Significant","missense"
"9837G>A","8878C>T",778,773.208606173994,0.00268291770524344,0.17,"Not Significant","missense"
"9837G>A","6300G>A",688,670.428437792329,0.0112360106050149,0,"Significant","missense"
"9837G>A","15044C>T",778,768.493919550982,0.00533916134898318,0.004,"Significant","missense"
"9837G>A","7897G>T",666,659.1131898971,0.00451422652389055,0.072,"Not Significant","missense"
"9837G>A","7026G>A",725,716.632366697848,0.00504158738947319,0.021,"Significant","missense"
"9837G>A","7065G>A",681,674.200187090739,0.00435824321097543,0.08,"Not Significant","missense"
"9837G>A","15810C>T",669,649.683816651076,0.0127240689594668,0,"Significant","missense"
"9837G>A","3650C>T",778,760.950420954163,0.00962323536688885,0,"Significant","missense"
"9837G>A","15384C>T",437,433.751169317119,0.00324077838811845,0.427,"Not Significant","missense"
"9837G>A","7916A>G",548,536.531337698784,0.00918546518856783,0.001,"Significant","missense"
"9837G>A","13682C>T",734,727.947614593078,0.00359593267960544,0.09,"Not Significant","missense"
"9837G>A","8734C>T",689,682.686623012161,0.00399782880974981,0.108,"Not Significant","missense"
"9837G>A","13759G>A",852,847.700654817586,0.00219707613274268,0.149,"Not Significant","missense"
"9837G>A","9835T>C",526,514.843779232928,0.00931027454827163,0.006,"Significant","missense"
"9837G>A","9651C>T",719,712.860617399439,0.00372426798094703,0.075,"Not Significant","missense"
"9837G>A","9520G>A",676,653.455565949486,0.0147306344290985,0,"Significant","missense"
"9295G>A","6174G>A",989,983.730589335828,0.00232011550833821,0.002,"Significant","missense"
"9295G>A","7273G>A",989,965.388213283442,0.0104942995147638,0,"Significant","missense"
"9295G>A","12053C>T",990,986.626753975678,0.00148230671644135,0.026,"Significant","missense"
"9295G>A","15698C>T",938,936.426566884939,0.000729112030404982,0.393,"Not Significant","missense"
"9295G>A","10944C>T",977,960.561272217025,0.00736949089063224,0,"Significant","missense"
"9295G>A","9445G>A",936,933.530402245089,0.00114738257268891,0.224,"Not Significant","missense"
"9295G>A","7332G>A",754,753.968194574369,1.83199100592169e-05,1,"Not Significant","missense"
"9295G>A","8720G>T",571,562.821328344247,0.0062655614044183,0.011,"Significant","missense"
"9295G>A","13541C>T",825,818.649204864359,0.00335610421079631,0.018,"Significant","missense"
"9295G>A","13430C>T",878,867.884003741815,0.00503283209045867,0,"Significant","missense"
"9295G>A","15691A>T",742,741.418147801684,0.000340693165100463,0.851,"Not Significant","missense"
"9295G>A","3715G>A",852,836.026192703461,0.00821971066693789,0,"Significant","missense"
"9295G>A","6925C>T",888,885.260991580917,0.00134163802616521,0.223,"Not Significant","missense"
"9295G>A","6807C>T",647,642.948550046773,0.00272805941598434,0.161,"Not Significant","missense"
"9295G>A","15539C>T",692,686.391019644528,0.00353450164457641,0.051,"Not Significant","missense"
"9295G>A","12920C>T",697,692.183348924228,0.00301163034779433,0.105,"Not Significant","missense"
"9295G>A","14895T>A",626,622.67539756782,0.00231262649274695,0.288,"Not Significant","missense"
"9295G>A","13007C>T",687,685.425631431244,0.000996396258060472,0.596,"Not Significant","missense"
"9295G>A","6648C>T",698,695.079513564079,0.00182093410947776,0.38,"Not Significant","missense"
"9295G>A","15600C>T",652,645.844714686623,0.00411948588168196,0.04,"Significant","missense"
"9295G>A","14225C>T",839,833.130028063611,0.00304917303107578,0.015,"Significant","missense"
"9295G>A","13565C>T",619,615.917680074836,0.00216797821654087,0.307,"Not Significant","missense"
"9295G>A","14945G>A",551,549.305893358279,0.00133734037429916,0.611,"Not Significant","missense"
"9295G>A","15636C>T",714,703.76800748363,0.00626869137578431,0,"Significant","missense"
"9295G>A","8181T>A",603,598.540692235734,0.00322363055948234,0.178,"Not Significant","missense"
"9295G>A","9270C>T",491,492.347988774556,-0.00119067605738214,0.72,"Not Significant","missense"
"9295G>A","5227G>A",624,615.917680074836,0.00566191887884625,0.005,"Significant","missense"
"9295G>A","13996G>A",767,755.898971000935,0.00633160980862224,0,"Significant","missense"
"9295G>A","14531C>T",798,795.479887745557,0.00137368757119898,0.322,"Not Significant","missense"
"9295G>A","15246G>A",499,498.140318054256,0.00074885191376384,0.879,"Not Significant","missense"
"9295G>A","12863G>A",669,665.152478952292,0.00250490377778235,0.207,"Not Significant","missense"
"9295G>A","3530C>T",826,819.614593077643,0.00337036499401459,0.019,"Significant","missense"
"9295G>A","8810C>T",518,516.482694106642,0.00127398564158981,0.611,"Not Significant","missense"
"9295G>A","3380G>A",394,390.982226379794,0.00333920652849015,0.311,"Not Significant","missense"
"9295G>A","10762G>A",854,853.403180542563,0.00030361359351749,0.838,"Not Significant","missense"
"9295G>A","14394C>T",419,417.047708138447,0.00202828406896815,0.599,"Not Significant","missense"
"9295G>A","9907G>C",479,474.971000935454,0.00366841856478764,0.18,"Not Significant","missense"
"9295G>A","7048C>T",794,786.791393826006,0.00396090160470453,0.01,"Significant","missense"
"9295G>A","8406C>T",490,484.624883068288,0.00479037080107874,0.089,"Not Significant","missense"
"9295G>A","8723G>A",801,796.44527595884,0.00247657545189768,0.08,"Not Significant","missense"
"9295G>A","12503G>A",741,736.591206735267,0.00259167794203284,0.158,"Not Significant","missense"
"9295G>A","13103G>C",466,461.455565949486,0.00425602799546581,0.138,"Not Significant","missense"
"9295G>A","15602A>G",739,734.6604303087,0.00255778954183804,0.129,"Not Significant","missense"
"9295G>A","4522T>C",720,707.629560336763,0.00752652970772491,0,"Significant","missense"
"9295G>A","12468T>A",710,705.698783910196,0.00263897967879999,0.152,"Not Significant","missense"
"9295G>A","6445C>T",893,889.12254443405,0.00188983660928277,0.079,"Not Significant","missense"
"9295G>A","14619A>T",709,695.079513564079,0.00861174666938226,0,"Significant","missense"
"9295G>A","13421T>C",730,716.318054256314,0.00821696275901311,0,"Significant","missense"
"9295G>A","13370C>T",692,685.425631431244,0.00414575365526743,0.027,"Significant","missense"
"9295G>A","10354C>T",747,729.833489242283,0.0100968142317763,0,"Significant","missense"
"9295G>A","15651C>T",824,823.476145930776,0.000276188447178177,0.85,"Not Significant","missense"
"9295G>A","8878C>T",795,791.618334892423,0.00185128419033882,0.242,"Not Significant","missense"
"9295G>A","6300G>A",697,686.391019644528,0.0066611852858276,0,"Significant","missense"
"9295G>A","15044C>T",794,786.791393826006,0.00396090160470453,0.004,"Significant","missense"
"9295G>A","7897G>T",679,674.806361085126,0.00269060645240538,0.125,"Not Significant","missense"
"9295G>A","7026G>A",745,733.695042095416,0.00664068838508604,0,"Significant","missense"
"9295G>A","7065G>A",695,690.252572497661,0.00297677070661828,0.101,"Not Significant","missense"
"9295G>A","15810C>T",680,665.152478952292,0.00958769871619452,0,"Significant","missense"
"9295G>A","3650C>T",786,779.068288119738,0.00384701923492244,0.013,"Significant","missense"
"9295G>A","15384C>T",450,444.078578110384,0.0057526900113538,0.052,"Not Significant","missense"
"9295G>A","7916A>G",557,549.305893358279,0.0060409366962422,0.011,"Significant","missense"
"9295G>A","13682C>T",748,745.279700654818,0.00158230544631042,0.338,"Not Significant","missense"
"9295G>A","8734C>T",702,698.941066417212,0.0018965538502436,0.274,"Not Significant","missense"
"9295G>A","13759G>A",875,867.884003741815,0.00354636920666949,0.001,"Significant","missense"
"9295G>A","9835T>C",529,527.10196445276,0.00156103724803381,0.607,"Not Significant","missense"
"9295G>A","9651C>T",734,729.833489242283,0.00247227233244906,0.134,"Not Significant","missense"
"9295G>A","9520G>A",684,669.014031805426,0.00962087502589352,0,"Significant","missense"
"6174G>A","7273G>A",956,953.227315247895,0.00126141347845153,0.132,"Not Significant","missense"
"6174G>A","12053C>T",979,974.198316183349,0.00213531720679529,0.002,"Significant","missense"
"6174G>A","15698C>T",931,924.630495790458,0.00298146791744906,0.009,"Significant","missense"
"6174G>A","10944C>T",953,948.461178671656,0.00207334109495232,0.018,"Significant","missense"
"6174G>A","9445G>A",928,921.770813844715,0.00292502333821165,0.009,"Significant","missense"
"6174G>A","7332G>A",746,744.470533208606,0.000891314797719882,0.632,"Not Significant","missense"
"6174G>A","8720G>T",563,555.731524789523,0.00564336129468266,0.044,"Significant","missense"
"6174G>A","13541C>T",816,808.336763330215,0.00409782769949839,0.009,"Significant","missense"
"6174G>A","13430C>T",866,856.951356407858,0.00456172148646893,0,"Significant","missense"
"6174G>A","15691A>T",736,732.078578110384,0.00232011550833811,0.252,"Not Significant","missense"
"6174G>A","3715G>A",834,825.494855004677,0.00445167982274309,0.003,"Significant","missense"
"6174G>A","6925C>T",876,874.10944808232,0.00093829170041118,0.529,"Not Significant","missense"
"6174G>A","6807C>T",632,634.849391955098,-0.00195362968556414,0.47,"Not Significant","missense"
"6174G>A","15539C>T",687,677.744621141254,0.00589065753213484,0.001,"Significant","missense"
"6174G>A","12920C>T",684,683.463985032741,0.00034046725466767,0.868,"Not Significant","missense"
"6174G>A","14895T>A",623,614.831618334893,0.00573185322625246,0.021,"Significant","missense"
"6174G>A","13007C>T",678,676.791393826006,0.000774866350339494,0.745,"Not Significant","missense"
"6174G>A","6648C>T",686,686.323666978485,-0.000204859522165168,1,"Not Significant","missense"
"6174G>A","15600C>T",642,637.709073900842,0.00291243150338136,0.221,"Not Significant","missense"
"6174G>A","14225C>T",827,822.635173058934,0.00229823503968839,0.14,"Not Significant","missense"
"6174G>A","13565C>T",609,608.159027128157,0.000600135114064531,0.908,"Not Significant","missense"
"6174G>A","14945G>A",541,542.386342376052,-0.00111148008614986,0.769,"Not Significant","missense"
"6174G>A","15636C>T",703,694.902712815716,0.0050313179042002,0.016,"Significant","missense"
"6174G>A","8181T>A",591,591.000935453695,-6.87414646930204e-07,1,"Not Significant","missense"
"6174G>A","9270C>T",482,486.145930776427,-0.00371961665673443,0.251,"Not Significant","missense"
"6174G>A","5227G>A",616,608.159027128157,0.00556355464561382,0.032,"Significant","missense"
"6174G>A","13996G>A",754,746.376987839102,0.00441310501418174,0.018,"Significant","missense"
"6174G>A","14531C>T",790,785.459307764266,0.00250340079567685,0.13,"Not Significant","missense"
"6174G>A","15246G>A",488,491.865294667914,-0.00342635842214845,0.322,"Not Significant","missense"
"6174G>A","12863G>A",677,656.7736202058,0.0131729679798681,0,"Significant","missense"
"6174G>A","3530C>T",811,809.289990645463,0.0009166851695549,0.577,"Not Significant","missense"
"6174G>A","8810C>T",508,509.976613657624,-0.00168654853495727,0.661,"Not Significant","missense"
"6174G>A","3380G>A",383,386.057062675398,-0.00345272804369333,0.347,"Not Significant","missense"
"6174G>A","10762G>A",849,842.652946679139,0.00325894643323082,0.011,"Significant","missense"
"6174G>A","14394C>T",413,411.794200187091,0.00126982604384027,0.777,"Not Significant","missense"
"6174G>A","9907G>C",475,468.987839101964,0.00553202805985664,0.08,"Not Significant","missense"
"6174G>A","7048C>T",786,776.880261927035,0.00506845850178218,0.002,"Significant","missense"
"6174G>A","8406C>T",481,478.520112254443,0.00224488043116358,0.545,"Not Significant","missense"
"6174G>A","8723G>A",791,786.412535079514,0.00252605615010271,0.134,"Not Significant","missense"
"6174G>A","12503G>A",730,727.312441534144,0.0016018433679268,0.395,"Not Significant","missense"
"6174G>A","13103G>C",463,455.642656688494,0.00695661560818433,0.03,"Significant","missense"
"6174G>A","15602A>G",729,725.405986903648,0.00214639274975312,0.253,"Not Significant","missense"
"6174G>A","4522T>C",707,698.715622076707,0.00511896035812226,0.009,"Significant","missense"
"6174G>A","12468T>A",703,696.809167446211,0.00384146926431462,0.061,"Not Significant","missense"
"6174G>A","6445C>T",880,877.922357343312,0.00102656315567121,0.414,"Not Significant","missense"
"6174G>A","14619A>T",692,686.323666978485,0.00357711922784038,0.088,"Not Significant","missense"
"6174G>A","13421T>C",715,707.294667913938,0.00470565772440447,0.019,"Significant","missense"
"6174G>A","13370C>T",685,676.791393826006,0.00523574397570111,0.022,"Significant","missense"
"6174G>A","10354C>T",726,720.639850327409,0.00321834640123835,0.11,"Not Significant","missense"
"6174G>A","15651C>T",815,813.102899906455,0.00101209877480512,0.595,"Not Significant","missense"
"6174G>A","8878C>T",789,781.646398503274,0.00406667202805476,0.014,"Significant","missense"
"6174G>A","6300G>A",688,677.744621141254,0.00652235870809565,0,"Significant","missense"
"6174G>A","15044C>T",787,776.880261927035,0.00562064482143878,0.001,"Significant","missense"
"6174G>A","7897G>T",668,666.305893358279,0.00110280793221576,0.624,"Not Significant","missense"
"6174G>A","7026G>A",736,724.4527595884,0.00686774325905818,0,"Significant","missense"
"6174G>A","7065G>A",687,681.557530402245,0.00345421646082091,0.117,"Not Significant","missense"
"6174G>A","15810C>T",664,656.7736202058,0.00475237866274245,0.028,"Significant","missense"
"6174G>A","3650C>T",775,769.254443405051,0.00323168898659106,0.061,"Not Significant","missense"
"6174G>A","15384C>T",439,438.484565014032,0.000510209762898797,0.899,"Not Significant","missense"
"6174G>A","7916A>G",552,542.386342376052,0.007630332536478,0.006,"Significant","missense"
"6174G>A","13682C>T",744,735.891487371375,0.00475915641249346,0.012,"Significant","missense"
"6174G>A","8734C>T",694,690.136576239476,0.00242442546005923,0.299,"Not Significant","missense"
"6174G>A","13759G>A",857,856.951356407858,2.46513923209872e-05,1,"Not Significant","missense"
"6174G>A","9835T>C",524,520.462114125351,0.00294216548134059,0.33,"Not Significant","missense"
"6174G>A","9651C>T",724,720.639850327409,0.00202029189829172,0.346,"Not Significant","missense"
"6174G>A","9520G>A",665,660.586529466791,0.00289193189364906,0.221,"Not Significant","missense"
"7273G>A","12053C>T",961,956.033676333022,0.0022501970786292,0.01,"Significant","missense"
"7273G>A","15698C>T",911,907.390084190833,0.00172434791553117,0.119,"Not Significant","missense"
"7273G>A","10944C>T",957,930.776426566885,0.0120665622398948,0,"Significant","missense"
"7273G>A","9445G>A",909,904.583723105706,0.00211511434774356,0.084,"Not Significant","missense"
"7273G>A","7332G>A",734,730.589335827877,0.00202273124754798,0.422,"Not Significant","missense"
"7273G>A","8720G>T",562,545.369504209542,0.0130454660188226,0,"Significant","missense"
"7273G>A","13541C>T",801,793.264733395697,0.00421436903630132,0.02,"Significant","missense"
"7273G>A","13430C>T",855,840.972871842844,0.007184128203721,0,"Significant","missense"
"7273G>A","15691A>T",724,718.428437792329,0.00335505137441248,0.12,"Not Significant","missense"
"7273G>A","3715G>A",829,810.102899906455,0.0100143437417037,0,"Significant","missense"
"7273G>A","6925C>T",866,857.811038353601,0.00412626155610306,0.003,"Significant","missense"
"7273G>A","6807C>T",628,623.012160898036,0.00346311977567254,0.258,"Not Significant","missense"
"7273G>A","15539C>T",683,665.10757717493,0.0115288081605426,0,"Significant","missense"
"7273G>A","12920C>T",680,670.720299345182,0.00596746224721331,0.017,"Significant","missense"
"7273G>A","14895T>A",614,603.367633302152,0.00758636171467668,0.004,"Significant","missense"
"7273G>A","13007C>T",673,664.172123479888,0.0057344207136787,0.021,"Significant","missense"
"7273G>A","6648C>T",683,673.526660430309,0.00606591245904122,0.011,"Significant","missense"
"7273G>A","15600C>T",637,625.818521983162,0.00769101977630416,0.002,"Significant","missense"
"7273G>A","14225C>T",813,807.296538821328,0.00305745508763623,0.079,"Not Significant","missense"
"7273G>A","13565C>T",599,596.819457436857,0.00158384887692685,0.624,"Not Significant","missense"
"7273G>A","14945G>A",534,532.273152478952,0.00140669584226301,0.689,"Not Significant","missense"
"7273G>A","15636C>T",699,681.945743685688,0.0107273526364832,0,"Significant","missense"
"7273G>A","8181T>A",590,579.981290926099,0.00743802735266701,0.009,"Significant","missense"
"7273G>A","9270C>T",477,477.081384471469,-7.40918490443434e-05,1,"Not Significant","missense"
"7273G>A","5227G>A",612,596.819457436857,0.0109084486331751,0,"Significant","missense"
"7273G>A","13996G>A",754,732.460243217961,0.012587289020607,0,"Significant","missense"
"7273G>A","14531C>T",783,770.813844714687,0.00681225556960477,0.001,"Significant","missense"
"7273G>A","15246G>A",481,482.694106641721,-0.00152692004460126,0.71,"Not Significant","missense"
"7273G>A","12863G>A",659,644.527595884004,0.00964389789516054,0,"Significant","missense"
"7273G>A","3530C>T",803,794.200187090739,0.0047855602435057,0.008,"Significant","missense"
"7273G>A","8810C>T",499,500.467726847521,-0.0012755311890603,0.801,"Not Significant","missense"
"7273G>A","3380G>A",385,378.858746492049,0.00698341150260827,0.145,"Not Significant","missense"
"7273G>A","10762G>A",836,826.941066417212,0.00473171763472078,0.003,"Significant","missense"
"7273G>A","14394C>T",400,404.115996258185,-0.00444605027817061,0.323,"Not Significant","missense"
"7273G>A","9907G>C",469,460.243217960711,0.00818544515649924,0.034,"Significant","missense"
"7273G>A","7048C>T",780,762.394761459308,0.0099146991592806,0,"Significant","missense"
"7273G>A","8406C>T",481,469.597754911132,0.0104190644375883,0.009,"Significant","missense"
"7273G>A","8723G>A",782,771.749298409729,0.0057305097187002,0.001,"Significant","missense"
"7273G>A","12503G>A",726,713.751169317119,0.0073897879539903,0.002,"Significant","missense"
"7273G>A","13103G>C",458,447.146866230122,0.010415286600526,0.009,"Significant","missense"
"7273G>A","15602A>G",727,711.880261927035,0.00912745929724183,0,"Significant","missense"
"7273G>A","4522T>C",709,685.687558465856,0.0145199657507145,0,"Significant","missense"
"7273G>A","12468T>A",695,683.816651075772,0.00704513284103042,0.003,"Significant","missense"
"7273G>A","6445C>T",870,861.55285313377,0.00423732763054713,0.005,"Significant","missense"
"7273G>A","14619A>T",696,673.526660430309,0.0142544483880696,0,"Significant","missense"
"7273G>A","13421T>C",719,694.106641721235,0.0153026903126314,0,"Significant","missense"
"7273G>A","13370C>T",681,664.172123479888,0.0108664684024863,0,"Significant","missense"
"7273G>A","10354C>T",727,707.202993451824,0.0119903205666076,0,"Significant","missense"
"7273G>A","15651C>T",804,797.942001870907,0.0032847227897059,0.059,"Not Significant","missense"
"7273G>A","8878C>T",782,767.072029934518,0.00837060588490821,0,"Significant","missense"
"7273G>A","6300G>A",683,665.10757717493,0.0115288081605426,0,"Significant","missense"
"7273G>A","15044C>T",775,762.394761459308,0.00712179897511084,0,"Significant","missense"
"7273G>A","7897G>T",666,653.882132834425,0.00797475863339647,0.002,"Significant","missense"
"7273G>A","7026G>A",729,710.944808231992,0.0108916412459598,0,"Significant","missense"
"7273G>A","7065G>A",684,668.849391955098,0.00972776512781224,0.001,"Significant","missense"
"7273G>A","15810C>T",671,644.527595884004,0.0174810034701416,0,"Significant","missense"
"7273G>A","3650C>T",778,754.911131898971,0.0130837674763948,0,"Significant","missense"
"7273G>A","15384C>T",436,430.308699719364,0.00570636279578863,0.173,"Not Significant","missense"
"7273G>A","7916A>G",550,532.273152478952,0.0142281283079481,0,"Significant","missense"
"7273G>A","13682C>T",732,722.170252572498,0.00587148593143286,0.009,"Significant","missense"
"7273G>A","8734C>T",689,677.268475210477,0.00745836091925589,0,"Significant","missense"
"7273G>A","13759G>A",845,840.972871842844,0.00207472242524133,0.193,"Not Significant","missense"
"7273G>A","9835T>C",523,510.757717492984,0.0102867513713131,0.002,"Significant","missense"
"7273G>A","9651C>T",721,707.202993451824,0.00839117442699925,0.001,"Significant","missense"
"7273G>A","9520G>A",673,648.269410664172,0.0162595348209458,0,"Significant","missense"
"12053C>T","15698C>T",934,927.352666043031,0.00310195137393228,0.002,"Significant","missense"
"12053C>T","10944C>T",961,951.253507951356,0.00442711633290355,0,"Significant","missense"
"12053C>T","9445G>A",933,924.484565014032,0.00398197907358192,0,"Significant","missense"
"12053C>T","7332G>A",752,746.66230121609,0.00309361612442558,0.096,"Not Significant","missense"
"12053C>T","8720G>T",563,557.367633302152,0.00436664950241541,0.101,"Not Significant","missense"
"12053C>T","13541C>T",814,810.716557530402,0.00175536204257127,0.26,"Not Significant","missense"
"12053C>T","13430C>T",868,859.474275023386,0.00428684285334676,0.002,"Significant","missense"
"12053C>T","15691A>T",736,734.23386342376,0.00104340371607088,0.633,"Not Significant","missense"
"12053C>T","3715G>A",836,827.925163704397,0.00421519483175331,0.005,"Significant","missense"
"12053C>T","6925C>T",884,876.682881197381,0.0036097387531357,0.003,"Significant","missense"
"12053C>T","6807C>T",641,636.718428437792,0.0029106097586,0.214,"Not Significant","missense"
"12053C>T","15539C>T",687,679.739943872778,0.00461394573986757,0.02,"Significant","missense"
"12053C>T","12920C>T",687,685.476145930776,0.000964390801834322,0.64,"Not Significant","missense"
"12053C>T","14895T>A",625,616.641721234799,0.00584711211889056,0.014,"Significant","missense"
"12053C>T","13007C>T",681,678.783910196445,0.00141557260379375,0.513,"Not Significant","missense"
"12053C>T","6648C>T",689,688.344246959775,0.000413534886441403,0.863,"Not Significant","missense"
"12053C>T","15600C>T",639,639.586529466791,-0.000398450199338773,0.874,"Not Significant","missense"
"12053C>T","14225C>T",837,825.057062675398,0.00624147168813378,0,"Significant","missense"
"12053C>T","13565C>T",615,609.949485500468,0.00358124646433795,0.119,"Not Significant","missense"
"12053C>T","14945G>A",545,543.983161833489,0.00081104529165532,0.769,"Not Significant","missense"
"12053C>T","15636C>T",710,696.948550046773,0.00805762981118354,0,"Significant","missense"
"12053C>T","8181T>A",591,592.740879326473,-0.00127739920691417,0.648,"Not Significant","missense"
"12053C>T","9270C>T",490,487.577174929841,0.00215271334066098,0.549,"Not Significant","missense"
"12053C>T","5227G>A",616,609.949485500468,0.00428684285334657,0.093,"Not Significant","missense"
"12053C>T","13996G>A",751,748.574368568756,0.00140498435630896,0.488,"Not Significant","missense"
"12053C>T","14531C>T",797,787.77174929841,0.00505791910908002,0.003,"Significant","missense"
"12053C>T","15246G>A",493,493.313376987839,-0.00027597293989716,1,"Not Significant","missense"
"12053C>T","12863G>A",667,658.707202993452,0.00543342141900644,0.011,"Significant","missense"
"12053C>T","3530C>T",821,811.672591206735,0.00496227628557159,0.001,"Significant","missense"
"12053C>T","8810C>T",513,511.478016838167,0.00129039250067167,0.657,"Not Significant","missense"
"12053C>T","3380G>A",388,387.193638914874,0.000903511789622572,0.902,"Not Significant","missense"
"12053C>T","10762G>A",854,845.133769878391,0.00453241508601558,0,"Significant","missense"
"12053C>T","14394C>T",412,413.006548175865,-0.00105972137169314,0.758,"Not Significant","missense"
"12053C>T","9907G>C",477,470.368568755847,0.00608008568283638,0.055,"Not Significant","missense"
"12053C>T","7048C>T",786,779.167446211412,0.00379174670951494,0.022,"Significant","missense"
"12053C>T","8406C>T",484,479.928905519177,0.00366845390947645,0.251,"Not Significant","missense"
"12053C>T","8723G>A",799,788.727782974743,0.00561964017414975,0.001,"Significant","missense"
"12053C>T","12503G>A",740,729.453695042095,0.00623399118617895,0,"Significant","missense"
"12053C>T","13103G>C",464,456.984097287184,0.00661689335284464,0.037,"Significant","missense"
"12053C>T","15602A>G",733,727.541627689429,0.00324612728063879,0.093,"Not Significant","missense"
"12053C>T","4522T>C",709,700.772684752105,0.005069069952022,0.009,"Significant","missense"
"12053C>T","12468T>A",707,698.860617399439,0.00502884624912242,0.008,"Significant","missense"
"12053C>T","6445C>T",887,880.507015902713,0.00319079904496128,0.009,"Significant","missense"
"12053C>T","14619A>T",697,688.344246959775,0.00542709107682428,0.008,"Significant","missense"
"12053C>T","13421T>C",717,709.376987839102,0.00464205979885647,0.012,"Significant","missense"
"12053C>T","13370C>T",689,678.783910196445,0.00648768259863365,0.003,"Significant","missense"
"12053C>T","10354C>T",728,722.761459307764,0.00313639322191426,0.096,"Not Significant","missense"
"12053C>T","15651C>T",830,815.496725912067,0.00765587061863405,0,"Significant","missense"
"12053C>T","8878C>T",788,783.947614593078,0.00223917451592242,0.151,"Not Significant","missense"
"12053C>T","6300G>A",682,679.739943872778,0.00144158333679645,0.544,"Not Significant","missense"
"12053C>T","15044C>T",785,779.167446211412,0.00323885741535963,0.054,"Not Significant","missense"
"12053C>T","7897G>T",679,668.267539756782,0.00691940794490335,0.001,"Significant","missense"
"12053C>T","7026G>A",735,726.585594013096,0.00500055621348698,0.003,"Significant","missense"
"12053C>T","7065G>A",693,683.56407857811,0.0059540022208094,0.006,"Significant","missense"
"12053C>T","15810C>T",661,658.707202993452,0.00150904698809825,0.532,"Not Significant","missense"
"12053C>T","3650C>T",781,771.519176800748,0.00530430856531334,0,"Significant","missense"
"12053C>T","15384C>T",444,439.77549111319,0.00415194784312894,0.235,"Not Significant","missense"
"12053C>T","7916A>G",548,543.983161833489,0.00319510149938159,0.248,"Not Significant","missense"
"12053C>T","13682C>T",741,738.057998129093,0.00172771705367588,0.409,"Not Significant","missense"
"12053C>T","8734C>T",696,692.168381665108,0.00239748282349892,0.235,"Not Significant","missense"
"12053C>T","13759G>A",864,859.474275023386,0.00228086015574838,0.081,"Not Significant","missense"
"12053C>T","9835T>C",525,521.99438727783,0.00249347011130332,0.393,"Not Significant","missense"
"12053C>T","9651C>T",729,722.761459307764,0.00373254222685161,0.047,"Significant","missense"
"12053C>T","9520G>A",664,662.531337698784,0.00096165416629475,0.768,"Not Significant","missense"
"15698C>T","10944C>T",913,902.853133769878,0.00485366773110606,0,"Significant","missense"
"15698C>T","9445G>A",882,877.446211412535,0.00224808199135095,0.126,"Not Significant","missense"
"15698C>T","7332G>A",702,708.67165575304,-0.00410795080496132,0.14,"Not Significant","missense"
"15698C>T","8720G>T",554,529.008419083255,0.0200471809119451,0,"Significant","missense"
"15698C>T","13541C>T",796,769.466791393826,0.0147231864234864,0,"Significant","missense"
"15698C>T","13430C>T",829,815.743685687558,0.00700080975957705,0.001,"Significant","missense"
"15698C>T","15691A>T",720,696.875584658559,0.0141772473422877,0,"Significant","missense"
"15698C>T","3715G>A",805,785.799812909261,0.0104839592930537,0,"Significant","missense"
"15698C>T","6925C>T",842,832.076707202993,0.00514872677216091,0.003,"Significant","missense"
"15698C>T","6807C>T",594,604.321796071095,-0.00748181324657316,0.022,"Significant","missense"
"15698C>T","15539C>T",658,645.154349859682,0.00856226382672108,0.007,"Significant","missense"
"15698C>T","12920C>T",669,650.598690364827,0.0121129330425543,0,"Significant","missense"
"15698C>T","14895T>A",600,585.266604303087,0.0107975066909071,0.001,"Significant","missense"
"15698C>T","13007C>T",665,644.246959775491,0.0137692675265604,0,"Significant","missense"
"15698C>T","6648C>T",672,653.3208606174,0.0122427475650881,0,"Significant","missense"
"15698C>T","15600C>T",623,607.043966323667,0.0112678998338778,0,"Significant","missense"
"15698C>T","14225C>T",799,783.077642656688,0.00874195454131387,0.001,"Significant","missense"
"15698C>T","13565C>T",575,578.914873713751,-0.00294686308899815,0.445,"Not Significant","missense"
"15698C>T","14945G>A",511,516.304957904584,-0.00448539531782435,0.284,"Not Significant","missense"
"15698C>T","15636C>T",692,661.487371375117,0.0195845370813134,0,"Significant","missense"
"15698C>T","8181T>A",582,562.581852198316,0.0147372660941652,0,"Significant","missense"
"15698C>T","9270C>T",437,462.768942937325,-0.0248827681849758,0,"Significant","missense"
"15698C>T","5227G>A",601,578.914873713751,0.0162597642241076,0,"Significant","missense"
"15698C>T","13996G>A",740,710.486435921422,0.0176759286155636,0,"Significant","missense"
"15698C>T","14531C>T",758,747.689429373246,0.00594796487747015,0.015,"Significant","missense"
"15698C>T","15246G>A",458,468.21328344247,-0.00957825268080693,0.025,"Significant","missense"
"15698C>T","12863G>A",637,625.191768007484,0.00812618137025644,0.013,"Significant","missense"
"15698C>T","3530C>T",783,770.374181478017,0.00706004275652294,0.002,"Significant","missense"
"15698C>T","8810C>T",481,485.453695042095,-0.00400273470486268,0.396,"Not Significant","missense"
"15698C>T","3380G>A",343,367.492984097287,-0.0299549322293565,0,"Significant","missense"
"15698C>T","10762G>A",828,802.132834424696,0.0137840427143386,0,"Significant","missense"
"15698C>T","14394C>T",381,391.99251637044,-0.0123528001967565,0.018,"Significant","missense"
"15698C>T","9907G>C",471,446.43592142189,0.0232617753040639,0,"Significant","missense"
"15698C>T","7048C>T",745,739.522918615529,0.00320463495084898,0.232,"Not Significant","missense"
"15698C>T","8406C>T",435,455.509822263798,-0.0200084892478444,0,"Significant","missense"
"15698C>T","8723G>A",749,748.596819457437,0.000233840092074446,1,"Not Significant","missense"
"15698C>T","12503G>A",704,692.338634237605,0.00725409212976381,0.006,"Significant","missense"
"15698C>T","13103G>C",459,433.732460243218,0.02459075986767,0,"Significant","missense"
"15698C>T","15602A>G",709,690.523854069223,0.0114675493550253,0,"Significant","missense"
"15698C>T","4522T>C",677,665.11693171188,0.00769066498654836,0.01,"Significant","missense"
"15698C>T","12468T>A",686,663.302151543499,0.0146127096914223,0,"Significant","missense"
"15698C>T","6445C>T",840,835.706267539757,0.00222562680756565,0.197,"Not Significant","missense"
"15698C>T","14619A>T",689,653.3208606174,0.0230926964188871,0,"Significant","missense"
"15698C>T","13421T>C",706,673.283442469598,0.0206067667153069,0,"Significant","missense"
"15698C>T","13370C>T",658,644.246959775491,0.00917351583741201,0.005,"Significant","missense"
"15698C>T","10354C>T",717,685.986903648269,0.019203331109124,0,"Significant","missense"
"15698C>T","15651C>T",781,774.00374181478,0.00390797365231001,0.088,"Not Significant","missense"
"15698C>T","8878C>T",781,744.059869036483,0.021043152436114,0,"Significant","missense"
"15698C>T","6300G>A",680,645.154349859682,0.0228452829189998,0,"Significant","missense"
"15698C>T","15044C>T",765,739.522918615529,0.0147097973561722,0,"Significant","missense"
"15698C>T","7897G>T",650,634.265668849392,0.0106421518397057,0,"Significant","missense"
"15698C>T","7026G>A",706,689.616463985033,0.0101970797135441,0,"Significant","missense"
"15698C>T","7065G>A",670,648.783910196445,0.0139747318422769,0,"Significant","missense"
"15698C>T","15810C>T",662,625.191768007484,0.0248447384746034,0,"Significant","missense"
"15698C>T","3650C>T",753,732.263797942002,0.0121274124211617,0,"Significant","missense"
"15698C>T","15384C>T",395,417.399438727783,-0.0239547651125748,0,"Significant","missense"
"15698C>T","7916A>G",543,516.304957904584,0.0218935341363049,0,"Significant","missense"
"15698C>T","13682C>T",734,700.505144995323,0.0202847305228648,0,"Significant","missense"
"15698C>T","8734C>T",679,656.950420954163,0.0143371790258857,0,"Significant","missense"
"15698C>T","13759G>A",825,815.743685687558,0.00490022775922891,0.008,"Significant","missense"
"15698C>T","9835T>C",501,495.434985968194,0.00485105410504078,0.241,"Not Significant","missense"
"15698C>T","9651C>T",729,685.986903648269,0.0264117037592975,0,"Significant","missense"
"15698C>T","9520G>A",659,628.821328344247,0.0203581509247331,0,"Significant","missense"
"10944C>T","9445G>A",905,900.060804490178,0.00237672958525393,0.055,"Not Significant","missense"
"10944C>T","7332G>A",727,726.936389148737,3.8001444790093e-05,1,"Not Significant","missense"
"10944C>T","8720G>T",568,542.642656688494,0.0198344054150538,0,"Significant","missense"
"10944C>T","13541C>T",808,789.298409728719,0.0101701329809236,0,"Significant","missense"
"10944C>T","13430C>T",854,836.76800748363,0.00885280341882778,0,"Significant","missense"
"10944C>T","15691A>T",728,714.836295603368,0.00792478374457663,0,"Significant","missense"
"10944C>T","3715G>A",832,806.052385406922,0.0137600587364282,0,"Significant","missense"
"10944C>T","6925C>T",867,853.521983161834,0.00680438626924095,0,"Significant","missense"
"10944C>T","6807C>T",620,619.897100093545,7.20847910053467e-05,1,"Not Significant","missense"
"10944C>T","15539C>T",681,661.782039289055,0.0124321356460695,0,"Significant","missense"
"10944C>T","12920C>T",677,667.366697848457,0.00622413748039584,0.018,"Significant","missense"
"10944C>T","14895T>A",619,600.350795135641,0.0132855588479006,0,"Significant","missense"
"10944C>T","13007C>T",678,660.851262862488,0.0111259696110389,0,"Significant","missense"
"10944C>T","6648C>T",685,670.159027128157,0.00951269952420827,0,"Significant","missense"
"10944C>T","15600C>T",640,622.689429373246,0.0119084806791147,0,"Significant","missense"
"10944C>T","14225C>T",812,803.260056127222,0.00469985798901769,0.01,"Significant","missense"
"10944C>T","13565C>T",595,593.835360149673,0.000850911470439719,0.827,"Not Significant","missense"
"10944C>T","14945G>A",525,529.611786716558,-0.00379833852606098,0.292,"Not Significant","missense"
"10944C>T","15636C>T",703,678.536014967259,0.0153824211648996,0,"Significant","missense"
"10944C>T","8181T>A",591,577.081384471469,0.0103504158460522,0.002,"Significant","missense"
"10944C>T","9270C>T",466,474.695977549111,-0.00802963494488192,0.048,"Significant","missense"
"10944C>T","5227G>A",614,593.835360149673,0.0145023168830556,0,"Significant","missense"
"10944C>T","13996G>A",756,728.797942001871,0.0159146579063136,0,"Significant","missense"
"10944C>T","14531C>T",787,766.959775491113,0.0112021451249999,0,"Significant","missense"
"10944C>T","15246G>A",472,480.280636108513,-0.0075530785300695,0.044,"Significant","missense"
"10944C>T","12863G>A",660,641.304957904584,0.0124793380972935,0,"Significant","missense"
"10944C>T","3530C>T",794,790.229186155285,0.00206743664619583,0.283,"Not Significant","missense"
"10944C>T","8810C>T",493,497.965388213283,-0.004352238280945,0.267,"Not Significant","missense"
"10944C>T","3380G>A",378,376.964452759588,0.00119140108560901,0.82,"Not Significant","missense"
"10944C>T","10762G>A",836,822.806361085126,0.00690863688899502,0,"Significant","missense"
"10944C>T","14394C>T",393,402.095416276894,-0.00993657197643035,0.026,"Significant","missense"
"10944C>T","9907G>C",472,457.942001870907,0.0131315203297772,0.001,"Significant","missense"
"10944C>T","7048C>T",780,758.582787652011,0.0120916184135548,0,"Significant","missense"
"10944C>T","8406C>T",470,467.249766136576,0.00254876525375009,0.571,"Not Significant","missense"
"10944C>T","8723G>A",783,767.89055191768,0.00846243797106975,0,"Significant","missense"
"10944C>T","12503G>A",728,710.182413470533,0.0107614658212078,0,"Significant","missense"
"10944C>T","13103G>C",462,444.911131898971,0.0163687034070556,0,"Significant","missense"
"10944C>T","15602A>G",726,708.3208606174,0.010706588392572,0,"Significant","missense"
"10944C>T","4522T>C",706,682.259120673527,0.0148553508737262,0,"Significant","missense"
"10944C>T","12468T>A",703,680.397567820393,0.0141925725250141,0,"Significant","missense"
"10944C>T","6445C>T",866,857.245088868101,0.00441288628354982,0.002,"Significant","missense"
"10944C>T","14619A>T",702,670.159027128157,0.0201592401615865,0,"Significant","missense"
"10944C>T","13421T>C",723,690.636108512629,0.0198890164785535,0,"Significant","missense"
"10944C>T","13370C>T",675,660.851262862488,0.00920004857500075,0,"Significant","missense"
"10944C>T","10354C>T",733,703.666978484565,0.0177368036029714,0,"Significant","missense"
"10944C>T","15651C>T",797,793.952291861553,0.00166391469164164,0.355,"Not Significant","missense"
"10944C>T","8878C>T",777,763.236669784846,0.00776179088024912,0,"Significant","missense"
"10944C>T","6300G>A",687,661.782039289055,0.0162417607928342,0,"Significant","missense"
"10944C>T","15044C>T",779,758.582787652011,0.011534473395639,0,"Significant","missense"
"10944C>T","7897G>T",665,650.612722170253,0.00949909402047434,0,"Significant","missense"
"10944C>T","7026G>A",725,707.390084190833,0.0106790387532534,0,"Significant","missense"
"10944C>T","7065G>A",681,665.505144995323,0.00999569457475555,0,"Significant","missense"
"10944C>T","15810C>T",677,641.304957904584,0.0235240712405675,0,"Significant","missense"
"10944C>T","3650C>T",774,751.136576239476,0.013022050423873,0,"Significant","missense"
"10944C>T","15384C>T",432,428.157156220767,0.0038805395963897,0.394,"Not Significant","missense"
"10944C>T","7916A>G",558,529.611786716558,0.022676557005556,0,"Significant","missense"
"10944C>T","13682C>T",732,718.559401309635,0.00804840518570714,0,"Significant","missense"
"10944C>T","8734C>T",686,673.882132834425,0.00774017397265621,0.004,"Significant","missense"
"10944C>T","13759G>A",850,836.76800748363,0.00681385844411567,0,"Significant","missense"
"10944C>T","9835T>C",527,508.203928905519,0.0157725969708589,0,"Significant","missense"
"10944C>T","9651C>T",713,703.666978484565,0.00572235881371071,0.015,"Significant","missense"
"10944C>T","9520G>A",672,645.028063610851,0.0177906629050684,0,"Significant","missense"
"9445G>A","7332G>A",707,706.479887745557,0.000319611045375305,0.906,"Not Significant","missense"
"9445G>A","8720G>T",514,527.372310570627,-0.0111542046379599,0.004,"Significant","missense"
"9445G>A","13541C>T",765,767.086997193639,-0.00118318597731974,0.6,"Not Significant","missense"
"9445G>A","13430C>T",815,813.22076707203,0.00094914813252412,0.676,"Not Significant","missense"
"9445G>A","15691A>T",699,694.720299345182,0.00266718683994544,0.334,"Not Significant","missense"
"9445G>A","3715G>A",787,783.369504209542,0.00200807146749402,0.366,"Not Significant","missense"
"9445G>A","6925C>T",838,829.503274087933,0.00442591408603129,0.016,"Significant","missense"
"9445G>A","6807C>T",607,602.4527595884,0.00326569303073226,0.322,"Not Significant","missense"
"9445G>A","15539C>T",640,643.159027128157,-0.0021383956201024,0.49,"Not Significant","missense"
"9445G>A","12920C>T",648,648.586529466791,-0.000392918671430368,0.913,"Not Significant","missense"
"9445G>A","14895T>A",581,583.45650140318,-0.00183235111916032,0.702,"Not Significant","missense"
"9445G>A","13007C>T",645,642.254443405051,0.00185259704196857,0.59,"Not Significant","missense"
"9445G>A","6648C>T",652,651.300280636109,0.00046633042642791,0.933,"Not Significant","missense"
"9445G>A","15600C>T",609,605.166510757717,0.00274240599082814,0.459,"Not Significant","missense"
"9445G>A","14225C>T",796,780.655753040224,0.00845350314823473,0,"Significant","missense"
"9445G>A","13565C>T",588,577.124415341441,0.00810787848075116,0.016,"Significant","missense"
"9445G>A","14945G>A",530,514.708138447147,0.0127148343314919,0.001,"Significant","missense"
"9445G>A","15636C>T",651,659.44153414406,-0.00559530862400549,0.069,"Not Significant","missense"
"9445G>A","8181T>A",560,560.841908325538,-0.000652431366277027,0.929,"Not Significant","missense"
"9445G>A","9270C>T",461,461.33769878391,-0.000318019582511741,1,"Not Significant","missense"
"9445G>A","5227G>A",570,577.124415341441,-0.0053945919228936,0.134,"Not Significant","missense"
"9445G>A","13996G>A",711,708.289055191768,0.00165906979759902,0.563,"Not Significant","missense"
"9445G>A","14531C>T",745,745.376987839102,-0.000219707823046573,1,"Not Significant","missense"
"9445G>A","15246G>A",475,466.765201122544,0.00759513912342998,0.09,"Not Significant","missense"
"9445G>A","12863G>A",628,623.258185219832,0.00329165295534615,0.319,"Not Significant","missense"
"9445G>A","3530C>T",780,767.991580916745,0.00673814357230327,0,"Significant","missense"
"9445G>A","8810C>T",506,483.952291861553,0.0193479659443431,0,"Significant","missense"
"9445G>A","3380G>A",365,366.356407857811,-0.00161092763241702,0.842,"Not Significant","missense"
"9445G>A","10762G>A",803,799.652011225444,0.001814511391384,0.401,"Not Significant","missense"
"9445G>A","14394C>T",415,390.780168381665,0.0261155810229505,0,"Significant","missense"
"9445G>A","9907G>C",438,445.055191768007,-0.00693976113748285,0.144,"Not Significant","missense"
"9445G>A","7048C>T",741,737.235734331151,0.00221183036512756,0.385,"Not Significant","missense"
"9445G>A","8406C>T",447,454.101028999065,-0.00684496288730495,0.137,"Not Significant","missense"
"9445G>A","8723G>A",750,746.281571562208,0.00215854596755104,0.374,"Not Significant","missense"
"9445G>A","12503G>A",697,690.197380729654,0.00425947126890465,0.139,"Not Significant","missense"
"9445G>A","13103G>C",425,432.391019644528,-0.00748773543602928,0.143,"Not Significant","missense"
"9445G>A","15602A>G",692,688.388213283442,0.00227266881196103,0.427,"Not Significant","missense"
"9445G>A","4522T>C",658,663.059869036483,-0.00332684990139553,0.259,"Not Significant","missense"
"9445G>A","12468T>A",666,661.250701590271,0.00310808333821654,0.309,"Not Significant","missense"
"9445G>A","6445C>T",831,833.121608980355,-0.0011073752869614,0.559,"Not Significant","missense"
"9445G>A","14619A>T",652,651.300280636109,0.00046633042642791,0.89,"Not Significant","missense"
"9445G>A","13421T>C",672,671.201122544434,0.000516598900574443,0.907,"Not Significant","missense"
"9445G>A","13370C>T",644,642.254443405051,0.001178749766513,0.727,"Not Significant","missense"
"9445G>A","10354C>T",687,683.865294667914,0.00198617268412004,0.504,"Not Significant","missense"
"9445G>A","15651C>T",806,771.609915809167,0.0189372417633415,0,"Significant","missense"
"9445G>A","8878C>T",745,741.758652946679,0.00189365149035222,0.49,"Not Significant","missense"
"9445G>A","6300G>A",638,643.159027128157,-0.003497690882827,0.261,"Not Significant","missense"
"9445G>A","15044C>T",743,737.235734331151,0.00338243614637453,0.191,"Not Significant","missense"
"9445G>A","7897G>T",628,632.304022450889,-0.00296630088270844,0.381,"Not Significant","missense"
"9445G>A","7026G>A",687,687.483629560337,-0.000305624095464541,1,"Not Significant","missense"
"9445G>A","7065G>A",649,646.77736202058,0.00148988612506478,0.653,"Not Significant","missense"
"9445G>A","15810C>T",624,623.258185219832,0.000516598900574443,0.906,"Not Significant","missense"
"9445G>A","3650C>T",730,729.999064546305,5.56524161870484e-07,1,"Not Significant","missense"
"9445G>A","15384C>T",417,416.108512628625,0.000929454417959501,0.917,"Not Significant","missense"
"9445G>A","7916A>G",509,514.708138447147,-0.00484325293253509,0.25,"Not Significant","missense"
"9445G>A","13682C>T",707,698.338634237605,0.00535334458693882,0.054,"Not Significant","missense"
"9445G>A","8734C>T",654,654.918615528531,-0.000609586747103146,0.925,"Not Significant","missense"
"9445G>A","13759G>A",821,813.22076707203,0.00413469651198787,0.035,"Significant","missense"
"9445G>A","9835T>C",483,493.902712815716,-0.00969428082744664,0.023,"Significant","missense"
"9445G>A","9651C>T",693,683.865294667914,0.00576267023637579,0.04,"Significant","missense"
"9445G>A","9520G>A",620,626.876520112254,-0.00479031398777574,0.156,"Not Significant","missense"
"7332G>A","8720G>T",364,425.933582787652,-0.068240499778463,0,"Significant","missense"
"7332G>A","13541C>T",581,619.539756782039,-0.0278930485349008,0,"Significant","missense"
"7332G>A","13430C>T",662,656.799812909261,0.00342496903794826,0.348,"Not Significant","missense"
"7332G>A","15691A>T",523,561.092609915809,-0.0305328598327544,0,"Significant","missense"
"7332G>A","3715G>A",615,632.690364826941,-0.0123161049104503,0.003,"Significant","missense"
"7332G>A","6925C>T",668,669.950420954163,-0.00126620186299749,0.729,"Not Significant","missense"
"7332G>A","6807C>T",565,486.572497661366,0.0649008899806028,0,"Significant","missense"
"7332G>A","15539C>T",518,519.44901777362,-0.00121316965305534,0.893,"Not Significant","missense"
"7332G>A","12920C>T",479,523.832553788587,-0.0388569709217515,0,"Significant","missense"
"7332G>A","14895T>A",466,471.23012160898,-0.00484712661378893,0.469,"Not Significant","missense"
"7332G>A","13007C>T",469,518.718428437792,-0.0437588346725055,0,"Significant","missense"
"7332G>A","6648C>T",487,526.024321796071,-0.0334768638851499,0,"Significant","missense"
"7332G>A","15600C>T",434,488.764265668849,-0.0516097169238235,0,"Significant","missense"
"7332G>A","14225C>T",627,630.498596819457,-0.00241658355301512,0.595,"Not Significant","missense"
"7332G>A","13565C>T",488,466.115996258185,0.0199258146130218,0.001,"Significant","missense"
"7332G>A","14945G>A",453,415.705332086062,0.0373126069492298,0,"Significant","missense"
"7332G>A","15636C>T",491,532.599625818522,-0.0353193648635217,0,"Significant","missense"
"7332G>A","8181T>A",392,452.965388213283,-0.062778951146304,0,"Significant","missense"
"7332G>A","9270C>T",461,372.600561272217,0.0924574206231671,0,"Significant","missense"
"7332G>A","5227G>A",418,466.115996258185,-0.0473177256146387,0,"Significant","missense"
"7332G>A","13996G>A",530,572.051449953227,-0.0331592211256706,0,"Significant","missense"
"7332G>A","14531C>T",614,602.00561272217,0.00856783077552816,0.056,"Not Significant","missense"
"7332G>A","15246G>A",399,376.984097287184,0.0246498653910082,0.003,"Significant","missense"
"7332G>A","12863G>A",487,503.376052385407,-0.0143635893615109,0.023,"Significant","missense"
"7332G>A","3530C>T",639,620.270346117867,0.0129198392459232,0.002,"Significant","missense"
"7332G>A","8810C>T",431,390.865294667914,0.0424501594709705,0,"Significant","missense"
"7332G>A","3380G>A",383,295.88868101029,0.112070422085399,0,"Significant","missense"
"7332G>A","10762G>A",632,645.840972871843,-0.0094085153992089,0.013,"Significant","missense"
"7332G>A","14394C>T",340,315.614593077643,0.0323218415588108,0,"Significant","missense"
"7332G>A","9907G>C",323,359.449953227315,-0.0464359091047661,0,"Significant","missense"
"7332G>A","7048C>T",608,595.430308699719,0.00907264186423446,0.05,"Not Significant","missense"
"7332G>A","8406C>T",442,366.755846585594,0.08104522353553,0,"Significant","missense"
"7332G>A","8723G>A",620,602.736202057998,0.0122644122798044,0.003,"Significant","missense"
"7332G>A","12503G>A",547,557.43966323667,-0.00821054028997056,0.133,"Not Significant","missense"
"7332G>A","13103G>C",308,349.221702525725,-0.0545505087801803,0,"Significant","missense"
"7332G>A","15602A>G",534,555.978484565014,-0.0175167284105355,0.001,"Significant","missense"
"7332G>A","4522T>C",536,535.521983161834,0.000387486383119625,1,"Not Significant","missense"
"7332G>A","12468T>A",516,534.060804490178,-0.0149410039991686,0.005,"Significant","missense"
"7332G>A","6445C>T",690,672.872778297474,0.0109161318718825,0.002,"Significant","missense"
"7332G>A","14619A>T",480,526.024321796071,-0.0397645877241957,0,"Significant","missense"
"7332G>A","13421T>C",506,542.097287184284,-0.0299267171077446,0,"Significant","missense"
"7332G>A","13370C>T",502,518.718428437792,-0.0142279602425755,0.022,"Significant","missense"
"7332G>A","10354C>T",507,552.325537885875,-0.0371871648363858,0,"Significant","missense"
"7332G>A","15651C>T",620,623.192703461179,-0.00223067033779108,0.602,"Not Significant","missense"
"7332G>A","8878C>T",574,599.083255378859,-0.0185752886542623,0,"Significant","missense"
"7332G>A","6300G>A",471,519.44901777362,-0.0425220222693839,0,"Significant","missense"
"7332G>A","15044C>T",578,595.430308699719,-0.0129030989879677,0.004,"Significant","missense"
"7332G>A","7897G>T",499,510.681945743686,-0.0100499587908118,0.11,"Not Significant","missense"
"7332G>A","7026G>A",562,555.247895229186,0.00524939461974649,0.298,"Not Significant","missense"
"7332G>A","7065G>A",514,522.371375116932,-0.00701625147432587,0.226,"Not Significant","missense"
"7332G>A","15810C>T",451,503.376052385407,-0.0477160086981776,0,"Significant","missense"
"7332G>A","3650C>T",592,589.585594013096,0.00177484333232676,0.743,"Not Significant","missense"
"7332G>A","15384C>T",420,336.071094480823,0.0968181300477782,0,"Significant","missense"
"7332G>A","7916A>G",359,415.705332086062,-0.0636911464852578,0,"Significant","missense"
"7332G>A","13682C>T",526,564.014967259121,-0.0303048848505138,0,"Significant","missense"
"7332G>A","8734C>T",509,528.946679139383,-0.0166941125289073,0.007,"Significant","missense"
"7332G>A","13759G>A",663,656.799812909261,0.00408050800302135,0.266,"Not Significant","missense"
"7332G>A","9835T>C",393,398.901777362021,-0.00647342099783118,0.462,"Not Significant","missense"
"7332G>A","9651C>T",512,552.325537885875,-0.0329251631938919,0,"Significant","missense"
"7332G>A","9520G>A",456,506.298409728718,-0.0454417206158846,0,"Significant","missense"
"8720G>T","13541C>T",548,462.473339569691,0.0736938566774046,0,"Significant","missense"
"8720G>T","13430C>T",540,490.287184284378,0.0419432185394956,0,"Significant","missense"
"8720G>T","15691A>T",487,418.843779232928,0.0654768916328717,0,"Significant","missense"
"8720G>T","3715G>A",540,472.289990645463,0.0581850182553743,0,"Significant","missense"
"8720G>T","6925C>T",537,500.10383536015,0.0309141004792924,0,"Significant","missense"
"8720G>T","6807C>T",294,363.216089803555,-0.0918177483083517,0,"Significant","missense"
"8720G>T","15539C>T",449,387.757717492984,0.0636858907233055,0,"Significant","missense"
"8720G>T","12920C>T",458,391.029934518241,0.0686554727858168,0,"Significant","missense"
"8720G>T","14895T>A",431,351.763330215154,0.088226705975205,0,"Significant","missense"
"8720G>T","13007C>T",463,387.212347988775,0.0776317927486234,0,"Significant","missense"
"8720G>T","6648C>T",458,392.66604303087,0.0668421320223488,0,"Significant","missense"
"8720G>T","15600C>T",444,364.852198316183,0.0852660027965394,0,"Significant","missense"
"8720G>T","14225C>T",480,470.653882132834,0.00853959211013976,0.154,"Not Significant","missense"
"8720G>T","13565C>T",281,347.945743685688,-0.0928052083662887,0,"Significant","missense"
"8720G>T","14945G>A",205,310.315247895229,-0.180049254889481,0,"Significant","missense"
"8720G>T","15636C>T",534,397.574368568756,0.128122879160318,0,"Significant","missense"
"8720G>T","8181T>A",425,338.129092609916,0.0993063910017954,0,"Significant","missense"
"8720G>T","9270C>T",179,278.138447146866,-0.191407994668193,0,"Significant","missense"
"8720G>T","5227G>A",514,347.945743685688,0.169451590723837,0,"Significant","missense"
"8720G>T","13996G>A",545,427.024321796071,0.105943890668441,0,"Significant","missense"
"8720G>T","14531C>T",507,449.384471468662,0.0523898980859731,0,"Significant","missense"
"8720G>T","15246G>A",175,281.410664172124,-0.206302502491059,0,"Significant","missense"
"8720G>T","12863G>A",479,375.759588400374,0.105425441956676,0,"Significant","missense"
"8720G>T","3530C>T",458,463.018709073901,-0.00473306179031855,0.465,"Not Significant","missense"
"8720G>T","8810C>T",172,291.772684752105,-0.229516184663812,0,"Significant","missense"
"8720G>T","3380G>A",139,220.874649204864,-0.201131072510694,0,"Significant","missense"
"8720G>T","10762G>A",535,482.106641721235,0.0452106674579104,0,"Significant","missense"
"8720G>T","14394C>T",108,235.599625818522,-0.338750840877981,0,"Significant","missense"
"8720G>T","9907G>C",415,268.321796071095,0.189392144394439,0,"Significant","missense"
"8720G>T","7048C>T",490,444.476145930776,0.0423476217382919,0,"Significant","missense"
"8720G>T","8406C>T",208,273.77549111319,-0.119331231732444,0,"Significant","missense"
"8720G>T","8723G>A",442,449.929840972872,-0.0077225287510676,0.267,"Not Significant","missense"
"8720G>T","12503G>A",507,416.11693171188,0.0857925718282007,0,"Significant","missense"
"8720G>T","13103G>C",411,260.686623012161,0.197723075713653,0,"Significant","missense"
"8720G>T","15602A>G",513,415.026192703461,0.0920418587909874,0,"Significant","missense"
"8720G>T","4522T>C",465,399.755846585594,0.0656581286985746,0,"Significant","missense"
"8720G>T","12468T>A",504,398.665107577175,0.101822309937406,0,"Significant","missense"
"8720G>T","6445C>T",518,502.285313376988,0.0133792799981454,0.007,"Significant","missense"
"8720G>T","14619A>T",512,392.66604303087,0.1152466149943,0,"Significant","missense"
"8720G>T","13421T>C",514,404.66417212348,0.10386836416599,0,"Significant","missense"
"8720G>T","13370C>T",488,387.212347988775,0.100470623733376,0,"Significant","missense"
"8720G>T","10354C>T",522,412.299345182414,0.102457857950797,0,"Significant","missense"
"8720G>T","15651C>T",467,465.200187090739,0.00167699984835269,0.83,"Not Significant","missense"
"8720G>T","8878C>T",514,447.202993451824,0.0604584170613104,0,"Significant","missense"
"8720G>T","6300G>A",516,387.757717492984,0.124089251347181,0,"Significant","missense"
"8720G>T","15044C>T",496,444.476145930776,0.0476332181999747,0,"Significant","missense"
"8720G>T","7897G>T",496,381.21328344247,0.114313651194254,0,"Significant","missense"
"8720G>T","7026G>A",468,414.480823199252,0.0527414112430847,0,"Significant","missense"
"8720G>T","7065G>A",506,389.939195509822,0.113153625488457,0,"Significant","missense"
"8720G>T","15810C>T",504,375.759588400374,0.127520464987634,0,"Significant","missense"
"8720G>T","3650C>T",525,440.1131898971,0.0765949191336344,0,"Significant","missense"
"8720G>T","15384C>T",172,250.869971936389,-0.163920234324182,0,"Significant","missense"
"8720G>T","7916A>G",500,310.315247895229,0.207166888390658,0,"Significant","missense"
"8720G>T","13682C>T",517,421.025257249766,0.0891823932079511,0,"Significant","missense"
"8720G>T","8734C>T",489,394.847521047708,0.0928794433762161,0,"Significant","missense"
"8720G>T","13759G>A",478,490.287184284378,-0.0110226446713437,0.053,"Not Significant","missense"
"8720G>T","9835T>C",378,297.77174929841,0.103608307582221,0,"Significant","missense"
"8720G>T","9651C>T",495,412.299345182414,0.0793925538821085,0,"Significant","missense"
"8720G>T","9520G>A",523,377.941066417212,0.1410776047052,0,"Significant","missense"
"13541C>T","13430C>T",722,713.144995322731,0.00535935878847384,0.085,"Not Significant","missense"
"13541C>T","15691A>T",674,609.227315247895,0.0438805294558651,0,"Significant","missense"
"13541C>T","3715G>A",743,686.967259120674,0.034052774695288,0,"Significant","missense"
"13541C>T","6925C>T",740,727.423760523854,0.00744423701301831,0.003,"Significant","missense"
"13541C>T","6807C>T",467,528.314312441534,-0.053575495652114,0,"Significant","missense"
"13541C>T","15539C>T",578,564.01122544434,0.0106400906428251,0.028,"Significant","missense"
"13541C>T","12920C>T",632,568.770813844715,0.0457797755666415,0,"Significant","missense"
"13541C>T","14895T>A",541,511.655753040225,0.0242194034233613,0,"Significant","missense"
"13541C>T","13007C>T",639,563.217960710945,0.0548243623913799,0,"Significant","missense"
"13541C>T","6648C>T",643,571.150608044902,0.0514603294450093,0,"Significant","missense"
"13541C>T","15600C>T",612,530.694106641721,0.0619071573297914,0,"Significant","missense"
"13541C>T","14225C>T",699,684.587464920486,0.00904823298253471,0.006,"Significant","missense"
"13541C>T","13565C>T",501,506.102899906455,-0.00440109990185148,0.464,"Not Significant","missense"
"13541C>T","14945G>A",420,451.367633302151,-0.0312811230450993,0,"Significant","missense"
"13541C>T","15636C>T",634,578.289990645463,0.0399435825158155,0,"Significant","missense"
"13541C>T","8181T>A",579,491.824134705332,0.0708687271812332,0,"Significant","missense"
"13541C>T","9270C>T",323,404.565014031805,-0.0977858008147421,0,"Significant","missense"
"13541C>T","5227G>A",573,506.102899906455,0.0539157961982819,0,"Significant","missense"
"13541C>T","13996G>A",698,621.126286248831,0.0506755135172741,0,"Significant","missense"
"13541C>T","14531C>T",661,653.650140318054,0.00485610074058793,0.206,"Not Significant","missense"
"13541C>T","15246G>A",392,409.32460243218,-0.0187817816546853,0.007,"Significant","missense"
"13541C>T","12863G>A",584,546.559401309635,0.0287754781568327,0,"Significant","missense"
"13541C>T","3530C>T",677,673.481758652947,0.00226283139325551,0.513,"Not Significant","missense"
"13541C>T","8810C>T",400,424.396632366698,-0.0257119377411957,0,"Significant","missense"
"13541C>T","3380G>A",256,321.272217025257,-0.0986332049507204,0,"Significant","missense"
"13541C>T","10762G>A",738,701.246024321796,0.0221859497620295,0,"Significant","missense"
"13541C>T","14394C>T",312,342.690364826941,-0.0407472998443926,0,"Significant","missense"
"13541C>T","9907G>C",452,390.286248830683,0.0637551849960708,0,"Significant","missense"
"13541C>T","7048C>T",646,646.510757717493,-0.000343237792828288,0.936,"Not Significant","missense"
"13541C>T","8406C>T",346,398.21889616464,-0.0610457654001621,0,"Significant","missense"
"13541C>T","8723G>A",651,654.44340505145,-0.00229110702966862,0.601,"Not Significant","missense"
"13541C>T","12503G>A",639,605.260991580917,0.0235581731555801,0,"Significant","missense"
"13541C>T","13103G>C",449,379.180542563143,0.0734002973432506,0,"Significant","missense"
"13541C>T","15602A>G",663,603.674462114125,0.0407107245862581,0,"Significant","missense"
"13541C>T","4522T>C",591,581.463049579046,0.00706535919219042,0.139,"Not Significant","missense"
"13541C>T","12468T>A",637,579.876520112255,0.0408039083295474,0,"Significant","missense"
"13541C>T","6445C>T",739,730.596819457437,0.00496666115004033,0.085,"Not Significant","missense"
"13541C>T","14619A>T",663,571.150608044902,0.0647628849255583,0,"Significant","missense"
"13541C>T","13421T>C",672,588.602432179607,0.0575472207268532,0,"Significant","missense"
"13541C>T","13370C>T",610,563.217960710945,0.03465333924375,0,"Significant","missense"
"13541C>T","10354C>T",685,599.708138447147,0.0577506289432742,0,"Significant","missense"
"13541C>T","15651C>T",673,676.65481758653,-0.00235211399148165,0.512,"Not Significant","missense"
"13541C>T","8878C>T",702,650.477081384471,0.0331051126981478,0,"Significant","missense"
"13541C>T","6300G>A",672,564.01122544434,0.0760815252761107,0,"Significant","missense"
"13541C>T","15044C>T",684,646.510757717493,0.0244803459322001,0,"Significant","missense"
"13541C>T","7897G>T",602,554.492048643592,0.0357011684642012,0,"Significant","missense"
"13541C>T","7026G>A",614,602.88119738073,0.00793663181243932,0.074,"Not Significant","missense"
"13541C>T","7065G>A",621,567.184284377923,0.0393674113275571,0,"Significant","missense"
"13541C>T","15810C>T",642,546.559401309635,0.0698976591132799,0,"Significant","missense"
"13541C>T","3650C>T",681,640.164639850327,0.0268554301427749,0,"Significant","missense"
"13541C>T","15384C>T",306,364.901777362021,-0.0764545522479071,0,"Significant","missense"
"13541C>T","7916A>G",533,451.367633302151,0.0721967955835506,0,"Significant","missense"
"13541C>T","13682C>T",682,612.400374181478,0.0467489272727997,0,"Significant","missense"
"13541C>T","8734C>T",628,574.323666978485,0.038802930492107,0,"Significant","missense"
"13541C>T","13759G>A",714,713.144995322731,0.000520372995009755,0.927,"Not Significant","missense"
"13541C>T","9835T>C",457,433.12254443405,0.023305410317172,0,"Significant","missense"
"13541C>T","9651C>T",668,599.708138447147,0.0468365199263959,0,"Significant","missense"
"13541C>T","9520G>A",656,549.732460243218,0.0767524577159049,0,"Significant","missense"
"13430C>T","15691A>T",639,645.867165575304,-0.00464234839756183,0.228,"Not Significant","missense"
"13430C>T","3715G>A",743,728.282507015903,0.00868893521877674,0.002,"Significant","missense"
"13430C>T","6925C>T",801,771.172123479888,0.0164811938897638,0,"Significant","missense"
"13430C>T","6807C>T",567,560.087932647334,0.00532684319815391,0.266,"Not Significant","missense"
"13430C>T","15539C>T",652,597.931711880262,0.0375960084776971,0,"Significant","missense"
"13430C>T","12920C>T",584,602.977549111319,-0.013888295079849,0.002,"Significant","missense"
"13430C>T","14895T>A",605,542.427502338634,0.0474136734927421,0,"Significant","missense"
"13430C>T","13007C>T",596,597.090739008419,-0.000794075503289438,0.858,"Not Significant","missense"
"13430C>T","6648C>T",598,605.500467726848,-0.00541329896730746,0.193,"Not Significant","missense"
"13430C>T","15600C>T",550,562.610851262862,-0.00984541479802818,0.036,"Significant","missense"
"13430C>T","14225C>T",727,725.759588400374,0.00074162861937743,0.848,"Not Significant","missense"
"13430C>T","13565C>T",525,536.540692235734,-0.00944336183965445,0.048,"Significant","missense"
"13430C>T","14945G>A",455,478.513564078578,-0.0218828562624048,0,"Significant","missense"
"13430C>T","15636C>T",643,613.069223573433,0.0207014580817934,0,"Significant","missense"
"13430C>T","8181T>A",509,521.403180542563,-0.0104558936859439,0.053,"Not Significant","missense"
"13430C>T","9270C>T",432,428.89616463985,0.00313158419252432,0.619,"Not Significant","missense"
"13430C>T","5227G>A",582,536.540692235734,0.035320319404269,0,"Significant","missense"
"13430C>T","13996G>A",676,658.481758652947,0.0114029473592402,0,"Significant","missense"
"13430C>T","14531C>T",738,692.961646398503,0.0273471636014712,0,"Significant","missense"
"13430C>T","15246G>A",412,433.942001870907,-0.0225344721185222,0.002,"Significant","missense"
"13430C>T","12863G>A",615,579.430308699719,0.0258739073433358,0,"Significant","missense"
"13430C>T","3530C>T",729,713.985968194574,0.00903785154956989,0.001,"Significant","missense"
"13430C>T","8810C>T",428,449.920486435921,-0.0216919995325022,0,"Significant","missense"
"13430C>T","3380G>A",362,340.594013096352,0.0264715607940389,0,"Significant","missense"
"13430C>T","10762G>A",761,743.420018709074,0.0101504052330477,0,"Significant","missense"
"13430C>T","14394C>T",334,363.300280636108,-0.0365192665277878,0,"Significant","missense"
"13430C>T","9907G>C",462,413.758652946679,0.0478948862643035,0,"Significant","missense"
"13430C>T","7048C>T",730,685.392890551918,0.0273832648560247,0,"Significant","missense"
"13430C>T","8406C>T",442,422.168381665108,0.0199365656796172,0.001,"Significant","missense"
"13430C>T","8723G>A",711,693.802619270346,0.010633665655389,0,"Significant","missense"
"13430C>T","12503G>A",684,641.66230121609,0.0277495772407809,0,"Significant","missense"
"13430C>T","13103G>C",454,401.985032740879,0.0528459697205219,0,"Significant","missense"
"13430C>T","15602A>G",662,639.980355472404,0.0146913461446741,0,"Significant","missense"
"13430C>T","4522T>C",699,616.433115060804,0.0545912145800944,0,"Significant","missense"
"13430C>T","12468T>A",642,614.751169317119,0.0188356645865391,0,"Significant","missense"
"13430C>T","6445C>T",792,774.536014967259,0.0096835648681926,0,"Significant","missense"
"13430C>T","14619A>T",621,605.500467726848,0.0109771172208592,0.004,"Significant","missense"
"13430C>T","13421T>C",636,624.00187090739,0.00827122384493476,0.033,"Significant","missense"
"13430C>T","13370C>T",633,597.090739008419,0.0253633747738249,0,"Significant","missense"
"13430C>T","10354C>T",647,635.77549111319,0.0076004986430419,0.049,"Significant","missense"
"13430C>T","15651C>T",719,717.349859681946,0.000997872690908706,0.743,"Not Significant","missense"
"13430C>T","8878C>T",695,689.597754911132,0.00338896568194597,0.315,"Not Significant","missense"
"13430C>T","6300G>A",618,597.931711880262,0.0143368878345963,0.001,"Significant","missense"
"13430C>T","15044C>T",725,685.392890551918,0.0243984113065629,0,"Significant","missense"
"13430C>T","7897G>T",630,587.840037418148,0.0300813871834446,0,"Significant","missense"
"13430C>T","7026G>A",712,639.139382600561,0.0468844148316073,0,"Significant","missense"
"13430C>T","7065G>A",647,601.295603367633,0.031816252343164,0,"Significant","missense"
"13430C>T","15810C>T",596,579.430308699719,0.0122450513081578,0,"Significant","missense"
"13430C>T","3650C>T",729,678.665107577175,0.0310720070714491,0,"Significant","missense"
"13430C>T","15384C>T",409,386.847521047708,0.0241834898013109,0,"Significant","missense"
"13430C>T","7916A>G",531,478.513564078578,0.0452002681619382,0,"Significant","missense"
"13430C>T","13682C>T",650,649.231057062675,0.000514069782668605,0.931,"Not Significant","missense"
"13430C>T","8734C>T",628,608.864359214219,0.0134390910155963,0,"Significant","missense"
"13430C>T","13759G>A",775,756.034611786716,0.0107600242486294,0,"Significant","missense"
"13430C>T","9835T>C",500,459.171188026193,0.0369953751068232,0,"Significant","missense"
"13430C>T","9651C>T",642,635.77549111319,0.00423124604319533,0.296,"Not Significant","missense"
"13430C>T","9520G>A",608,582.794200187091,0.0183883581364744,0,"Significant","missense"
"15691A>T","3715G>A",662,622.159027128157,0.0269565825996151,0,"Significant","missense"
"15691A>T","6925C>T",673,658.798877455566,0.00926221373122043,0.005,"Significant","missense"
"15691A>T","6807C>T",420,478.473339569691,-0.056608453595122,0,"Significant","missense"
"15691A>T","15539C>T",511,510.802619270346,0.000167784582212457,1,"Not Significant","missense"
"15691A>T","12920C>T",637,515.1131898971,0.0922367618448002,0,"Significant","missense"
"15691A>T","14895T>A",465,463.386342376052,0.00150972343195183,0.816,"Not Significant","missense"
"15691A>T","13007C>T",643,510.084190832554,0.100569109382395,0,"Significant","missense"
"15691A>T","6648C>T",630,517.268475210477,0.0856245381995642,0,"Significant","missense"
"15691A>T","15600C>T",613,480.628624883068,0.105650841927839,0,"Significant","missense"
"15691A>T","14225C>T",632,620.00374181478,0.00832276774444017,0.035,"Significant","missense"
"15691A>T","13565C>T",446,458.357343311506,-0.0118693348317518,0.104,"Not Significant","missense"
"15691A>T","14945G>A",385,408.785781103835,-0.0260350517092978,0,"Significant","missense"
"15691A>T","15636C>T",580,523.734331150608,0.0443169504222207,0,"Significant","missense"
"15691A>T","8181T>A",584,445.425631431244,0.117637642791389,0,"Significant","missense"
"15691A>T","9270C>T",290,366.398503274088,-0.101555693021683,0,"Significant","missense"
"15691A>T","5227G>A",509,458.357343311506,0.0455135887928531,0,"Significant","missense"
"15691A>T","13996G>A",638,562.529466791394,0.0546754018404759,0,"Significant","missense"
"15691A>T","14531C>T",582,591.985032740879,-0.00738774186995994,0.12,"Not Significant","missense"
"15691A>T","15246G>A",358,370.709073900842,-0.0151501898060668,0.073,"Not Significant","missense"
"15691A>T","12863G>A",516,494.997193638915,0.018046964896848,0.004,"Significant","missense"
"15691A>T","3530C>T",604,609.945743685688,-0.00425426644555416,0.354,"Not Significant","missense"
"15691A>T","8810C>T",366,384.359214218896,-0.0212562114495461,0.013,"Significant","missense"
"15691A>T","3380G>A",220,290.963517305893,-0.121415857215148,0,"Significant","missense"
"15691A>T","10762G>A",667,635.090739008419,0.0212900540807386,0,"Significant","missense"
"15691A>T","14394C>T",291,310.361085126286,-0.0279742726517294,0.011,"Significant","missense"
"15691A>T","9907G>C",399,353.466791393826,0.05262427809664,0,"Significant","missense"
"15691A>T","7048C>T",572,585.519176800748,-0.0101450947696847,0.033,"Significant","missense"
"15691A>T","8406C>T",298,360.651075771749,-0.0828709678914727,0,"Significant","missense"
"15691A>T","8723G>A",584,592.703461178672,-0.00642461626025841,0.161,"Not Significant","missense"
"15691A>T","12503G>A",558,548.160898035547,0.00772614615996295,0.139,"Not Significant","missense"
"15691A>T","13103G>C",395,343.408793264733,0.060785684191591,0,"Significant","missense"
"15691A>T","15602A>G",587,546.724041159963,0.0308699296543023,0,"Significant","missense"
"15691A>T","4522T>C",512,526.608044901777,-0.0122175284880287,0.035,"Significant","missense"
"15691A>T","12468T>A",566,525.171188026193,0.032515539407671,0,"Significant","missense"
"15691A>T","6445C>T",659,661.672591206735,-0.00175773042557273,0.618,"Not Significant","missense"
"15691A>T","14619A>T",595,517.268475210477,0.0608009544745362,0,"Significant","missense"
"15691A>T","13421T>C",609,533.073900841908,0.0578298725311042,0,"Significant","missense"
"15691A>T","13370C>T",534,510.084190832554,0.0198993934867434,0.002,"Significant","missense"
"15691A>T","10354C>T",618,543.131898971001,0.0560831647648656,0,"Significant","missense"
"15691A>T","15651C>T",611,612.819457436857,-0.00129133574770254,0.793,"Not Significant","missense"
"15691A>T","8878C>T",647,589.11131898971,0.0407069134622432,0,"Significant","missense"
"15691A>T","6300G>A",601,510.802619270346,0.0706213564502265,0,"Significant","missense"
"15691A>T","15044C>T",610,585.519176800748,0.0177887114480535,0,"Significant","missense"
"15691A>T","7897G>T",528,502.181478016838,0.0217732319653927,0,"Significant","missense"
"15691A>T","7026G>A",540,546.00561272217,-0.00480334728055592,0.354,"Not Significant","missense"
"15691A>T","7065G>A",541,513.676333021515,0.0225077084827506,0,"Significant","missense"
"15691A>T","15810C>T",583,494.997193638915,0.0710658180286411,0,"Significant","missense"
"15691A>T","3650C>T",600,579.77174929841,0.0148942008388368,0.001,"Significant","missense"
"15691A>T","15384C>T",262,330.477081384471,-0.100840055184528,0,"Significant","missense"
"15691A>T","7916A>G",477,408.785781103835,0.0670225978222937,0,"Significant","missense"
"15691A>T","13682C>T",617,554.626753975678,0.0462843488747636,0,"Significant","missense"
"15691A>T","8734C>T",561,520.142188961646,0.0328407802362745,0,"Significant","missense"
"15691A>T","13759G>A",648,645.867165575304,0.00143179931463045,0.695,"Not Significant","missense"
"15691A>T","9835T>C",402,392.261927034612,0.0106498955569962,0.205,"Not Significant","missense"
"15691A>T","9651C>T",607,543.131898971001,0.0482833807513086,0,"Significant","missense"
"15691A>T","9520G>A",578,497.870907390084,0.0648110889859763,0,"Significant","missense"
"3715G>A","6925C>T",755,742.864359214219,0.00703742915059759,0.008,"Significant","missense"
"3715G>A","6807C>T",516,539.528531337699,-0.0193647143516547,0,"Significant","missense"
"3715G>A","15539C>T",569,575.983161833489,-0.00529752114326284,0.291,"Not Significant","missense"
"3715G>A","12920C>T",620,580.843779232928,0.0283323470218804,0,"Significant","missense"
"3715G>A","14895T>A",523,522.516370439663,0.000401787423437736,1,"Not Significant","missense"
"3715G>A","13007C>T",623,575.173058933583,0.0346895111315198,0,"Significant","missense"
"3715G>A","6648C>T",623,583.274087932647,0.0286153634193278,0,"Significant","missense"
"3715G>A","15600C>T",584,541.958840037418,0.032446542536002,0,"Significant","missense"
"3715G>A","14225C>T",711,699.11880261927,0.00731861820598703,0.026,"Significant","missense"
"3715G>A","13565C>T",495,516.845650140318,-0.0187556665961586,0.001,"Significant","missense"
"3715G>A","14945G>A",426,460.948550046773,-0.0342428541009131,0,"Significant","missense"
"3715G>A","15636C>T",646,590.565014031806,0.0389648028685345,0,"Significant","missense"
"3715G>A","8181T>A",549,502.263797942002,0.0386404681432621,0,"Significant","missense"
"3715G>A","9270C>T",367,413.152478952292,-0.0514442986544025,0,"Significant","missense"
"3715G>A","5227G>A",566,516.845650140318,0.0394555656585332,0,"Significant","missense"
"3715G>A","13996G>A",707,634.310570626754,0.0471174649303803,0,"Significant","missense"
"3715G>A","14531C>T",688,667.524789522919,0.0131210397298249,0,"Significant","missense"
"3715G>A","15246G>A",383,418.013096351731,-0.0379911144671478,0,"Significant","missense"
"3715G>A","12863G>A",591,558.160898035547,0.0248280721650566,0,"Significant","missense"
"3715G>A","3530C>T",699,687.77736202058,0.00702929869315907,0.016,"Significant","missense"
"3715G>A","8810C>T",397,433.405051449953,-0.0381034620666729,0,"Significant","missense"
"3715G>A","3380G>A",274,328.091674462114,-0.0782446472028231,0,"Significant","missense"
"3715G>A","10762G>A",747,716.130963517306,0.0183281499937545,0,"Significant","missense"
"3715G>A","14394C>T",311,349.964452759588,-0.0512635445966277,0,"Significant","missense"
"3715G>A","9907G>C",444,398.570626753976,0.0468776805386797,0,"Significant","missense"
"3715G>A","7048C>T",668,660.23386342376,0.00507866692699974,0.182,"Not Significant","missense"
"3715G>A","8406C>T",370,406.67165575304,-0.0410421798865824,0,"Significant","missense"
"3715G>A","8723G>A",666,668.334892422825,-0.00151990618819243,0.702,"Not Significant","missense"
"3715G>A","12503G>A",652,618.108512628625,0.0231828709684674,0,"Significant","missense"
"3715G>A","13103G>C",432,387.229186155285,0.0475156633942129,0,"Significant","missense"
"3715G>A","15602A>G",657,616.488306828812,0.0276405259806351,0,"Significant","missense"
"3715G>A","4522T>C",606,593.805425631431,0.00882846271658818,0.036,"Significant","missense"
"3715G>A","12468T>A",637,592.185219831618,0.0316818685689161,0,"Significant","missense"
"3715G>A","6445C>T",763,746.104770813845,0.00972472094946164,0,"Significant","missense"
"3715G>A","14619A>T",676,583.274087932647,0.0640740127017886,0,"Significant","missense"
"3715G>A","13421T>C",681,601.096351730589,0.054203019825181,0,"Significant","missense"
"3715G>A","13370C>T",603,575.173058933583,0.0205187766125038,0,"Significant","missense"
"3715G>A","10354C>T",690,612.43779232928,0.0517871084274721,0,"Significant","missense"
"3715G>A","15651C>T",697,691.017773620206,0.00374356012191728,0.27,"Not Significant","missense"
"3715G>A","8878C>T",697,664.284377923293,0.020878738905721,0,"Significant","missense"
"3715G>A","6300G>A",655,575.983161833489,0.055831512453439,0,"Significant","missense"
"3715G>A","15044C>T",681,660.23386342376,0.0134493163642379,0,"Significant","missense"
"3715G>A","7897G>T",609,566.261927034612,0.0315999300786199,0,"Significant","missense"
"3715G>A","7026G>A",622,615.678203928906,0.004436605601458,0.305,"Not Significant","missense"
"3715G>A","7065G>A",622,579.223573433115,0.0309441560811644,0,"Significant","missense"
"3715G>A","15810C>T",653,558.160898035547,0.0681537725588682,0,"Significant","missense"
"3715G>A","3650C>T",681,653.753040224509,0.0177333903821434,0,"Significant","missense"
"3715G>A","15384C>T",330,372.647333956969,-0.0527840786122402,0,"Significant","missense"
"3715G>A","7916A>G",524,460.948550046773,0.0556788337800756,0,"Significant","missense"
"3715G>A","13682C>T",673,625.399438727783,0.0318575770796671,0,"Significant","missense"
"3715G>A","8734C>T",627,586.514499532273,0.0289887878249961,0,"Significant","missense"
"3715G>A","13759G>A",730,728.282507015903,0.00102298157865835,0.736,"Not Significant","missense"
"3715G>A","9835T>C",459,442.316183348924,0.0160798560239518,0.012,"Significant","missense"
"3715G>A","9651C>T",656,612.43779232928,0.0298418570658804,0,"Significant","missense"
"3715G>A","9520G>A",646,561.401309635173,0.0609590965746986,0,"Significant","missense"
"6925C>T","6807C>T",568,571.302151543499,-0.0025175239205248,0.588,"Not Significant","missense"
"6925C>T","15539C>T",663,609.903648269411,0.036252297213758,0,"Significant","missense"
"6925C>T","12920C>T",618,615.050514499532,0.0020776889597723,0.628,"Not Significant","missense"
"6925C>T","14895T>A",624,553.288119738073,0.0522332445859042,0,"Significant","missense"
"6925C>T","13007C>T",622,609.045837231057,0.00914040551049884,0.016,"Significant","missense"
"6925C>T","6648C>T",626,617.623947614593,0.00585020631791719,0.131,"Not Significant","missense"
"6925C>T","15600C>T",581,573.875584658559,0.00535838416126365,0.226,"Not Significant","missense"
"6925C>T","14225C>T",753,740.290926099158,0.0073925500242469,0.009,"Significant","missense"
"6925C>T","13565C>T",553,547.283442469598,0.00451282212229203,0.339,"Not Significant","missense"
"6925C>T","14945G>A",484,488.094480823199,-0.00365853521190098,0.495,"Not Significant","missense"
"6925C>T","15636C>T",653,625.344246959776,0.0187940224958533,0,"Significant","missense"
"6925C>T","8181T>A",541,531.842843779233,0.00741394514707099,0.105,"Not Significant","missense"
"6925C>T","9270C>T",425,437.483629560337,-0.012572876508865,0.037,"Significant","missense"
"6925C>T","5227G>A",582,547.283442469598,0.0267106754674784,0,"Significant","missense"
"6925C>T","13996G>A",696,671.66604303087,0.0154558470913735,0,"Significant","missense"
"6925C>T","14531C>T",731,706.836295603368,0.0145985347994995,0,"Significant","missense"
"6925C>T","15246G>A",437,442.630495790458,-0.00555989511803133,0.326,"Not Significant","missense"
"6925C>T","12863G>A",621,591.031805425631,0.0214807478077078,0,"Significant","missense"
"6925C>T","3530C>T",743,728.281571562208,0.00868949305537839,0,"Significant","missense"
"6925C>T","8810C>T",448,458.928905519177,-0.0104673984843252,0.074,"Not Significant","missense"
"6925C>T","3380G>A",350,347.413470533209,0.00322139067436306,0.654,"Not Significant","missense"
"6925C>T","10762G>A",774,758.304957904584,0.00889706520857525,0,"Significant","missense"
"6925C>T","14394C>T",354,370.574368568756,-0.0198721152503619,0.001,"Significant","missense"
"6925C>T","9907G>C",471,422.043030869972,0.0476641739002821,0,"Significant","missense"
"6925C>T","7048C>T",727,699.115996258185,0.0169851716578158,0,"Significant","missense"
"6925C>T","8406C>T",436,430.621141253508,0.00539114166232235,0.397,"Not Significant","missense"
"6925C>T","8723G>A",721,707.694106641721,0.00808968570825973,0.005,"Significant","missense"
"6925C>T","12503G>A",684,654.509822263798,0.0191399333039899,0,"Significant","missense"
"6925C>T","13103G>C",462,410.033676333022,0.0518224484827516,0,"Significant","missense"
"6925C>T","15602A>G",676,652.794200187091,0.0151704087098178,0,"Significant","missense"
"6925C>T","4522T>C",671,628.77549111319,0.0282269150666167,0,"Significant","missense"
"6925C>T","12468T>A",654,627.059869036483,0.0182687409051609,0,"Significant","missense"
"6925C>T","6445C>T",801,790.043966323667,0.00598125542614494,0.007,"Significant","missense"
"6925C>T","14619A>T",641,617.623947614593,0.0161339026263032,0,"Significant","missense"
"6925C>T","13421T>C",657,636.495790458372,0.0137698338195085,0.001,"Significant","missense"
"6925C>T","13370C>T",627,609.045837231057,0.012617561650396,0.001,"Significant","missense"
"6925C>T","10354C>T",670,648.505144995323,0.0141613767383746,0,"Significant","missense"
"6925C>T","15651C>T",744,731.712815715622,0.00723227391711166,0.014,"Significant","missense"
"6925C>T","8878C>T",726,703.405051449953,0.013731137855132,0,"Significant","missense"
"6925C>T","6300G>A",630,609.903648269411,0.01407931826257,0,"Significant","missense"
"6925C>T","15044C>T",731,699.115996258185,0.019368137756638,0,"Significant","missense"
"6925C>T","7897G>T",628,599.609915809167,0.0200908375302684,0,"Significant","missense"
"6925C>T","7026G>A",694,651.936389148737,0.0271542477128165,0,"Significant","missense"
"6925C>T","7065G>A",638,613.334892422825,0.0171230064588358,0,"Significant","missense"
"6925C>T","15810C>T",612,591.031805425631,0.0151405697766898,0,"Significant","missense"
"6925C>T","3650C>T",726,692.253507951356,0.0206714555167772,0,"Significant","missense"
"6925C>T","15384C>T",400,394.593077642657,0.00591052918514367,0.375,"Not Significant","missense"
"6925C>T","7916A>G",524,488.094480823199,0.0308273901274064,0,"Significant","missense"
"6925C>T","13682C>T",682,662.23012160898,0.0127754438594979,0,"Significant","missense"
"6925C>T","8734C>T",638,621.055191768007,0.0116904820627705,0.001,"Significant","missense"
"6925C>T","13759G>A",793,771.172123479888,0.0121218651231305,0,"Significant","missense"
"6925C>T","9835T>C",505,468.364826941066,0.0327071049526744,0,"Significant","missense"
"6925C>T","9651C>T",670,648.505144995323,0.0141613767383746,0,"Significant","missense"
"6925C>T","9520G>A",627,594.463049579046,0.0231426757576628,0,"Significant","missense"
"6807C>T","15539C>T",446,442.961646398503,0.00296873402085184,0.688,"Not Significant","missense"
"6807C>T","12920C>T",384,446.699719363892,-0.0656844552617765,0,"Significant","missense"
"6807C>T","14895T>A",393,401.842843779233,-0.00966368822136172,0.252,"Not Significant","missense"
"6807C>T","13007C>T",377,442.338634237605,-0.0694135224747885,0,"Significant","missense"
"6807C>T","6648C>T",397,448.568755846586,-0.0530385136296639,0,"Significant","missense"
"6807C>T","15600C>T",340,416.795135640786,-0.0884437246870675,0,"Significant","missense"
"6807C>T","14225C>T",527,537.659494855005,-0.00869670446418441,0.089,"Not Significant","missense"
"6807C>T","13565C>T",425,397.481758652947,0.0290717273676191,0.001,"Significant","missense"
"6807C>T","14945G>A",394,354.493919550982,0.0458874314689677,0,"Significant","missense"
"6807C>T","15636C>T",408,454.175865294668,-0.046563889189607,0,"Significant","missense"
"6807C>T","8181T>A",303,386.267539756782,-0.105445584957441,0,"Significant","missense"
"6807C>T","9270C>T",443,317.736202057998,0.144337026163572,0,"Significant","missense"
"6807C>T","5227G>A",337,397.481758652947,-0.0716873018113271,0,"Significant","missense"
"6807C>T","13996G>A",429,487.818521983162,-0.05580099383473,0,"Significant","missense"
"6807C>T","14531C>T",520,513.362020579981,0.00557960797615928,0.346,"Not Significant","missense"
"6807C>T","15246G>A",342,321.474275023386,0.0268798804673925,0.008,"Significant","missense"
"6807C>T","12863G>A",399,429.255378858747,-0.031742850182393,0,"Significant","missense"
"6807C>T","3530C>T",553,528.937324602432,0.0193209170992189,0,"Significant","missense"
"6807C>T","8810C>T",383,333.311506080449,0.0603484679858543,0,"Significant","missense"
"6807C>T","3380G>A",368,252.319925163704,0.163896271497272,0,"Significant","missense"
"6807C>T","10762G>A",532,550.742750233863,-0.0150371566795452,0.005,"Significant","missense"
"6807C>T","14394C>T",310,269.141253507951,0.0613814230578163,0,"Significant","missense"
"6807C>T","9907G>C",261,306.521983161833,-0.0698211193905777,0,"Significant","missense"
"6807C>T","7048C>T",514,507.754911131899,0.0053089862937751,0.365,"Not Significant","missense"
"6807C>T","8406C>T",422,312.752104770814,0.130112209855095,0,"Significant","missense"
"6807C>T","8723G>A",525,513.985032740879,0.00920883089450697,0.103,"Not Significant","missense"
"6807C>T","12503G>A",458,475.358278765201,-0.0161555839125309,0.021,"Significant","missense"
"6807C>T","13103G>C",249,297.799812909261,-0.077725073477877,0,"Significant","missense"
"6807C>T","15602A>G",435,474.112254443405,-0.0373919237774503,0,"Significant","missense"
"6807C>T","4522T>C",467,456.66791393826,0.00971638196345905,0.186,"Not Significant","missense"
"6807C>T","12468T>A",420,455.421889616464,-0.035164610521475,0,"Significant","missense"
"6807C>T","6445C>T",580,573.794200187091,0.00467183940456447,0.27,"Not Significant","missense"
"6807C>T","14619A>T",389,448.568755846586,-0.061879419067069,0,"Significant","missense"
"6807C>T","13421T>C",415,462.275023386342,-0.0468523325284468,0,"Significant","missense"
"6807C>T","13370C>T",413,442.338634237605,-0.0298048210241904,0,"Significant","missense"
"6807C>T","10354C>T",410,470.997193638915,-0.0602344627429804,0,"Significant","missense"
"6807C>T","15651C>T",523,531.429373246024,-0.00694386626177048,0.23,"Not Significant","missense"
"6807C>T","8878C>T",476,510.869971936389,-0.0307034236247404,0,"Significant","missense"
"6807C>T","6300G>A",368,442.961646398503,-0.0805183060177517,0,"Significant","missense"
"6807C>T","15044C>T",484,507.754911131899,-0.020808771057083,0,"Significant","missense"
"6807C>T","7897G>T",414,435.485500467727,-0.0219733585863003,0.008,"Significant","missense"
"6807C>T","7026G>A",484,473.489242282507,0.00953524540209611,0.164,"Not Significant","missense"
"6807C>T","7065G>A",422,445.453695042095,-0.0234901148009243,0,"Significant","missense"
"6807C>T","15810C>T",355,429.255378858747,-0.0824873928140337,0,"Significant","missense"
"6807C>T","3650C>T",496,502.770813844715,-0.00588838219339487,0.338,"Not Significant","missense"
"6807C>T","15384C>T",400,286.585594013096,0.144805635684822,0,"Significant","missense"
"6807C>T","7916A>G",288,354.493919550982,-0.090216302597335,0,"Significant","missense"
"6807C>T","13682C>T",427,480.965388213283,-0.051685949272224,0,"Significant","missense"
"6807C>T","8734C>T",422,451.060804490178,-0.0289226391969894,0,"Significant","missense"
"6807C>T","13759G>A",578,560.087932647334,0.0136716227257749,0.003,"Significant","missense"
"6807C>T","9835T>C",332,340.164639850327,-0.0105510829622208,0.291,"Not Significant","missense"
"6807C>T","9651C>T",423,470.997193638915,-0.0466779520876768,0,"Significant","missense"
"6807C>T","9520G>A",357,431.747427502339,-0.0825615424611155,0,"Significant","missense"
"15539C>T","12920C>T",458,476.882132834425,-0.0175455731849154,0.015,"Significant","missense"
"15539C>T","14895T>A",598,428.99438727783,0.144249573832126,0,"Significant","missense"
"15539C>T","13007C>T",470,472.2263797942,-0.00205238630434564,0.795,"Not Significant","missense"
"15539C>T","6648C>T",469,478.87745556595,-0.00905154923717164,0.199,"Not Significant","missense"
"15539C>T","15600C>T",428,444.956969130028,-0.0168742442756355,0.021,"Significant","missense"
"15539C>T","14225C>T",599,573.987839101964,0.0185241311531103,0,"Significant","missense"
"15539C>T","13565C>T",429,424.338634237605,0.00474471794257255,0.576,"Not Significant","missense"
"15539C>T","14945G>A",360,378.446211412535,-0.0217016611487662,0.02,"Significant","missense"
"15539C>T","15636C>T",519,484.863423760524,0.029547934009489,0,"Significant","missense"
"15539C>T","8181T>A",399,412.366697848457,-0.0143106893324904,0.097,"Not Significant","missense"
"15539C>T","9270C>T",333,339.204864359214,-0.00801783811260233,0.465,"Not Significant","missense"
"15539C>T","5227G>A",478,424.338634237605,0.0517153223699568,0,"Significant","missense"
"15539C>T","13996G>A",536,520.77923292797,0.012511132113836,0.027,"Significant","missense"
"15539C>T","14531C>T",590,548.048643592142,0.0320329044240344,0,"Significant","missense"
"15539C>T","15246G>A",325,343.195509822264,-0.0236582361693182,0.018,"Significant","missense"
"15539C>T","12863G>A",485,458.259120673527,0.0246306211736443,0,"Significant","missense"
"15539C>T","3530C>T",576,564.676333021515,0.00862289765826952,0.062,"Not Significant","missense"
"15539C>T","8810C>T",333,355.832553788588,-0.0288014440358885,0,"Significant","missense"
"15539C>T","3380G>A",296,269.368568755847,0.0409447923232672,0,"Significant","missense"
"15539C>T","10762G>A",599,587.955098222638,0.0080826618552486,0.057,"Not Significant","missense"
"15539C>T","14394C>T",255,287.32647333957,-0.051835461901926,0,"Significant","missense"
"15539C>T","9907G>C",455,327.232927970065,0.143154398368727,0,"Significant","missense"
"15539C>T","7048C>T",590,542.062675397568,0.0368025073811728,0,"Significant","missense"
"15539C>T","8406C>T",362,333.884003741815,0.035112957867148,0,"Significant","missense"
"15539C>T","8723G>A",558,548.713751169317,0.00728835486666403,0.16,"Not Significant","missense"
"15539C>T","12503G>A",553,507.477081384471,0.0373086978288225,0,"Significant","missense"
"15539C>T","13103G>C",447,317.921421889616,0.14798773099879,0,"Significant","missense"
"15539C>T","15602A>G",534,506.146866230122,0.0232647047369909,0,"Significant","missense"
"15539C>T","4522T>C",575,487.523854069224,0.0716719745275007,0,"Significant","missense"
"15539C>T","12468T>A",519,486.193638914874,0.0283580853696035,0,"Significant","missense"
"15539C>T","6445C>T",624,612.56407857811,0.00803306396458542,0.044,"Significant","missense"
"15539C>T","14619A>T",487,478.87745556595,0.00730456926237602,0.27,"Not Significant","missense"
"15539C>T","13421T>C",489,493.509822263798,-0.00398694167639432,0.537,"Not Significant","missense"
"15539C>T","13370C>T",514,472.2263797942,0.0368128747552048,0,"Significant","missense"
"15539C>T","10354C>T",500,502.821328344247,-0.00244368668617548,0.741,"Not Significant","missense"
"15539C>T","15651C>T",571,567.336763330215,0.00279518155733627,0.57,"Not Significant","missense"
"15539C>T","8878C>T",560,545.388213283442,0.0114822791014934,0.026,"Significant","missense"
"15539C>T","6300G>A",497,472.891487371375,0.0215948924825731,0.001,"Significant","missense"
"15539C>T","15044C>T",604,542.062675397568,0.0469874343601587,0,"Significant","missense"
"15539C>T","7897G>T",513,464.910196445276,0.0427482938451379,0,"Significant","missense"
"15539C>T","7026G>A",579,505.481758652947,0.0589730759256457,0,"Significant","missense"
"15539C>T","7065G>A",514,475.551917680075,0.0337651816732001,0,"Significant","missense"
"15539C>T","15810C>T",469,458.259120673527,0.0100617252864669,0.149,"Not Significant","missense"
"15539C>T","3650C>T",598,536.741814780168,0.0469357537453439,0,"Significant","missense"
"15539C>T","15384C>T",332,305.949485500468,0.0354883565014627,0,"Significant","missense"
"15539C>T","7916A>G",435,378.446211412535,0.060485095038563,0,"Significant","missense"
"15539C>T","13682C>T",530,513.463049579046,0.0137666737440619,0.02,"Significant","missense"
"15539C>T","8734C>T",511,481.537885874649,0.0257904384165724,0,"Significant","missense"
"15539C>T","13759G>A",624,597.931711880262,0.0185330024282039,0,"Significant","missense"
"15539C>T","9835T>C",438,363.148737137512,0.0813895722783536,0,"Significant","missense"
"15539C>T","9651C>T",514,502.821328344247,0.00954942797307911,0.113,"Not Significant","missense"
"15539C>T","9520G>A",489,460.919550982226,0.0256837289908198,0,"Significant","missense"
"12920C>T","14895T>A",418,432.614593077643,-0.0149248833192512,0.053,"Not Significant","missense"
"12920C>T","13007C>T",614,476.21141253508,0.11036857196305,0,"Significant","missense"
"12920C>T","6648C>T",617,482.918615528531,0.106411217142932,0,"Significant","missense"
"12920C>T","15600C>T",596,448.711880261927,0.123278691513367,0,"Significant","missense"
"12920C>T","14225C>T",591,578.831618334892,0.00903523470702217,0.041,"Significant","missense"
"12920C>T","13565C>T",418,427.919550982226,-0.0101858474051468,0.22,"Not Significant","missense"
"12920C>T","14945G>A",358,381.639850327409,-0.0277706902102113,0.002,"Significant","missense"
"12920C>T","15636C>T",551,488.955098222638,0.0518826200747783,0,"Significant","missense"
"12920C>T","8181T>A",578,415.846585594013,0.142994698463224,0,"Significant","missense"
"12920C>T","9270C>T",256,342.067352666043,-0.125871661245066,0,"Significant","missense"
"12920C>T","5227G>A",468,427.919550982226,0.038883723893931,0,"Significant","missense"
"12920C>T","13996G>A",596,525.173994387278,0.0549430472232611,0,"Significant","missense"
"12920C>T","14531C>T",542,552.67352666043,-0.00846937561774941,0.117,"Not Significant","missense"
"12920C>T","15246G>A",326,346.091674462114,-0.0259735520182868,0.007,"Significant","missense"
"12920C>T","12863G>A",484,462.126286248831,0.0200846892777603,0.002,"Significant","missense"
"12920C>T","3530C>T",570,569.44153414406,0.000425714969516631,0.946,"Not Significant","missense"
"12920C>T","8810C>T",331,358.835360149673,-0.0350672387045217,0.001,"Significant","missense"
"12920C>T","3380G>A",182,271.641721234799,-0.173925085688537,0,"Significant","missense"
"12920C>T","10762G>A",622,592.916744621141,0.0207966692187201,0,"Significant","missense"
"12920C>T","14394C>T",263,289.751169317119,-0.0420694487841611,0.001,"Significant","missense"
"12920C>T","9907G>C",369,329.99438727783,0.048519812932664,0,"Significant","missense"
"12920C>T","7048C>T",532,546.637043966324,-0.0117874269039483,0.02,"Significant","missense"
"12920C>T","8406C>T",255,336.701590271282,-0.120704987170045,0,"Significant","missense"
"12920C>T","8723G>A",543,553.344246959776,-0.00819556942009879,0.116,"Not Significant","missense"
"12920C>T","12503G>A",525,511.759588400374,0.0110933149920522,0.058,"Not Significant","missense"
"12920C>T","13103G>C",363,320.604303086997,0.0539372779649558,0,"Significant","missense"
"12920C>T","15602A>G",553,510.418147801684,0.0347990240750968,0,"Significant","missense"
"12920C>T","4522T>C",456,491.637979420019,-0.0326805824357081,0,"Significant","missense"
"12920C>T","12468T>A",525,490.296538821328,0.0297004759890685,0,"Significant","missense"
"12920C>T","6445C>T",616,617.733395696913,-0.00122036849144529,0.783,"Not Significant","missense"
"12920C>T","14619A>T",565,482.918615528531,0.0681745009291349,0,"Significant","missense"
"12920C>T","13421T>C",578,497.674462114125,0.0649824826824677,0,"Significant","missense"
"12920C>T","13370C>T",501,476.21141253508,0.0220379266891439,0,"Significant","missense"
"12920C>T","10354C>T",583,507.064546304958,0.0606053087987743,0,"Significant","missense"
"12920C>T","15651C>T",569,572.124415341441,-0.00237821523147354,0.613,"Not Significant","missense"
"12920C>T","8878C>T",596,549.99064546305,0.0348909568974916,0,"Significant","missense"
"12920C>T","6300G>A",555,476.882132834425,0.0658819319338751,0,"Significant","missense"
"12920C>T","15044C>T",564,546.637043966324,0.0135800447843411,0.008,"Significant","missense"
"12920C>T","7897G>T",495,468.833489242282,0.0235865727288604,0,"Significant","missense"
"12920C>T","7026G>A",485,509.747427502339,-0.0216133041375454,0,"Significant","missense"
"12920C>T","7065G>A",513,479.565014031805,0.0292698728517078,0,"Significant","missense"
"12920C>T","15810C>T",549,462.126286248831,0.0748116720834292,0,"Significant","missense"
"12920C>T","3650C>T",557,541.271281571562,0.0124402099926341,0.03,"Significant","missense"
"12920C>T","15384C>T",220,308.531337698784,-0.146876601318333,0,"Significant","missense"
"12920C>T","7916A>G",439,381.639850327409,0.0608108033880133,0,"Significant","missense"
"12920C>T","13682C>T",588,517.796071094481,0.0552185752813703,0,"Significant","missense"
"12920C>T","8734C>T",526,485.601496725912,0.0347057274975633,0,"Significant","missense"
"12920C>T","13759G>A",590,602.977549111319,-0.00944913055010504,0.027,"Significant","missense"
"12920C>T","9835T>C",375,366.21328344247,0.0102971745639568,0.258,"Not Significant","missense"
"12920C>T","9651C>T",571,507.064546304958,0.0515728622856099,0,"Significant","missense"
"12920C>T","9520G>A",543,464.809167446211,0.0675251445180047,0,"Significant","missense"
"14895T>A","13007C>T",434,428.391019644528,0.0056493713669444,0.462,"Not Significant","missense"
"14895T>A","6648C>T",435,434.424695977549,0.000574751096878968,0.944,"Not Significant","missense"
"14895T>A","15600C>T",394,403.652946679139,-0.0105119053687361,0.218,"Not Significant","missense"
"14895T>A","14225C>T",551,520.706267539757,0.0245587937100811,0,"Significant","missense"
"14895T>A","13565C>T",375,384.948550046773,-0.0113714204199302,0.22,"Not Significant","missense"
"14895T>A","14945G>A",316,343.316183348924,-0.0360071932031461,0.001,"Significant","missense"
"14895T>A","15636C>T",484,439.855004677269,0.0415358238999391,0,"Significant","missense"
"14895T>A","8181T>A",373,374.087932647334,-0.00126486711605568,0.917,"Not Significant","missense"
"14895T>A","9270C>T",284,307.717492984097,-0.0348338454773767,0.005,"Significant","missense"
"14895T>A","5227G>A",453,384.948550046773,0.0706955138651628,0,"Significant","missense"
"14895T>A","13996G>A",505,472.436856875585,0.0289476066342222,0,"Significant","missense"
"14895T>A","14531C>T",556,497.174929840973,0.0485655704584426,0,"Significant","missense"
"14895T>A","15246G>A",281,311.33769878391,-0.0445253911486062,0,"Significant","missense"
"14895T>A","12863G>A",460,415.720299345182,0.0439566003474484,0,"Significant","missense"
"14895T>A","3530C>T",517,512.259120673527,0.00400084342349929,0.506,"Not Significant","missense"
"14895T>A","8810C>T",288,322.801683816651,-0.0495433036884712,0,"Significant","missense"
"14895T>A","3380G>A",253,244.363891487371,0.0150834885346535,0.291,"Not Significant","missense"
"14895T>A","10762G>A",557,533.376987839102,0.0188209207341626,0,"Significant","missense"
"14895T>A","14394C>T",212,260.654817586529,-0.0897298953126122,0,"Significant","missense"
"14895T>A","9907G>C",442,296.856875584659,0.172875157155194,0,"Significant","missense"
"14895T>A","7048C>T",548,491.744621141254,0.0470409403178937,0,"Significant","missense"
"14895T>A","8406C>T",312,302.89055191768,0.0128688674469295,0.258,"Not Significant","missense"
"14895T>A","8723G>A",518,497.778297474275,0.0172938017688148,0.004,"Significant","missense"
"14895T>A","12503G>A",514,460.369504209542,0.0478565716138957,0,"Significant","missense"
"14895T>A","13103G>C",440,288.409728718428,0.183442770447527,0,"Significant","missense"
"14895T>A","15602A>G",508,459.162768942937,0.0438970460868476,0,"Significant","missense"
"14895T>A","4522T>C",536,442.268475210477,0.0834788056251352,0,"Significant","missense"
"14895T>A","12468T>A",484,441.061739943873,0.0403459752600535,0,"Significant","missense"
"14895T>A","6445C>T",572,555.701590271282,0.0125543891696833,0.001,"Significant","missense"
"14895T>A","14619A>T",458,434.424695977549,0.0229509721461058,0.001,"Significant","missense"
"14895T>A","13421T>C",464,447.698783910196,0.0155320658493606,0.03,"Significant","missense"
"14895T>A","13370C>T",487,428.391019644528,0.0556886030690571,0,"Significant","missense"
"14895T>A","10354C>T",468,456.145930776427,0.0111420481464253,0.121,"Not Significant","missense"
"14895T>A","15651C>T",527,514.672591206735,0.0102795746185318,0.062,"Not Significant","missense"
"14895T>A","8878C>T",519,494.761459307764,0.0207714960382473,0,"Significant","missense"
"14895T>A","6300G>A",469,428.99438727783,0.0387212325588185,0,"Significant","missense"
"14895T>A","15044C>T",543,491.744621141254,0.0430602114223722,0,"Significant","missense"
"14895T>A","7897G>T",488,421.753975678204,0.0633606368305255,0,"Significant","missense"
"14895T>A","7026G>A",538,458.559401309635,0.0693866739590941,0,"Significant","missense"
"14895T>A","7065G>A",482,431.407857811038,0.0481589870112686,0,"Significant","missense"
"14895T>A","15810C>T",441,415.720299345182,0.0256373581337169,0.001,"Significant","missense"
"14895T>A","3650C>T",548,486.917680074836,0.0513250143357991,0,"Significant","missense"
"14895T>A","15384C>T",287,277.54911131899,0.0145420556259233,0.24,"Not Significant","missense"
"14895T>A","7916A>G",421,343.316183348924,0.0885878200140841,0,"Significant","missense"
"14895T>A","13682C>T",495,465.799812909261,0.0264058891713373,0.001,"Significant","missense"
"14895T>A","8734C>T",476,436.838166510758,0.0372863770968483,0,"Significant","missense"
"14895T>A","13759G>A",570,542.427502338634,0.021533154512769,0,"Significant","missense"
"14895T>A","9835T>C",412,329.438727782975,0.0971225639018812,0,"Significant","missense"
"14895T>A","9651C>T",487,456.145930776427,0.028425156286932,0,"Significant","missense"
"14895T>A","9520G>A",464,418.133769878391,0.0452027365165741,0,"Significant","missense"
"13007C>T","6648C>T",617,478.203928905519,0.110672024091656,0,"Significant","missense"
"13007C>T","15600C>T",607,444.331150608045,0.135481929797111,0,"Significant","missense"
"13007C>T","14225C>T",575,573.180542563143,0.00137640546412345,0.784,"Not Significant","missense"
"13007C>T","13565C>T",426,423.741814780168,0.00230827687125887,0.797,"Not Significant","missense"
"13007C>T","14945G>A",354,377.913938260056,-0.0283896478795728,0.003,"Significant","missense"
"13007C>T","15636C>T",543,484.181478016838,0.0497916577605654,0,"Significant","missense"
"13007C>T","8181T>A",583,411.78671655753,0.150996221750432,0,"Significant","missense"
"13007C>T","9270C>T",253,338.727782974743,-0.126730298432372,0,"Significant","missense"
"13007C>T","5227G>A",482,423.741814780168,0.0559457160073776,0,"Significant","missense"
"13007C>T","13996G>A",601,520.046772684752,0.0628320664344876,0,"Significant","missense"
"13007C>T","14531C>T",535,547.277829747427,-0.00985407318618271,0.068,"Not Significant","missense"
"13007C>T","15246G>A",336,342.712815715622,-0.00859106774766204,0.416,"Not Significant","missense"
"13007C>T","12863G>A",483,457.614593077643,0.0234472653335841,0.002,"Significant","missense"
"13007C>T","3530C>T",557,563.882132834425,-0.00533313858052013,0.297,"Not Significant","missense"
"13007C>T","8810C>T",334,355.33208606174,-0.0268879587199534,0.013,"Significant","missense"
"13007C>T","3380G>A",192,268.989710009355,-0.146434438021351,0,"Significant","missense"
"13007C>T","10762G>A",623,587.128157156221,0.0257551381357951,0,"Significant","missense"
"13007C>T","14394C>T",273,286.922357343311,-0.0216017432844456,0.057,"Not Significant","missense"
"13007C>T","9907G>C",375,326.772684752105,0.0597855214500441,0,"Significant","missense"
"13007C>T","7048C>T",534,541.300280636108,-0.00589699522171635,0.285,"Not Significant","missense"
"13007C>T","8406C>T",269,333.414405986904,-0.0932320806528775,0,"Significant","missense"
"13007C>T","8723G>A",549,547.942001870907,0.000837752389869459,0.879,"Not Significant","missense"
"13007C>T","12503G>A",525,506.763330215154,0.0153541219407762,0.008,"Significant","missense"
"13007C>T","13103G>C",363,317.474275023386,0.0581980849136791,0,"Significant","missense"
"13007C>T","15602A>G",557,505.434985968195,0.0421898948928509,0,"Significant","missense"
"13007C>T","4522T>C",471,486.838166510758,-0.0143637110225261,0.026,"Significant","missense"
"13007C>T","12468T>A",528,485.509822263798,0.0364359020656474,0,"Significant","missense"
"13007C>T","6445C>T",611,611.702525724977,-0.000499063464591864,0.931,"Not Significant","missense"
"13007C>T","14619A>T",561,478.203928905519,0.0693497213145823,0,"Significant","missense"
"13007C>T","13421T>C",571,492.815715622077,0.0639515594565117,0,"Significant","missense"
"13007C>T","13370C>T",495,471.56220767072,0.0210662067041918,0,"Significant","missense"
"13007C>T","10354C>T",582,502.114125350795,0.0641205456383729,0,"Significant","missense"
"13007C>T","15651C>T",558,566.538821328344,-0.0065954757402403,0.171,"Not Significant","missense"
"13007C>T","8878C>T",586,544.621141253508,0.031803120124071,0,"Significant","missense"
"13007C>T","6300G>A",571,472.2263797942,0.0824858640057686,0,"Significant","missense"
"13007C>T","15044C>T",574,541.300280636108,0.0254736401476951,0,"Significant","missense"
"13007C>T","7897G>T",490,464.256314312442,0.0234382607725301,0,"Significant","missense"
"13007C>T","7026G>A",499,504.770813844715,-0.00499369016769768,0.433,"Not Significant","missense"
"13007C>T","7065G>A",506,474.88306828812,0.0275638315284157,0,"Significant","missense"
"13007C>T","15810C>T",550,457.614593077643,0.0798628240763049,0,"Significant","missense"
"13007C>T","3650C>T",555,535.986903648269,0.0151388048903058,0.006,"Significant","missense"
"13007C>T","15384C>T",236,305.519176800748,-0.112126472221723,0,"Significant","missense"
"13007C>T","7916A>G",448,377.913938260056,0.0738851040927576,0,"Significant","missense"
"13007C>T","13682C>T",581,512.740879326473,0.0542781885442874,0,"Significant","missense"
"13007C>T","8734C>T",521,480.860617399439,0.0348185135920734,0,"Significant","missense"
"13007C>T","13759G>A",596,597.090739008419,-0.000794075503289438,0.86,"Not Significant","missense"
"13007C>T","9835T>C",383,362.637979420019,0.0237254877535819,0.011,"Significant","missense"
"13007C>T","9651C>T",566,502.114125350795,0.0520139921767579,0,"Significant","missense"
"13007C>T","9520G>A",554,460.271281571562,0.0804958866063098,0,"Significant","missense"
"6648C>T","15600C>T",588,450.589335827876,0.115596417085802,0,"Significant","missense"
"6648C>T","14225C>T",591,581.253507951356,0.00722189394355406,0.095,"Not Significant","missense"
"6648C>T","13565C>T",434,429.710009354537,0.00431425956885697,0.618,"Not Significant","missense"
"6648C>T","14945G>A",372,383.236669784846,-0.0129241177356607,0.151,"Not Significant","missense"
"6648C>T","15636C>T",532,491.000935453695,0.0348293127545763,0,"Significant","missense"
"6648C>T","8181T>A",576,417.586529466791,0.139676002702439,0,"Significant","missense"
"6648C>T","9270C>T",273,343.498596819457,-0.0997623202796381,0,"Significant","missense"
"6648C>T","5227G>A",470,429.710009354537,0.0389223879920561,0,"Significant","missense"
"6648C>T","13996G>A",597,527.371375116932,0.0538577778489257,0,"Significant","missense"
"6648C>T","14531C>T",545,554.985968194574,-0.00788550064296239,0.148,"Not Significant","missense"
"6648C>T","15246G>A",346,347.539756782039,-0.00192839405692466,0.853,"Not Significant","missense"
"6648C>T","12863G>A",490,464.059869036483,0.0236220668983924,0.001,"Significant","missense"
"6648C>T","3530C>T",572,571.824134705332,0.000133547326581094,1,"Not Significant","missense"
"6648C>T","8810C>T",346,360.336763330215,-0.0176324744509374,0.077,"Not Significant","missense"
"6648C>T","3380G>A",209,272.778297474275,-0.115663528326057,0,"Significant","missense"
"6648C>T","10762G>A",628,595.397567820393,0.0231525875016288,0,"Significant","missense"
"6648C>T","14394C>T",288,290.963517305893,-0.00444605027817018,0.734,"Not Significant","missense"
"6648C>T","9907G>C",363,331.375116931712,0.0395867310462504,0,"Significant","missense"
"6648C>T","7048C>T",550,548.924228250702,0.00085028953177666,0.873,"Not Significant","missense"
"6648C>T","8406C>T",285,338.110383536015,-0.0742136483589757,0,"Significant","missense"
"6648C>T","8723G>A",563,555.659494855005,0.00569965507892961,0.267,"Not Significant","missense"
"6648C>T","12503G>A",534,513.900841908326,0.0166619278511823,0.001,"Significant","missense"
"6648C>T","13103G>C",355,321.945743685688,0.0424456652204722,0,"Significant","missense"
"6648C>T","15602A>G",560,512.553788587465,0.03844857901313,0,"Significant","missense"
"6648C>T","4522T>C",483,493.695042095416,-0.00951163511210433,0.146,"Not Significant","missense"
"6648C>T","12468T>A",534,492.347988774556,0.0352690888481987,0,"Significant","missense"
"6648C>T","6445C>T",627,620.318054256314,0.00465311941137635,0.221,"Not Significant","missense"
"6648C>T","14619A>T",550,484.939195509822,0.0546754018404744,0,"Significant","missense"
"6648C>T","13421T>C",568,499.756782039289,0.0555896392094909,0,"Significant","missense"
"6648C>T","13370C>T",511,478.203928905519,0.0288077601931412,0,"Significant","missense"
"6648C>T","10354C>T",567,509.186155285313,0.0467064721692009,0,"Significant","missense"
"6648C>T","15651C>T",564,574.518241347053,-0.00802471840666982,0.086,"Not Significant","missense"
"6648C>T","8878C>T",599,552.291861552853,0.035258178783098,0,"Significant","missense"
"6648C>T","6300G>A",554,478.87745556595,0.0632853727761607,0,"Significant","missense"
"6648C>T","15044C>T",570,548.924228250702,0.0163624557100214,0,"Significant","missense"
"6648C>T","7897G>T",503,470.795135640786,0.0287360180877497,0,"Significant","missense"
"6648C>T","7026G>A",503,511.880261927035,-0.00760039844735289,0.222,"Not Significant","missense"
"6648C>T","7065G>A",512,481.571562207671,0.0266091279522544,0,"Significant","missense"
"6648C>T","15810C>T",538,464.059869036483,0.06420826253626,0,"Significant","missense"
"6648C>T","3650C>T",559,543.536014967259,0.0121834819418602,0.021,"Significant","missense"
"6648C>T","15384C>T",252,309.822263797942,-0.0897120821224883,0,"Significant","missense"
"6648C>T","7916A>G",431,383.236669784846,0.0510102125431574,0,"Significant","missense"
"6648C>T","13682C>T",582,519.962581852198,0.048950893091653,0,"Significant","missense"
"6648C>T","8734C>T",528,487.633302151544,0.0345405651141681,0,"Significant","missense"
"6648C>T","13759G>A",603,605.500467726848,-0.00179717081556764,0.649,"Not Significant","missense"
"6648C>T","9835T>C",377,367.745556594948,0.0107939162785623,0.232,"Not Significant","missense"
"6648C>T","9651C>T",566,509.186155285313,0.0459398444645659,0,"Significant","missense"
"6648C>T","9520G>A",544,466.753975678204,0.0665108738638695,0,"Significant","missense"
"15600C>T","14225C>T",548,540.081384471469,0.00632135021011335,0.245,"Not Significant","missense"
"15600C>T","13565C>T",394,399.272217025257,-0.00577286945463179,0.548,"Not Significant","missense"
"15600C>T","14945G>A",333,356.090739008419,-0.0291164454477878,0.001,"Significant","missense"
"15600C>T","15636C>T",522,456.221702525725,0.0584945621252305,0,"Significant","missense"
"15600C>T","8181T>A",575,388.00748362956,0.170827742632295,0,"Significant","missense"
"15600C>T","9270C>T",222,319.167446211412,-0.157665614206283,0,"Significant","missense"
"15600C>T","5227G>A",451,399.272217025257,0.0529074505977407,0,"Significant","missense"
"15600C>T","13996G>A",575,490.015902712816,0.069457670072629,0,"Significant","missense"
"15600C>T","14531C>T",495,515.674462114125,-0.0177704253225887,0.004,"Significant","missense"
"15600C>T","15246G>A",308,322.922357343311,-0.0205473976858057,0.08,"Not Significant","missense"
"15600C>T","12863G>A",453,431.188961646399,0.0214305675461561,0.003,"Significant","missense"
"15600C>T","3530C>T",529,531.319925163704,-0.00190043076781163,0.753,"Not Significant","missense"
"15600C>T","8810C>T",306,334.812909260992,-0.0390807680986813,0.001,"Significant","missense"
"15600C>T","3380G>A",169,253.45650140318,-0.176016731159954,0,"Significant","missense"
"15600C>T","10762G>A",589,553.223573433115,0.0272146172149787,0,"Significant","missense"
"15600C>T","14394C>T",252,270.353601496726,-0.0305316185924014,0.013,"Significant","missense"
"15600C>T","9907G>C",353,307.902712815716,0.0593611900613991,0,"Significant","missense"
"15600C>T","7048C>T",497,510.042095416277,-0.0112496325656873,0.049,"Significant","missense"
"15600C>T","8406C>T",236,314.160898035547,-0.124240126733912,0,"Significant","missense"
"15600C>T","8723G>A",514,516.300280636108,-0.00193924211369407,0.78,"Not Significant","missense"
"15600C>T","12503G>A",494,477.499532273152,0.0147539984097184,0.021,"Significant","missense"
"15600C>T","13103G>C",344,299.141253507951,0.0606821334003473,0,"Significant","missense"
"15600C>T","15602A>G",524,476.247895229186,0.0414982176541005,0,"Significant","missense"
"15600C>T","4522T>C",430,458.724976613658,-0.0280839316205801,0,"Significant","missense"
"15600C>T","12468T>A",499,457.473339569691,0.0377347561064765,0,"Significant","missense"
"15600C>T","6445C>T",578,576.378858746492,0.00121979566463486,0.798,"Not Significant","missense"
"15600C>T","14619A>T",542,450.589335827876,0.0802183775480572,0,"Significant","missense"
"15600C>T","13421T>C",546,464.357343311506,0.0703403248666511,0,"Significant","missense"
"15600C>T","13370C>T",475,444.331150608045,0.0289868483467399,0,"Significant","missense"
"15600C>T","10354C>T",564,473.11880261927,0.076308895923076,0,"Significant","missense"
"15600C>T","15651C>T",526,533.823199251637,-0.00641169957282782,0.233,"Not Significant","missense"
"15600C>T","8878C>T",555,513.171188026193,0.0340307181799081,0,"Significant","missense"
"15600C>T","6300G>A",552,444.956969130028,0.0936210644403687,0,"Significant","missense"
"15600C>T","15044C>T",544,510.042095416277,0.027992878399153,0,"Significant","missense"
"15600C>T","7897G>T",463,437.44714686623,0.0246554027132212,0,"Significant","missense"
"15600C>T","7026G>A",456,475.622076707203,-0.0182971621753975,0.004,"Significant","missense"
"15600C>T","7065G>A",475,447.460243217961,0.0259391552647353,0,"Significant","missense"
"15600C>T","15810C>T",528,431.188961646399,0.0879662880671229,0,"Significant","missense"
"15600C>T","3650C>T",525,505.035547240412,0.0168373561248381,0.001,"Significant","missense"
"15600C>T","15384C>T",213,287.876520112254,-0.130826640801828,0,"Significant","missense"
"15600C>T","7916A>G",427,356.090739008419,0.0788671960708874,0,"Significant","missense"
"15600C>T","13682C>T",557,483.131898971001,0.0617894822789358,0,"Significant","missense"
"15600C>T","8734C>T",490,453.092609915809,0.0340091012723145,0,"Significant","missense"
"15600C>T","13759G>A",556,562.610851262862,-0.00513331271021542,0.266,"Not Significant","missense"
"15600C>T","9835T>C",360,341.696913002806,0.0226614455034986,0.029,"Significant","missense"
"15600C>T","9651C>T",538,473.11880261927,0.0558120676061266,0,"Significant","missense"
"15600C>T","9520G>A",534,433.692235734331,0.0903596098576859,0,"Significant","missense"
"14225C>T","13565C>T",522,515.055191768007,0.00581673377466709,0.297,"Not Significant","missense"
"14225C>T","14945G>A",463,459.351730589336,0.00343563411644968,0.6,"Not Significant","missense"
"14225C>T","15636C>T",604,588.519176800748,0.0112763197967237,0.01,"Significant","missense"
"14225C>T","8181T>A",517,500.523854069224,0.0140657630892543,0.012,"Significant","missense"
"14225C>T","9270C>T",387,411.721234798877,-0.0268923015854498,0,"Significant","missense"
"14225C>T","5227G>A",525,515.055191768007,0.00830553417836139,0.129,"Not Significant","missense"
"14225C>T","13996G>A",649,632.1131898971,0.0114498442359925,0.004,"Significant","missense"
"14225C>T","14531C>T",674,665.212347988775,0.00569959433177163,0.109,"Not Significant","missense"
"14225C>T","15246G>A",426,416.565014031805,0.00972680696907365,0.164,"Not Significant","missense"
"14225C>T","12863G>A",565,556.227315247895,0.00679613540537992,0.183,"Not Significant","missense"
"14225C>T","3530C>T",693,685.394761459308,0.0047924538614218,0.147,"Not Significant","missense"
"14225C>T","8810C>T",434,431.903648269411,0.0021028569848502,0.754,"Not Significant","missense"
"14225C>T","3380G>A",305,326.955098222638,-0.0301882743743048,0,"Significant","missense"
"14225C>T","10762G>A",718,713.650140318054,0.00263908872279532,0.408,"Not Significant","missense"
"14225C>T","14394C>T",352,348.752104770814,0.0040258261567862,0.608,"Not Significant","missense"
"14225C>T","9907G>C",429,397.189897100094,0.0334590989109242,0,"Significant","missense"
"14225C>T","7048C>T",665,657.946679139383,0.00463094605669572,0.205,"Not Significant","missense"
"14225C>T","8406C>T",389,405.262862488307,-0.0177872063257387,0.011,"Significant","missense"
"14225C>T","8723G>A",679,666.019644527596,0.00838273522414375,0.022,"Significant","missense"
"14225C>T","12503G>A",625,615.967259120674,0.0063223888827621,0.124,"Not Significant","missense"
"14225C>T","13103G>C",412,385.887745556595,0.028436228914577,0,"Significant","missense"
"14225C>T","15602A>G",628,614.352666043031,0.00954189646019019,0.02,"Significant","missense"
"14225C>T","4522T>C",609,591.748362956034,0.0124802274853138,0.001,"Significant","missense"
"14225C>T","12468T>A",606,590.133769878391,0.0115221567019922,0.005,"Significant","missense"
"14225C>T","6445C>T",742,743.520112254443,-0.000888815424253252,0.738,"Not Significant","missense"
"14225C>T","14619A>T",594,581.253507951356,0.00942085804349187,0.034,"Significant","missense"
"14225C>T","13421T>C",611,599.014031805426,0.0086042144570941,0.046,"Significant","missense"
"14225C>T","13370C>T",589,573.180542563143,0.0118238555615928,0.018,"Significant","missense"
"14225C>T","10354C>T",626,610.316183348924,0.0110194472027898,0.009,"Significant","missense"
"14225C>T","15651C>T",715,688.623947614593,0.0163239201271237,0,"Significant","missense"
"14225C>T","8878C>T",680,661.983161833489,0.0116619698160863,0,"Significant","missense"
"14225C>T","6300G>A",583,573.987839101964,0.00676586352281497,0.129,"Not Significant","missense"
"14225C>T","15044C>T",671,657.946679139383,0.0085318209225826,0.022,"Significant","missense"
"14225C>T","7897G>T",573,564.300280636108,0.00664435571527582,0.182,"Not Significant","missense"
"14225C>T","7026G>A",629,613.54536950421,0.0108039626580442,0.008,"Significant","missense"
"14225C>T","7065G>A",586,577.21702525725,0.00655848371057735,0.175,"Not Significant","missense"
"14225C>T","15810C>T",568,556.227315247895,0.00909602329695982,0.067,"Not Significant","missense"
"14225C>T","3650C>T",668,651.488306828812,0.010869837247042,0.002,"Significant","missense"
"14225C>T","15384C>T",354,371.356407857811,-0.0207876601622121,0.008,"Significant","missense"
"14225C>T","7916A>G",468,459.351730589336,0.00810049617261956,0.186,"Not Significant","missense"
"14225C>T","13682C>T",651,623.232927970065,0.0189305977260212,0,"Significant","missense"
"14225C>T","8734C>T",599,584.482694106642,0.0106551656857312,0.018,"Significant","missense"
"14225C>T","13759G>A",727,725.759588400374,0.00074162861937743,0.837,"Not Significant","missense"
"14225C>T","9835T>C",438,440.783910196445,-0.00275162270706859,0.704,"Not Significant","missense"
"14225C>T","9651C>T",628,610.316183348924,0.012404757729556,0.001,"Significant","missense"
"14225C>T","9520G>A",574,559.45650140318,0.0111455672797333,0.021,"Significant","missense"
"13565C>T","14945G>A",437,339.590271281571,0.109526197062938,0,"Significant","missense"
"13565C>T","15636C>T",389,435.081384471469,-0.0486209005046393,0,"Significant","missense"
"13565C>T","8181T>A",361,370.028063610851,-0.0107274611049773,0.258,"Not Significant","missense"
"13565C>T","9270C>T",327,304.377923292797,0.0311346030499555,0.005,"Significant","missense"
"13565C>T","5227G>A",330,380.770813844715,-0.0621497123556416,0,"Significant","missense"
"13565C>T","13996G>A",429,467.309635173059,-0.0371474433855951,0,"Significant","missense"
"13565C>T","14531C>T",465,491.77923292797,-0.0243172323195411,0,"Significant","missense"
"13565C>T","15246G>A",429,307.958840037418,0.143964617045089,0,"Significant","missense"
"13565C>T","12863G>A",352,411.208606173994,-0.0675195319418613,0,"Significant","missense"
"13565C>T","3530C>T",518,506.699719363891,0.00957909598889428,0.095,"Not Significant","missense"
"13565C>T","8810C>T",425,319.298409728718,0.124192174516665,0,"Significant","missense"
"13565C>T","3380G>A",291,241.711880261927,0.0805949922588241,0,"Significant","missense"
"13565C>T","10762G>A",524,527.588400374181,-0.00296395154173015,0.595,"Not Significant","missense"
"13565C>T","14394C>T",386,257.826005612722,0.175260584344403,0,"Significant","missense"
"13565C>T","9907G>C",254,293.635173058934,-0.0629743596597835,0,"Significant","missense"
"13565C>T","7048C>T",471,486.407857811038,-0.0139796751234618,0.032,"Significant","missense"
"13565C>T","8406C>T",339,299.603367633302,0.0536530075456616,0,"Significant","missense"
"13565C>T","8723G>A",514,492.376052385407,0.0186661969329627,0.001,"Significant","missense"
"13565C>T","12503G>A",415,455.373246024322,-0.0403194147551628,0,"Significant","missense"
"13565C>T","13103G>C",232,285.279700654818,-0.0897828852335685,0,"Significant","missense"
"13565C>T","15602A>G",426,454.179607109448,-0.0278180311802318,0,"Significant","missense"
"13565C>T","4522T>C",434,437.468662301216,-0.00345721864100072,0.688,"Not Significant","missense"
"13565C>T","12468T>A",402,436.275023386342,-0.0355342973857661,0,"Significant","missense"
"13565C>T","6445C>T",551,549.670720299345,0.00104899514255167,0.857,"Not Significant","missense"
"13565C>T","14619A>T",388,429.710009354537,-0.0443437443494346,0,"Significant","missense"
"13565C>T","13421T>C",409,442.840037418148,-0.0345235707840614,0,"Significant","missense"
"13565C>T","13370C>T",387,423.741814780168,-0.0393903572125384,0,"Significant","missense"
"13565C>T","10354C>T",417,451.195509822264,-0.0342287140398254,0,"Significant","missense"
"13565C>T","15651C>T",520,509.086997193639,0.00921133895489008,0.077,"Not Significant","missense"
"13565C>T","8878C>T",477,489.391955098223,-0.0111384468559848,0.078,"Not Significant","missense"
"13565C>T","6300G>A",397,424.338634237605,-0.0289220674790285,0.001,"Significant","missense"
"13565C>T","15044C>T",500,486.407857811038,0.0119694220836555,0.038,"Significant","missense"
"13565C>T","7897G>T",374,417.176800748363,-0.0474485470575734,0,"Significant","missense"
"13565C>T","7026G>A",459,453.582787652011,0.00515611974408447,0.493,"Not Significant","missense"
"13565C>T","7065G>A",384,426.725912067353,-0.0458177909459227,0,"Significant","missense"
"13565C>T","15810C>T",367,411.208606173994,-0.0493961311679081,0,"Significant","missense"
"13565C>T","3650C>T",464,481.633302151543,-0.0161985276795704,0.006,"Significant","missense"
"13565C>T","15384C>T",321,274.536950420954,0.0679042272108908,0,"Significant","missense"
"13565C>T","7916A>G",289,339.590271281571,-0.0700573971508851,0,"Significant","missense"
"13565C>T","13682C>T",449,460.744621141254,-0.0112139328447948,0.12,"Not Significant","missense"
"13565C>T","8734C>T",397,432.097287184284,-0.0367910329464072,0,"Significant","missense"
"13565C>T","13759G>A",561,536.540692235734,0.0193601960105448,0.001,"Significant","missense"
"13565C>T","9835T>C",295,325.863423760524,-0.0432136002389445,0,"Significant","missense"
"13565C>T","9651C>T",436,451.195509822264,-0.0148782797450014,0.033,"Significant","missense"
"13565C>T","9520G>A",383,413.595884003742,-0.0333774341555598,0,"Significant","missense"
"14945G>A","15636C>T",310,388.027128157156,-0.0975003956699669,0,"Significant","missense"
"14945G>A","8181T>A",301,330.00935453695,-0.039959755090691,0,"Significant","missense"
"14945G>A","9270C>T",324,271.459307764266,0.0768402729223568,0,"Significant","missense"
"14945G>A","5227G>A",253,339.590271281571,-0.127834718731594,0,"Significant","missense"
"14945G>A","13996G>A",364,416.76987839102,-0.0587949395951654,0,"Significant","missense"
"14945G>A","14531C>T",396,438.593077642657,-0.044366586957886,0,"Significant","missense"
"14945G>A","15246G>A",406,274.652946679139,0.169741770763638,0,"Significant","missense"
"14945G>A","12863G>A",302,366.736202057998,-0.0843468401367429,0,"Significant","missense"
"14945G>A","3530C>T",466,451.89990645463,0.0133436652597514,0.03,"Significant","missense"
"14945G>A","8810C>T",412,284.76613657624,0.160408872825566,0,"Significant","missense"
"14945G>A","3380G>A",272,215.570626753976,0.100979319633195,0,"Significant","missense"
"14945G>A","10762G>A",462,470.529466791394,-0.00794485064323897,0.194,"Not Significant","missense"
"14945G>A","14394C>T",378,229.942001870907,0.215873491835946,0,"Significant","missense"
"14945G>A","9907G>C",183,261.878391019644,-0.155648574223152,0,"Significant","missense"
"14945G>A","7048C>T",420,433.802619270346,-0.0140428795283659,0.033,"Significant","missense"
"14945G>A","8406C>T",319,267.201122544434,0.0769524047258423,0,"Significant","missense"
"14945G>A","8723G>A",472,439.125350795136,0.0313534888978627,0,"Significant","missense"
"14945G>A","12503G>A",357,406.12441534144,-0.0559908830289656,0,"Significant","missense"
"14945G>A","13103G>C",178,254.426566884939,-0.155142455489445,0,"Significant","missense"
"14945G>A","15602A>G",360,405.059869036483,-0.0512167171895652,0,"Significant","missense"
"14945G>A","4522T>C",366,390.156220767072,-0.0277574504330031,0.002,"Significant","missense"
"14945G>A","12468T>A",332,389.091674462114,-0.0689138544400981,0,"Significant","missense"
"14945G>A","6445C>T",488,490.223573433115,-0.00197436938043099,0.735,"Not Significant","missense"
"14945G>A","14619A>T",321,383.236669784846,-0.0769620252126676,0,"Significant","missense"
"14945G>A","13421T>C",346,394.946679139383,-0.057462367672528,0,"Significant","missense"
"14945G>A","13370C>T",322,377.913938260056,-0.0695370382095176,0,"Significant","missense"
"14945G>A","10354C>T",354,402.398503274088,-0.055653094661697,0,"Significant","missense"
"14945G>A","15651C>T",463,454.028999064546,0.0084973986641352,0.192,"Not Significant","missense"
"14945G>A","8878C>T",421,436.463985032741,-0.0156663177343378,0.03,"Significant","missense"
"14945G>A","6300G>A",318,378.446211412535,-0.0755770419316049,0,"Significant","missense"
"14945G>A","15044C>T",428,433.802619270346,-0.0058484009130963,0.416,"Not Significant","missense"
"14945G>A","7897G>T",306,372.058933582788,-0.0848903104503693,0,"Significant","missense"
"14945G>A","7026G>A",391,404.527595884004,-0.0147713960712139,0.07,"Not Significant","missense"
"14945G>A","7065G>A",311,380.575304022451,-0.0876802139605107,0,"Significant","missense"
"14945G>A","15810C>T",298,366.736202057998,-0.0901375190176364,0,"Significant","missense"
"14945G>A","3650C>T",394,429.544434050514,-0.0375118740827803,0,"Significant","missense"
"14945G>A","15384C>T",299,244.845650140318,0.0867787954565303,0,"Significant","missense"
"14945G>A","7916A>G",204,302.863423760524,-0.171616660155396,0,"Significant","missense"
"14945G>A","13682C>T",375,410.914873713751,-0.0397205937943003,0,"Significant","missense"
"14945G>A","8734C>T",339,385.365762394761,-0.0556734291803424,0,"Significant","missense"
"14945G>A","13759G>A",500,478.513564078578,0.019075751416493,0.001,"Significant","missense"
"14945G>A","9835T>C",245,290.621141253508,-0.0741611195264699,0,"Significant","missense"
"14945G>A","9651C>T",373,402.398503274088,-0.0329475248788035,0.001,"Significant","missense"
"14945G>A","9520G>A",308,368.865294667914,-0.0783170792976323,0,"Significant","missense"
"15636C>T","8181T>A",489,422.806361085126,0.0631673465161558,0,"Significant","missense"
"15636C>T","9270C>T",270,347.792329279701,-0.10995623504811,0,"Significant","missense"
"15636C>T","5227G>A",552,435.081384471469,0.103368575898819,0,"Significant","missense"
"15636C>T","13996G>A",623,533.963517305893,0.066976461492018,0,"Significant","missense"
"15636C>T","14531C>T",617,561.923292797007,0.0406081292269223,0,"Significant","missense"
"15636C>T","15246G>A",277,351.884003741815,-0.103919755671926,0,"Significant","missense"
"15636C>T","12863G>A",561,469.860617399439,0.0769938162393239,0,"Significant","missense"
"15636C>T","3530C>T",582,578.971936389149,0.00226547129673878,0.639,"Not Significant","missense"
"15636C>T","8810C>T",278,364.840972871843,-0.118058809212312,0,"Significant","missense"
"15636C>T","3380G>A",200,276.188026192703,-0.140174850659824,0,"Significant","missense"
"15636C>T","10762G>A",643,602.840037418148,0.0280088848019479,0,"Significant","missense"
"15636C>T","14394C>T",203,294.600561272217,-0.161737532010829,0,"Significant","missense"
"15636C>T","9907G>C",444,335.517305893358,0.121668044238031,0,"Significant","missense"
"15636C>T","7048C>T",584,555.785781103835,0.0215054152632225,0,"Significant","missense"
"15636C>T","8406C>T",279,342.336763330215,-0.0888493369805896,0,"Significant","missense"
"15636C>T","8723G>A",559,562.605238540692,-0.00279196377269785,0.591,"Not Significant","missense"
"15636C>T","12503G>A",584,520.32460243218,0.0501384860483133,0,"Significant","missense"
"15636C>T","13103G>C",432,325.970065481759,0.122306027093564,0,"Significant","missense"
"15636C>T","15602A>G",585,518.960710944808,0.0520213862024016,0,"Significant","missense"
"15636C>T","4522T>C",532,499.866230121609,0.0270578345447185,0,"Significant","missense"
"15636C>T","12468T>A",568,498.502338634238,0.0566811356439511,0,"Significant","missense"
"15636C>T","6445C>T",647,628.072029934518,0.0128948273626528,0.002,"Significant","missense"
"15636C>T","14619A>T",586,491.000935453695,0.0768152964776112,0,"Significant","missense"
"15636C>T","13421T>C",607,506.00374181478,0.0790349626870196,0,"Significant","missense"
"15636C>T","13370C>T",556,484.181478016838,0.060066619753774,0,"Significant","missense"
"15636C>T","10354C>T",618,515.55098222638,0.0787168564783987,0,"Significant","missense"
"15636C>T","15651C>T",592,581.699719363892,0.00762285244619878,0.109,"Not Significant","missense"
"15636C>T","8878C>T",613,559.195509822264,0.0398967990254948,0,"Significant","missense"
"15636C>T","6300G>A",582,484.863423760524,0.0793035608109106,0,"Significant","missense"
"15636C>T","15044C>T",583,555.785781103835,0.0207611229098373,0,"Significant","missense"
"15636C>T","7897G>T",556,476.680074836296,0.0668477927271665,0,"Significant","missense"
"15636C>T","7026G>A",550,518.278765201122,0.0257992741042511,0,"Significant","missense"
"15636C>T","7065G>A",555,487.591206735267,0.0562371182123882,0,"Significant","missense"
"15636C>T","15810C>T",580,469.860617399439,0.0914589485460972,0,"Significant","missense"
"15636C>T","3650C>T",607,550.33021515435,0.0425653332439832,0,"Significant","missense"
"15636C>T","15384C>T",244,313.695042095416,-0.109117828452002,0,"Significant","missense"
"15636C>T","7916A>G",520,388.027128157156,0.127141254130503,0,"Significant","missense"
"15636C>T","13682C>T",595,526.462114125351,0.0531498422836073,0,"Significant","missense"
"15636C>T","8734C>T",557,493.728718428438,0.0523668058673754,0,"Significant","missense"
"15636C>T","13759G>A",599,613.069223573433,-0.0100826924531124,0.011,"Significant","missense"
"15636C>T","9835T>C",426,372.342376052385,0.0584671332887704,0,"Significant","missense"
"15636C>T","9651C>T",577,515.55098222638,0.0489041945453193,0,"Significant","missense"
"15636C>T","9520G>A",577,472.588400374182,0.0866927554347114,0,"Significant","missense"
"8181T>A","9270C>T",186,295.79045837231,-0.201471216169409,0,"Significant","missense"
"8181T>A","5227G>A",431,370.028063610851,0.0662426071500768,0,"Significant","missense"
"8181T>A","13996G>A",550,454.125350795136,0.083186943146808,0,"Significant","missense"
"8181T>A","14531C>T",457,477.904583723106,-0.0194249959167373,0.001,"Significant","missense"
"8181T>A","15246G>A",289,299.270346117867,-0.0151658431601342,0.226,"Not Significant","missense"
"8181T>A","12863G>A",431,399.607109448082,0.032844063963622,0,"Significant","missense"
"8181T>A","3530C>T",486,492.404115996258,-0.00568540527113403,0.353,"Not Significant","missense"
"8181T>A","8810C>T",279,310.289990645463,-0.0461635630370911,0,"Significant","missense"
"8181T>A","3380G>A",140,234.89242282507,-0.224740971825781,0,"Significant","missense"
"8181T>A","10762G>A",546,512.703461178672,0.0273263934021831,0,"Significant","missense"
"8181T>A","14394C>T",232,250.551917680075,-0.0334097462134744,0.021,"Significant","missense"
"8181T>A","9907G>C",340,285.350795135641,0.0760998299853945,0,"Significant","missense"
"8181T>A","7048C>T",457,472.684752104771,-0.0146553929595991,0.016,"Significant","missense"
"8181T>A","8406C>T",206,291.150608044902,-0.15025048106528,0,"Significant","missense"
"8181T>A","8723G>A",475,478.484565014032,-0.00317432321453366,0.678,"Not Significant","missense"
"8181T>A","12503G>A",463,442.525724976614,0.0196424687735924,0.004,"Significant","missense"
"8181T>A","13103G>C",331,277.231057062675,0.0769861128740985,0,"Significant","missense"
"8181T>A","15602A>G",500,441.365762394761,0.0541713632759586,0,"Significant","missense"
"8181T>A","4522T>C",398,425.126286248831,-0.028634886856909,0,"Significant","missense"
"8181T>A","12468T>A",471,423.966323666978,0.0456895458815497,0,"Significant","missense"
"8181T>A","6445C>T",532,534.162768942937,-0.00176198219127627,0.724,"Not Significant","missense"
"8181T>A","14619A>T",511,417.586529466791,0.0876744194139494,0,"Significant","missense"
"8181T>A","13421T>C",514,430.346117867166,0.0771452294267564,0,"Significant","missense"
"8181T>A","13370C>T",446,411.78671655753,0.0346625257035826,0,"Significant","missense"
"8181T>A","10354C>T",527,438.465855940131,0.0798748354218476,0,"Significant","missense"
"8181T>A","15651C>T",486,494.724041159963,-0.00772674619470391,0.212,"Not Significant","missense"
"8181T>A","8878C>T",533,475.584658559401,0.0494993723533699,0,"Significant","missense"
"8181T>A","6300G>A",521,412.366697848457,0.10155413828026,0,"Significant","missense"
"8181T>A","15044C>T",501,472.684752104771,0.025266132837788,0,"Significant","missense"
"8181T>A","7897G>T",442,405.406922357343,0.0375311093139258,0,"Significant","missense"
"8181T>A","7026G>A",422,440.785781103835,-0.0189151256085889,0.008,"Significant","missense"
"8181T>A","7065G>A",450,414.686623012161,0.035492487684779,0,"Significant","missense"
"8181T>A","15810C>T",506,399.607109448082,0.102517310642674,0,"Significant","missense"
"8181T>A","3650C>T",487,468.044901777362,0.0172414422030845,0.006,"Significant","missense"
"8181T>A","15384C>T",178,266.791393826006,-0.175751813662075,0,"Significant","missense"
"8181T>A","7916A>G",405,330.00935453695,0.0889287725300971,0,"Significant","missense"
"8181T>A","13682C>T",528,447.745556594949,0.0716026379085856,0,"Significant","missense"
"8181T>A","8734C>T",470,419.906454630496,0.0489453074490836,0,"Significant","missense"
"8181T>A","13759G>A",511,521.403180542563,-0.00875277588799026,0.089,"Not Significant","missense"
"8181T>A","9835T>C",330,316.66978484565,0.0179073128836689,0.115,"Not Significant","missense"
"8181T>A","9651C>T",505,438.465855940131,0.0613555983279659,0,"Significant","missense"
"8181T>A","9520G>A",508,401.927034611787,0.101716493382614,0,"Significant","missense"
"9270C>T","5227G>A",222,304.377923292797,-0.137060175159629,0,"Significant","missense"
"9270C>T","13996G>A",280,373.55472404116,-0.125196201604844,0,"Significant","missense"
"9270C>T","14531C>T",393,393.11506080449,-0.000127132210847386,1,"Not Significant","missense"
"9270C>T","15246G>A",280,246.173994387278,0.0559158588258282,0,"Significant","missense"
"9270C>T","12863G>A",288,328.709073900842,-0.0574192050375347,0,"Significant","missense"
"9270C>T","3530C>T",420,405.042095416277,0.0157491292647855,0.024,"Significant","missense"
"9270C>T","8810C>T",307,255.238540692236,0.080192122566771,0,"Significant","missense"
"9270C>T","3380G>A",356,193.217960710945,0.265402503868946,0,"Significant","missense"
"9270C>T","10762G>A",380,421.739943872778,-0.0452611392854099,0,"Significant","missense"
"9270C>T","14394C>T",247,206.099158091674,0.0786207355555604,0,"Significant","missense"
"9270C>T","9907G>C",152,234.724041159963,-0.188713985711645,0,"Significant","missense"
"9270C>T","7048C>T",395,388.821328344247,0.00684701599732357,0.39,"Not Significant","missense"
"9270C>T","8406C>T",385,239.494855004677,0.206164541474254,0,"Significant","missense"
"9270C>T","8723G>A",400,393.592142188962,0.00701357188887721,0.394,"Not Significant","missense"
"9270C>T","12503G>A",333,364.013096351731,-0.0386727753377078,0,"Significant","missense"
"9270C>T","13103G>C",139,228.044901777362,-0.21500556724706,0,"Significant","missense"
"9270C>T","15602A>G",307,363.058933582788,-0.0728387521825229,0,"Significant","missense"
"9270C>T","4522T>C",356,349.700654817586,0.00775355244258677,0.445,"Not Significant","missense"
"9270C>T","12468T>A",292,348.746492048644,-0.0771269963985763,0,"Significant","missense"
"9270C>T","6445C>T",442,439.391955098223,0.00257016826308411,0.653,"Not Significant","missense"
"9270C>T","14619A>T",255,343.498596819457,-0.129384786886428,0,"Significant","missense"
"9270C>T","13421T>C",271,353.99438727783,-0.116027085293742,0,"Significant","missense"
"9270C>T","13370C>T",292,338.727782974743,-0.0644679681597948,0,"Significant","missense"
"9270C>T","10354C>T",276,360.67352666043,-0.11620518432511,0,"Significant","missense"
"9270C>T","15651C>T",397,406.950420954163,-0.0107509952935636,0.161,"Not Significant","missense"
"9270C>T","8878C>T",325,391.206735266604,-0.080522962293978,0,"Significant","missense"
"9270C>T","6300G>A",232,339.204864359214,-0.164974086727966,0,"Significant","missense"
"9270C>T","15044C>T",347,388.821328344247,-0.0494206048382477,0,"Significant","missense"
"9270C>T","7897G>T",294,333.479887745557,-0.054722316222665,0,"Significant","missense"
"9270C>T","7026G>A",365,362.581852198316,0.0028868012865243,0.779,"Not Significant","missense"
"9270C>T","7065G>A",300,341.1131898971,-0.0557772579705591,0,"Significant","missense"
"9270C>T","15810C>T",224,328.709073900842,-0.16656367446256,0,"Significant","missense"
"9270C>T","3650C>T",358,385.004677268475,-0.0315829789673459,0,"Significant","missense"
"9270C>T","15384C>T",376,219.457436856876,0.233837542356846,0,"Significant","missense"
"9270C>T","7916A>G",172,271.459307764266,-0.198176290376588,0,"Significant","missense"
"9270C>T","13682C>T",276,368.306828811974,-0.125300689159637,0,"Significant","missense"
"9270C>T","8734C>T",294,345.406922357343,-0.069983706674126,0,"Significant","missense"
"9270C>T","13759G>A",446,428.89616463985,0.016982696089751,0.006,"Significant","missense"
"9270C>T","9835T>C",237,260.486435921422,-0.0410367675837751,0.005,"Significant","missense"
"9270C>T","9651C>T",270,360.67352666043,-0.125750502231337,0,"Significant","missense"
"9270C>T","9520G>A",230,330.617399438728,-0.157597869483315,0,"Significant","missense"
"5227G>A","13996G>A",562,467.309635173059,0.0801315799987178,0,"Significant","missense"
"5227G>A","14531C>T",542,491.77923292797,0.0422291013288787,0,"Significant","missense"
"5227G>A","15246G>A",225,307.958840037418,-0.136310157028181,0,"Significant","missense"
"5227G>A","12863G>A",503,411.208606173994,0.087505789635898,0,"Significant","missense"
"5227G>A","3530C>T",509,506.699719363891,0.00196711858042141,0.741,"Not Significant","missense"
"5227G>A","8810C>T",230,319.298409728718,-0.142468919515967,0,"Significant","missense"
"5227G>A","3380G>A",178,241.711880261927,-0.132877994418095,0,"Significant","missense"
"5227G>A","10762G>A",553,527.588400374181,0.0204298927792371,0,"Significant","missense"
"5227G>A","14394C>T",155,257.826005612722,-0.220995022156893,0,"Significant","missense"
"5227G>A","9907G>C",410,293.635173058934,0.144975780439949,0,"Significant","missense"
"5227G>A","7048C>T",522,486.407857811038,0.0306699207498952,0,"Significant","missense"
"5227G>A","8406C>T",253,299.603367633302,-0.073426169481559,0,"Significant","missense"
"5227G>A","8723G>A",494,492.376052385407,0.00143002686133734,0.828,"Not Significant","missense"
"5227G>A","12503G>A",537,455.373246024322,0.0716067742322764,0,"Significant","missense"
"5227G>A","13103G>C",404,285.279700654818,0.151110494986057,0,"Significant","missense"
"5227G>A","15602A>G",527,454.179607109448,0.0645829849295764,0,"Significant","missense"
"5227G>A","4522T>C",498,437.468662301216,0.0562823946061932,0,"Significant","missense"
"5227G>A","12468T>A",508,436.275023386342,0.0661033618136605,0,"Significant","missense"
"5227G>A","6445C>T",571,549.670720299345,0.0165335045366119,0,"Significant","missense"
"5227G>A","14619A>T",516,429.710009354537,0.0794742316835418,0,"Significant","missense"
"5227G>A","13421T>C",526,442.840037418148,0.0747388653623123,0,"Significant","missense"
"5227G>A","13370C>T",515,423.741814780168,0.0847059068097134,0,"Significant","missense"
"5227G>A","10354C>T",529,451.195509822264,0.0690909030215808,0,"Significant","missense"
"5227G>A","15651C>T",517,509.086997193639,0.00669853841403391,0.241,"Not Significant","missense"
"5227G>A","8878C>T",535,489.391955098223,0.0386969561251199,0,"Significant","missense"
"5227G>A","6300G>A",522,424.338634237605,0.0899579287600925,0,"Significant","missense"
"5227G>A","15044C>T",533,486.407857811038,0.0397266267742036,0,"Significant","missense"
"5227G>A","7897G>T",509,417.176800748363,0.0863976330786743,0,"Significant","missense"
"5227G>A","7026G>A",515,453.582787652011,0.055150663248004,0,"Significant","missense"
"5227G>A","7065G>A",519,426.725912067353,0.085018342534975,0,"Significant","missense"
"5227G>A","15810C>T",514,411.208606173994,0.0969009235752446,0,"Significant","missense"
"5227G>A","3650C>T",553,481.633302151543,0.060008623070232,0,"Significant","missense"
"5227G>A","15384C>T",217,274.536950420954,-0.102141071345387,0,"Significant","missense"
"5227G>A","7916A>G",511,339.590271281571,0.177465660227214,0,"Significant","missense"
"5227G>A","13682C>T",527,460.744621141254,0.0583503413644144,0,"Significant","missense"
"5227G>A","8734C>T",504,432.097287184284,0.0668489967359798,0,"Significant","missense"
"5227G>A","13759G>A",530,536.540692235734,-0.00532679564482303,0.236,"Not Significant","missense"
"5227G>A","9835T>C",397,325.863423760524,0.0857548905459698,0,"Significant","missense"
"5227G>A","9651C>T",507,451.195509822264,0.0506431903197345,0,"Significant","missense"
"5227G>A","9520G>A",522,413.595884003742,0.101094294878049,0,"Significant","missense"
"13996G>A","14531C>T",632,603.5472404116,0.0200058097361006,0,"Significant","missense"
"13996G>A","15246G>A",325,377.949485500468,-0.0655503974974836,0,"Significant","missense"
"13996G>A","12863G>A",568,504.665107577175,0.0513450569542181,0,"Significant","missense"
"13996G>A","3530C>T",628,621.858746492049,0.00426789664407744,0.298,"Not Significant","missense"
"13996G>A","8810C>T",328,391.866230121609,-0.0772639951586931,0,"Significant","missense"
"13996G>A","3380G>A",213,296.646398503274,-0.143859476625039,0,"Significant","missense"
"13996G>A","10762G>A",690,647.494855004677,0.0276127688750127,0,"Significant","missense"
"13996G>A","14394C>T",252,316.422825070159,-0.0988672628824983,0,"Significant","missense"
"13996G>A","9907G>C",444,360.370439663237,0.0906338104980715,0,"Significant","missense"
"13996G>A","7048C>T",618,596.955098222638,0.0150468094996714,0,"Significant","missense"
"13996G>A","8406C>T",295,367.695042095416,-0.0956657580159926,0,"Significant","missense"
"13996G>A","8723G>A",606,604.279700654818,0.00123461876719554,0.805,"Not Significant","missense"
"13996G>A","12503G>A",610,558.867165575304,0.0380212402067148,0,"Significant","missense"
"13996G>A","13103G>C",440,350.115996258185,0.0992407230248779,0,"Significant","missense"
"13996G>A","15602A>G",626,557.402245088868,0.0504056195906829,0,"Significant","missense"
"13996G>A","4522T>C",554,536.893358278765,0.0136217332381339,0.01,"Significant","missense"
"13996G>A","12468T>A",603,535.428437792329,0.0516158783331165,0,"Significant","missense"
"13996G>A","6445C>T",682,674.595884003742,0.00474068761046399,0.155,"Not Significant","missense"
"13996G>A","14619A>T",654,527.371375116932,0.0934611950438175,0,"Significant","missense"
"13996G>A","13421T>C",656,543.485500467727,0.0817158772474541,0,"Significant","missense"
"13996G>A","13370C>T",570,520.046772684752,0.0398324501042434,0,"Significant","missense"
"13996G>A","10354C>T",655,553.739943872778,0.072935447641399,0,"Significant","missense"
"13996G>A","15651C>T",636,624.78858746492,0.00772402763172419,0.064,"Not Significant","missense"
"13996G>A","8878C>T",672,600.617399438728,0.0487713638209354,0,"Significant","missense"
"13996G>A","6300G>A",645,520.77923292797,0.0929060570563201,0,"Significant","missense"
"13996G>A","15044C>T",631,596.955098222638,0.0240876936549884,0,"Significant","missense"
"13996G>A","7897G>T",570,511.989710009354,0.0466136230776361,0,"Significant","missense"
"13996G>A","7026G>A",570,556.66978484565,0.0102772065425329,0.042,"Significant","missense"
"13996G>A","7065G>A",590,523.709073900842,0.0517619129918889,0,"Significant","missense"
"13996G>A","15810C>T",632,504.665107577175,0.0977137995255766,0,"Significant","missense"
"13996G>A","3650C>T",634,591.095416276894,0.0304316663104919,0,"Significant","missense"
"13996G>A","15384C>T",255,336.931711880262,-0.121001708096743,0,"Significant","missense"
"13996G>A","7916A>G",523,416.76987839102,0.0986053656230167,0,"Significant","missense"
"13996G>A","13682C>T",652,565.459307764266,0.0618462385470084,0,"Significant","missense"
"13996G>A","8734C>T",596,530.301216089803,0.0507236366939152,0,"Significant","missense"
"13996G>A","13759G>A",657,658.481758652947,-0.000978379022613189,0.842,"Not Significant","missense"
"13996G>A","9835T>C",444,399.923292797006,0.0454062705607065,0,"Significant","missense"
"13996G>A","9651C>T",633,553.739943872778,0.0580978576669733,0,"Significant","missense"
"13996G>A","9520G>A",639,507.594948550047,0.0999835666974106,0,"Significant","missense"
"14531C>T","15246G>A",343,397.739943872778,-0.0643050880727612,0,"Significant","missense"
"14531C>T","12863G>A",572,531.090739008419,0.0322273003970547,0,"Significant","missense"
"14531C>T","3530C>T",680,654.420954162769,0.0166517159739434,0,"Significant","missense"
"14531C>T","8810C>T",363,412.385406922357,-0.0553966634734394,0,"Significant","missense"
"14531C>T","3380G>A",308,312.179607109448,-0.00585381320256016,0.557,"Not Significant","missense"
"14531C>T","10762G>A",698,681.399438727783,0.0104536511217488,0.001,"Significant","missense"
"14531C>T","14394C>T",272,332.991580916745,-0.0878643492690219,0,"Significant","missense"
"14531C>T","9907G>C",433,379.240411599626,0.0575732870976531,0,"Significant","missense"
"14531C>T","7048C>T",670,628.21328344247,0.0279676874725077,0,"Significant","missense"
"14531C>T","8406C>T",387,386.948550046773,5.77413855543588e-05,1,"Not Significant","missense"
"14531C>T","8723G>A",650,635.921421889616,0.0095099016045912,0.015,"Significant","missense"
"14531C>T","12503G>A",617,588.130963517306,0.02081111959002,0,"Significant","missense"
"14531C>T","13103G>C",421,368.44901777362,0.057904692735197,0,"Significant","missense"
"14531C>T","15602A>G",599,586.589335827877,0.00909265913039921,0.047,"Significant","missense"
"14531C>T","4522T>C",619,565.006548175865,0.0396371678906455,0,"Significant","missense"
"14531C>T","12468T>A",581,563.464920486436,0.0133092489441302,0.003,"Significant","missense"
"14531C>T","6445C>T",715,709.919550982226,0.00309690511589345,0.28,"Not Significant","missense"
"14531C>T","14619A>T",586,554.985968194574,0.0236156130984802,0,"Significant","missense"
"14531C>T","13421T>C",601,571.943872778298,0.021521060235371,0,"Significant","missense"
"14531C>T","13370C>T",574,547.277829747427,0.0207040371905568,0,"Significant","missense"
"14531C>T","10354C>T",603,582.735266604303,0.0148460101506045,0,"Significant","missense"
"14531C>T","15651C>T",668,657.504209541628,0.00687792481968386,0.078,"Not Significant","missense"
"14531C>T","8878C>T",645,632.067352666043,0.00879635576321185,0.033,"Significant","missense"
"14531C>T","6300G>A",574,548.048643592142,0.0200927851798658,0,"Significant","missense"
"14531C>T","15044C>T",655,628.21328344247,0.0181341847634659,0,"Significant","missense"
"14531C>T","7897G>T",579,538.798877455566,0.0312518814934114,0,"Significant","missense"
"14531C>T","7026G>A",626,585.818521983162,0.0288112344412959,0,"Significant","missense"
"14531C>T","7065G>A",590,551.131898971001,0.0295964633527206,0,"Significant","missense"
"14531C>T","15810C>T",562,531.090739008419,0.0245675871730929,0,"Significant","missense"
"14531C>T","3650C>T",690,622.046772684752,0.0450260495268402,0,"Significant","missense"
"14531C>T","15384C>T",351,354.574368568756,-0.00440022170408652,0.612,"Not Significant","missense"
"14531C>T","7916A>G",498,438.593077642657,0.0551675698762968,0,"Significant","missense"
"14531C>T","13682C>T",609,595.068288119738,0.0100504858087997,0.025,"Significant","missense"
"14531C>T","8734C>T",569,558.069223573433,0.00842419370958503,0.093,"Not Significant","missense"
"14531C>T","13759G>A",705,692.961646398503,0.00747991876983109,0.021,"Significant","missense"
"14531C>T","9835T>C",470,420.864359214219,0.0479557087426317,0,"Significant","missense"
"14531C>T","9651C>T",604,582.735266604303,0.0155656366315849,0,"Significant","missense"
"14531C>T","9520G>A",569,534.173994387278,0.0274295252949217,0,"Significant","missense"
"15246G>A","12863G>A",254,332.576239476146,-0.117057501706081,0,"Significant","missense"
"15246G>A","3530C>T",428,409.807296538821,0.0188640823507815,0.007,"Significant","missense"
"15246G>A","8810C>T",396,258.241347053321,0.185669407485792,0,"Significant","missense"
"15246G>A","3380G>A",249,195.491113189897,0.105072327462587,0,"Significant","missense"
"15246G>A","10762G>A",415,426.701590271282,-0.0120761647194108,0.073,"Not Significant","missense"
"15246G>A","14394C>T",365,208.523854069224,0.24313712122304,0,"Significant","missense"
"15246G>A","9907G>C",155,237.485500467727,-0.185305401015405,0,"Significant","missense"
"15246G>A","7048C>T",376,393.395696913003,-0.0196417602307438,0.015,"Significant","missense"
"15246G>A","8406C>T",284,242.312441534144,0.0689426264835586,0,"Significant","missense"
"15246G>A","8723G>A",428,398.22263797942,0.031317824044806,0,"Significant","missense"
"15246G>A","12503G>A",308,368.295603367633,-0.0776458178728465,0,"Significant","missense"
"15246G>A","13103G>C",147,230.727782974743,-0.195782558282269,0,"Significant","missense"
"15246G>A","15602A>G",317,367.33021515435,-0.0639973909712359,0,"Significant","missense"
"15246G>A","4522T>C",334,353.814780168382,-0.0250295042479896,0.012,"Significant","missense"
"15246G>A","12468T>A",293,352.849391955098,-0.0807217530221592,0,"Significant","missense"
"15246G>A","6445C>T",437,444.561272217025,-0.00745018964485874,0.194,"Not Significant","missense"
"15246G>A","14619A>T",282,347.539756782039,-0.0907553845303117,0,"Significant","missense"
"15246G>A","13421T>C",308,358.159027128157,-0.0655251851969964,0,"Significant","missense"
"15246G>A","13370C>T",278,342.712815715622,-0.0908855492194028,0,"Significant","missense"
"15246G>A","10354C>T",314,364.916744621141,-0.0652641438464057,0,"Significant","missense"
"15246G>A","15651C>T",423,411.738072965388,0.0117193397890831,0.098,"Not Significant","missense"
"15246G>A","8878C>T",375,395.809167446211,-0.0234545810744251,0.003,"Significant","missense"
"15246G>A","6300G>A",290,343.195509822264,-0.0731435992492204,0,"Significant","missense"
"15246G>A","15044C>T",398,393.395696913003,0.00505346691527663,0.488,"Not Significant","missense"
"15246G>A","7897G>T",268,337.403180542563,-0.100014378135293,0,"Significant","missense"
"15246G>A","7026G>A",354,366.847521047708,-0.0154823266734326,0.096,"Not Significant","missense"
"15246G>A","7065G>A",272,345.126286248831,-0.103409134185281,0,"Significant","missense"
"15246G>A","15810C>T",264,332.576239476146,-0.100287291456194,0,"Significant","missense"
"15246G>A","3650C>T",348,389.534144059869,-0.0489662871939095,0,"Significant","missense"
"15246G>A","15384C>T",272,222.039289055192,0.0881390759341553,0,"Significant","missense"
"15246G>A","7916A>G",184,274.652946679139,-0.17396643980389,0,"Significant","missense"
"15246G>A","13682C>T",341,372.639850327409,-0.038534917761661,0,"Significant","missense"
"15246G>A","8734C>T",299,349.470533208606,-0.0677393742911296,0,"Significant","missense"
"15246G>A","13759G>A",453,433.942001870907,0.0186665138611655,0,"Significant","missense"
"15246G>A","9835T>C",219,263.55098222638,-0.0804205242830186,0,"Significant","missense"
"15246G>A","9651C>T",334,364.916744621141,-0.0384473251080644,0,"Significant","missense"
"15246G>A","9520G>A",277,334.507015902713,-0.0819254619657646,0,"Significant","missense"
"12863G>A","3530C>T",552,547.203928905519,0.00378987078639774,0.428,"Not Significant","missense"
"12863G>A","8810C>T",268,344.822263797942,-0.109460504691251,0,"Significant","missense"
"12863G>A","3380G>A",212,261.033676333022,-0.0903606789847265,0,"Significant","missense"
"12863G>A","10762G>A",599,569.762394761459,0.0217330406773868,0,"Significant","missense"
"12863G>A","14394C>T",200,278.43592142189,-0.143695267849718,0,"Significant","missense"
"12863G>A","9907G>C",393,317.10757717493,0.0931859309091921,0,"Significant","missense"
"12863G>A","7048C>T",573,525.289990645463,0.0377554965285587,0,"Significant","missense"
"12863G>A","8406C>T",289,323.55285313377,-0.0490473910873032,0,"Significant","missense"
"12863G>A","8723G>A",530,531.735266604303,-0.00141959564798359,0.822,"Not Significant","missense"
"12863G>A","12503G>A",561,491.774555659495,0.0571968066024223,0,"Significant","missense"
"12863G>A","13103G>C",388,308.084190832554,0.100162312283212,0,"Significant","missense"
"12863G>A","15602A>G",547,490.485500467727,0.047361152864001,0,"Significant","missense"
"12863G>A","4522T>C",510,472.438727782975,0.0332246847579538,0,"Significant","missense"
"12863G>A","12468T>A",525,471.149672591207,0.0470004097492392,0,"Significant","missense"
"12863G>A","6445C>T",625,593.609915809167,0.0223788704483748,0,"Significant","missense"
"12863G>A","14619A>T",530,464.059869036483,0.0577018564706612,0,"Significant","missense"
"12863G>A","13421T>C",545,478.239476145931,0.0567510802987564,0,"Significant","missense"
"12863G>A","13370C>T",514,457.614593077643,0.0504632535773422,0,"Significant","missense"
"12863G>A","10354C>T",539,487.262862488307,0.0438254529866759,0,"Significant","missense"
"12863G>A","15651C>T",565,549.782039289055,0.0118578999530656,0.02,"Significant","missense"
"12863G>A","8878C>T",568,528.512628624883,0.0312929666284487,0,"Significant","missense"
"12863G>A","6300G>A",518,458.259120673527,0.053218642316608,0,"Significant","missense"
"12863G>A","15044C>T",547,525.289990645463,0.0175882008946031,0.002,"Significant","missense"
"12863G>A","7897G>T",520,450.524789522919,0.0622846511902572,0,"Significant","missense"
"12863G>A","7026G>A",529,489.840972871843,0.0334005630555401,0,"Significant","missense"
"12863G>A","7065G>A",539,460.837231057063,0.0680412066867967,0,"Significant","missense"
"12863G>A","15810C>T",517,444.079513564079,0.0660298044874551,0,"Significant","missense"
"12863G>A","3650C>T",570,520.133769878391,0.0397598042515659,0,"Significant","missense"
"12863G>A","15384C>T",246,296.482694106642,-0.0810642412770128,0,"Significant","missense"
"12863G>A","7916A>G",469,366.736202057998,0.106819059621138,0,"Significant","missense"
"12863G>A","13682C>T",547,497.575304022451,0.041128509298839,0,"Significant","missense"
"12863G>A","8734C>T",523,466.637979420019,0.0495216059712696,0,"Significant","missense"
"12863G>A","13759G>A",561,579.430308699719,-0.0140383471759127,0.002,"Significant","missense"
"12863G>A","9835T>C",413,351.912067352666,0.0695158922527978,0,"Significant","missense"
"12863G>A","9651C>T",528,487.262862488307,0.0348706103337511,0,"Significant","missense"
"12863G>A","9520G>A",510,446.657623947615,0.0575954247872697,0,"Significant","missense"
"3530C>T","8810C>T",446,424.897100093545,0.0210510916557339,0.001,"Significant","missense"
"3530C>T","3380G>A",325,321.651075771749,0.00449835272902971,0.628,"Not Significant","missense"
"3530C>T","10762G>A",708,702.072965388213,0.00365100764152076,0.269,"Not Significant","missense"
"3530C>T","14394C>T",362,343.094480823199,0.0232948386830724,0.006,"Significant","missense"
"3530C>T","9907G>C",393,390.746492048644,0.002497462572891,0.761,"Not Significant","missense"
"3530C>T","7048C>T",656,647.273152478952,0.00581624560050813,0.134,"Not Significant","missense"
"3530C>T","8406C>T",416,398.688493919551,0.0184596284465442,0.007,"Significant","missense"
"3530C>T","8723G>A",660,655.21515434986,0.00316000195676844,0.423,"Not Significant","missense"
"3530C>T","12503G>A",611,605.974742750234,0.00358668725249848,0.405,"Not Significant","missense"
"3530C>T","13103G>C",384,379.627689429373,0.00497334272023603,0.547,"Not Significant","missense"
"3530C>T","15602A>G",605,604.386342376052,0.000440732846721382,0.93,"Not Significant","missense"
"3530C>T","4522T>C",598,582.148737137512,0.0116672243121063,0.01,"Significant","missense"
"3530C>T","12468T>A",581,580.56033676333,0.000328770397295589,1,"Not Significant","missense"
"3530C>T","6445C>T",740,731.458372310571,0.00504210449895187,0.069,"Not Significant","missense"
"3530C>T","14619A>T",582,571.824134705332,0.00766050318344408,0.105,"Not Significant","missense"
"3530C>T","13421T>C",601,589.296538821328,0.0085405816885364,0.064,"Not Significant","missense"
"3530C>T","13370C>T",557,563.882132834425,-0.00533313858052013,0.305,"Not Significant","missense"
"3530C>T","10354C>T",611,600.415341440599,0.00758942970617179,0.092,"Not Significant","missense"
"3530C>T","15651C>T",695,677.4527595884,0.0111057883874146,0,"Significant","missense"
"3530C>T","8878C>T",673,651.244153414406,0.0142712268050834,0,"Significant","missense"
"3530C>T","6300G>A",570,564.676333021515,0.00407526990754972,0.455,"Not Significant","missense"
"3530C>T","15044C>T",653,647.273152478952,0.00382558749992209,0.316,"Not Significant","missense"
"3530C>T","7897G>T",558,555.145930776427,0.0022270381567223,0.702,"Not Significant","missense"
"3530C>T","7026G>A",624,603.592142188962,0.0144410123664557,0.001,"Significant","missense"
"3530C>T","7065G>A",572,567.853133769878,0.00316000195676834,0.514,"Not Significant","missense"
"3530C>T","15810C>T",548,547.203928905519,0.000631351541568591,0.932,"Not Significant","missense"
"3530C>T","3650C>T",657,640.919550982226,0.010761849802534,0.005,"Significant","missense"
"3530C>T","15384C>T",372,365.33208606174,0.00785512316514652,0.321,"Not Significant","missense"
"3530C>T","7916A>G",452,451.89990645463,9.61833811363212e-05,1,"Not Significant","missense"
"3530C>T","13682C>T",624,613.12254443405,0.007637304311512,0.085,"Not Significant","missense"
"3530C>T","8734C>T",575,575.000935453695,-7.0654269108949e-07,1,"Not Significant","missense"
"3530C>T","13759G>A",724,713.985968194574,0.00604888942874257,0.034,"Significant","missense"
"3530C>T","9835T>C",437,433.633302151543,0.00335880923050929,0.657,"Not Significant","missense"
"3530C>T","9651C>T",620,600.415341440599,0.0139399089618704,0,"Significant","missense"
"3530C>T","9520G>A",554,550.380729653882,0.00284654508144774,0.582,"Not Significant","missense"
"8810C>T","3380G>A",279,202.689429373246,0.13877310324642,0,"Significant","missense"
"8810C>T","10762G>A",433,442.413470533209,-0.00934044547215592,0.143,"Not Significant","missense"
"8810C>T","14394C>T",378,216.202057998129,0.242631976209777,0,"Significant","missense"
"8810C>T","9907G>C",151,246.23012160898,-0.21236423228653,0,"Significant","missense"
"8810C>T","7048C>T",389,407.88119738073,-0.0205840842267141,0.011,"Significant","missense"
"8810C>T","8406C>T",306,251.234798877456,0.0856416325240793,0,"Significant","missense"
"8810C>T","8723G>A",442,412.885874649205,0.0295922439867095,0,"Significant","missense"
"8810C>T","12503G>A",330,381.856875584659,-0.0633866748894256,0,"Significant","missense"
"8810C>T","13103G>C",144,239.223573433115,-0.2204414813292,0,"Significant","missense"
"8810C>T","15602A>G",333,380.855940130964,-0.058316500076687,0,"Significant","missense"
"8810C>T","4522T>C",347,366.842843779233,-0.0241505766626978,0.01,"Significant","missense"
"8810C>T","12468T>A",301,365.841908325538,-0.084726958176442,0,"Significant","missense"
"8810C>T","6445C>T",458,460.930776426567,-0.00277022900542956,0.69,"Not Significant","missense"
"8810C>T","14619A>T",289,360.336763330215,-0.0958107304871414,0,"Significant","missense"
"8810C>T","13421T>C",314,371.347053320861,-0.0728503340182412,0,"Significant","missense"
"8810C>T","13370C>T",285,355.33208606174,-0.0957895655229854,0,"Significant","missense"
"8810C>T","10354C>T",322,378.353601496726,-0.070042000617806,0,"Significant","missense"
"8810C>T","15651C>T",446,426.898971000935,0.0190097507321641,0.002,"Significant","missense"
"8810C>T","8878C>T",385,410.383536014967,-0.0277291996876595,0,"Significant","missense"
"8810C>T","6300G>A",295,355.832553788588,-0.0814236615640286,0,"Significant","missense"
"8810C>T","15044C>T",403,407.88119738073,-0.00522863941131627,0.491,"Not Significant","missense"
"8810C>T","7897G>T",272,349.826941066417,-0.109284348523898,0,"Significant","missense"
"8810C>T","7026G>A",368,380.355472404116,-0.0143418504197203,0.107,"Not Significant","missense"
"8810C>T","7065G>A",287,357.834424695978,-0.0958002218795087,0,"Significant","missense"
"8810C>T","15810C>T",266,344.822263797942,-0.112713662088972,0,"Significant","missense"
"8810C>T","3650C>T",365,403.877455565949,-0.0439567470780347,0,"Significant","missense"
"8810C>T","15384C>T",297,230.21515434986,0.110622540823145,0,"Significant","missense"
"8810C>T","7916A>G",181,284.76613657624,-0.19680976833825,0,"Significant","missense"
"8810C>T","13682C>T",340,386.361085126286,-0.0555144601059161,0,"Significant","missense"
"8810C>T","8734C>T",310,362.338634237605,-0.0677529491753045,0,"Significant","missense"
"8810C>T","13759G>A",479,449.920486435921,0.0271997448688782,0,"Significant","missense"
"8810C>T","9835T>C",224,273.255378858746,-0.0863207011829899,0,"Significant","missense"
"8810C>T","9651C>T",341,378.353601496726,-0.0451434933211466,0,"Significant","missense"
"8810C>T","9520G>A",274,346.824134705332,-0.102358748603836,0,"Significant","missense"
"3380G>A","10762G>A",299,334.911131898971,-0.0492583946945184,0,"Significant","missense"
"3380G>A","14394C>T",224,163.666978484565,0.136286953513289,0,"Significant","missense"
"3380G>A","9907G>C",131,186.398503274088,-0.153171125117388,0,"Significant","missense"
"3380G>A","7048C>T",324,308.76987839102,0.0209100834607384,0.017,"Significant","missense"
"3380G>A","8406C>T",361,190.187090739008,0.27832616675464,0,"Significant","missense"
"3380G>A","8723G>A",331,312.55846585594,0.0248967272198953,0.007,"Significant","missense"
"3380G>A","12503G>A",279,289.069223573433,-0.015397652687168,0.146,"Not Significant","missense"
"3380G>A","13103G>C",115,181.094480823199,-0.19720737426426,0,"Significant","missense"
"3380G>A","15602A>G",247,288.311506080449,-0.0671650215167724,0,"Significant","missense"
"3380G>A","4522T>C",317,277.703461178672,0.0574779695707136,0,"Significant","missense"
"3380G>A","12468T>A",237,276.945743685688,-0.0676463489536207,0,"Significant","missense"
"3380G>A","6445C>T",362,348.928905519177,0.0159716223304218,0.011,"Significant","missense"
"3380G>A","14619A>T",176,272.778297474275,-0.190297146622922,0,"Significant","missense"
"3380G>A","13421T>C",193,281.1131898971,-0.163323914277073,0,"Significant","missense"
"3380G>A","13370C>T",241,268.989710009355,-0.0477186241500787,0,"Significant","missense"
"3380G>A","10354C>T",201,286.417212347989,-0.153803056086544,0,"Significant","missense"
"3380G>A","15651C>T",308,323.166510757718,-0.0208756326729627,0.017,"Significant","missense"
"3380G>A","8878C>T",248,310.66417212348,-0.0978394895633556,0,"Significant","missense"
"3380G>A","6300G>A",176,269.368568755847,-0.184834250921421,0,"Significant","missense"
"3380G>A","15044C>T",295,308.76987839102,-0.0198129107676976,0.039,"Significant","missense"
"3380G>A","7897G>T",246,264.822263797942,-0.0320193866481803,0.008,"Significant","missense"
"3380G>A","7026G>A",324,287.932647333957,0.0512540999199135,0,"Significant","missense"
"3380G>A","7065G>A",246,270.884003741815,-0.0418482527035758,0,"Significant","missense"
"3380G>A","15810C>T",156,261.033676333022,-0.223571941558943,0,"Significant","missense"
"3380G>A","3650C>T",300,305.739008419083,-0.00822959800829578,0.429,"Not Significant","missense"
"3380G>A","15384C>T",353,174.275023386342,0.306539555700232,0,"Significant","missense"
"3380G>A","7916A>G",135,215.570626753976,-0.203255815905835,0,"Significant","missense"
"3380G>A","13682C>T",204,292.478952291862,-0.156464450915664,0,"Significant","missense"
"3380G>A","8734C>T",232,274.293732460243,-0.072727899312109,0,"Significant","missense"
"3380G>A","13759G>A",370,340.594013096352,0.0359647143278656,0,"Significant","missense"
"3380G>A","9835T>C",206,206.856875584659,-0.00180274034147348,0.956,"Not Significant","missense"
"3380G>A","9651C>T",201,286.417212347989,-0.153803056086544,0,"Significant","missense"
"3380G>A","9520G>A",172,262.54911131899,-0.183682105710061,0,"Significant","missense"
"10762G>A","14394C>T",347,357.238540692236,-0.0126288318283299,0.102,"Not Significant","missense"
"10762G>A","9907G>C",447,406.855004677268,0.0408678605602715,0,"Significant","missense"
"10762G>A","7048C>T",684,673.956969130028,0.00642393317584357,0.052,"Not Significant","missense"
"10762G>A","8406C>T",387,415.124415341441,-0.0304673119303954,0,"Significant","missense"
"10762G>A","8723G>A",684,682.2263797942,0.00112759336589595,0.78,"Not Significant","missense"
"10762G>A","12503G>A",644,630.956033676333,0.00888676960063514,0.026,"Significant","missense"
"10762G>A","13103G>C",435,395.277829747428,0.0415868005382133,0,"Significant","missense"
"10762G>A","15602A>G",661,629.302151543499,0.0213422429107691,0,"Significant","missense"
"10762G>A","4522T>C",625,606.147801683817,0.0133014828986501,0.003,"Significant","missense"
"10762G>A","12468T>A",632,604.493919550982,0.0193251415202263,0,"Significant","missense"
"10762G>A","6445C>T",772,761.612722170252,0.00588311033459144,0.016,"Significant","missense"
"10762G>A","14619A>T",649,595.397567820393,0.0374376405647996,0,"Significant","missense"
"10762G>A","13421T>C",663,613.590271281572,0.0336350633214458,0,"Significant","missense"
"10762G>A","13370C>T",601,587.128157156221,0.0101415634793675,0.028,"Significant","missense"
"10762G>A","10354C>T",675,625.167446211413,0.0333074175255182,0,"Significant","missense"
"10762G>A","15651C>T",712,705.380729653882,0.00405640266503769,0.202,"Not Significant","missense"
"10762G>A","8878C>T",735,678.091674462114,0.0349989268961782,0,"Significant","missense"
"10762G>A","6300G>A",638,587.955098222638,0.0354765181870951,0,"Significant","missense"
"10762G>A","15044C>T",704,673.956969130028,0.0189404905978378,0,"Significant","missense"
"10762G>A","7897G>T",594,578.031805425631,0.0118347094312151,0.003,"Significant","missense"
"10762G>A","7026G>A",644,628.475210477081,0.0105977152747241,0.006,"Significant","missense"
"10762G>A","7065G>A",615,591.262862488307,0.0170945141700383,0,"Significant","missense"
"10762G>A","15810C>T",626,569.762394761459,0.0408805514985019,0,"Significant","missense"
"10762G>A","3650C>T",692,667.34144059869,0.01575799993039,0,"Significant","missense"
"10762G>A","15384C>T",348,380.392890551918,-0.0386531475392777,0,"Significant","missense"
"10762G>A","7916A>G",512,470.529466791394,0.0366831347764571,0,"Significant","missense"
"10762G>A","13682C>T",699,638.398503274088,0.0393853156056443,0,"Significant","missense"
"10762G>A","8734C>T",623,598.705332086062,0.0172749206577249,0,"Significant","missense"
"10762G>A","13759G>A",758,743.420018709074,0.00843495409452858,0.001,"Significant","missense"
"10762G>A","9835T>C",490,451.509822263798,0.0355288775194739,0,"Significant","missense"
"10762G>A","9651C>T",687,625.167446211413,0.0409603817540425,0,"Significant","missense"
"10762G>A","9520G>A",620,573.070159027128,0.0341838950821464,0,"Significant","missense"
"14394C>T","9907G>C",99,198.825070159027,-0.302835949775724,0,"Significant","missense"
"14394C>T","7048C>T",307,329.354536950421,-0.0305252748689146,0.001,"Significant","missense"
"14394C>T","8406C>T",253,202.866230121609,0.095910762424622,0,"Significant","missense"
"14394C>T","8723G>A",357,333.395696913003,0.0297082259561254,0,"Significant","missense"
"14394C>T","12503G>A",247,308.340505144995,-0.0963336263013139,0,"Significant","missense"
"14394C>T","13103G>C",90,193.167446211413,-0.33169142877867,0,"Significant","missense"
"14394C>T","15602A>G",256,307.532273152479,-0.0796507330648289,0,"Significant","missense"
"14394C>T","4522T>C",264,296.21702525725,-0.0500060893774131,0,"Significant","missense"
"14394C>T","12468T>A",233,295.408793264733,-0.103067497537936,0,"Significant","missense"
"14394C>T","6445C>T",369,372.190832553789,-0.00373930564392165,0.61,"Not Significant","missense"
"14394C>T","14619A>T",215,290.963517305893,-0.131400078121745,0,"Significant","missense"
"14394C>T","13421T>C",239,299.854069223573,-0.0985120459369866,0,"Significant","missense"
"14394C>T","13370C>T",216,286.922357343311,-0.123310639174229,0,"Significant","missense"
"14394C>T","10354C>T",244,305.511693171188,-0.0976380107685754,0,"Significant","missense"
"14394C>T","15651C>T",359,344.710944808232,0.017639375804657,0.027,"Significant","missense"
"14394C>T","8878C>T",311,331.375116931712,-0.0275595049630047,0.006,"Significant","missense"
"14394C>T","6300G>A",222,287.32647333957,-0.112022667885217,0,"Significant","missense"
"14394C>T","15044C>T",321,329.354536950421,-0.0111586179412352,0.251,"Not Significant","missense"
"14394C>T","7897G>T",203,282.477081384471,-0.143487179438542,0,"Significant","missense"
"14394C>T","7026G>A",282,307.128157156221,-0.0370705255675517,0,"Significant","missense"
"14394C>T","7065G>A",209,288.942937324602,-0.140665797296103,0,"Significant","missense"
"14394C>T","15810C>T",200,278.43592142189,-0.143695267849718,0,"Significant","missense"
"14394C>T","3650C>T",278,326.121608980355,-0.0693347804101052,0,"Significant","missense"
"14394C>T","15384C>T",243,185.893358278765,0.116342400310549,0,"Significant","missense"
"14394C>T","7916A>G",127,229.942001870907,-0.257814587045095,0,"Significant","missense"
"14394C>T","13682C>T",276,311.977549111319,-0.0532142598766343,0,"Significant","missense"
"14394C>T","8734C>T",237,292.579981290926,-0.0914962617931423,0,"Significant","missense"
"14394C>T","13759G>A",387,363.300280636108,0.0274452316795412,0,"Significant","missense"
"14394C>T","9835T>C",156,220.647333956969,-0.150574085956328,0,"Significant","missense"
"14394C>T","9651C>T",277,305.511693171188,-0.0425480680428774,0,"Significant","missense"
"14394C>T","9520G>A",208,280.052385406922,-0.129175941255126,0,"Significant","missense"
"9907G>C","7048C>T",405,375.098222637979,0.0333100169161011,0,"Significant","missense"
"9907G>C","8406C>T",186,231.042095416277,-0.0941781704856398,0,"Significant","missense"
"9907G>C","8723G>A",363,379.700654817587,-0.0195347210723897,0.013,"Significant","missense"
"9907G>C","12503G>A",428,351.165575304022,0.0859318334996871,0,"Significant","missense"
"9907G>C","13103G>C",424,219.99625818522,0.284950562421936,0,"Significant","missense"
"9907G>C","15602A>G",439,350.245088868101,0.0980924659129412,0,"Significant","missense"
"9907G>C","4522T>C",412,337.358278765201,0.086805843833401,0,"Significant","missense"
"9907G>C","12468T>A",427,336.43779232928,0.103523100508554,0,"Significant","missense"
"9907G>C","6445C>T",434,423.884003741815,0.0102427017570771,0.084,"Not Significant","missense"
"9907G>C","14619A>T",419,331.375116931712,0.101894128976417,0,"Significant","missense"
"9907G>C","13421T>C",421,341.500467726848,0.0908907929980348,0,"Significant","missense"
"9907G>C","13370C>T",415,326.772684752105,0.103802350434407,0,"Significant","missense"
"9907G>C","10354C>T",427,347.943872778297,0.0889186819652119,0,"Significant","missense"
"9907G>C","15651C>T",404,392.587464920486,0.0124449363844965,0.088,"Not Significant","missense"
"9907G>C","8878C>T",434,377.399438727783,0.0606884795701967,0,"Significant","missense"
"9907G>C","6300G>A",427,327.232927970065,0.115570876736644,0,"Significant","missense"
"9907G>C","15044C>T",435,375.098222637979,0.0643442506560625,0,"Significant","missense"
"9907G>C","7897G>T",422,321.710009354537,0.117847877657378,0,"Significant","missense"
"9907G>C","7026G>A",410,349.78484565014,0.0689828668803436,0,"Significant","missense"
"9907G>C","7065G>A",427,329.073900841908,0.113134435665331,0,"Significant","missense"
"9907G>C","15810C>T",411,317.10757717493,0.11263520240983,0,"Significant","missense"
"9907G>C","3650C>T",437,371.416276894294,0.0706205046897515,0,"Significant","missense"
"9907G>C","15384C>T",155,211.711880261927,-0.13541353106979,0,"Significant","missense"
"9907G>C","7916A>G",393,261.878391019644,0.176292886421718,0,"Significant","missense"
"9907G>C","13682C>T",431,355.307764265669,0.0838725722663917,0,"Significant","missense"
"9907G>C","8734C>T",419,333.216089803555,0.0994880592105395,0,"Significant","missense"
"9907G>C","13759G>A",422,413.758652946679,0.00856536166986081,0.169,"Not Significant","missense"
"9907G>C","9835T>C",341,251.292797006548,0.132574338729133,0,"Significant","missense"
"9907G>C","9651C>T",418,347.943872778297,0.0796670887152255,0,"Significant","missense"
"9907G>C","9520G>A",426,318.948550046773,0.125688966932296,0,"Significant","missense"
"7048C>T","8406C>T",411,382.722170252573,0.0309582011998435,0,"Significant","missense"
"7048C>T","8723G>A",664,628.975678203929,0.0235342272868901,0,"Significant","missense"
"7048C>T","12503G>A",622,581.707202993452,0.0290859432047348,0,"Significant","missense"
"7048C>T","13103G>C",395,364.424695977549,0.0349892954831336,0,"Significant","missense"
"7048C>T","15602A>G",609,580.182413470533,0.0210527323311005,0,"Significant","missense"
"7048C>T","4522T>C",618,558.835360149673,0.0437045969164818,0,"Significant","missense"
"7048C>T","12468T>A",585,557.310570626754,0.0210585855931177,0,"Significant","missense"
"7048C>T","6445C>T",724,702.165575304022,0.0132990324690976,0,"Significant","missense"
"7048C>T","14619A>T",563,548.924228250702,0.0109959948888772,0.043,"Significant","missense"
"7048C>T","13421T>C",584,565.696913002806,0.0138290383021714,0.004,"Significant","missense"
"7048C>T","13370C>T",582,541.300280636108,0.031484732399609,0,"Significant","missense"
"7048C>T","10354C>T",591,576.370439663237,0.0108857818488484,0.026,"Significant","missense"
"7048C>T","15651C>T",665,650.32273152479,0.00969271060438151,0.007,"Significant","missense"
"7048C>T","8878C>T",630,625.163704396632,0.00334679353866584,0.439,"Not Significant","missense"
"7048C>T","6300G>A",556,542.062675397568,0.0110252873210906,0.042,"Significant","missense"
"7048C>T","15044C>T",651,621.351730589336,0.0202434762970136,0,"Significant","missense"
"7048C>T","7897G>T",577,532.913938260056,0.0345187338788452,0,"Significant","missense"
"7048C>T","7026G>A",636,579.420018709074,0.0404636198364172,0,"Significant","missense"
"7048C>T","7065G>A",583,545.112254443405,0.0291826094267297,0,"Significant","missense"
"7048C>T","15810C>T",536,525.289990645463,0.00876566425394392,0.122,"Not Significant","missense"
"7048C>T","3650C>T",665,615.252572497661,0.0337682070498304,0,"Significant","missense"
"7048C>T","15384C>T",368,350.701590271282,0.0209100834607391,0.013,"Significant","missense"
"7048C>T","7916A>G",484,433.802619270346,0.0475531917181324,0,"Significant","missense"
"7048C>T","13682C>T",595,588.568755846586,0.00471976186161396,0.316,"Not Significant","missense"
"7048C>T","8734C>T",581,551.973807296539,0.0222576626619814,0,"Significant","missense"
"7048C>T","13759G>A",701,685.392890551918,0.00977842270222996,0.005,"Significant","missense"
"7048C>T","9835T>C",467,416.267539756782,0.0499443343301651,0,"Significant","missense"
"7048C>T","9651C>T",574,576.370439663237,-0.00178980663443126,0.745,"Not Significant","missense"
"7048C>T","9520G>A",547,528.3395696913,0.0150741881904227,0.007,"Significant","missense"
"8406C>T","8723G>A",404,387.418147801684,0.018201404624434,0.016,"Significant","missense"
"8406C>T","12503G>A",354,358.303086997194,-0.00524728786533251,0.574,"Not Significant","missense"
"8406C>T","13103G>C",183,224.467726847521,-0.0887028188178869,0,"Significant","missense"
"8406C>T","15602A>G",328,357.363891487371,-0.0372368249951241,0,"Significant","missense"
"8406C>T","4522T>C",390,344.21515434986,0.0542346204491151,0,"Significant","missense"
"8406C>T","12468T>A",315,343.275958840037,-0.0373328351044899,0,"Significant","missense"
"8406C>T","6445C>T",449,432.499532273153,0.0162606988702293,0.002,"Significant","missense"
"8406C>T","14619A>T",258,338.110383536015,-0.11743880240424,0,"Significant","missense"
"8406C>T","13421T>C",276,348.44153414406,-0.101220835150018,0,"Significant","missense"
"8406C>T","13370C>T",312,333.414405986904,-0.0288297666368649,0.015,"Significant","missense"
"8406C>T","10354C>T",285,355.015902712816,-0.0954029474289076,0,"Significant","missense"
"8406C>T","15651C>T",389,400.566884939196,-0.0127254417780534,0.066,"Not Significant","missense"
"8406C>T","8878C>T",337,385.070159027128,-0.0579099634486034,0,"Significant","missense"
"8406C>T","6300G>A",259,333.884003741815,-0.110295848584718,0,"Significant","missense"
"8406C>T","15044C>T",375,382.722170252573,-0.00885235294849679,0.271,"Not Significant","missense"
"8406C>T","7897G>T",313,328.248830682881,-0.0206588501354678,0.05,"Not Significant","missense"
"8406C>T","7026G>A",395,356.89429373246,0.0440574914094159,0,"Significant","missense"
"8406C>T","7065G>A",324,335.762394761459,-0.0154870435307052,0.123,"Not Significant","missense"
"8406C>T","15810C>T",238,323.55285313377,-0.133368276787307,0,"Significant","missense"
"8406C>T","3650C>T",381,378.965388213283,0.00232542901730697,0.785,"Not Significant","missense"
"8406C>T","15384C>T",378,216.014967259121,0.243007956219324,0,"Significant","missense"
"8406C>T","7916A>G",204,267.201122544434,-0.117208110905363,0,"Significant","missense"
"8406C>T","13682C>T",291,362.529466791394,-0.0954503232860408,0,"Significant","missense"
"8406C>T","8734C>T",313,339.988774555659,-0.0359202405869287,0,"Significant","missense"
"8406C>T","13759G>A",448,422.168381665108,0.025792310328668,0,"Significant","missense"
"8406C>T","9835T>C",259,256.400374181478,0.00438110944027161,0.758,"Not Significant","missense"
"8406C>T","9651C>T",285,355.015902712816,-0.0954029474289076,0,"Significant","missense"
"8406C>T","9520G>A",249,325.431244153414,-0.116259899452271,0,"Significant","missense"
"8723G>A","12503G>A",605,588.844714686623,0.0117545933564394,0.009,"Significant","missense"
"8723G>A","13103G>C",359,368.89616463985,-0.0118096913749436,0.189,"Not Significant","missense"
"8723G>A","15602A>G",589,587.301216089804,0.00125439467538151,0.799,"Not Significant","missense"
"8723G>A","4522T>C",592,565.692235734331,0.0197414887406413,0,"Significant","missense"
"8723G>A","12468T>A",566,564.148737137512,0.00142281088926361,0.835,"Not Significant","missense"
"8723G>A","6445C>T",723,710.78110383536,0.00740242375653381,0.012,"Significant","missense"
"8723G>A","14619A>T",547,555.659494855005,-0.00682141343898353,0.2,"Not Significant","missense"
"8723G>A","13421T>C",572,572.637979420019,-0.000484119827149876,0.936,"Not Significant","missense"
"8723G>A","13370C>T",564,547.942001870907,0.0125445119231177,0.011,"Significant","missense"
"8723G>A","10354C>T",578,583.442469597755,-0.00407020042182382,0.425,"Not Significant","missense"
"8723G>A","15651C>T",675,658.302151543499,0.0108784983223532,0.006,"Significant","missense"
"8723G>A","8878C>T",628,632.834424695978,-0.00333045198766719,0.471,"Not Significant","missense"
"8723G>A","6300G>A",542,548.713751169317,-0.00534655753252546,0.307,"Not Significant","missense"
"8723G>A","15044C>T",640,628.975678203929,0.0075461219027623,0.059,"Not Significant","missense"
"8723G>A","7897G>T",544,539.4527595884,0.00364548061135076,0.483,"Not Significant","missense"
"8723G>A","7026G>A",618,586.529466791394,0.0226986394668737,0,"Significant","missense"
"8723G>A","7065G>A",551,551.800748362956,-0.000630686290442538,0.941,"Not Significant","missense"
"8723G>A","15810C>T",522,531.735266604303,-0.0080249622465092,0.147,"Not Significant","missense"
"8723G>A","3650C>T",631,622.801683816651,0.005679581180916,0.206,"Not Significant","missense"
"8723G>A","15384C>T",374,355.004677268475,0.0226375271777528,0.006,"Significant","missense"
"8723G>A","7916A>G",443,439.125350795136,0.00381521648685045,0.595,"Not Significant","missense"
"8723G>A","13682C>T",589,595.790458372311,-0.00497824888978073,0.301,"Not Significant","missense"
"8723G>A","8734C>T",554,558.746492048644,-0.00370504480986349,0.476,"Not Significant","missense"
"8723G>A","13759G>A",711,693.802619270346,0.010633665655389,0,"Significant","missense"
"8723G>A","9835T>C",428,421.375116931712,0.00677488296728618,0.335,"Not Significant","missense"
"8723G>A","9651C>T",577,583.442469597755,-0.00482222568662134,0.376,"Not Significant","missense"
"8723G>A","9520G>A",528,534.822263797942,-0.00557555541914043,0.345,"Not Significant","missense"
"12503G>A","13103G>C",432,341.173058933583,0.102509017456664,0,"Significant","missense"
"12503G>A","15602A>G",652,543.164639850327,0.0793161062152316,0,"Significant","missense"
"12503G>A","4522T>C",579,523.179607109448,0.0440277563401978,0,"Significant","missense"
"12503G>A","12468T>A",663,521.752104770814,0.104049318700793,0,"Significant","missense"
"12503G>A","6445C>T",676,657.364826941066,0.0121402329986828,0.001,"Significant","missense"
"12503G>A","14619A>T",547,513.900841908326,0.0271079971560547,0,"Significant","missense"
"12503G>A","13421T>C",576,529.603367633302,0.0364717453980759,0,"Significant","missense"
"12503G>A","13370C>T",630,506.763330215154,0.0945353679883872,0,"Significant","missense"
"12503G>A","10354C>T",582,539.595884003742,0.0328543564025736,0,"Significant","missense"
"12503G>A","15651C>T",616,608.829747427502,0.00508484825079919,0.245,"Not Significant","missense"
"12503G>A","8878C>T",605,585.275958840037,0.0143946895226473,0.001,"Significant","missense"
"12503G>A","6300G>A",563,507.477081384471,0.0450919613754691,0,"Significant","missense"
"12503G>A","15044C>T",610,581.707202993452,0.0206253935246845,0,"Significant","missense"
"12503G>A","7897G>T",640,498.912067352666,0.108155965492084,0,"Significant","missense"
"12503G>A","7026G>A",589,542.45088868101,0.0357548697602015,0,"Significant","missense"
"12503G>A","7065G>A",648,510.33208606174,0.103722131323392,0,"Significant","missense"
"12503G>A","15810C>T",546,491.774555659495,0.0454265880510003,0,"Significant","missense"
"12503G>A","3650C>T",625,575.997193638915,0.0354596498758965,0,"Significant","missense"
"12503G>A","15384C>T",316,328.325537885875,-0.0166175818092676,0.099,"Not Significant","missense"
"12503G>A","7916A>G",496,406.12441534144,0.0868225773490046,0,"Significant","missense"
"12503G>A","13682C>T",589,551.015902712816,0.0289511617052579,0,"Significant","missense"
"12503G>A","8734C>T",638,516.755846585594,0.091535279777897,0,"Significant","missense"
"12503G>A","13759G>A",640,641.66230121609,-0.00112655049544385,0.787,"Not Significant","missense"
"12503G>A","9835T>C",430,389.708138447147,0.0427289801287365,0,"Significant","missense"
"12503G>A","9651C>T",570,539.595884003742,0.0238062274251781,0,"Significant","missense"
"12503G>A","9520G>A",554,494.629560336763,0.0492296973705112,0,"Significant","missense"
"13103G>C","15602A>G",434,340.278765201123,0.105654881338569,0,"Significant","missense"
"13103G>C","4522T>C",401,327.758652946679,0.0875902065756893,0,"Significant","missense"
"13103G>C","12468T>A",425,326.864359214219,0.11402136168908,0,"Significant","missense"
"13103G>C","6445C>T",424,411.822263797942,0.0126560349925398,0.033,"Significant","missense"
"13103G>C","14619A>T",415,321.945743685688,0.110265408877453,0,"Significant","missense"
"13103G>C","13421T>C",408,331.78297474275,0.0898060664074876,0,"Significant","missense"
"13103G>C","13370C>T",416,317.474275023386,0.117384790504294,0,"Significant","missense"
"13103G>C","10354C>T",417,338.043030869972,0.0911640680691858,0,"Significant","missense"
"13103G>C","15651C>T",389,381.416276894294,0.0085503787548416,0.255,"Not Significant","missense"
"13103G>C","8878C>T",422,366.6604303087,0.0610484071746007,0,"Significant","missense"
"13103G>C","6300G>A",418,317.921421889616,0.118856489641895,0,"Significant","missense"
"13103G>C","15044C>T",423,364.424695977549,0.0647325672317084,0,"Significant","missense"
"13103G>C","7897G>T",426,312.555659494855,0.13448223195366,0,"Significant","missense"
"13103G>C","7026G>A",399,339.831618334892,0.0697091120025971,0,"Significant","missense"
"13103G>C","7065G>A",426,319.710009354537,0.124653365898264,0,"Significant","missense"
"13103G>C","15810C>T",406,308.084190832554,0.119856620266193,0,"Significant","missense"
"13103G>C","3650C>T",428,360.847521047708,0.0741200428877419,0,"Significant","missense"
"13103G>C","15384C>T",146,205.687558465856,-0.148855167300392,0,"Significant","missense"
"13103G>C","7916A>G",398,254.426566884939,0.194320614275214,0,"Significant","missense"
"13103G>C","13682C>T",425,345.197380729654,0.0903214383112109,0,"Significant","missense"
"13103G>C","8734C>T",419,323.734331150608,0.112025265365777,0,"Significant","missense"
"13103G>C","13759G>A",408,401.985032740879,0.00645027995330873,0.295,"Not Significant","missense"
"13103G>C","9835T>C",329,244.142188961646,0.12955306384185,0,"Significant","missense"
"13103G>C","9651C>T",407,338.043030869972,0.0806224223206509,0,"Significant","missense"
"13103G>C","9520G>A",423,309.872778297474,0.135156941359857,0,"Significant","missense"
"15602A>G","4522T>C",546,521.808231992516,0.0196817165018108,0.002,"Significant","missense"
"15602A>G","12468T>A",668,520.384471468662,0.108452133955872,0,"Significant","missense"
"15602A>G","6445C>T",668,655.641721234799,0.00810988071690077,0.01,"Significant","missense"
"15602A>G","14619A>T",586,512.553788587465,0.0581581680250168,0,"Significant","missense"
"15602A>G","13421T>C",594,528.21515434986,0.0509755881403626,0,"Significant","missense"
"15602A>G","13370C>T",638,505.434985968195,0.101155378440274,0,"Significant","missense"
"15602A>G","10354C>T",608,538.181478016838,0.0529748322097244,0,"Significant","missense"
"15602A>G","15651C>T",612,607.23386342376,0.00339543941624284,0.449,"Not Significant","missense"
"15602A>G","8878C>T",624,583.741814780168,0.0289637857369077,0,"Significant","missense"
"15602A>G","6300G>A",579,506.146866230122,0.0584020114358644,0,"Significant","missense"
"15602A>G","15044C>T",605,580.182413470533,0.0181908143506945,0,"Significant","missense"
"15602A>G","7897G>T",631,497.604303086997,0.10314523193664,0,"Significant","missense"
"15602A>G","7026G>A",556,541.028999064546,0.0118542477394692,0.042,"Significant","missense"
"15602A>G","7065G>A",635,508.99438727783,0.0960607319290834,0,"Significant","missense"
"15602A>G","15810C>T",565,490.485500467727,0.0614222743500063,0,"Significant","missense"
"15602A>G","3650C>T",611,574.487371375117,0.0267607239586846,0,"Significant","missense"
"15602A>G","15384C>T",284,327.464920486436,-0.0618464431963109,0,"Significant","missense"
"15602A>G","7916A>G",494,405.059869036483,0.0862077309667618,0,"Significant","missense"
"15602A>G","13682C>T",620,549.571562207671,0.0523674376007139,0,"Significant","missense"
"15602A>G","8734C>T",657,515.401309635173,0.105419851800821,0,"Significant","missense"
"15602A>G","13759G>A",645,639.980355472404,0.0033930713402437,0.343,"Not Significant","missense"
"15602A>G","9835T>C",421,388.686623012161,0.0346825015691278,0,"Significant","missense"
"15602A>G","9651C>T",600,538.181478016838,0.047222503320634,0,"Significant","missense"
"15602A>G","9520G>A",576,493.333021515435,0.0672822972495979,0,"Significant","missense"
"4522T>C","12468T>A",540,501.237605238541,0.0323501134327519,0,"Significant","missense"
"4522T>C","6445C>T",643,631.518241347053,0.00782507329502205,0.035,"Significant","missense"
"4522T>C","14619A>T",507,493.695042095416,0.0115491934697152,0.07,"Not Significant","missense"
"4522T>C","13421T>C",516,508.780168381665,0.00611952691583317,0.293,"Not Significant","missense"
"4522T>C","13370C>T",537,486.838166510758,0.0425896675481221,0,"Significant","missense"
"4522T>C","10354C>T",528,518.379794200187,0.00798585760025421,0.172,"Not Significant","missense"
"4522T>C","15651C>T",597,584.891487371375,0.00889903052949461,0.056,"Not Significant","missense"
"4522T>C","8878C>T",572,562.263797942002,0.00745590697695621,0.134,"Not Significant","missense"
"4522T>C","6300G>A",513,487.523854069224,0.0221214949496956,0,"Significant","missense"
"4522T>C","15044C>T",631,558.835360149673,0.0527454810717988,0,"Significant","missense"
"4522T>C","7897G>T",534,479.295603367633,0.0469378118505158,0,"Significant","missense"
"4522T>C","7026G>A",648,521.12254443405,0.0946351441574357,0,"Significant","missense"
"4522T>C","7065G>A",548,490.266604303087,0.0483482472509294,0,"Significant","missense"
"4522T>C","15810C>T",485,472.438727782975,0.0113962472622856,0.075,"Not Significant","missense"
"4522T>C","3650C>T",618,553.349859681946,0.0479886709343874,0,"Significant","missense"
"4522T>C","15384C>T",355,315.416276894294,0.0513442519411548,0,"Significant","missense"
"4522T>C","7916A>G",459,390.156220767072,0.0705741497098235,0,"Significant","missense"
"4522T>C","13682C>T",528,529.350795135641,-0.00110964723427365,0.88,"Not Significant","missense"
"4522T>C","8734C>T",524,496.43779232928,0.0234664513542253,0,"Significant","missense"
"4522T>C","13759G>A",636,616.433115060804,0.013571154482833,0,"Significant","missense"
"4522T>C","9835T>C",443,374.385406922357,0.0730848140859645,0,"Significant","missense"
"4522T>C","9651C>T",525,518.379794200187,0.00551123847239935,0.354,"Not Significant","missense"
"4522T>C","9520G>A",510,475.181478016838,0.0307106720537735,0,"Significant","missense"
"12468T>A","6445C>T",646,629.795135640786,0.0110332160491511,0.001,"Significant","missense"
"12468T>A","14619A>T",551,492.347988774556,0.0488794306714248,0,"Significant","missense"
"12468T>A","13421T>C",574,507.391955098223,0.0535683153698541,0,"Significant","missense"
"12468T>A","13370C>T",620,485.509822263798,0.106193669030077,0,"Significant","missense"
"12468T>A","10354C>T",578,516.965388213283,0.0484663711702313,0,"Significant","missense"
"12468T>A","15651C>T",591,583.295603367633,0.00569877796464895,0.19,"Not Significant","missense"
"12468T>A","8878C>T",599,560.729653882133,0.0286732982565074,0,"Significant","missense"
"12468T>A","6300G>A",565,486.193638914874,0.0652391753405774,0,"Significant","missense"
"12468T>A","15044C>T",588,557.310570626754,0.0232800455870754,0,"Significant","missense"
"12468T>A","7897G>T",625,477.987839101964,0.11646316984929,0,"Significant","missense"
"12468T>A","7026G>A",550,519.700654817586,0.0246094254643655,0,"Significant","missense"
"12468T>A","7065G>A",632,488.928905519177,0.111471364732202,0,"Significant","missense"
"12468T>A","15810C>T",547,471.149672591207,0.0648284326767099,0,"Significant","missense"
"12468T>A","3650C>T",592,551.840037418148,0.0305085002517616,0,"Significant","missense"
"12468T>A","15384C>T",278,314.555659494855,-0.053652707512562,0,"Significant","missense"
"12468T>A","7916A>G",494,389.091674462114,0.10367501077947,0,"Significant","missense"
"12468T>A","13682C>T",592,527.906454630496,0.0497647346380923,0,"Significant","missense"
"12468T>A","8734C>T",646,495.083255378859,0.115554280048834,0,"Significant","missense"
"12468T>A","13759G>A",613,614.751169317119,-0.00123888896389591,0.797,"Not Significant","missense"
"12468T>A","9835T>C",412,373.363891487371,0.0427649015793041,0,"Significant","missense"
"12468T>A","9651C>T",573,516.965388213283,0.0446931547170928,0,"Significant","missense"
"12468T>A","9520G>A",555,473.88493919551,0.0686200767617738,0,"Significant","missense"
"6445C>T","14619A>T",626,620.318054256314,0.00395991179108963,0.309,"Not Significant","missense"
"6445C>T","13421T>C",645,639.272217025257,0.00387388436816926,0.265,"Not Significant","missense"
"6445C>T","13370C>T",624,611.702525724977,0.00864431597527646,0.039,"Significant","missense"
"6445C>T","10354C>T",660,651.33395696913,0.00574021505259043,0.087,"Not Significant","missense"
"6445C>T","15651C>T",733,734.904583723106,-0.00112698151446583,0.721,"Not Significant","missense"
"6445C>T","8878C>T",710,706.473339569691,0.00216257134728736,0.475,"Not Significant","missense"
"6445C>T","6300G>A",619,612.56407857811,0.00453912330228001,0.258,"Not Significant","missense"
"6445C>T","15044C>T",711,702.165575304022,0.00543006700171803,0.068,"Not Significant","missense"
"6445C>T","7897G>T",617,602.225444340505,0.0105260632994877,0.005,"Significant","missense"
"6445C>T","7026G>A",681,654.780168381665,0.0170515946439204,0,"Significant","missense"
"6445C>T","7065G>A",635,616.010289990645,0.0131857585028221,0.001,"Significant","missense"
"6445C>T","15810C>T",600,593.609915809167,0.00465010348794618,0.272,"Not Significant","missense"
"6445C>T","3650C>T",720,695.273152478952,0.015177036721125,0,"Significant","missense"
"6445C>T","15384C>T",405,396.314312441534,0.00941526654502125,0.128,"Not Significant","missense"
"6445C>T","7916A>G",509,490.223573433115,0.0163235909536135,0.001,"Significant","missense"
"6445C>T","13682C>T",665,665.11880261927,-7.75800207024371e-05,1,"Not Significant","missense"
"6445C>T","8734C>T",635,623.764265668849,0.00775323410675664,0.049,"Significant","missense"
"6445C>T","13759G>A",776,774.536014967259,0.000820104536888704,0.818,"Not Significant","missense"
"6445C>T","9835T>C",486,470.407857811038,0.0141617015694823,0.011,"Significant","missense"
"6445C>T","9651C>T",656,651.33395696913,0.00310011888638242,0.362,"Not Significant","missense"
"6445C>T","9520G>A",606,597.056127221702,0.00645746456640748,0.111,"Not Significant","missense"
"14619A>T","13421T>C",639,499.756782039289,0.106742161656864,0,"Significant","missense"
"14619A>T","13370C>T",530,478.203928905519,0.0446627296592145,0,"Significant","missense"
"14619A>T","10354C>T",657,509.186155285313,0.110688782836065,0,"Significant","missense"
"14619A>T","15651C>T",590,574.518241347053,0.0115481892521286,0.007,"Significant","missense"
"14619A>T","8878C>T",624,552.291861552853,0.0530159460762077,0,"Significant","missense"
"14619A>T","6300G>A",614,478.87745556595,0.107943979188891,0,"Significant","missense"
"14619A>T","15044C>T",577,548.924228250702,0.0216634131932605,0,"Significant","missense"
"14619A>T","7897G>T",530,470.795135640786,0.0514439026326069,0,"Significant","missense"
"14619A>T","7026G>A",522,511.880261927035,0.00850211949897875,0.141,"Not Significant","missense"
"14619A>T","7065G>A",550,481.571562207671,0.0577018564706616,0,"Significant","missense"
"14619A>T","15810C>T",620,464.059869036483,0.125817676368114,0,"Significant","missense"
"14619A>T","3650C>T",584,543.536014967259,0.0311845211678331,0,"Significant","missense"
"14619A>T","15384C>T",219,309.822263797942,-0.150668508063888,0,"Significant","missense"
"14619A>T","7916A>G",495,383.236669784846,0.111138141315982,0,"Significant","missense"
"14619A>T","13682C>T",611,519.962581852198,0.0700691186843152,0,"Significant","missense"
"14619A>T","8734C>T",546,487.633302151544,0.0490992852850904,0,"Significant","missense"
"14619A>T","13759G>A",604,605.500467726848,-0.0010775443345872,0.773,"Not Significant","missense"
"14619A>T","9835T>C",409,367.745556594948,0.0461758740801023,0,"Significant","missense"
"14619A>T","9651C>T",606,509.186155285313,0.0755960374425756,0,"Significant","missense"
"14619A>T","9520G>A",608,466.753975678204,0.114815553438416,0,"Significant","missense"
"13421T>C","13370C>T",543,492.815715622077,0.0421152807995145,0,"Significant","missense"
"13421T>C","10354C>T",657,524.744621141254,0.0976173739883085,0,"Significant","missense"
"13421T>C","15651C>T",612,592.072965388213,0.0143761909077868,0,"Significant","missense"
"13421T>C","8878C>T",640,569.167446211413,0.0509399215299129,0,"Significant","missense"
"13421T>C","6300G>A",624,493.509822263798,0.10188878888239,0,"Significant","missense"
"13421T>C","15044C>T",601,565.696913002806,0.0262906631925094,0,"Significant","missense"
"13421T>C","7897G>T",549,485.180542563143,0.0536689686341511,0,"Significant","missense"
"13421T>C","7026G>A",539,527.521047708138,0.0093489728356965,0.093,"Not Significant","missense"
"13421T>C","7065G>A",564,496.286248830683,0.0555468621120022,0,"Significant","missense"
"13421T>C","15810C>T",627,478.239476145931,0.11762211885282,0,"Significant","missense"
"13421T>C","3650C>T",594,560.144059869036,0.0254867101888696,0,"Significant","missense"
"13421T>C","15384C>T",237,319.289055191768,-0.129435685741672,0,"Significant","missense"
"13421T>C","7916A>G",496,394.946679139383,0.0989432100248548,0,"Significant","missense"
"13421T>C","13682C>T",634,535.850327408793,0.0730457574757349,0,"Significant","missense"
"13421T>C","8734C>T",564,502.533208606174,0.050114337715937,0,"Significant","missense"
"13421T>C","13759G>A",621,624.00187090739,-0.00209429162689727,0.592,"Not Significant","missense"
"13421T>C","9835T>C",410,378.982226379794,0.0341650139447405,0,"Significant","missense"
"13421T>C","9651C>T",612,524.744621141254,0.0668034265740938,0,"Significant","missense"
"13421T>C","9520G>A",609,481.015902712816,0.102457857950801,0,"Significant","missense"
"13370C>T","10354C>T",553,502.114125350795,0.0419226922931865,0,"Significant","missense"
"13370C>T","15651C>T",581,566.538821328344,0.0109464577125085,0.029,"Significant","missense"
"13370C>T","8878C>T",572,544.621141253508,0.0213015328990065,0,"Significant","missense"
"13370C>T","6300G>A",532,472.2263797942,0.0517613880549743,0,"Significant","missense"
"13370C>T","15044C>T",571,541.300280636108,0.02319785599557,0,"Significant","missense"
"13370C>T","7897G>T",622,464.256314312442,0.127032565434816,0,"Significant","missense"
"13370C>T","7026G>A",552,504.770813844715,0.038844841938103,0,"Significant","missense"
"13370C>T","7065G>A",613,474.88306828812,0.110873789207017,0,"Significant","missense"
"13370C>T","15810C>T",521,457.614593077643,0.0563378578815899,0,"Significant","missense"
"13370C>T","3650C>T",592,535.986903648269,0.0431675284905444,0,"Significant","missense"
"13370C>T","15384C>T",282,305.519176800748,-0.0347893668724984,0.004,"Significant","missense"
"13370C>T","7916A>G",482,377.913938260056,0.105654128333456,0,"Significant","missense"
"13370C>T","13682C>T",569,512.740879326473,0.0452143225490294,0,"Significant","missense"
"13370C>T","8734C>T",605,480.860617399439,0.0997361649450062,0,"Significant","missense"
"13370C>T","13759G>A",594,597.090739008419,-0.00225389026233212,0.59,"Not Significant","missense"
"13370C>T","9835T>C",402,362.637979420019,0.0447527668694239,0,"Significant","missense"
"13370C>T","9651C>T",545,502.114125350795,0.0355940632651319,0,"Significant","missense"
"13370C>T","9520G>A",534,460.271281571562,0.0645273789064394,0,"Significant","missense"
"10354C>T","15651C>T",614,603.244153414406,0.0076752496812149,0.091,"Not Significant","missense"
"10354C>T","8878C>T",644,579.906454630496,0.0455279246836593,0,"Significant","missense"
"10354C>T","6300G>A",633,502.821328344247,0.0999900189951426,0,"Significant","missense"
"10354C>T","15044C>T",614,576.370439663237,0.027466672108758,0,"Significant","missense"
"10354C>T","7897G>T",548,494.334892422825,0.0447592924462507,0,"Significant","missense"
"10354C>T","7026G>A",546,537.474275023386,0.00683496013151608,0.219,"Not Significant","missense"
"10354C>T","7065G>A",571,505.650140318054,0.0527859761523291,0,"Significant","missense"
"10354C>T","15810C>T",632,487.262862488307,0.11295376608231,0,"Significant","missense"
"10354C>T","3650C>T",602,570.712815715622,0.0231788662433217,0,"Significant","missense"
"10354C>T","15384C>T",245,325.313376987839,-0.123135837609426,0,"Significant","missense"
"10354C>T","7916A>G",494,402.398503274088,0.0890705922361273,0,"Significant","missense"
"10354C>T","13682C>T",628,545.960710944808,0.0607982531090211,0,"Significant","missense"
"10354C>T","8734C>T",573,512.014967259121,0.0488719654778055,0,"Significant","missense"
"10354C>T","13759G>A",629,635.77549111319,-0.00465313658038762,0.21,"Not Significant","missense"
"10354C>T","9835T>C",423,386.132834424696,0.0396036343778669,0,"Significant","missense"
"10354C>T","9651C>T",613,534.645463049579,0.0593945887247697,0,"Significant","missense"
"10354C>T","9520G>A",613,490.091674462114,0.0971831496141621,0,"Significant","missense"
"15651C>T","8878C>T",664,654.312441534144,0.00638290102555482,0.101,"Not Significant","missense"
"15651C>T","6300G>A",567,567.336763330215,-0.000257867795604667,1,"Not Significant","missense"
"15651C>T","15044C>T",661,650.32273152479,0.00707252478691756,0.041,"Significant","missense"
"15651C>T","7897G>T",563,557.761459307764,0.00405989314691911,0.399,"Not Significant","missense"
"15651C>T","7026G>A",617,606.43592142189,0.00750024579370409,0.065,"Not Significant","missense"
"15651C>T","7065G>A",571,570.528531337699,0.000358740486022418,1,"Not Significant","missense"
"15651C>T","15810C>T",565,549.782039289055,0.0118578999530656,0.027,"Significant","missense"
"15651C>T","3650C>T",653,643.939195509822,0.00606832059425763,0.11,"Not Significant","missense"
"15651C>T","15384C>T",357,367.053320860617,-0.0120609415281226,0.14,"Not Significant","missense"
"15651C>T","7916A>G",473,454.028999064546,0.0177775483839916,0.004,"Significant","missense"
"15651C>T","13682C>T",638,616.01122544434,0.0152320524266787,0,"Significant","missense"
"15651C>T","8734C>T",576,577.710009354537,-0.00128740873267955,0.796,"Not Significant","missense"
"15651C>T","13759G>A",730,717.349859681946,0.0075918424284811,0.007,"Significant","missense"
"15651C>T","9835T>C",424,435.676333021515,-0.0117981120707468,0.081,"Not Significant","missense"
"15651C>T","9651C>T",625,603.244153414406,0.0153868958841212,0,"Significant","missense"
"15651C>T","9520G>A",559,552.973807296539,0.00470724731587071,0.315,"Not Significant","missense"
"8878C>T","6300G>A",621,545.388213283442,0.0563858522718655,0,"Significant","missense"
"8878C>T","15044C>T",661,625.163704396632,0.0242077035707212,0,"Significant","missense"
"8878C>T","7897G>T",569,536.183348924228,0.0257989434744465,0,"Significant","missense"
"8878C>T","7026G>A",589,582.974742750234,0.00446555533137082,0.346,"Not Significant","missense"
"8878C>T","7065G>A",584,548.456501403181,0.0272706581363754,0,"Significant","missense"
"8878C>T","15810C>T",606,528.512628624883,0.0594172550837112,0,"Significant","missense"
"8878C>T","3650C>T",653,619.027128157156,0.0232034993780611,0,"Significant","missense"
"8878C>T","15384C>T",289,352.853133769878,-0.0866961360999377,0,"Significant","missense"
"8878C>T","7916A>G",493,436.463985032741,0.0528985057072088,0,"Significant","missense"
"8878C>T","13682C>T",689,592.179607109448,0.0657657743969407,0,"Significant","missense"
"8878C>T","8734C>T",597,555.360149672591,0.0313996177572781,0,"Significant","missense"
"8878C>T","13759G>A",693,689.597754911132,0.00213739570363894,0.559,"Not Significant","missense"
"8878C>T","9835T>C",450,418.821328344247,0.0311837238956606,0.001,"Significant","missense"
"8878C>T","9651C>T",680,579.906454630496,0.06915097003008,0,"Significant","missense"
"8878C>T","9520G>A",609,531.580916744621,0.0590479108461195,0,"Significant","missense"
"6300G>A","15044C>T",601,542.062675397568,0.0448249677417668,0,"Significant","missense"
"6300G>A","7897G>T",535,464.910196445276,0.0609847107545466,0,"Significant","missense"
"6300G>A","7026G>A",527,505.481758652947,0.0181051274107635,0,"Significant","missense"
"6300G>A","7065G>A",552,475.551917680075,0.0647411404071174,0,"Significant","missense"
"6300G>A","15810C>T",606,458.259120673527,0.121361506737649,0,"Significant","missense"
"6300G>A","3650C>T",587,536.741814780168,0.0388726710045488,0,"Significant","missense"
"6300G>A","15384C>T",222,305.949485500468,-0.13929675275187,0,"Significant","missense"
"6300G>A","7916A>G",499,378.446211412535,0.120096383707303,0,"Significant","missense"
"6300G>A","13682C>T",616,513.463049579046,0.0790715163076869,0,"Significant","missense"
"6300G>A","8734C>T",551,481.537885874649,0.0585211371336386,0,"Significant","missense"
"6300G>A","13759G>A",602,597.931711880262,0.00294490400360694,0.492,"Not Significant","missense"
"6300G>A","9835T>C",408,363.148737137512,0.0505756248641413,0,"Significant","missense"
"6300G>A","9651C>T",605,502.821328344247,0.0803416836302596,0,"Significant","missense"
"6300G>A","9520G>A",615,460.919550982226,0.125249985642598,0,"Significant","missense"
"15044C>T","7897G>T",562,532.913938260056,0.0230792362921769,0,"Significant","missense"
"15044C>T","7026G>A",639,579.420018709074,0.0425073623464032,0,"Significant","missense"
"15044C>T","7065G>A",580,545.112254443405,0.0269420482306532,0,"Significant","missense"
"15044C>T","15810C>T",577,525.289990645463,0.0407766877168997,0,"Significant","missense"
"15044C>T","3650C>T",662,615.252572497661,0.031804551186426,0,"Significant","missense"
"15044C>T","15384C>T",339,350.701590271282,-0.0147380370096863,0.099,"Not Significant","missense"
"15044C>T","7916A>G",485,433.802619270346,0.0484495686759834,0,"Significant","missense"
"15044C>T","13682C>T",630,588.568755846586,0.029543345586642,0,"Significant","missense"
"15044C>T","8734C>T",576,551.973807296539,0.0185040136948633,0.001,"Significant","missense"
"15044C>T","13759G>A",710,685.392890551918,0.0153187534546458,0,"Significant","missense"
"15044C>T","9835T>C",454,416.267539756782,0.0376833066211595,0,"Significant","missense"
"15044C>T","9651C>T",619,576.370439663237,0.0309889499877077,0,"Significant","missense"
"15044C>T","9520G>A",583,528.3395696913,0.0427554166160011,0,"Significant","missense"
"7897G>T","7026G>A",546,496.950420954163,0.0408795798870347,0,"Significant","missense"
"7897G>T","7065G>A",636,467.525724976614,0.133651603310405,0,"Significant","missense"
"7897G>T","15810C>T",511,450.524789522919,0.0547022076901722,0,"Significant","missense"
"7897G>T","3650C>T",582,527.682881197381,0.0425499793909071,0,"Significant","missense"
"7897G>T","15384C>T",281,300.785781103835,-0.0295509823133874,0.018,"Significant","missense"
"7897G>T","7916A>G",486,372.058933582788,0.116024532330292,0,"Significant","missense"
"7897G>T","13682C>T",556,504.797006548176,0.0419580207094101,0,"Significant","missense"
"7897G>T","8734C>T",623,473.410664172123,0.119250009925097,0,"Significant","missense"
"7897G>T","13759G>A",585,587.840037418148,-0.00210329618795132,0.672,"Not Significant","missense"
"7897G>T","9835T>C",395,357.019644527596,0.043904982384808,0,"Significant","missense"
"7897G>T","9651C>T",531,494.334892422825,0.0310732550433531,0,"Significant","missense"
"7897G>T","9520G>A",533,453.140318054256,0.0704945038778479,0,"Significant","missense"
"7026G>A","7065G>A",559,508.325537885875,0.0412698790133216,0,"Significant","missense"
"7026G>A","15810C>T",505,489.840972871843,0.0132362691390195,0.033,"Significant","missense"
"7026G>A","3650C>T",632,573.732460243218,0.0420076564882943,0,"Significant","missense"
"7026G>A","15384C>T",362,327.034611786717,0.0441148517795655,0,"Significant","missense"
"7026G>A","7916A>G",461,404.527595884004,0.0567527719225506,0,"Significant","missense"
"7026G>A","13682C>T",549,548.849391955098,0.000119157042342434,1,"Not Significant","missense"
"7026G>A","8734C>T",534,514.724041159963,0.0159668037593932,0.009,"Significant","missense"
"7026G>A","13759G>A",661,639.139382600561,0.0146058806803959,0,"Significant","missense"
"7026G>A","9835T>C",448,388.175865294668,0.0622494842213785,0,"Significant","missense"
"7026G>A","9651C>T",533,537.474275023386,-0.00363047354664692,0.567,"Not Significant","missense"
"7026G>A","9520G>A",526,492.684752104771,0.0284166224699135,0,"Significant","missense"
"7065G>A","15810C>T",531,460.837231057063,0.0615469625815282,0,"Significant","missense"
"7065G>A","3650C>T",603,539.761459307764,0.0481154408257699,0,"Significant","missense"
"7065G>A","15384C>T",286,307.670720299345,-0.031720135144823,0.004,"Significant","missense"
"7065G>A","7916A>G",490,380.575304022451,0.109755477041114,0,"Significant","missense"
"7065G>A","13682C>T",571,516.351730589336,0.0436904713178013,0,"Significant","missense"
"7065G>A","8734C>T",622,484.246959775491,0.108723481901349,0,"Significant","missense"
"7065G>A","13759G>A",601,601.295603367633,-0.000213556322791766,1,"Not Significant","missense"
"7065G>A","9835T>C",413,365.191768007484,0.0534290723593475,0,"Significant","missense"
"7065G>A","9651C>T",552,505.650140318054,0.0380889456356826,0,"Significant","missense"
"7065G>A","9520G>A",542,463.512628624883,0.0679377153342642,0,"Significant","missense"
"15810C>T","3650C>T",574,520.133769878391,0.0427968409770474,0,"Significant","missense"
"15810C>T","15384C>T",197,296.482694106642,-0.177533122218755,0,"Significant","missense"
"15810C>T","7916A>G",490,366.736202057998,0.125842296934565,0,"Significant","missense"
"15810C>T","13682C>T",599,497.575304022451,0.0805680053547127,0,"Significant","missense"
"15810C>T","8734C>T",533,466.637979420019,0.057747126130566,0,"Significant","missense"
"15810C>T","13759G>A",577,579.430308699719,-0.00182539527634482,0.741,"Not Significant","missense"
"15810C>T","9835T>C",401,351.912067352666,0.0567102132165822,0,"Significant","missense"
"15810C>T","9651C>T",589,487.262862488307,0.082351982587032,0,"Significant","missense"
"15810C>T","9520G>A",598,446.657623947615,0.126726432677732,0,"Significant","missense"
"3650C>T","15384C>T",345,347.259120673527,-0.0028345661215916,0.805,"Not Significant","missense"
"3650C>T","7916A>G",505,429.544434050514,0.0702832822102828,0,"Significant","missense"
"3650C>T","13682C>T",620,582.791393826006,0.0268785596492209,0,"Significant","missense"
"3650C>T","8734C>T",581,546.555659494855,0.0265417366798868,0,"Significant","missense"
"3650C>T","13759G>A",697,678.665107577175,0.0115772568514866,0,"Significant","missense"
"3650C>T","9835T>C",470,412.181478016838,0.0570093857176749,0,"Significant","missense"
"3650C>T","9651C>T",605,570.712815715622,0.0253377496379657,0,"Significant","missense"
"3650C>T","9520G>A",588,523.153414405987,0.0507482619510303,0,"Significant","missense"
"15384C>T","7916A>G",176,244.845650140318,-0.143379725053648,0,"Significant","missense"
"15384C>T","13682C>T",247,332.198316183349,-0.128700473548821,0,"Significant","missense"
"15384C>T","8734C>T",268,311.543498596819,-0.0653838986411315,0,"Significant","missense"
"15384C>T","13759G>A",418,386.847521047708,0.033636463569002,0,"Significant","missense"
"15384C>T","9835T>C",222,234.948550046773,-0.0246197947268838,0.108,"Not Significant","missense"
"15384C>T","9651C>T",244,325.313376987839,-0.124912095635229,0,"Significant","missense"
"15384C>T","9520G>A",214,298.203928905519,-0.144099587735355,0,"Significant","missense"
"7916A>G","13682C>T",493,410.914873713751,0.0790950577551831,0,"Significant","missense"
"7916A>G","8734C>T",475,385.365762394761,0.0908204822414053,0,"Significant","missense"
"7916A>G","13759G>A",473,478.513564078578,-0.00503311218170921,0.316,"Not Significant","missense"
"7916A>G","9835T>C",361,290.621141253508,0.0941799980145985,0,"Significant","missense"
"7916A>G","9651C>T",477,402.398503274088,0.0738620223525974,0,"Significant","missense"
"7916A>G","9520G>A",498,368.865294667914,0.130361546961587,0,"Significant","missense"
"13682C>T","8734C>T",581,522.851262862488,0.0457979710662174,0,"Significant","missense"
"13682C>T","13759G>A",648,649.231057062675,-0.000824280989593451,0.855,"Not Significant","missense"
"13682C>T","9835T>C",423,394.304957904584,0.0305081295433395,0,"Significant","missense"
"13682C>T","9651C>T",665,545.960710944808,0.0856602546749258,0,"Significant","missense"
"13682C>T","9520G>A",603,500.463985032741,0.0809444824013717,0,"Significant","missense"
"8734C>T","13759G>A",608,608.864359214219,-0.000616973448862591,0.943,"Not Significant","missense"
"8734C>T","9835T>C",399,369.78858746492,0.0330193919936336,0,"Significant","missense"
"8734C>T","9651C>T",564,512.014967259121,0.0419964474937591,0,"Significant","missense"
"8734C>T","9520G>A",540,469.347053320861,0.0608996642227808,0,"Significant","missense"
"13759G>A","9835T>C",483,459.171188026193,0.0219725015223196,0,"Significant","missense"
"13759G>A","9651C>T",641,635.77549111319,0.00355424749315957,0.358,"Not Significant","missense"
"13759G>A","9520G>A",583,582.794200187091,0.000153333622756576,1,"Not Significant","missense"
"9835T>C","9651C>T",424,386.132834424696,0.040629123595557,0,"Significant","missense"
"9835T>C","9520G>A",409,353.955098222638,0.0627751358995594,0,"Significant","missense"
"9651C>T","9520G>A",589,490.091674462114,0.0798379698828516,0,"Significant","missense"
