"","celltype","bias","pvalue_adj"
"1","Monocyte/DC",1,1
"2","NK/ILC",1,1
"3","CD4 Eff/Mem",1,1
"4","CD8 Naive",0.999969949614428,1
"5","CD8 Eff/Mem",0,0
"6","CD4 Naive",0.999999999996338,1
"7","Treg",0.204683293248256,0.958112034186236
"8","B cell",1,1
"9","MAIT",0.999992291510562,1
"10","HSPC",0.739636574654326,1
"11","dnT",0.261303282050792,0.958112034186236
