"Variant1","Variant2","Observed","Expected","log10_OE","P_perm","Significance","Variant_Type"
"15596G>A","8984C>T",1034,1032.01154956689,0.000835981112950218,0,"Significant","missense"
"15596G>A","11672A>T",1033,1031.01443695861,0.000835574909659998,0,"Significant","missense"
"15596G>A","6172C>T",1024,1021.04331087584,0.00125579214796302,0,"Significant","missense"
"15596G>A","3550G>C",1018,1015.06063522618,0.00125579214796312,0,"Significant","missense"
"15596G>A","9912G>A",1027,1027.02598652551,-1.09889599308671e-05,1,"Not Significant","missense"
"15596G>A","13810G>A",1029,1029.02021174206,-8.5303807964157e-06,1,"Not Significant","missense"
"15596G>A","15051T>A",1025,1025.03176130895,-1.34571195206655e-05,1,"Not Significant","missense"
"15596G>A","10762G>A",1029,1029.02021174206,-8.5303807964157e-06,1,"Not Significant","missense"
"15596G>A","15620C>T",972,969.193455245428,0.00125579214796302,0,"Significant","missense"
"15596G>A","4848G>A",773,771.765158806545,0.000694325383395342,0.147,"Not Significant","missense"
"15596G>A","7667C>T",772,769.77093358999,0.00125579214796293,0.017,"Significant","missense"
"15596G>A","3399A>T",748,745.840230991338,0.00125579214796302,0.024,"Significant","missense"
"15596G>A","7341C>T",796,793.701636188643,0.00125579214796302,0.014,"Significant","missense"
"15596G>A","4088C>T",783,780.73917228104,0.00125579214796302,0.011,"Significant","missense"
"15596G>A","10678A>G",762,759.799807507218,0.00125579214796302,0.012,"Significant","missense"
"15596G>A","13330C>T",357,356.966313763234,4.09816162819093e-05,1,"Not Significant","missense"
"15596G>A","13766C>T",378,376.908565928778,0.00125579214796293,0.289,"Not Significant","missense"
"15596G>A","8791C>T",377,375.9114533205,0.00125579214796283,0.315,"Not Significant","missense"
"15596G>A","11178C>T",348,346.995187680462,0.00125579214796283,0.349,"Not Significant","missense"
"15596G>A","7324A>G",347,345.998075072185,0.00125579214796283,0.339,"Not Significant","missense"
"15596G>A","10680G>A",329,328.050048123195,0.00125579214796274,0.552,"Not Significant","missense"
"15596G>A","7336C>T",729,726.895091434071,0.00125579214796302,0.019,"Significant","missense"
"15596G>A","14889G>A",743,740.854667949952,0.00125579214796302,0.027,"Significant","missense"
"15596G>A","12700C>T",478,479.611164581328,-0.00146138761374942,0.093,"Not Significant","missense"
"15596G>A","14256T>C",730,727.892204042348,0.00125579214796302,0.023,"Significant","missense"
"15596G>A","11060T>A",713,710.941289701636,0.00125579214796293,0.026,"Significant","missense"
"15596G>A","5262G>A",703,700.970163618864,0.00125579214796302,0.034,"Significant","missense"
"15596G>A","6075G>A",739,736.866217516843,0.00125579214796302,0.025,"Significant","missense"
"15596G>A","4684T>C",674,673.051010587103,0.000611915852258036,0.584,"Not Significant","missense"
"15596G>A","3416C>T",689,687.010587102984,0.00125579214796302,0.041,"Significant","missense"
"15596G>A","6103T>C",664,662.082771896054,0.00125579214796302,0.039,"Significant","missense"
"15596G>A","7658G>A",682,680.030798845043,0.00125579214796302,0.039,"Significant","missense"
"15596G>A","9540T>A",671,669.062560153994,0.00125579214796302,0.048,"Significant","missense"
"15596G>A","13756C>T",708,705.95572666025,0.00125579214796302,0.041,"Significant","missense"
"15596G>A","14819T>C",722,720.912415784408,0.000654692423071466,0.202,"Not Significant","missense"
"15596G>A","14985G>A",695,692.993262752647,0.00125579214796302,0.03,"Significant","missense"
"15596G>A","4930T>C",661,659.091434071222,0.00125579214796302,0.043,"Significant","missense"
"15596G>A","4008A>T",272,271.214629451396,0.00125579214796283,0.574,"Not Significant","missense"
"15596G>A","12047T>C",732,729.886429258903,0.00125579214796312,0.021,"Significant","missense"
"15596G>A","12053C>T",847,845.551491819057,0.000743350221956234,0.103,"Not Significant","missense"
"15596G>A","7944C>T",697,694.987487969201,0.00125579214796302,0.03,"Significant","missense"
"15596G>A","9622C>T",334,333.035611164581,0.00125579214796283,0.558,"Not Significant","missense"
"15596G>A","7191T>C",697,694.987487969201,0.00125579214796302,0.031,"Significant","missense"
"15596G>A","14249G>A",722,719.915303176131,0.00125579214796302,0.026,"Significant","missense"
"15596G>A","8920G>A",735,732.877767083734,0.00125579214796302,0.036,"Significant","missense"
"15596G>A","15140G>A",774,771.765158806545,0.00125579214796302,0.026,"Significant","missense"
"15596G>A","12971C>T",861,858.51395572666,0.00125579214796302,0.007,"Significant","missense"
"15596G>A","12790T>C",706,703.961501443696,0.00125579214796302,0.037,"Significant","missense"
"15596G>A","5314T>C",642,640.146294513956,0.00125579214796302,0.064,"Not Significant","missense"
"15596G>A","9816C>T",628,626.186717998075,0.00125579214796302,0.046,"Significant","missense"
"15596G>A","9988C>T",674,672.053897978826,0.00125579214796302,0.044,"Significant","missense"
"15596G>A","8923A>T",638,636.157844080847,0.00125579214796302,0.059,"Not Significant","missense"
"15596G>A","13126C>T",669,667.06833493744,0.00125579214796302,0.031,"Significant","missense"
"15596G>A","15660C>T",618,616.215591915303,0.00125579214796293,0.063,"Not Significant","missense"
"15596G>A","10312C>T",688,687.010587102984,0.000625008475848581,0.523,"Not Significant","missense"
"15596G>A","8413A>T",690,688.007699711261,0.00125579214796293,0.041,"Significant","missense"
"15596G>A","5328C>T",543,541.432146294514,0.00125579214796302,0.104,"Not Significant","missense"
"15596G>A","11028C>T",655,653.108758421559,0.00125579214796293,0.05,"Not Significant","missense"
"15596G>A","5320C>T",714,711.938402309913,0.00125579214796302,0.042,"Significant","missense"
"15596G>A","5270C>A",628,626.186717998075,0.00125579214796302,0.057,"Not Significant","missense"
"15596G>A","13033C>T",929,927.314725697786,0.000788557587669794,0.034,"Significant","missense"
"15596G>A","8088T>C",503,501.547641963426,0.00125579214796293,0.249,"Not Significant","missense"
"15596G>A","11672A>C",620,619.206929740135,0.000555881469636763,0.568,"Not Significant","missense"
"15596G>A","6322G>A",606,604.250240615977,0.00125579214796302,0.067,"Not Significant","missense"
"15596G>A","3578T>A",883,881.447545717036,0.000764230712458577,0.063,"Not Significant","missense"
"15596G>A","8722C>T",444,442.717998075072,0.00125579214796293,0.271,"Not Significant","missense"
"15596G>A","6174G>A",722,720.912415784408,0.000654692423071466,0.233,"Not Significant","missense"
"15596G>A","8921G>A",507,505.536092396535,0.00125579214796293,0.242,"Not Significant","missense"
"15596G>A","9571C>T",282,281.185755534167,0.00125579214796274,0.56,"Not Significant","missense"
"15596G>A","6682A>T",598,599.264677574591,-0.0009174958663654,0.276,"Not Significant","missense"
"15596G>A","9896A>T",562,560.377285851781,0.00125579214796293,0.094,"Not Significant","missense"
"15596G>A","13450T>C",441,440.723772858518,0.000272112266709779,1,"Not Significant","missense"
"15596G>A","15446C>T",907,906.375360923965,0.000299195986090995,0.335,"Not Significant","missense"
"15596G>A","6685A>T",538,536.446583253128,0.00125579214796302,0.115,"Not Significant","missense"
"15596G>A","9823T>C",515,515.507218479307,-0.000427521904788185,0.626,"Not Significant","missense"
"15596G>A","13580C>T",540,538.440808469682,0.00125579214796293,0.111,"Not Significant","missense"
"15596G>A","15086A>G",574,573.339749759384,0.00049983985630615,0.597,"Not Significant","missense"
"15596G>A","5230T>C",596,594.279114533205,0.00125579214796293,0.078,"Not Significant","missense"
"15596G>A","7788T>C",575,573.339749759384,0.00125579214796293,0.084,"Not Significant","missense"
"15596G>A","9231C>G",337,336.026948989413,0.00125579214796283,0.563,"Not Significant","missense"
"15596G>A","6925C>T",714,714.929740134745,-0.000565151743662474,0.579,"Not Significant","missense"
"15596G>A","3542T>C",548,546.4177093359,0.00125579214796302,0.105,"Not Significant","missense"
"15596G>A","12691A>G",303,302.125120307988,0.00125579214796283,0.567,"Not Significant","missense"
"15596G>A","8015C>T",505,503.541867179981,0.00125579214796293,0.265,"Not Significant","missense"
"15596G>A","11244T>C",522,521.48989412897,0.000424606282951077,0.637,"Not Significant","missense"
"15596G>A","7665C>T",610,608.238691049086,0.00125579214796302,0.068,"Not Significant","missense"
"15596G>A","5326C>T",530,528.469682386911,0.00125579214796293,0.12,"Not Significant","missense"
"15596G>A","15378T>C",273,272.211742059673,0.00125579214796274,0.558,"Not Significant","missense"
"15596G>A","3661T>C",464,462.660250240616,0.00125579214796293,0.239,"Not Significant","missense"
"15596G>A","10972A>T",557,555.391722810395,0.00125579214796293,0.117,"Not Significant","missense"
"15596G>A","14000T>C",559,557.385948026949,0.00125579214796293,0.1,"Not Significant","missense"
"15596G>A","11538C>T",543,541.432146294514,0.00125579214796302,0.116,"Not Significant","missense"
"15596G>A","8118G>A",549,547.414821944177,0.00125579214796293,0.101,"Not Significant","missense"
"15596G>A","3706C>T",498,496.56207892204,0.00125579214796293,0.254,"Not Significant","missense"
"15596G>A","12923G>C",526,524.481231953802,0.00125579214796293,0.115,"Not Significant","missense"
"15596G>A","12009G>C",505,503.541867179981,0.00125579214796293,0.248,"Not Significant","missense"
"15596G>A","3650C>T",531,530.463907603465,0.000438680934384027,0.609,"Not Significant","missense"
"15596G>A","3428G>A",484,482.60250240616,0.00125579214796293,0.282,"Not Significant","missense"
"15596G>A","12361A>T",478,476.619826756497,0.00125579214796293,0.26,"Not Significant","missense"
"8984C>T","11672A>T",1033,1030.01924927815,0.00125498052593765,0,"Significant","missense"
"8984C>T","6172C>T",1024,1020.05774783446,0.00167519776424063,0,"Significant","missense"
"8984C>T","3550G>C",1018,1014.08084696824,0.00167519776424073,0,"Significant","missense"
"8984C>T","9912G>A",1026,1026.03464870067,-1.46661651339313e-05,1,"Not Significant","missense"
"8984C>T","13810G>A",1028,1028.02694898941,-1.13848676947347e-05,1,"Not Significant","missense"
"8984C>T","15051T>A",1024,1024.04234841193,-1.79602552041401e-05,1,"Not Significant","missense"
"8984C>T","10762G>A",1028,1028.02694898941,-1.13848676947347e-05,1,"Not Significant","missense"
"8984C>T","15620C>T",971,968.257940327238,0.00122816274597096,0.002,"Significant","missense"
"8984C>T","4848G>A",774,771.02021174206,0.00167519776424054,0.004,"Significant","missense"
"8984C>T","7667C>T",772,769.02791145332,0.00167519776424063,0.006,"Significant","missense"
"8984C>T","3399A>T",748,745.12030798845,0.00167519776424063,0.007,"Significant","missense"
"8984C>T","7341C>T",796,792.935514918191,0.00167519776424063,0.004,"Significant","missense"
"8984C>T","4088C>T",783,779.985563041386,0.00167519776424054,0.007,"Significant","missense"
"8984C>T","10678A>G",762,759.066410009625,0.00167519776424063,0.007,"Significant","missense"
"8984C>T","13330C>T",357,356.621751684312,0.000460387232559487,1,"Not Significant","missense"
"8984C>T","13766C>T",377,376.544754571704,0.000524748132808226,1,"Not Significant","missense"
"8984C>T","8791C>T",377,375.548604427334,0.00167519776424034,0.309,"Not Significant","missense"
"8984C>T","11178C>T",348,346.660250240616,0.00167519776424034,0.301,"Not Significant","missense"
"8984C>T","7324A>G",347,345.664100096246,0.00167519776424034,0.308,"Not Significant","missense"
"8984C>T","10680G>A",329,327.733397497594,0.00167519776424025,0.323,"Not Significant","missense"
"8984C>T","7336C>T",729,726.193455245428,0.00167519776424054,0.012,"Significant","missense"
"8984C>T","14889G>A",743,740.139557266603,0.00167519776424063,0.008,"Significant","missense"
"8984C>T","12700C>T",478,479.148219441771,-0.00104198199747184,0.368,"Not Significant","missense"
"8984C>T","14256T>C",730,727.189605389798,0.00167519776424063,0.008,"Significant","missense"
"8984C>T","11060T>A",713,710.255052935515,0.00167519776424054,0.009,"Significant","missense"
"8984C>T","5262G>A",703,700.293551491819,0.00167519776424063,0.006,"Significant","missense"
"8984C>T","6075G>A",739,736.154956689124,0.00167519776424063,0.004,"Significant","missense"
"8984C>T","4684T>C",674,672.401347449471,0.00103132146853564,0.12,"Not Significant","missense"
"8984C>T","3416C>T",689,686.347449470645,0.00167519776424054,0.015,"Significant","missense"
"8984C>T","6103T>C",664,661.443695861405,0.00167519776424063,0.012,"Significant","missense"
"8984C>T","7658G>A",682,679.374398460058,0.00167519776424054,0.012,"Significant","missense"
"8984C>T","9540T>A",671,668.416746871992,0.00167519776424054,0.019,"Significant","missense"
"8984C>T","13756C>T",708,705.274302213667,0.00167519776424063,0.015,"Significant","missense"
"8984C>T","14819T>C",722,720.216554379211,0.00107409803934907,0.088,"Not Significant","missense"
"8984C>T","14985G>A",694,692.324350336862,0.00104986362898168,0.1,"Not Significant","missense"
"8984C>T","4930T>C",661,658.455245428296,0.00167519776424063,0.024,"Significant","missense"
"8984C>T","4008A>T",272,270.952839268527,0.00167519776424025,0.346,"Not Significant","missense"
"8984C>T","12047T>C",732,729.181905678537,0.00167519776424063,0.01,"Significant","missense"
"8984C>T","12053C>T",846,844.735322425409,0.000649708546550541,0.155,"Not Significant","missense"
"8984C>T","7944C>T",697,694.316650625601,0.00167519776424063,0.015,"Significant","missense"
"8984C>T","9622C>T",334,332.714148219442,0.00167519776424034,0.312,"Not Significant","missense"
"8984C>T","7191T>C",696,694.316650625601,0.0010516592767934,0.105,"Not Significant","missense"
"8984C>T","14249G>A",722,719.220404234841,0.00167519776424063,0.005,"Significant","missense"
"8984C>T","8920G>A",735,732.170356111646,0.00167519776424063,0.011,"Significant","missense"
"8984C>T","15140G>A",774,771.02021174206,0.00167519776424054,0.003,"Significant","missense"
"8984C>T","12971C>T",861,857.685274302214,0.00167519776424063,0.002,"Significant","missense"
"8984C>T","12790T>C",706,703.282001924928,0.00167519776424063,0.01,"Significant","missense"
"8984C>T","5314T>C",642,639.528392685274,0.00167519776424063,0.023,"Significant","missense"
"8984C>T","9816C>T",628,625.5822906641,0.00167519776424054,0.027,"Significant","missense"
"8984C>T","9988C>T",674,671.405197305101,0.00167519776424063,0.015,"Significant","missense"
"8984C>T","8923A>T",638,635.543792107796,0.00167519776424063,0.02,"Significant","missense"
"8984C>T","13126C>T",669,666.424446583253,0.00167519776424063,0.017,"Significant","missense"
"8984C>T","15660C>T",618,615.620789220404,0.00167519776424054,0.035,"Significant","missense"
"8984C>T","10312C>T",686,686.347449470645,-0.00021990843663333,1,"Not Significant","missense"
"8984C>T","8413A>T",690,687.343599615014,0.00167519776424063,0.011,"Significant","missense"
"8984C>T","5328C>T",543,540.909528392685,0.00167519776424054,0.048,"Significant","missense"
"8984C>T","11028C>T",655,652.478344562079,0.00167519776424054,0.031,"Significant","missense"
"8984C>T","5320C>T",714,711.251203079884,0.00167519776424063,0.006,"Significant","missense"
"8984C>T","5270C>A",628,625.5822906641,0.00167519776424054,0.036,"Significant","missense"
"8984C>T","13033C>T",928,926.419634263715,0.000740225429167659,0.051,"Not Significant","missense"
"8984C>T","8088T>C",503,501.063522617902,0.00167519776424054,0.131,"Not Significant","missense"
"8984C>T","11672A>C",621,618.609239653513,0.00167519776424063,0.032,"Significant","missense"
"8984C>T","6322G>A",606,603.666987487969,0.00167519776424054,0.028,"Significant","missense"
"8984C>T","3578T>A",882,880.596727622714,0.000691517882987436,0.111,"Not Significant","missense"
"8984C>T","8722C>T",443,442.290664100096,0.000695953872690425,0.674,"Not Significant","missense"
"8984C>T","6174G>A",722,720.216554379211,0.00107409803934907,0.088,"Not Significant","missense"
"8984C>T","8921G>A",507,505.04812319538,0.00167519776424054,0.117,"Not Significant","missense"
"8984C>T","9571C>T",282,280.914340712223,0.00167519776424015,0.348,"Not Significant","missense"
"8984C>T","6682A>T",599,598.686236766121,0.000227548150812688,1,"Not Significant","missense"
"8984C>T","9896A>T",562,559.836381135707,0.00167519776424063,0.041,"Significant","missense"
"8984C>T","13450T>C",442,440.298363811357,0.00167519776424054,0.152,"Not Significant","missense"
"8984C>T","15446C>T",906,905.500481231954,0.000239512219086438,1,"Not Significant","missense"
"8984C>T","6685A>T",538,535.928777670837,0.00167519776424054,0.055,"Not Significant","missense"
"8984C>T","9823T>C",516,515.009624639076,0.000834356297509564,0.614,"Not Significant","missense"
"8984C>T","13580C>T",540,537.921077959576,0.00167519776424063,0.055,"Not Significant","missense"
"8984C>T","15086A>G",575,572.786333012512,0.00167519776424054,0.041,"Significant","missense"
"8984C>T","5230T>C",595,593.705486044273,0.000945903752553797,0.305,"Not Significant","missense"
"8984C>T","7788T>C",575,572.786333012512,0.00167519776424054,0.049,"Significant","missense"
"8984C>T","9231C>G",337,335.70259865255,0.00167519776424044,0.336,"Not Significant","missense"
"8984C>T","6925C>T",713,714.239653512993,-0.000754428051693648,0.332,"Not Significant","missense"
"8984C>T","3542T>C",548,545.890279114533,0.00167519776424054,0.054,"Not Significant","missense"
"8984C>T","12691A>G",303,301.833493743985,0.00167519776424025,0.348,"Not Significant","missense"
"8984C>T","8015C>T",505,503.055822906641,0.00167519776424054,0.13,"Not Significant","missense"
"8984C>T","11244T>C",523,520.986525505294,0.00167519776424054,0.055,"Not Significant","missense"
"8984C>T","7665C>T",609,607.651588065448,0.000962655386349018,0.331,"Not Significant","missense"
"8984C>T","5326C>T",530,527.959576515881,0.00167519776424054,0.061,"Not Significant","missense"
"8984C>T","15378T>C",273,271.948989412897,0.00167519776424015,0.326,"Not Significant","missense"
"8984C>T","3661T>C",464,462.213666987488,0.00167519776424054,0.154,"Not Significant","missense"
"8984C>T","10972A>T",557,554.85563041386,0.00167519776424054,0.053,"Not Significant","missense"
"8984C>T","14000T>C",559,556.847930702599,0.00167519776424054,0.052,"Not Significant","missense"
"8984C>T","11538C>T",543,540.909528392685,0.00167519776424054,0.049,"Significant","missense"
"8984C>T","8118G>A",549,546.886429258903,0.00167519776424063,0.049,"Significant","missense"
"8984C>T","3706C>T",498,496.082771896054,0.00167519776424054,0.137,"Not Significant","missense"
"8984C>T","12923G>C",526,523.974975938402,0.00167519776424044,0.061,"Not Significant","missense"
"8984C>T","12009G>C",505,503.055822906641,0.00167519776424054,0.124,"Not Significant","missense"
"8984C>T","3650C>T",532,529.95187680462,0.00167519776424054,0.056,"Not Significant","missense"
"8984C>T","3428G>A",483,482.13666987488,0.000776966871340313,0.619,"Not Significant","missense"
"8984C>T","12361A>T",478,476.159769008662,0.00167519776424054,0.101,"Not Significant","missense"
"11672A>T","6172C>T",1022,1019.07218479307,0.0012459479581356,0,"Significant","missense"
"11672A>T","3550G>C",1017,1013.1010587103,0.0016681837212582,0,"Significant","missense"
"11672A>T","9912G>A",1026,1025.04331087584,0.000405144869878849,0.044,"Significant","missense"
"11672A>T","13810G>A",1027,1027.03368623677,-1.424489466067e-05,1,"Not Significant","missense"
"11672A>T","15051T>A",1024,1023.05293551492,0.000401850779808689,0.051,"Not Significant","missense"
"11672A>T","10762G>A",1027,1027.03368623677,-1.424489466067e-05,1,"Not Significant","missense"
"11672A>T","15620C>T",970,967.322425409047,0.00120047813922388,0.005,"Significant","missense"
"11672A>T","4848G>A",773,770.275264677575,0.00153354203468583,0.019,"Significant","missense"
"11672A>T","7667C>T",772,768.284889316651,0.00209500879925335,0,"Significant","missense"
"11672A>T","3399A>T",748,744.400384985563,0.00209500879925335,0,"Significant","missense"
"11672A>T","7341C>T",796,792.169393647738,0.00209500879925345,0,"Significant","missense"
"11672A>T","4088C>T",783,779.231953801732,0.00209500879925345,0.002,"Significant","missense"
"11672A>T","10678A>G",762,758.333012512031,0.00209500879925345,0,"Significant","missense"
"11672A>T","13330C>T",357,356.27718960539,0.00088019826757231,0.661,"Not Significant","missense"
"11672A>T","13766C>T",378,376.180943214629,0.00209500879925316,0.163,"Not Significant","missense"
"11672A>T","8791C>T",377,375.185755534167,0.00209500879925316,0.17,"Not Significant","missense"
"11672A>T","11178C>T",348,346.32531280077,0.00209500879925306,0.176,"Not Significant","missense"
"11672A>T","7324A>G",347,345.330125120308,0.00209500879925316,0.174,"Not Significant","missense"
"11672A>T","10680G>A",329,327.416746871992,0.00209500879925306,0.192,"Not Significant","missense"
"11672A>T","7336C>T",729,725.491819056785,0.00209500879925345,0,"Significant","missense"
"11672A>T","14889G>A",743,739.424446583253,0.00209500879925335,0,"Significant","missense"
"11672A>T","12700C>T",478,478.685274302214,-0.00062217096245904,0.681,"Not Significant","missense"
"11672A>T","14256T>C",730,726.487006737247,0.00209500879925345,0.002,"Significant","missense"
"11672A>T","11060T>A",713,709.568816169394,0.00209500879925335,0.004,"Significant","missense"
"11672A>T","5262G>A",702,699.616939364774,0.00147679590923481,0.037,"Significant","missense"
"11672A>T","6075G>A",739,735.443695861405,0.00209500879925345,0,"Significant","missense"
"11672A>T","4684T>C",674,671.751684311838,0.00145113250354841,0.052,"Not Significant","missense"
"11672A>T","3416C>T",689,685.684311838306,0.00209500879925345,0.005,"Significant","missense"
"11672A>T","6103T>C",664,660.804619826757,0.00209500879925335,0.006,"Significant","missense"
"11672A>T","7658G>A",682,678.717998075072,0.00209500879925335,0.006,"Significant","missense"
"11672A>T","9540T>A",671,667.77093358999,0.00209500879925345,0.008,"Significant","missense"
"11672A>T","13756C>T",708,704.592877767084,0.00209500879925345,0.004,"Significant","missense"
"11672A>T","14819T>C",722,719.520692974014,0.00149390907436173,0.023,"Significant","missense"
"11672A>T","14985G>A",694,691.655437921078,0.00146967466399455,0.044,"Significant","missense"
"11672A>T","4930T>C",661,657.81905678537,0.00209500879925335,0.003,"Significant","missense"
"11672A>T","4008A>T",272,270.691049085659,0.00209500879925287,0.321,"Not Significant","missense"
"11672A>T","12047T>C",731,728.477382098171,0.00150130469872216,0.018,"Significant","missense"
"11672A>T","12053C>T",846,843.919153031761,0.00106951958156321,0.039,"Significant","missense"
"11672A>T","7944C>T",697,693.645813282002,0.00209500879925335,0.002,"Significant","missense"
"11672A>T","9622C>T",334,332.392685274302,0.00209500879925306,0.195,"Not Significant","missense"
"11672A>T","7191T>C",697,693.645813282002,0.00209500879925335,0.003,"Significant","missense"
"11672A>T","14249G>A",720,718.525505293552,0.000890307660882895,0.323,"Not Significant","missense"
"11672A>T","8920G>A",734,731.462945139557,0.00150372963112919,0.021,"Significant","missense"
"11672A>T","15140G>A",773,770.275264677575,0.00153354203468583,0.02,"Significant","missense"
"11672A>T","12971C>T",861,856.856592877767,0.00209500879925345,0,"Significant","missense"
"11672A>T","12790T>C",705,702.60250240616,0.00147942473884844,0.049,"Significant","missense"
"11672A>T","5314T>C",642,638.910490856593,0.00209500879925345,0.01,"Significant","missense"
"11672A>T","9816C>T",628,624.977863330125,0.00209500879925335,0.012,"Significant","missense"
"11672A>T","9988C>T",673,670.756496631376,0.00145017648791063,0.053,"Not Significant","missense"
"11672A>T","8923A>T",638,634.929740134745,0.00209500879925335,0.012,"Significant","missense"
"11672A>T","13126C>T",669,665.780558229066,0.00209500879925345,0.008,"Significant","missense"
"11672A>T","15660C>T",618,615.025986525505,0.00209500879925335,0.011,"Significant","missense"
"11672A>T","10312C>T",687,685.684311838306,0.000832523951178239,0.32,"Not Significant","missense"
"11672A>T","8413A>T",690,686.679499518768,0.00209500879925345,0.005,"Significant","missense"
"11672A>T","5328C>T",543,540.386910490857,0.00209500879925335,0.023,"Significant","missense"
"11672A>T","11028C>T",655,651.847930702599,0.00209500879925335,0.007,"Significant","missense"
"11672A>T","5320C>T",714,710.564003849856,0.00209500879925335,0.003,"Significant","missense"
"11672A>T","5270C>A",628,624.977863330125,0.00209500879925335,0.007,"Significant","missense"
"11672A>T","13033C>T",928,925.524542829644,0.00116003646418055,0.007,"Significant","missense"
"11672A>T","8088T>C",503,500.579403272377,0.00209500879925325,0.055,"Not Significant","missense"
"11672A>T","11672A>C",621,618.011549566891,0.00209500879925335,0.002,"Significant","missense"
"11672A>T","6322G>A",606,603.083734359961,0.00209500879925345,0.007,"Significant","missense"
"11672A>T","3578T>A",882,879.745909528393,0.00111132891800024,0.029,"Significant","missense"
"11672A>T","8722C>T",444,441.86333012512,0.00209500879925325,0.071,"Not Significant","missense"
"11672A>T","6174G>A",723,719.520692974014,0.00209500879925335,0.001,"Significant","missense"
"11672A>T","8921G>A",507,504.560153994225,0.00209500879925335,0.053,"Not Significant","missense"
"11672A>T","9571C>T",282,280.642925890279,0.00209500879925297,0.33,"Not Significant","missense"
"11672A>T","6682A>T",599,598.107795957652,0.000647359185825388,0.643,"Not Significant","missense"
"11672A>T","9896A>T",562,559.295476419634,0.00209500879925335,0.025,"Significant","missense"
"11672A>T","13450T>C",442,439.872954764196,0.00209500879925325,0.079,"Not Significant","missense"
"11672A>T","15446C>T",907,904.625601539942,0.0011384126373814,0.017,"Significant","missense"
"11672A>T","6685A>T",538,535.410972088547,0.00209500879925325,0.029,"Significant","missense"
"11672A>T","9823T>C",516,514.512030798845,0.00125416733252228,0.349,"Not Significant","missense"
"11672A>T","13580C>T",539,537.401347449471,0.0012900141630236,0.202,"Not Significant","missense"
"11672A>T","15086A>G",575,572.23291626564,0.00209500879925335,0.019,"Significant","missense"
"11672A>T","5230T>C",596,593.131857555342,0.00209500879925325,0.021,"Significant","missense"
"11672A>T","7788T>C",575,572.23291626564,0.00209500879925335,0.009,"Significant","missense"
"11672A>T","9231C>G",337,335.378248315688,0.00209500879925316,0.187,"Not Significant","missense"
"11672A>T","6925C>T",714,713.549566891242,0.000274064907627868,1,"Not Significant","missense"
"11672A>T","3542T>C",548,545.362848893166,0.00209500879925345,0.022,"Significant","missense"
"11672A>T","12691A>G",303,301.541867179981,0.00209500879925306,0.309,"Not Significant","missense"
"11672A>T","8015C>T",505,502.569778633301,0.00209500879925335,0.053,"Not Significant","missense"
"11672A>T","11244T>C",523,520.483156881617,0.00209500879925325,0.028,"Significant","missense"
"11672A>T","7665C>T",609,607.064485081809,0.00138246642136185,0.155,"Not Significant","missense"
"11672A>T","5326C>T",530,527.449470644851,0.00209500879925325,0.039,"Significant","missense"
"11672A>T","15378T>C",273,271.686236766121,0.00209500879925297,0.345,"Not Significant","missense"
"11672A>T","3661T>C",464,461.76708373436,0.00209500879925325,0.065,"Not Significant","missense"
"11672A>T","10972A>T",557,554.319538017324,0.00209500879925335,0.02,"Significant","missense"
"11672A>T","14000T>C",558,556.309913378248,0.00131739985040886,0.188,"Not Significant","missense"
"11672A>T","11538C>T",543,540.386910490857,0.00209500879925335,0.017,"Significant","missense"
"11672A>T","8118G>A",549,546.358036573629,0.00209500879925335,0.029,"Significant","missense"
"11672A>T","3706C>T",498,495.603464870067,0.00209500879925325,0.068,"Not Significant","missense"
"11672A>T","12923G>C",526,523.468719923003,0.00209500879925325,0.026,"Significant","missense"
"11672A>T","12009G>C",504,502.569778633301,0.00123416712611742,0.378,"Not Significant","missense"
"11672A>T","3650C>T",532,529.439846005775,0.00209500879925335,0.021,"Significant","missense"
"11672A>T","3428G>A",483,481.6708373436,0.00119677790635319,0.379,"Not Significant","missense"
"11672A>T","12361A>T",478,475.699711260828,0.00209500879925325,0.07,"Not Significant","missense"
"6172C>T","3550G>C",1016,1003.3031761309,0.00546152086452548,0,"Significant","missense"
"6172C>T","9912G>A",1016,1015.12993262753,0.000372074160093624,0.122,"Not Significant","missense"
"6172C>T","13810G>A",1018,1017.1010587103,0.000383671626912838,0.095,"Not Significant","missense"
"6172C>T","15051T>A",1014,1013.15880654475,0.000360431255425646,0.151,"Not Significant","missense"
"6172C>T","10762G>A",1018,1017.1010587103,0.000383671626912838,0.101,"Not Significant","missense"
"6172C>T","15620C>T",966,957.967276227142,0.00362645240658382,0,"Significant","missense"
"6172C>T","4848G>A",771,762.825794032724,0.00462900828542922,0,"Significant","missense"
"6172C>T","7667C>T",768,760.854667949952,0.00405951061314075,0,"Significant","missense"
"6172C>T","3399A>T",746,737.201154956689,0.00515282052557215,0,"Significant","missense"
"6172C>T","7341C>T",793,784.508180943215,0.00467571049729967,0,"Significant","missense"
"6172C>T","4088C>T",783,771.695861405197,0.0063155909173646,0,"Significant","missense"
"6172C>T","10678A>G",760,750.999037536092,0.00517421185855562,0,"Significant","missense"
"6172C>T","13330C>T",356,352.831568816169,0.0038825622463652,0.119,"Not Significant","missense"
"6172C>T","13766C>T",371,372.542829643888,-0.00180229930481353,0.434,"Not Significant","missense"
"6172C>T","8791C>T",376,371.557266602502,0.00516208563923225,0.03,"Significant","missense"
"6172C>T","11178C>T",348,342.97593840231,0.00631559091736365,0.008,"Significant","missense"
"6172C>T","7324A>G",347,341.990375360924,0.00631559091736356,0.004,"Significant","missense"
"6172C>T","10680G>A",328,324.250240615977,0.00499353667906871,0.05,"Not Significant","missense"
"6172C>T","7336C>T",727,718.475457170356,0.00512247345842787,0,"Significant","missense"
"6172C>T","14889G>A",740,732.27333974976,0.00455849688776565,0,"Significant","missense"
"6172C>T","12700C>T",475,474.055822906641,0.000864124168400022,0.785,"Not Significant","missense"
"6172C>T","14256T>C",727,719.461020211742,0.00452714165594675,0,"Significant","missense"
"6172C>T","11060T>A",711,702.706448508181,0.00509566179526542,0,"Significant","missense"
"6172C>T","5262G>A",699,692.850818094321,0.00383744164322237,0,"Significant","missense"
"6172C>T","6075G>A",731,728.331087584216,0.00158852948039998,0.144,"Not Significant","missense"
"6172C>T","4684T>C",670,665.255052935515,0.00308662078716655,0.01,"Significant","missense"
"6172C>T","3416C>T",685,679.052935514918,0.00378694050216463,0.003,"Significant","missense"
"6172C>T","6103T>C",661,654.41385948027,0.00434897103498748,0,"Significant","missense"
"6172C>T","7658G>A",681,672.153994225217,0.00567832817367085,0,"Significant","missense"
"6172C>T","9540T>A",670,661.312800769971,0.00566787344919895,0,"Significant","missense"
"6172C>T","13756C>T",706,697.778633301251,0.00508703427939946,0,"Significant","missense"
"6172C>T","14819T>C",717,712.56207892204,0.00269644929063439,0.015,"Significant","missense"
"6172C>T","14985G>A",692,684.966313763234,0.00443688078400878,0,"Significant","missense"
"6172C>T","4930T>C",661,651.457170356112,0.00631559091736451,0,"Significant","missense"
"6172C>T","4008A>T",272,268.073147256978,0.00631559091736318,0.038,"Significant","missense"
"6172C>T","12047T>C",730,721.432146294514,0.0051273699794288,0,"Significant","missense"
"6172C>T","12053C>T",844,835.757459095284,0.0042621852863061,0,"Significant","missense"
"6172C>T","7944C>T",696,686.937439846006,0.00569205242991729,0,"Significant","missense"
"6172C>T","9622C>T",334,329.178055822907,0.00631559091736356,0.01,"Significant","missense"
"6172C>T","7191T>C",694,686.937439846006,0.00444228327421027,0,"Significant","missense"
"6172C>T","14249G>A",718,711.576515880655,0.0039028375900261,0.001,"Significant","missense"
"6172C>T","8920G>A",734,724.388835418672,0.00572431174924029,0,"Significant","missense"
"6172C>T","15140G>A",773,762.825794032724,0.005754124152797,0,"Significant","missense"
"6172C>T","12971C>T",859,848.569778633301,0.00530560329495238,0,"Significant","missense"
"6172C>T","12790T>C",705,695.807507218479,0.0057000068569596,0,"Significant","missense"
"6172C>T","5314T>C",641,632.731472569779,0.00563859236732876,0,"Significant","missense"
"6172C>T","9816C>T",627,618.933589990375,0.00562348801088486,0,"Significant","missense"
"6172C>T","9988C>T",672,664.269489894129,0.00502496743587013,0,"Significant","missense"
"6172C>T","8923A>T",634,628.789220404235,0.00358417007793524,0.007,"Significant","missense"
"6172C>T","13126C>T",668,659.341674687199,0.0056659356250872,0,"Significant","missense"
"6172C>T","15660C>T",616,609.077959576516,0.00490782799297425,0,"Significant","missense"
"6172C>T","10312C>T",679,679.052935514918,-3.38567097586725e-05,1,"Not Significant","missense"
"6172C>T","8413A>T",685,680.038498556304,0.00315707167253529,0.006,"Significant","missense"
"6172C>T","5328C>T",543,535.16073147257,0.00631559091736432,0,"Significant","missense"
"6172C>T","11028C>T",652,645.543792107796,0.00432188665750194,0,"Significant","missense"
"6172C>T","5320C>T",713,703.692011549567,0.00570690899305579,0,"Significant","missense"
"6172C>T","5270C>A",627,618.933589990375,0.00562348801088486,0,"Significant","missense"
"6172C>T","13033C>T",920,916.573628488932,0.00162046970898539,0.024,"Significant","missense"
"6172C>T","8088T>C",500,495.738209817132,0.00371761019745611,0.053,"Not Significant","missense"
"6172C>T","11672A>C",618,612.034648700674,0.00421246582960041,0.002,"Significant","missense"
"6172C>T","6322G>A",603,597.251203079884,0.00416027889122986,0,"Significant","missense"
"6172C>T","3578T>A",878,871.237728585178,0.00335784181039455,0,"Significant","missense"
"6172C>T","8722C>T",436,437.589990375361,-0.00158088992866804,0.459,"Not Significant","missense"
"6172C>T","6174G>A",718,712.56207892204,0.00330173786513455,0.003,"Significant","missense"
"6172C>T","8921G>A",504,499.680461982676,0.00373816802955403,0.031,"Significant","missense"
"6172C>T","9571C>T",282,277.928777670837,0.00631559091736318,0.017,"Significant","missense"
"6172C>T","6682A>T",594,592.323387872955,0.00122756389581925,0.446,"Not Significant","missense"
"6172C>T","9896A>T",559,553.886429258903,0.00399108323472691,0.006,"Significant","missense"
"6172C>T","13450T>C",437,435.618864292589,0.00137475853869508,0.608,"Not Significant","missense"
"6172C>T","15446C>T",898,895.876804619827,0.00102804436270219,0.106,"Not Significant","missense"
"6172C>T","6685A>T",536,530.23291626564,0.00469810494374537,0.005,"Significant","missense"
"6172C>T","9823T>C",513,509.536092396535,0.00294241293523869,0.126,"Not Significant","missense"
"6172C>T","13580C>T",539,532.204042348412,0.00551059628113453,0,"Significant","missense"
"6172C>T","15086A>G",571,566.69874879692,0.00328385447358241,0.035,"Significant","missense"
"6172C>T","5230T>C",592,587.395572666025,0.00339103790004812,0.008,"Significant","missense"
"6172C>T","7788T>C",572,566.69874879692,0.00404377502075843,0.007,"Significant","missense"
"6172C>T","9231C>G",336,332.134744947064,0.00502496743586937,0.054,"Not Significant","missense"
"6172C>T","6925C>T",706,706.648700673725,-0.000398863698630862,0.79,"Not Significant","missense"
"6172C>T","3542T>C",547,540.0885466795,0.00552235876642609,0,"Significant","missense"
"6172C>T","12691A>G",302,298.625601539942,0.0048799053722095,0.079,"Not Significant","missense"
"6172C>T","8015C>T",505,497.709335899904,0.00631559091736422,0,"Significant","missense"
"6172C>T","11244T>C",521,515.449470644851,0.00465162534961475,0.003,"Significant","missense"
"6172C>T","7665C>T",604,601.193455245428,0.00202269452772989,0.183,"Not Significant","missense"
"6172C>T","5326C>T",530,522.348411934552,0.00631559091736422,0,"Significant","missense"
"6172C>T","15378T>C",270,269.058710298364,0.00151670803559623,0.789,"Not Significant","missense"
"6172C>T","3661T>C",463,457.30125120308,0.00537860138043653,0.004,"Significant","missense"
"6172C>T","10972A>T",556,548.958614051973,0.00553518732569304,0.001,"Significant","missense"
"6172C>T","14000T>C",556,550.929740134745,0.00397857461299879,0.008,"Significant","missense"
"6172C>T","11538C>T",541,535.16073147257,0.00471302643508706,0.006,"Significant","missense"
"6172C>T","8118G>A",545,541.074109720885,0.00313974874391542,0.066,"Not Significant","missense"
"6172C>T","3706C>T",496,490.810394610202,0.0045679246478444,0.007,"Significant","missense"
"6172C>T","12923G>C",523,518.406159769009,0.00383153563089983,0.029,"Significant","missense"
"6172C>T","12009G>C",503,497.709335899904,0.00459219785463058,0.008,"Significant","missense"
"6172C>T","3650C>T",527,524.319538017324,0.0022145738348635,0.2,"Not Significant","missense"
"6172C>T","3428G>A",481,477.012512030799,0.00361530564678399,0.054,"Not Significant","missense"
"6172C>T","12361A>T",477,471.099133782483,0.00540607334535934,0.003,"Significant","missense"
"3550G>C","9912G>A",1012,1009.18190567854,0.00121105735504553,0.001,"Significant","missense"
"3550G>C","13810G>A",1013,1011.14148219442,0.000797517625525324,0.003,"Significant","missense"
"3550G>C","15051T>A",1010,1007.22232916266,0.00119602867982294,0,"Significant","missense"
"3550G>C","10762G>A",1013,1011.14148219442,0.000797517625525324,0.007,"Significant","missense"
"3550G>C","15620C>T",966,952.354186717998,0.0061786310456556,0,"Significant","missense"
"3550G>C","4848G>A",768,758.356111645813,0.00548802890505621,0,"Significant","missense"
"3550G>C","7667C>T",765,756.396535129933,0.0049119043743183,0,"Significant","missense"
"3550G>C","3399A>T",746,732.881616939365,0.00770499916464382,0,"Significant","missense"
"3550G>C","7341C>T",792,779.9114533205,0.00667988340826116,0,"Significant","missense"
"3550G>C","4088C>T",782,767.174205967276,0.00831276055834096,0,"Significant","missense"
"3550G>C","10678A>G",758,746.598652550529,0.00658200384888977,0,"Significant","missense"
"3550G>C","13330C>T",356,350.764196342637,0.00643474088543647,0.017,"Significant","missense"
"3550G>C","13766C>T",367,370.359961501444,-0.00395796602869746,0.171,"Not Significant","missense"
"3550G>C","8791C>T",376,369.380173243503,0.00771426427830359,0.001,"Significant","missense"
"3550G>C","11178C>T",348,340.966313763234,0.00886776955643495,0.001,"Significant","missense"
"3550G>C","7324A>G",347,339.986525505294,0.00886776955643495,0.002,"Significant","missense"
"3550G>C","10680G>A",328,322.350336862368,0.00754571531813996,0.005,"Significant","missense"
"3550G>C","7336C>T",726,714.265640038499,0.00707686193855558,0,"Significant","missense"
"3550G>C","14889G>A",740,727.982675649663,0.00711067552683734,0,"Significant","missense"
"3550G>C","12700C>T",475,471.278152069297,0.0034163028074716,0.126,"Not Significant","missense"
"3550G>C","14256T>C",725,715.245428296439,0.00588291600697446,0,"Significant","missense"
"3550G>C","11060T>A",711,698.589027911453,0.00764784043433707,0,"Significant","missense"
"3550G>C","5262G>A",697,688.79114533205,0.00514522263462219,0,"Significant","missense"
"3550G>C","6075G>A",731,724.063522617902,0.00414070811947168,0.003,"Significant","missense"
"3550G>C","4684T>C",670,661.357074109721,0.00563879942623811,0,"Significant","missense"
"3550G>C","3416C>T",685,675.074109720885,0.00633911914123636,0,"Significant","missense"
"3550G>C","6103T>C",660,650.579403272377,0.00624362573028774,0,"Significant","missense"
"3550G>C","7658G>A",679,668.215591915303,0.00695316918045927,0,"Significant","missense"
"3550G>C","9540T>A",669,657.43792107796,0.00757136715526742,0,"Significant","missense"
"3550G>C","13756C>T",704,693.690086621752,0.00640717100877973,0,"Significant","missense"
"3550G>C","14819T>C",716,708.386910490857,0.00464249456976154,0.001,"Significant","missense"
"3550G>C","14985G>A",692,680.952839268527,0.00698905942308034,0,"Significant","missense"
"3550G>C","4930T>C",660,647.640038498556,0.00821024561266471,0,"Significant","missense"
"3550G>C","4008A>T",272,266.502406159769,0.00886776955643429,0.006,"Significant","missense"
"3550G>C","12047T>C",729,717.205004812319,0.00708421681601934,0,"Significant","missense"
"3550G>C","12053C>T",841,830.860442733397,0.00526791309763522,0,"Significant","missense"
"3550G>C","7944C>T",694,682.912415784408,0.006994461913282,0,"Significant","missense"
"3550G>C","9622C>T",334,327.249278152069,0.00886776955643477,0,"Significant","missense"
"3550G>C","7191T>C",693,682.912415784408,0.00636822607023388,0,"Significant","missense"
"3550G>C","14249G>A",718,707.407122232916,0.00645501622909779,0,"Significant","missense"
"3550G>C","8920G>A",733,720.14436958614,0.00768440511336945,0,"Significant","missense"
"3550G>C","15140G>A",771,758.356111645813,0.00718118692450097,0,"Significant","missense"
"3550G>C","12971C>T",860,843.597690086622,0.00836306934634944,0,"Significant","missense"
"3550G>C","12790T>C",704,691.730510105871,0.00763572764674487,0,"Significant","missense"
"3550G>C","5314T>C",639,629.02406159769,0.00683359964598338,0,"Significant","missense"
"3550G>C","9816C>T",625,615.307025986526,0.00678814316331543,0,"Significant","missense"
"3550G>C","9988C>T",671,660.37728585178,0.00693039319010879,0,"Significant","missense"
"3550G>C","8923A>T",633,625.104908565929,0.00545080085262936,0,"Significant","missense"
"3550G>C","13126C>T",666,655.478344562079,0.00691588095891439,0,"Significant","missense"
"3550G>C","15660C>T",615,605.509143407122,0.00675441024303723,0,"Significant","missense"
"3550G>C","10312C>T",674,675.074109720885,-0.000691555815868411,0.642,"Not Significant","missense"
"3550G>C","8413A>T",686,676.053897978826,0.00634279452593285,0,"Significant","missense"
"3550G>C","5328C>T",541,532.025024061598,0.00726520507415866,0,"Significant","missense"
"3550G>C","11028C>T",651,641.761308950914,0.0062074581328454,0,"Significant","missense"
"3550G>C","5320C>T",711,699.568816169394,0.0070391585100284,0,"Significant","missense"
"3550G>C","5270C>A",625,615.307025986526,0.00678814316331543,0,"Significant","missense"
"3550G>C","13033C>T",915,911.203079884504,0.00180591506895049,0.021,"Significant","missense"
"3550G>C","8088T>C",499,492.833493743985,0.00540033012389893,0.008,"Significant","missense"
"3550G>C","11672A>C",619,608.448508180943,0.00746681839997403,0,"Significant","missense"
"3550G>C","6322G>A",601,593.751684311838,0.00526961739288992,0.002,"Significant","missense"
"3550G>C","3578T>A",875,866.132820019249,0.0044235575656771,0,"Significant","missense"
"3550G>C","8722C>T",431,435.025986525505,-0.00403793039744982,0.074,"Not Significant","missense"
"3550G>C","6174G>A",715,708.386910490857,0.00403551406298671,0.003,"Significant","missense"
"3550G>C","8921G>A",504,496.752646775746,0.00629034666862553,0,"Significant","missense"
"3550G>C","9571C>T",281,276.300288739172,0.00732498114215364,0.018,"Significant","missense"
"3550G>C","6682A>T",593,588.852743022137,0.00304799091796008,0.069,"Not Significant","missense"
"3550G>C","9896A>T",560,550.641000962464,0.00731948099357552,0,"Significant","missense"
"3550G>C","13450T>C",436,433.066410009625,0.00293198947593095,0.3,"Not Significant","missense"
"3550G>C","15446C>T",895,890.627526467757,0.00212692165038181,0.005,"Significant","missense"
"3550G>C","6685A>T",534,527.126082771896,0.00562675091860375,0.007,"Significant","missense"
"3550G>C","9823T>C",511,506.550529355149,0.00379812659720696,0.068,"Not Significant","missense"
"3550G>C","13580C>T",538,529.085659287777,0.00725628539985682,0.001,"Significant","missense"
"3550G>C","15086A>G",571,563.378248315688,0.00583603311265408,0,"Significant","missense"
"3550G>C","5230T>C",592,583.953801732435,0.00594321653911981,0.001,"Significant","missense"
"3550G>C","7788T>C",572,563.378248315688,0.00659595365983003,0,"Significant","missense"
"3550G>C","9231C>G",335,330.18864292589,0.00628267572194225,0.029,"Significant","missense"
"3550G>C","6925C>T",702,702.508180943215,-0.000314273981557292,0.81,"Not Significant","missense"
"3550G>C","3542T>C",548,536.923965351299,0.0088677695564359,0,"Significant","missense"
"3550G>C","12691A>G",303,296.875842155919,0.00886776955643448,0.003,"Significant","missense"
"3550G>C","8015C>T",504,494.793070259865,0.00800692788329981,0,"Significant","missense"
"3550G>C","11244T>C",520,512.429258902791,0.00636942432396115,0.001,"Significant","missense"
"3550G>C","7665C>T",600,597.6708373436,0.00168918492931381,0.358,"Not Significant","missense"
"3550G>C","5326C>T",528,519.287776708373,0.00722582248945935,0,"Significant","missense"
"3550G>C","15378T>C",268,267.482194417709,0.000839916544469986,0.807,"Not Significant","missense"
"3550G>C","3661T>C",461,454.621751684312,0.0060507143912035,0.007,"Significant","missense"
"3550G>C","10972A>T",555,545.742059672762,0.00730555750538353,0,"Significant","missense"
"3550G>C","14000T>C",554,547.701636188643,0.00496572639844307,0.009,"Significant","missense"
"3550G>C","11538C>T",537,532.025024061598,0.00404222566714549,0.039,"Significant","missense"
"3550G>C","8118G>A",544,537.90375360924,0.00489432480452469,0.007,"Significant","missense"
"3550G>C","3706C>T",493,487.934552454283,0.00448534607394903,0.031,"Significant","missense"
"3550G>C","12923G>C",523,515.368623676612,0.00638371426997137,0.001,"Significant","missense"
"3550G>C","12009G>C",502,494.793070259865,0.00628010858279424,0,"Significant","missense"
"3550G>C","3650C>T",523,521.247353224254,0.00145782612866332,0.504,"Not Significant","missense"
"3550G>C","3428G>A",481,474.217516843118,0.00616748428585544,0.004,"Significant","missense"
"3550G>C","12361A>T",476,468.338787295476,0.00704682566481027,0.002,"Significant","missense"
"9912G>A","13810G>A",1027,1023.06063522618,0.00166906915809066,0,"Significant","missense"
"9912G>A","15051T>A",1025,1019.09528392685,0.00250907358452107,0,"Significant","missense"
"9912G>A","10762G>A",1027,1023.06063522618,0.00166906915809066,0,"Significant","missense"
"9912G>A","15620C>T",966,963.580365736285,0.0010891843412239,0.011,"Significant","missense"
"9912G>A","4848G>A",769,767.295476419634,0.000963701970543524,0.247,"Not Significant","missense"
"9912G>A","7667C>T",766,765.312800769971,0.000389792148872931,0.689,"Not Significant","missense"
"9912G>A","3399A>T",745,741.520692974014,0.00203299773583642,0.014,"Significant","missense"
"9912G>A","7341C>T",793,789.104908565929,0.0021384424319398,0.003,"Significant","missense"
"9912G>A","4088C>T",779,776.217516843118,0.00155401846662602,0.047,"Significant","missense"
"9912G>A","10678A>G",758,755.399422521655,0.00149255714445806,0.061,"Not Significant","missense"
"9912G>A","13330C>T",355,354.898941289702,0.00012364926322483,1,"Not Significant","missense"
"9912G>A","13766C>T",375,374.725697786333,0.000317790742498587,1,"Not Significant","missense"
"9912G>A","8791C>T",374,373.734359961501,0.00030857484669245,1,"Not Significant","missense"
"9912G>A","11178C>T",346,344.985563041386,0.00127517769820049,0.539,"Not Significant","missense"
"9912G>A","7324A>G",346,343.994225216554,0.00252494685390731,0.169,"Not Significant","missense"
"9912G>A","10680G>A",328,326.150144369586,0.00245626861370928,0.27,"Not Significant","missense"
"9912G>A","7336C>T",725,722.685274302214,0.0013888011050241,0.146,"Not Significant","missense"
"9912G>A","14889G>A",739,736.564003849856,0.00143394748625546,0.131,"Not Significant","missense"
"9912G>A","12700C>T",478,476.833493743985,0.00106114309029206,0.494,"Not Significant","missense"
"9912G>A","14256T>C",726,723.676612127045,0.00139208343164284,0.132,"Not Significant","missense"
"9912G>A","11060T>A",711,706.823869104909,0.00255839372990553,0.002,"Significant","missense"
"9912G>A","5262G>A",699,696.910490856593,0.00130017357786252,0.133,"Not Significant","missense"
"9912G>A","6075G>A",737,732.598652550529,0.00260137231623062,0.003,"Significant","missense"
"9912G>A","4684T>C",673,669.153031761309,0.00248961424495679,0.013,"Significant","missense"
"9912G>A","3416C>T",688,683.031761308951,0.00314753917989016,0.002,"Significant","missense"
"9912G>A","6103T>C",663,658.248315688162,0.00312377188876033,0.003,"Significant","missense"
"9912G>A","7658G>A",680,676.09239653513,0.00250286090176225,0.008,"Significant","missense"
"9912G>A","9540T>A",668,665.187680461983,0.00183226515855851,0.085,"Not Significant","missense"
"9912G>A","13756C>T",706,701.867179980751,0.0025497662140396,0.004,"Significant","missense"
"9912G>A","14819T>C",720,716.737247353224,0.00197252198874255,0.025,"Significant","missense"
"9912G>A","14985G>A",691,688.97978825794,0.00127156563608956,0.152,"Not Significant","missense"
"9912G>A","4930T>C",656,655.274302213667,0.000480702742025204,0.741,"Not Significant","missense"
"9912G>A","4008A>T",272,269.643888354187,0.00377832285200385,0.119,"Not Significant","missense"
"9912G>A","12047T>C",727,725.659287776708,0.000801652652651043,0.492,"Not Significant","missense"
"9912G>A","12053C>T",844,840.65447545717,0.00172491722094621,0.01,"Significant","missense"
"9912G>A","7944C>T",693,690.962463907603,0.00127877936580231,0.15,"Not Significant","missense"
"9912G>A","9622C>T",333,331.106833493744,0.0024760895467599,0.29,"Not Significant","missense"
"9912G>A","7191T>C",693,690.962463907603,0.00127877936580231,0.156,"Not Significant","missense"
"9912G>A","14249G>A",719,715.745909528393,0.00197001566524842,0.024,"Significant","missense"
"9912G>A","8920G>A",730,728.633301251203,0.000813843888266101,0.489,"Not Significant","missense"
"9912G>A","15140G>A",773,767.295476419634,0.00321685608743713,0,"Significant","missense"
"9912G>A","12971C>T",857,853.541867179981,0.00175599332154842,0.012,"Significant","missense"
"9912G>A","12790T>C",701,699.884504331088,0.000691639766860008,0.465,"Not Significant","missense"
"9912G>A","5314T>C",638,636.438883541867,0.00106397350431407,0.321,"Not Significant","missense"
"9912G>A","9816C>T",624,622.560153994225,0.00100326879723289,0.498,"Not Significant","missense"
"9912G>A","9988C>T",672,668.161693936477,0.00248769937051027,0.011,"Significant","missense"
"9912G>A","8923A>T",634,632.473532242541,0.00104690201257542,0.301,"Not Significant","missense"
"9912G>A","13126C>T",664,663.20500481232,0.00052028445219951,0.739,"Not Significant","missense"
"9912G>A","15660C>T",616,612.64677574591,0.0023705599276144,0.04,"Significant","missense"
"9912G>A","10312C>T",686,683.031761308951,0.00188321665113074,0.065,"Not Significant","missense"
"9912G>A","8413A>T",686,684.023099133783,0.00125334782150131,0.297,"Not Significant","missense"
"9912G>A","5328C>T",538,538.296438883542,-0.000239231070452473,1,"Not Significant","missense"
"9912G>A","11028C>T",651,649.326275264678,0.00111801142841385,0.302,"Not Significant","missense"
"9912G>A","5320C>T",711,707.81520692974,0.00194971180559674,0.031,"Significant","missense"
"9912G>A","5270C>A",625,622.560153994225,0.00169869645888395,0.169,"Not Significant","missense"
"9912G>A","13033C>T",922,921.944177093359,2.62953516994432e-05,1,"Not Significant","missense"
"9912G>A","8088T>C",499,498.642925890279,0.000310883419467676,1,"Not Significant","missense"
"9912G>A","11672A>C",617,615.620789220404,0.000971886708666536,0.48,"Not Significant","missense"
"9912G>A","6322G>A",603,600.750721847931,0.00162301082587004,0.176,"Not Significant","missense"
"9912G>A","3578T>A",877,876.342637151107,0.000325651204972578,0.606,"Not Significant","missense"
"9912G>A","8722C>T",442,440.153994225217,0.00181762208647687,0.293,"Not Significant","missense"
"9912G>A","6174G>A",718,716.737247353224,0.000764469799774641,0.456,"Not Significant","missense"
"9912G>A","8921G>A",506,502.608277189605,0.00292088035846782,0.042,"Significant","missense"
"9912G>A","9571C>T",282,279.557266602502,0.00377832285200385,0.131,"Not Significant","missense"
"9912G>A","6682A>T",598,595.794032723773,0.00160503483767615,0.174,"Not Significant","missense"
"9912G>A","9896A>T",560,557.131857555342,0.00223003428914404,0.078,"Not Significant","missense"
"9912G>A","13450T>C",438,438.171318575553,-0.000169835992987107,1,"Not Significant","missense"
"9912G>A","15446C>T",905,901.126082771896,0.00186301883524094,0.004,"Significant","missense"
"9912G>A","6685A>T",536,533.339749759384,0.00216083687838558,0.098,"Not Significant","missense"
"9912G>A","9823T>C",516,512.521655437921,0.00293748138527339,0.032,"Significant","missense"
"9912G>A","13580C>T",537,535.322425409047,0.00135884872859205,0.311,"Not Significant","missense"
"9912G>A","15086A>G",573,570.019249278152,0.00226510012976428,0.093,"Not Significant","missense"
"9912G>A","5230T>C",594,590.837343599615,0.00231850809296185,0.047,"Significant","missense"
"9912G>A","7788T>C",572,570.019249278152,0.00150650695539864,0.315,"Not Significant","missense"
"9912G>A","9231C>G",335,334.080846968239,0.00119322901751151,0.735,"Not Significant","missense"
"9912G>A","6925C>T",712,710.789220404235,0.000739160821061331,0.501,"Not Significant","missense"
"9912G>A","3542T>C",545,543.2531280077,0.00139426664427828,0.343,"Not Significant","missense"
"9912G>A","12691A>G",302,300.375360923965,0.0023426373068501,0.3,"Not Significant","missense"
"9912G>A","8015C>T",503,500.625601539942,0.00205492978927085,0.175,"Not Significant","missense"
"9912G>A","11244T>C",520,518.469682386911,0.00127997761952979,0.353,"Not Significant","missense"
"9912G>A","7665C>T",607,604.716073147257,0.00163717891649549,0.19,"Not Significant","missense"
"9912G>A","5326C>T",530,525.409047160732,0.00377832285200442,0.002,"Significant","missense"
"9912G>A","15378T>C",270,270.635226179018,-0.00102056002976312,0.732,"Not Significant","missense"
"9912G>A","3661T>C",462,459.980750721848,0.00190231785324946,0.209,"Not Significant","missense"
"9912G>A","10972A>T",555,552.175168431184,0.00221611080095211,0.09,"Not Significant","missense"
"9912G>A","14000T>C",555,554.157844080847,0.000659498088258041,0.741,"Not Significant","missense"
"9912G>A","11538C>T",541,538.296438883542,0.00217575836972739,0.085,"Not Significant","missense"
"9912G>A","8118G>A",544,544.244465832531,-0.000195121899906702,1,"Not Significant","missense"
"9912G>A","3706C>T",494,493.686236766121,0.000275929015934567,1,"Not Significant","missense"
"9912G>A","12923G>C",526,521.443695861405,0.00377832285200442,0.003,"Significant","missense"
"9912G>A","12009G>C",503,500.625601539942,0.00205492978927085,0.191,"Not Significant","missense"
"9912G>A","3650C>T",527,527.391722810395,-0.000322694230496327,1,"Not Significant","missense"
"9912G>A","3428G>A",482,479.807507218479,0.00197999944644191,0.205,"Not Significant","missense"
"9912G>A","12361A>T",477,473.85948026949,0.00286880527999969,0.034,"Significant","missense"
"13810G>A","15051T>A",1026,1021.07410972089,0.00209009638252518,0,"Significant","missense"
"13810G>A","10762G>A",1029,1025.04716073147,0.00167152773722509,0,"Significant","missense"
"13810G>A","15620C>T",968,965.451395572666,0.00114494264810381,0.013,"Significant","missense"
"13810G>A","4848G>A",770,768.785370548604,0.0006856147555741,0.374,"Not Significant","missense"
"13810G>A","7667C>T",766,766.798845043311,-0.000452680437147327,0.673,"Not Significant","missense"
"13810G>A","3399A>T",746,742.960538979788,0.00177307987419206,0.028,"Significant","missense"
"13810G>A","7341C>T",794,790.637151106834,0.00184328495541181,0.002,"Significant","missense"
"13810G>A","4088C>T",780,777.724735322425,0.00126869089852172,0.059,"Not Significant","missense"
"13810G>A","10678A>G",760,756.866217516843,0.0017944712071755,0.012,"Significant","missense"
"13810G>A","13330C>T",357,355.588065447546,0.00172103973430323,0.435,"Not Significant","missense"
"13810G>A","13766C>T",376,375.453320500481,0.000631895356420421,0.719,"Not Significant","missense"
"13810G>A","8791C>T",374,374.460057747834,-0.000533897739327724,1,"Not Significant","missense"
"13810G>A","11178C>T",346,345.655437921078,0.000432705112180383,1,"Not Significant","missense"
"13810G>A","7324A>G",347,344.662175168431,0.00293585026598401,0.109,"Not Significant","missense"
"13810G>A","10680G>A",329,326.783445620789,0.00293585026598401,0.085,"Not Significant","missense"
"13810G>A","7336C>T",726,724.0885466795,0.00114494264810381,0.214,"Not Significant","missense"
"13810G>A","14889G>A",740,737.994225216554,0.00117875623638556,0.108,"Not Significant","missense"
"13810G>A","12700C>T",478,477.759384023099,0.000218670504271927,1,"Not Significant","missense"
"13810G>A","14256T>C",727,725.081809432146,0.0011474010045666,0.21,"Not Significant","missense"
"13810G>A","11060T>A",710,708.196342637151,0.0011046691331944,0.203,"Not Significant","missense"
"13810G>A","5262G>A",700,698.263715110683,0.00107856526041759,0.24,"Not Significant","missense"
"13810G>A","6075G>A",735,734.021174205967,0.000578750955354009,0.696,"Not Significant","missense"
"13810G>A","4684T>C",672,670.452358036574,0.00100135048878508,0.251,"Not Significant","missense"
"13810G>A","3416C>T",687,684.358036573629,0.00167336541790924,0.039,"Significant","missense"
"13810G>A","6103T>C",662,659.526467757459,0.001625760337667,0.091,"Not Significant","missense"
"13810G>A","7658G>A",680,677.405197305101,0.00166038831574202,0.062,"Not Significant","missense"
"13810G>A","9540T>A",668,666.479307025986,0.000989792572538334,0.266,"Not Significant","missense"
"13810G>A","13756C>T",707,703.230028873917,0.002322006373115,0.005,"Significant","missense"
"13810G>A","14819T>C",721,718.128970163619,0.00173281769088287,0.016,"Significant","missense"
"13810G>A","14985G>A",692,690.317613089509,0.00105714013262864,0.238,"Not Significant","missense"
"13810G>A","4930T>C",659,656.546679499519,0.0016198053743542,0.113,"Not Significant","missense"
"13810G>A","4008A>T",271,270.167468719923,0.00133623710619138,0.69,"Not Significant","missense"
"13810G>A","12047T>C",728,727.06833493744,0.000556148520630065,0.679,"Not Significant","missense"
"13810G>A","12053C>T",843,842.286814244466,0.000367572634013349,0.647,"Not Significant","missense"
"13810G>A","7944C>T",695,692.304138594803,0.0016878767580891,0.048,"Significant","missense"
"13810G>A","9622C>T",334,331.749759384023,0.00293585026598401,0.105,"Not Significant","missense"
"13810G>A","7191T>C",695,692.304138594803,0.0016878767580891,0.045,"Significant","missense"
"13810G>A","14249G>A",720,717.135707410972,0.00173114912761393,0.033,"Significant","missense"
"13810G>A","8920G>A",730,730.04812319538,-2.86286977541329e-05,1,"Not Significant","missense"
"13810G>A","15140G>A",774,768.785370548604,0.00293585026598449,0,"Significant","missense"
"13810G>A","12971C>T",858,855.199230028874,0.00141998666103542,0.019,"Significant","missense"
"13810G>A","12790T>C",703,701.243503368624,0.00108647423400492,0.226,"Not Significant","missense"
"13810G>A","5314T>C",640,637.67468719923,0.00158079618101854,0.109,"Not Significant","missense"
"13810G>A","9816C>T",626,623.769008662175,0.00155053973921818,0.125,"Not Significant","missense"
"13810G>A","9988C>T",672,669.459095283927,0.00164522678449001,0.053,"Not Significant","missense"
"13810G>A","8923A>T",634,633.701636188643,0.000204429426555179,1,"Not Significant","missense"
"13810G>A","13126C>T",666,664.492781520693,0.000983961668462698,0.256,"Not Significant","missense"
"13810G>A","15660C>T",616,613.836381135707,0.00152808734159424,0.134,"Not Significant","missense"
"13810G>A","10312C>T",686,684.358036573629,0.00104074406511056,0.243,"Not Significant","missense"
"13810G>A","8413A>T",687,685.351299326275,0.00104349658827988,0.209,"Not Significant","missense"
"13810G>A","5328C>T",539,539.341674687199,-0.000275214136123319,1,"Not Significant","missense"
"13810G>A","11028C>T",653,650.587102983638,0.00160773154927543,0.111,"Not Significant","missense"
"13810G>A","5320C>T",712,709.189605389798,0.0017176321266666,0.027,"Significant","missense"
"13810G>A","5270C>A",626,623.769008662175,0.00155053973921818,0.122,"Not Significant","missense"
"13810G>A","13033C>T",924,923.734359961501,0.000124872932156394,1,"Not Significant","missense"
"13810G>A","8088T>C",503,499.611164581328,0.0029358502659842,0.014,"Significant","missense"
"13810G>A","11672A>C",619,616.816169393648,0.00153489910952241,0.12,"Not Significant","missense"
"13810G>A","6322G>A",605,601.917228103946,0.00221860075216725,0.012,"Significant","missense"
"13810G>A","3578T>A",879,878.04427333975,0.000472460326683603,0.639,"Not Significant","missense"
"13810G>A","8722C>T",442,441.008662175168,0.000975149500456715,0.693,"Not Significant","missense"
"13810G>A","6174G>A",717,718.128970163619,-0.000683291360745734,0.452,"Not Significant","missense"
"13810G>A","8921G>A",506,503.584215591915,0.00207840777244758,0.111,"Not Significant","missense"
"13810G>A","9571C>T",282,280.100096246391,0.00293585026598381,0.184,"Not Significant","missense"
"13810G>A","6682A>T",599,596.950914340712,0.00148820065255646,0.142,"Not Significant","missense"
"13810G>A","9896A>T",560,558.213666987488,0.00138756170312395,0.271,"Not Significant","missense"
"13810G>A","13450T>C",441,439.022136669875,0.00195217038473104,0.25,"Not Significant","missense"
"13810G>A","15446C>T",903,902.875842155919,5.97173575231712e-05,1,"Not Significant","missense"
"13810G>A","6685A>T",536,534.375360923965,0.00131836429236549,0.286,"Not Significant","missense"
"13810G>A","9823T>C",514,513.516843118383,0.000408426167317955,1,"Not Significant","missense"
"13810G>A","13580C>T",539,536.361886429259,0.00213085562975464,0.059,"Not Significant","missense"
"13810G>A","15086A>G",574,571.126082771896,0.00217989797432753,0.044,"Significant","missense"
"13810G>A","5230T>C",595,591.984600577478,0.00220655625429768,0.023,"Significant","missense"
"13810G>A","7788T>C",573,571.126082771896,0.0014226275437441,0.273,"Not Significant","missense"
"13810G>A","9231C>G",336,334.729547641963,0.00164522678448972,0.428,"Not Significant","missense"
"13810G>A","6925C>T",712,712.169393647738,-0.000103311764958929,1,"Not Significant","missense"
"13810G>A","3542T>C",547,544.307988450433,0.00214261811504612,0.049,"Significant","missense"
"13810G>A","12691A>G",302,300.958614051973,0.00150016472082999,0.448,"Not Significant","missense"
"13810G>A","8015C>T",503,501.597690086622,0.00121245720325065,0.459,"Not Significant","missense"
"13810G>A","11244T>C",521,519.476419634264,0.00127188469823482,0.297,"Not Significant","missense"
"13810G>A","7665C>T",609,605.890279114533,0.00222330788809283,0.027,"Significant","missense"
"13810G>A","5326C>T",530,526.429258902791,0.00293585026598429,0.007,"Significant","missense"
"13810G>A","15378T>C",270,271.16073147257,-0.00186303261578314,0.346,"Not Significant","missense"
"13810G>A","3661T>C",463,460.873917228104,0.00199886072905676,0.148,"Not Significant","missense"
"13810G>A","10972A>T",555,553.247353224254,0.00137363821493196,0.262,"Not Significant","missense"
"13810G>A","14000T>C",556,555.233878729548,0.000598833961618954,0.696,"Not Significant","missense"
"13810G>A","11538C>T",541,539.341674687199,0.00133328578370717,0.244,"Not Significant","missense"
"13810G>A","8118G>A",543,545.30125120308,-0.00183666459525967,0.141,"Not Significant","missense"
"13810G>A","3706C>T",495,494.644850818094,0.000311706439835902,1,"Not Significant","missense"
"13810G>A","12923G>C",526,522.456207892204,0.0029358502659842,0.006,"Significant","missense"
"13810G>A","12009G>C",504,501.597690086622,0.00207500859284833,0.131,"Not Significant","missense"
"13810G>A","3650C>T",527,528.415784408085,-0.00116516681651652,0.436,"Not Significant","missense"
"13810G>A","3428G>A",484,480.73917228104,0.0029358502659842,0.029,"Significant","missense"
"13810G>A","12361A>T",476,474.779595765159,0.00111490637435896,0.471,"Not Significant","missense"
"15051T>A","10762G>A",1027,1021.07410972089,0.00251317920400588,0,"Significant","missense"
"15051T>A","15620C>T",965,961.709335899904,0.00148348131543829,0.007,"Significant","missense"
"15051T>A","4848G>A",767,765.805582290664,0.000676836164008658,0.479,"Not Significant","missense"
"15051T>A","7667C>T",764,763.826756496631,9.8491137874204e-05,1,"Not Significant","missense"
"15051T>A","3399A>T",747,740.080846968239,0.00404143684885736,0,"Significant","missense"
"15051T>A","7341C>T",793,787.572666025024,0.00298255247785488,0.002,"Significant","missense"
"15051T>A","4088C>T",779,774.710298363811,0.00239812851254125,0.015,"Significant","missense"
"15051T>A","10678A>G",759,753.932627526468,0.00290923745379991,0.001,"Significant","missense"
"15051T>A","13330C>T",354,354.209817131858,-0.000257331720166058,1,"Not Significant","missense"
"15051T>A","13766C>T",374,373.998075072185,2.23526117527935e-06,1,"Not Significant","missense"
"15051T>A","8791C>T",372,373.008662175168,-0.0011759774259746,0.56,"Not Significant","missense"
"15051T>A","11178C>T",344,344.315688161694,-0.000398368477130179,1,"Not Significant","missense"
"15051T>A","7324A>G",346,343.326275264678,0.00336905689982239,0.134,"Not Significant","missense"
"15051T>A","10680G>A",328,325.516843118383,0.00330037865962421,0.18,"Not Significant","missense"
"15051T>A","7336C>T",727,721.282001924928,0.0034293154389832,0,"Significant","missense"
"15051T>A","14889G>A",739,735.133782483157,0.00227805753217063,0.014,"Significant","missense"
"15051T>A","12700C>T",477,475.90760346487,0.000995735564202412,0.557,"Not Significant","missense"
"15051T>A","14256T>C",727,722.271414821944,0.00283398363650202,0.004,"Significant","missense"
"15051T>A","11060T>A",709,705.451395572666,0.00217913822912115,0.023,"Significant","missense"
"15051T>A","5262G>A",699,695.557266602502,0.0021442836237776,0.045,"Significant","missense"
"15051T>A","6075G>A",735,731.176130895091,0.00226533358728937,0.012,"Significant","missense"
"15051T>A","4684T>C",674,667.853705486044,0.00397855660221481,0,"Significant","missense"
"15051T>A","3416C>T",689,681.705486044273,0.0046224328979198,0,"Significant","missense"
"15051T>A","6103T>C",664,656.970163618864,0.0046224328979197,0,"Significant","missense"
"15051T>A","7658G>A",681,674.779595765159,0.00398517015422606,0,"Significant","missense"
"15051T>A","9540T>A",670,663.896053897979,0.00397471542975419,0,"Significant","missense"
"15051T>A","13756C>T",707,700.504331087584,0.00400858900505035,0,"Significant","missense"
"15051T>A","14819T>C",721,715.34552454283,0.00341940032281821,0.001,"Significant","missense"
"15051T>A","14985G>A",692,687.641963426371,0.00274372276456404,0.007,"Significant","missense"
"15051T>A","4930T>C",659,654.001924927815,0.0033063880062896,0.001,"Significant","missense"
"15051T>A","4008A>T",271,269.12030798845,0.00302281973812646,0.283,"Not Significant","missense"
"15051T>A","12047T>C",725,724.250240615977,0.000449358410522285,0.75,"Not Significant","missense"
"15051T>A","12053C>T",842,839.022136669875,0.00153867214085601,0.034,"Significant","missense"
"15051T>A","7944C>T",695,689.620789220404,0.00337445939002452,0.001,"Significant","missense"
"15051T>A","9622C>T",334,330.463907603465,0.00462243289791913,0.021,"Significant","missense"
"15051T>A","7191T>C",694,689.620789220404,0.00274912525476558,0.011,"Significant","missense"
"15051T>A","14249G>A",718,714.356111645813,0.00220967957058131,0.027,"Significant","missense"
"15051T>A","8920G>A",728,727.218479307026,0.000466473126762669,0.75,"Not Significant","missense"
"15051T>A","15140G>A",773,765.805582290664,0.00406096613335218,0,"Significant","missense"
"15051T>A","12971C>T",858,851.884504331088,0.0031065692929708,0,"Significant","missense"
"15051T>A","12790T>C",704,698.525505293552,0.00339039098822843,0.002,"Significant","missense"
"15051T>A","5314T>C",641,635.203079884504,0.00394543434788408,0,"Significant","missense"
"15051T>A","9816C>T",626,621.351299326275,0.00323712237115358,0.003,"Significant","missense"
"15051T>A","9988C>T",672,666.864292589028,0.00333180941642545,0,"Significant","missense"
"15051T>A","8923A>T",635,631.245428296439,0.00257547946873348,0.026,"Significant","missense"
"15051T>A","13126C>T",665,661.917228103946,0.00201796043320167,0.056,"Not Significant","missense"
"15051T>A","15660C>T",616,611.457170356112,0.00321466997352954,0.004,"Significant","missense"
"15051T>A","10312C>T",683,681.705486044273,0.000823914671827058,0.54,"Not Significant","missense"
"15051T>A","8413A>T",687,682.69489894129,0.00273007922021523,0.004,"Significant","missense"
"15051T>A","5328C>T",538,537.251203079884,0.000604878975462605,0.749,"Not Significant","missense"
"15051T>A","11028C>T",651,648.065447545717,0.00196212147432903,0.121,"Not Significant","missense"
"15051T>A","5320C>T",711,706.440808469682,0.002793821851512,0.005,"Significant","missense"
"15051T>A","5270C>A",627,621.351299326275,0.00393032999144023,0.001,"Significant","missense"
"15051T>A","13033C>T",921,920.153994225217,0.000399114540834149,0.6,"Not Significant","missense"
"15051T>A","8088T>C",502,497.67468719923,0.0037581649870117,0.004,"Significant","missense"
"15051T>A","11672A>C",619,614.425409047161,0.00322148174145775,0.008,"Significant","missense"
"15051T>A","6322G>A",605,599.584215591915,0.00390518338410243,0,"Significant","missense"
"15051T>A","3578T>A",874,874.641000962464,-0.000318399480749567,0.705,"Not Significant","missense"
"15051T>A","8722C>T",441,439.299326275265,0.00167805225113885,0.386,"Not Significant","missense"
"15051T>A","6174G>A",715,715.34552454283,-0.000209822595529721,1,"Not Significant","missense"
"15051T>A","8921G>A",506,501.632338787296,0.00376499040438285,0.009,"Significant","missense"
"15051T>A","9571C>T",282,279.014436958614,0.00462243289791885,0.073,"Not Significant","missense"
"15051T>A","6682A>T",600,594.637151106834,0.00389921127882385,0.002,"Significant","missense"
"15051T>A","9896A>T",561,556.050048123195,0.00384897858502005,0.006,"Significant","missense"
"15051T>A","13450T>C",440,437.320500481232,0.00265284003501534,0.118,"Not Significant","missense"
"15051T>A","15446C>T",902,899.376323387873,0.00126508721789462,0.038,"Significant","missense"
"15051T>A","6685A>T",537,532.304138594803,0.00381444293108621,0.003,"Significant","missense"
"15051T>A","9823T>C",512,511.526467757459,0.000401850779808689,1,"Not Significant","missense"
"15051T>A","13580C>T",539,534.282964388835,0.00381743826169006,0.007,"Significant","missense"
"15051T>A","15086A>G",574,568.912415784408,0.00386648060626288,0.002,"Significant","missense"
"15051T>A","5230T>C",594,589.690086621752,0.00316261813887709,0.013,"Significant","missense"
"15051T>A","7788T>C",571,568.912415784408,0.00159069645413775,0.25,"Not Significant","missense"
"15051T>A","9231C>G",335,333.432146294514,0.00203733906342648,0.371,"Not Significant","missense"
"15051T>A","6925C>T",710,709.409047160732,0.000361625949195539,0.765,"Not Significant","missense"
"15051T>A","3542T>C",546,542.198267564966,0.00303451711828796,0.028,"Significant","missense"
"15051T>A","12691A>G",303,299.792107795958,0.00462243289791894,0.046,"Significant","missense"
"15051T>A","8015C>T",501,499.653512993263,0.00116878064650459,0.558,"Not Significant","missense"
"15051T>A","11244T>C",520,517.462945139557,0.00212408766544502,0.131,"Not Significant","missense"
"15051T>A","7665C>T",607,603.541867179981,0.0024812889624106,0.067,"Not Significant","missense"
"15051T>A","5326C>T",528,524.388835418672,0.00298048583094312,0.025,"Significant","missense"
"15051T>A","15378T>C",269,270.109720885467,-0.00178793414042694,0.492,"Not Significant","missense"
"15051T>A","3661T>C",463,459.087584215592,0.00368544336099199,0.031,"Significant","missense"
"15051T>A","10972A>T",554,551.102983638114,0.00227700245262089,0.109,"Not Significant","missense"
"15051T>A","14000T>C",555,553.081809432146,0.00150360813417305,0.379,"Not Significant","missense"
"15051T>A","11538C>T",541,537.251203079884,0.00301986841564246,0.036,"Significant","missense"
"15051T>A","8118G>A",544,543.187680461983,0.000648988146008351,0.769,"Not Significant","missense"
"15051T>A","3706C>T",493,492.727622714148,0.000240009415432858,1,"Not Significant","missense"
"15051T>A","12923G>C",526,520.431183830606,0.00462243289791951,0,"Significant","missense"
"15051T>A","12009G>C",504,499.653512993263,0.00376159122478363,0.014,"Significant","missense"
"15051T>A","3650C>T",528,526.367661212705,0.00134472313668428,0.382,"Not Significant","missense"
"15051T>A","3428G>A",484,478.875842155919,0.00462243289791951,0.002,"Significant","missense"
"15051T>A","12361A>T",477,472.939364773821,0.00371291532591476,0.011,"Significant","missense"
"10762G>A","15620C>T",967,965.451395572666,0.000696059422711831,0.058,"Not Significant","missense"
"10762G>A","4848G>A",771,768.785370548604,0.00124926763404907,0.075,"Not Significant","missense"
"10762G>A","7667C>T",767,766.798845043311,0.000113913879229654,1,"Not Significant","missense"
"10762G>A","3399A>T",748,742.960538979788,0.00293585026598439,0,"Significant","missense"
"10762G>A","7341C>T",795,790.637151106834,0.00238991118478574,0,"Significant","missense"
"10762G>A","4088C>T",782,777.724735322425,0.00238084126788917,0.002,"Significant","missense"
"10762G>A","10678A>G",761,756.866217516843,0.00236553569695685,0.001,"Significant","missense"
"10762G>A","13330C>T",354,355.588065447546,-0.00194391435210111,0.26,"Not Significant","missense"
"10762G>A","13766C>T",375,375.453320500481,-0.00052468184352152,1,"Not Significant","missense"
"10762G>A","8791C>T",373,374.460057747834,-0.00169666813111993,0.443,"Not Significant","missense"
"10762G>A","11178C>T",346,345.655437921078,0.000432705112180383,1,"Not Significant","missense"
"10762G>A","7324A>G",346,344.662175168431,0.00168247426788723,0.452,"Not Significant","missense"
"10762G>A","10680G>A",328,326.783445620789,0.00161379602768916,0.442,"Not Significant","missense"
"10762G>A","7336C>T",728,724.0885466795,0.00233970126104709,0.004,"Significant","missense"
"10762G>A","14889G>A",741,737.994225216554,0.00176524448473745,0.012,"Significant","missense"
"10762G>A","12700C>T",477,477.759384023099,-0.00069084706773289,0.732,"Not Significant","missense"
"10762G>A","14256T>C",728,725.081809432146,0.00174436945856586,0.029,"Significant","missense"
"10762G>A","11060T>A",712,708.196342637151,0.00232631405097536,0.005,"Significant","missense"
"10762G>A","5262G>A",701,698.263715110683,0.00169854321281937,0.038,"Significant","missense"
"10762G>A","6075G>A",736,734.021174205967,0.00116922620865782,0.199,"Not Significant","missense"
"10762G>A","4684T>C",674,670.452358036574,0.00229197397027941,0.005,"Significant","missense"
"10762G>A","3416C>T",689,684.358036573629,0.00293585026598439,0.001,"Significant","missense"
"10762G>A","6103T>C",664,659.526467757459,0.00293585026598439,0,"Significant","missense"
"10762G>A","7658G>A",681,677.405197305101,0.00229858752229074,0.003,"Significant","missense"
"10762G>A","9540T>A",670,666.479307025986,0.0022881327978189,0.005,"Significant","missense"
"10762G>A","13756C>T",708,703.230028873917,0.00293585026598449,0.001,"Significant","missense"
"10762G>A","14819T>C",722,718.128970163619,0.00233475054109282,0.005,"Significant","missense"
"10762G>A","14985G>A",694,690.317613089509,0.00231051613072559,0.006,"Significant","missense"
"10762G>A","4930T>C",659,656.546679499519,0.0016198053743542,0.118,"Not Significant","missense"
"10762G>A","4008A>T",271,270.167468719923,0.00133623710619138,0.691,"Not Significant","missense"
"10762G>A","12047T>C",728,727.06833493744,0.000556148520630065,0.689,"Not Significant","missense"
"10762G>A","12053C>T",844,842.286814244466,0.000882444634925982,0.11,"Not Significant","missense"
"10762G>A","7944C>T",696,692.304138594803,0.00231231177853725,0.005,"Significant","missense"
"10762G>A","9622C>T",333,331.749759384023,0.00163361696073973,0.461,"Not Significant","missense"
"10762G>A","7191T>C",696,692.304138594803,0.00231231177853725,0.007,"Significant","missense"
"10762G>A","14249G>A",720,717.135707410972,0.00173114912761393,0.042,"Significant","missense"
"10762G>A","8920G>A",731,730.04812319538,0.000565888139650344,0.691,"Not Significant","missense"
"10762G>A","15140G>A",773,768.785370548604,0.00237438350141683,0.001,"Significant","missense"
"10762G>A","12971C>T",858,855.199230028874,0.00141998666103542,0.022,"Significant","missense"
"10762G>A","12790T>C",704,701.243503368624,0.00170380835629306,0.043,"Significant","missense"
"10762G>A","5314T>C",641,637.67468719923,0.00225885171594866,0.019,"Significant","missense"
"10762G>A","9816C>T",627,623.769008662175,0.00224374735950482,0.013,"Significant","missense"
"10762G>A","9988C>T",672,669.459095283927,0.00164522678449001,0.06,"Not Significant","missense"
"10762G>A","8923A>T",635,633.701636188643,0.000888896836798076,0.418,"Not Significant","missense"
"10762G>A","13126C>T",666,664.492781520693,0.000983961668462698,0.251,"Not Significant","missense"
"10762G>A","15660C>T",616,613.836381135707,0.00152808734159424,0.138,"Not Significant","missense"
"10762G>A","10312C>T",686,684.358036573629,0.00104074406511056,0.205,"Not Significant","missense"
"10762G>A","8413A>T",689,685.351299326275,0.00230598143635501,0.007,"Significant","missense"
"10762G>A","5328C>T",539,539.341674687199,-0.000275214136123319,1,"Not Significant","missense"
"10762G>A","11028C>T",652,650.587102983638,0.0009421460061218,0.447,"Not Significant","missense"
"10762G>A","5320C>T",711,709.189605389798,0.00110723921957665,0.212,"Not Significant","missense"
"10762G>A","5270C>A",628,623.769008662175,0.00293585026598439,0.002,"Significant","missense"
"10762G>A","13033C>T",924,923.734359961501,0.000124872932156394,1,"Not Significant","missense"
"10762G>A","8088T>C",503,499.611164581328,0.0029358502659842,0.014,"Significant","missense"
"10762G>A","11672A>C",618,616.816169393648,0.000832725178220391,0.434,"Not Significant","missense"
"10762G>A","6322G>A",605,601.917228103946,0.00221860075216725,0.024,"Significant","missense"
"10762G>A","3578T>A",878,878.04427333975,-2.18988409856715e-05,1,"Not Significant","missense"
"10762G>A","8722C>T",443,441.008662175168,0.00195660637443416,0.266,"Not Significant","missense"
"10762G>A","6174G>A",716,718.128970163619,-0.00128942472069021,0.113,"Not Significant","missense"
"10762G>A","8921G>A",506,503.584215591915,0.00207840777244758,0.128,"Not Significant","missense"
"10762G>A","9571C>T",281,280.100096246391,0.0013930618517032,0.679,"Not Significant","missense"
"10762G>A","6682A>T",600,596.950914340712,0.00221262864688851,0.021,"Significant","missense"
"10762G>A","9896A>T",561,558.213666987488,0.00216239595308482,0.053,"Not Significant","missense"
"10762G>A","13450T>C",441,439.022136669875,0.00195217038473104,0.274,"Not Significant","missense"
"10762G>A","15446C>T",904,902.875842155919,0.00054039751938066,0.226,"Not Significant","missense"
"10762G>A","6685A>T",537,534.375360923965,0.00212786029915095,0.073,"Not Significant","missense"
"10762G>A","9823T>C",514,513.516843118383,0.000408426167317955,1,"Not Significant","missense"
"10762G>A","13580C>T",540,536.361886429259,0.00293585026598429,0,"Significant","missense"
"10762G>A","15086A>G",575,571.126082771896,0.00293585026598439,0.005,"Significant","missense"
"10762G>A","5230T>C",595,591.984600577478,0.00220655625429768,0.026,"Significant","missense"
"10762G>A","7788T>C",572,571.126082771896,0.000664034369378534,0.706,"Not Significant","missense"
"10762G>A","9231C>G",336,334.729547641963,0.00164522678448972,0.451,"Not Significant","missense"
"10762G>A","6925C>T",712,712.169393647738,-0.000103311764958929,1,"Not Significant","missense"
"10762G>A","3542T>C",547,544.307988450433,0.00214261811504612,0.051,"Not Significant","missense"
"10762G>A","12691A>G",303,300.958614051973,0.00293585026598391,0.112,"Not Significant","missense"
"10762G>A","8015C>T",503,501.597690086622,0.00121245720325065,0.444,"Not Significant","missense"
"10762G>A","11244T>C",521,519.476419634264,0.00127188469823482,0.29,"Not Significant","missense"
"10762G>A","7665C>T",608,605.890279114533,0.00150959452795252,0.106,"Not Significant","missense"
"10762G>A","5326C>T",529,526.429258902791,0.00211565270038121,0.066,"Not Significant","missense"
"10762G>A","15378T>C",270,271.16073147257,-0.00186303261578314,0.39,"Not Significant","missense"
"10762G>A","3661T>C",463,460.873917228104,0.00199886072905676,0.132,"Not Significant","missense"
"10762G>A","10972A>T",555,553.247353224254,0.00137363821493196,0.249,"Not Significant","missense"
"10762G>A","14000T>C",557,555.233878729548,0.00137923755329022,0.272,"Not Significant","missense"
"10762G>A","11538C>T",542,539.341674687199,0.00213530721552446,0.074,"Not Significant","missense"
"10762G>A","8118G>A",545,545.30125120308,-0.00023999190746448,1,"Not Significant","missense"
"10762G>A","3706C>T",495,494.644850818094,0.000311706439835902,1,"Not Significant","missense"
"10762G>A","12923G>C",526,522.456207892204,0.0029358502659842,0.006,"Significant","missense"
"10762G>A","12009G>C",505,501.597690086622,0.00293585026598429,0.015,"Significant","missense"
"10762G>A","3650C>T",529,528.415784408085,0.000479890006122349,0.726,"Not Significant","missense"
"10762G>A","3428G>A",484,480.73917228104,0.0029358502659842,0.02,"Significant","missense"
"10762G>A","12361A>T",477,474.779595765159,0.00202633269397948,0.127,"Not Significant","missense"
"15620C>T","4848G>A",755,724.0885466795,0.018155273577196,0,"Significant","missense"
"15620C>T","7667C>T",752,722.217516843118,0.0175498228868065,0,"Significant","missense"
"15620C>T","3399A>T",735,699.765158806545,0.0213350238506334,0,"Significant","missense"
"15620C>T","7341C>T",746,744.669874879692,0.000775042365902526,0.746,"Not Significant","missense"
"15620C>T","4088C>T",738,732.508180943215,0.00324388239600046,0.128,"Not Significant","missense"
"15620C>T","10678A>G",753,712.862367661213,0.0237892874919996,0,"Significant","missense"
"15620C>T","13330C>T",351,334.914340712223,0.0203733724528466,0,"Significant","missense"
"15620C>T","13766C>T",360,353.624639076035,0.00775998356096263,0.131,"Not Significant","missense"
"15620C>T","8791C>T",368,352.689124157844,0.0184557510986225,0,"Significant","missense"
"15620C>T","11178C>T",337,325.559191530318,0.014999939555656,0.002,"Significant","missense"
"15620C>T","7324A>G",343,324.623676612127,0.0239139278827924,0,"Significant","missense"
"15620C>T","10680G>A",321,307.784408084697,0.0182584170857948,0,"Significant","missense"
"15620C>T","7336C>T",721,681.990375360924,0.0241570190323538,0,"Significant","missense"
"15620C>T","14889G>A",734,695.087584215592,0.0236565287863947,0,"Significant","missense"
"15620C>T","12700C>T",452,449.982675649663,0.00194264106845268,0.583,"Not Significant","missense"
"15620C>T","14256T>C",722,682.925890279115,0.0241636200800825,0,"Significant","missense"
"15620C>T","11060T>A",705,667.022136669875,0.0240488697704324,0,"Significant","missense"
"15620C>T","5262G>A",690,657.666987487969,0.0208430483483311,0,"Significant","missense"
"15620C>T","6075G>A",721,691.34552454283,0.0182401089555035,0,"Significant","missense"
"15620C>T","4684T>C",663,631.472569778633,0.0211590382046479,0,"Significant","missense"
"15620C>T","3416C>T",678,644.569778633301,0.021959754590337,0,"Significant","missense"
"15620C>T","6103T>C",657,621.181905678537,0.0243465728226623,0,"Significant","missense"
"15620C>T","7658G>A",677,638.021174205967,0.0257535766595643,0,"Significant","missense"
"15620C>T","9540T>A",663,627.730510105871,0.0237402908666803,0,"Significant","missense"
"15620C>T","13756C>T",698,662.344562078922,0.0227714475642916,0,"Significant","missense"
"15620C>T","14819T>C",705,676.37728585178,0.0180001023277682,0,"Significant","missense"
"15620C>T","14985G>A",681,650.182868142445,0.0201115899535712,0,"Significant","missense"
"15620C>T","4930T>C",653,618.375360923965,0.0236610044203328,0,"Significant","missense"
"15620C>T","4008A>T",270,254.460057747834,0.0257441427556817,0,"Significant","missense"
"15620C>T","12047T>C",723,684.796920115496,0.0235764988670385,0,"Significant","missense"
"15620C>T","12053C>T",824,793.316650625601,0.0164806420713028,0,"Significant","missense"
"15620C>T","7944C>T",688,652.053897978826,0.0233049427684013,0,"Significant","missense"
"15620C>T","9622C>T",325,312.46198267565,0.0170861767982074,0,"Significant","missense"
"15620C>T","7191T>C",682,652.053897978826,0.0195008791893694,0,"Significant","missense"
"15620C>T","14249G>A",710,675.44177093359,0.0216704337803358,0,"Significant","missense"
"15620C>T","8920G>A",725,687.603464870067,0.0229999501176983,0,"Significant","missense"
"15620C>T","15140G>A",761,724.0885466795,0.0215929787185801,0,"Significant","missense"
"15620C>T","12971C>T",849,805.478344562079,0.022853821421198,0,"Significant","missense"
"15620C>T","12790T>C",693,660.473532242541,0.0208778161909027,0,"Significant","missense"
"15620C>T","5314T>C",602,600.600577478345,0.00101074581987392,0.779,"Not Significant","missense"
"15620C>T","9816C>T",621,587.503368623677,0.024081239070283,0,"Significant","missense"
"15620C>T","9988C>T",660,630.537054860443,0.0198333216374486,0,"Significant","missense"
"15620C>T","8923A>T",623,596.858517805582,0.0186166505689071,0,"Significant","missense"
"15620C>T","13126C>T",658,625.85948026949,0.0217490584770319,0,"Significant","missense"
"15620C>T","15660C>T",607,578.148219441771,0.0211494986173409,0,"Significant","missense"
"15620C>T","10312C>T",656,644.569778633301,0.00763390009893608,0.003,"Significant","missense"
"15620C>T","8413A>T",672,645.505293551492,0.0174694649474701,0,"Significant","missense"
"15620C>T","5328C>T",532,507.984600577478,0.0200610853371003,0,"Significant","missense"
"15620C>T","11028C>T",645,612.762271414822,0.022267697274384,0,"Significant","missense"
"15620C>T","5320C>T",703,667.957651588066,0.0222063958745491,0,"Significant","missense"
"15620C>T","5270C>A",621,587.503368623677,0.024081239070283,0,"Significant","missense"
"15620C>T","13033C>T",881,870.028873917228,0.00544224248901501,0,"Significant","missense"
"15620C>T","8088T>C",491,470.564003849856,0.0184627896979401,0,"Significant","missense"
"15620C>T","11672A>C",612,580.954764196343,0.02260910459988,0,"Significant","missense"
"15620C>T","6322G>A",599,566.922040423484,0.0239034808539238,0,"Significant","missense"
"15620C>T","3578T>A",840,826.995187680462,0.00677630367971055,0,"Significant","missense"
"15620C>T","8722C>T",427,415.368623676612,0.011994187541304,0.005,"Significant","missense"
"15620C>T","6174G>A",675,676.37728585178,-0.000885241832602884,0.786,"Not Significant","missense"
"15620C>T","8921G>A",502,474.306063522618,0.0246450404425812,0,"Significant","missense"
"15620C>T","9571C>T",279,263.81520692974,0.0243043775851303,0,"Significant","missense"
"15620C>T","6682A>T",584,562.244465832531,0.0164876577405599,0,"Significant","missense"
"15620C>T","9896A>T",559,525.759384023099,0.0266247749482601,0,"Significant","missense"
"15620C>T","13450T>C",430,413.497593840231,0.0169954688613934,0,"Significant","missense"
"15620C>T","15446C>T",853,850.383060635226,0.00133443057645828,0.344,"Not Significant","missense"
"15620C>T","6685A>T",531,503.307025986526,0.0232615280459783,0,"Significant","missense"
"15620C>T","9823T>C",465,483.661212704524,-0.0170883075730821,0,"Significant","missense"
"15620C>T","13580C>T",536,505.178055822907,0.0257203125006995,0,"Significant","missense"
"15620C>T","15086A>G",568,537.921077959576,0.023629773652287,0,"Significant","missense"
"15620C>T","5230T>C",587,557.566891241578,0.022341124138277,0,"Significant","missense"
"15620C>T","7788T>C",561,537.921077959576,0.0182442991974305,0,"Significant","missense"
"15620C>T","9231C>G",327,315.268527430221,0.0158671344198454,0.001,"Significant","missense"
"15620C>T","6925C>T",675,670.764196342637,0.00273389979412718,0.259,"Not Significant","missense"
"15620C>T","3542T>C",544,512.662175168431,0.0257676238447087,0,"Significant","missense"
"15620C>T","12691A>G",258,283.461020211742,-0.040873639908157,0,"Significant","missense"
"15620C>T","8015C>T",460,472.435033686237,-0.011584263806182,0.002,"Significant","missense"
"15620C>T","11244T>C",513,489.274302213667,0.0205649588754408,0,"Significant","missense"
"15620C>T","7665C>T",589,570.664100096246,0.013734742407235,0,"Significant","missense"
"15620C>T","5326C>T",526,495.822906641001,0.0256591571838478,0,"Significant","missense"
"15620C>T","15378T>C",225,255.395572666025,-0.0550308462984677,0,"Significant","missense"
"15620C>T","3661T>C",460,434.078922040423,0.0251891337575904,0,"Significant","missense"
"15620C>T","10972A>T",544,521.081809432146,0.0186929871553502,0,"Significant","missense"
"15620C>T","14000T>C",534,522.952839268527,0.00907873177303426,0.009,"Significant","missense"
"15620C>T","11538C>T",532,507.984600577478,0.0200610853371003,0,"Significant","missense"
"15620C>T","8118G>A",533,513.597690086622,0.0161041472073801,0,"Significant","missense"
"15620C>T","3706C>T",486,465.886429258903,0.0183562091334747,0,"Significant","missense"
"15620C>T","12923G>C",521,492.080846968239,0.0248012617766834,0,"Significant","missense"
"15620C>T","12009G>C",501,472.435033686237,0.025495630379482,0,"Significant","missense"
"15620C>T","3650C>T",515,497.693936477382,0.0148448793770427,0,"Significant","missense"
"15620C>T","3428G>A",477,452.789220404235,0.0226223000265994,0,"Significant","missense"
"15620C>T","12361A>T",439,447.176130895091,-0.00801409373909287,0.032,"Significant","missense"
"4848G>A","7667C>T",736,575.099133782483,0.107135100876031,0,"Significant","missense"
"4848G>A","3399A>T",715,557.220404234841,0.108279030810887,0,"Significant","missense"
"4848G>A","7341C>T",710,592.977863330125,0.078219867855679,0,"Significant","missense"
"4848G>A","4088C>T",720,583.293551491819,0.0914453212475958,0,"Significant","missense"
"4848G>A","10678A>G",726,567.649663137632,0.106856236234761,0,"Significant","missense"
"4848G>A","13330C>T",146,266.691049085659,-0.261655583985018,0,"Significant","missense"
"4848G>A","13766C>T",158,281.589990375361,-0.250960126008397,0,"Significant","missense"
"4848G>A","8791C>T",167,280.845043310876,-0.225750292183819,0,"Significant","missense"
"4848G>A","11178C>T",135,259.241578440808,-0.283370888577136,0,"Significant","missense"
"4848G>A","7324A>G",151,258.496631376323,-0.2334779406233,0,"Significant","missense"
"4848G>A","10680G>A",125,245.087584215592,-0.292411298067463,0,"Significant","missense"
"4848G>A","7336C>T",701,543.066410009625,0.110865076522951,0,"Significant","missense"
"4848G>A","14889G>A",714,553.495668912416,0.110583984889866,0,"Significant","missense"
"4848G>A","12700C>T",251,358.319538017324,-0.154596768018457,0,"Significant","missense"
"4848G>A","14256T>C",703,543.81135707411,0.111507051773635,0,"Significant","missense"
"4848G>A","11060T>A",704,531.147256977863,0.122357716164511,0,"Significant","missense"
"4848G>A","5262G>A",674,523.697786333012,0.109579158389762,0,"Significant","missense"
"4848G>A","6075G>A",670,550.515880654475,0.0853049511802715,0,"Significant","missense"
"4848G>A","4684T>C",652,502.83926852743,0.11281840977516,0,"Significant","missense"
"4848G>A","3416C>T",639,513.268527430221,0.0951562231250425,0,"Significant","missense"
"4848G>A","6103T>C",643,494.644850818094,0.113917480430469,0,"Significant","missense"
"4848G>A","7658G>A",650,508.053897978826,0.107003568860643,0,"Significant","missense"
"4848G>A","9540T>A",654,499.85948026949,0.11672981502954,0,"Significant","missense"
"4848G>A","13756C>T",656,527.422521655438,0.0947451685601599,0,"Significant","missense"
"4848G>A","14819T>C",677,538.596727622714,0.0993249582648818,0,"Significant","missense"
"4848G>A","14985G>A",655,517.738209817132,0.102131082275936,0,"Significant","missense"
"4848G>A","4930T>C",633,492.410009624639,0.10907683740598,0,"Significant","missense"
"4848G>A","4008A>T",78,202.625601539942,-0.414599714469091,0,"Significant","missense"
"4848G>A","12047T>C",705,545.30125120308,0.111552622807274,0,"Significant","missense"
"4848G>A","12053C>T",697,631.715110683349,0.042711512715574,0,"Significant","missense"
"4848G>A","7944C>T",669,519.228103946102,0.11006792654408,0,"Significant","missense"
"4848G>A","9622C>T",132,248.812319538017,-0.275297948731275,0,"Significant","missense"
"4848G>A","7191T>C",657,519.228103946102,0.102207178336039,0,"Significant","missense"
"4848G>A","14249G>A",667,537.851780558229,0.0934632232211789,0,"Significant","missense"
"4848G>A","8920G>A",709,547.536092396535,0.112233482973138,0,"Significant","missense"
"4848G>A","15140G>A",694,576.589027911453,0.0804930966462343,0,"Significant","missense"
"4848G>A","12971C>T",670,641.399422521656,0.0189462381214535,0,"Significant","missense"
"4848G>A","12790T>C",678,525.932627526468,0.110299579689526,0,"Significant","missense"
"4848G>A","5314T>C",578,478.256015399423,0.0822673972259449,0,"Significant","missense"
"4848G>A","9816C>T",606,467.826756496631,0.112387567303354,0,"Significant","missense"
"4848G>A","9988C>T",639,502.094321462945,0.104715548497347,0,"Significant","missense"
"4848G>A","8923A>T",610,475.276227141482,0.108383743163869,0,"Significant","missense"
"4848G>A","13126C>T",618,498.36958614052,0.0934369441952607,0,"Significant","missense"
"4848G>A","15660C>T",588,460.377285851781,0.106263437861587,0,"Significant","missense"
"4848G>A","10312C>T",624,513.268527430221,0.084839954649068,0,"Significant","missense"
"4848G>A","8413A>T",641,514.013474494706,0.0958835256558302,0,"Significant","missense"
"4848G>A","5328C>T",521,404.506256015399,0.109912480584938,0,"Significant","missense"
"4848G>A","11028C>T",627,487.940327237729,0.108900827713198,0,"Significant","missense"
"4848G>A","5320C>T",610,531.892204042348,0.059506210108867,0,"Significant","missense"
"4848G>A","5270C>A",615,467.826756496631,0.118790058912483,0,"Significant","missense"
"4848G>A","13033C>T",721,692.800769971126,0.0173269030397762,0,"Significant","missense"
"4848G>A","8088T>C",481,374.708373435996,0.108451678192164,0,"Significant","missense"
"4848G>A","11672A>C",584,462.612127045236,0.101195833810085,0,"Significant","missense"
"4848G>A","6322G>A",592,451.43792107796,0.117723669430896,0,"Significant","missense"
"4848G>A","3578T>A",696,658.533205004812,0.0240315614717703,0,"Significant","missense"
"4848G>A","8722C>T",236,330.756496631376,-0.146596380270176,0,"Significant","missense"
"4848G>A","6174G>A",515,538.596727622714,-0.0194564813790513,0,"Significant","missense"
"4848G>A","8921G>A",477,377.688161693936,0.101385006581039,0,"Significant","missense"
"4848G>A","9571C>T",90,210.075072184793,-0.368132012005476,0,"Significant","missense"
"4848G>A","6682A>T",568,447.713185755534,0.103348450582544,0,"Significant","missense"
"4848G>A","9896A>T",546,418.660250240616,0.115330914009937,0,"Significant","missense"
"4848G>A","13450T>C",232,329.266602502406,-0.152059697583852,0,"Significant","missense"
"4848G>A","15446C>T",681,677.15688161694,0.00245781556510208,0.448,"Not Significant","missense"
"4848G>A","6685A>T",519,400.781520692974,0.112259669056329,0,"Significant","missense"
"4848G>A","9823T>C",457,385.137632338787,0.0743002438501748,0,"Significant","missense"
"4848G>A","13580C>T",527,402.271414821944,0.117291442263837,0,"Significant","missense"
"4848G>A","15086A>G",552,428.344562078922,0.110145819913831,0,"Significant","missense"
"4848G>A","5230T>C",478,443.988450433109,0.0320562237461603,0,"Significant","missense"
"4848G>A","7788T>C",537,428.344562078922,0.0981810278841895,0,"Significant","missense"
"4848G>A","9231C>G",129,251.047160731473,-0.289165603697641,0,"Significant","missense"
"4848G>A","6925C>T",573,534.127045235804,0.0305100531738691,0,"Significant","missense"
"4848G>A","3542T>C",520,408.230991337825,0.105097372024692,0,"Significant","missense"
"4848G>A","12691A>G",248,225.71896053898,0.0408836391981788,0,"Significant","missense"
"4848G>A","8015C>T",448,376.198267564966,0.075861222753749,0,"Significant","missense"
"4848G>A","11244T>C",501,389.607314725698,0.109210623874232,0,"Significant","missense"
"4848G>A","7665C>T",532,454.4177093359,0.068456384158552,0,"Significant","missense"
"4848G>A","5326C>T",504,394.821944177093,0.106029253718997,0,"Significant","missense"
"4848G>A","15378T>C",196,203.370548604427,-0.0160319888099872,0.251,"Not Significant","missense"
"4848G>A","3661T>C",453,345.655437921078,0.117454808332206,0,"Significant","missense"
"4848G>A","10972A>T",506,414.935514918191,0.0861699085403362,0,"Significant","missense"
"4848G>A","14000T>C",520,416.425409047161,0.0964661226226399,0,"Significant","missense"
"4848G>A","11538C>T",510,404.506256015399,0.100644933383352,0,"Significant","missense"
"4848G>A","8118G>A",484,408.97593840231,0.0731476040685889,0,"Significant","missense"
"4848G>A","3706C>T",448,370.983638113571,0.0819232581126911,0,"Significant","missense"
"4848G>A","12923G>C",504,391.842155919153,0.109319379166046,0,"Significant","missense"
"4848G>A","12009G>C",491,376.198267564966,0.115664700878565,0,"Significant","missense"
"4848G>A","3650C>T",483,396.311838306064,0.0859100853307291,0,"Significant","missense"
"4848G>A","3428G>A",452,360.55437921078,0.0981676600412301,0,"Significant","missense"
"4848G>A","12361A>T",420,356.084696823869,0.0716959806600479,0,"Significant","missense"
"7667C>T","3399A>T",715,555.780558229067,0.109402691158043,0,"Significant","missense"
"7667C>T","7341C>T",716,591.44562078922,0.082998201791615,0,"Significant","missense"
"7667C>T","4088C>T",721,581.786333012512,0.0931717498829124,0,"Significant","missense"
"7667C>T","10678A>G",727,566.182868142445,0.108577686740862,0,"Significant","missense"
"7667C>T","13330C>T",146,266.001924927815,-0.260531923637862,0,"Significant","missense"
"7667C>T","13766C>T",156,280.862367661213,-0.255368954261199,0,"Significant","missense"
"7667C>T","8791C>T",164,280.119345524543,-0.232499254936544,0,"Significant","missense"
"7667C>T","11178C>T",135,258.571703561116,-0.28224722822998,0,"Significant","missense"
"7667C>T","7324A>G",148,257.828681424447,-0.24106951217435,0,"Significant","missense"
"7667C>T","10680G>A",125,244.454282964389,-0.291287637720307,0,"Significant","missense"
"7667C>T","7336C>T",700,541.663137632339,0.111368758917705,0,"Significant","missense"
"7667C>T","14889G>A",713,552.065447545717,0.111098963312714,0,"Significant","missense"
"7667C>T","12700C>T",248,357.39364773821,-0.158695148326121,0,"Significant","missense"
"7667C>T","14256T>C",705,542.406159769009,0.113864504092366,0,"Significant","missense"
"7667C>T","11060T>A",701,529.774783445621,0.121626735336214,0,"Significant","missense"
"7667C>T","5262G>A",675,522.344562078922,0.111346695032623,0,"Significant","missense"
"7667C>T","6075G>A",671,549.093358999038,0.0870763289955932,0,"Significant","missense"
"7667C>T","4684T>C",656,501.539942252166,0.116598313766056,0,"Significant","missense"
"7667C>T","3416C>T",645,511.942252165544,0.100338739949066,0,"Significant","missense"
"7667C>T","6103T>C",645,493.366698748797,0.116389882488671,0,"Significant","missense"
"7667C>T","7658G>A",656,506.741097208855,0.112117711940603,0,"Significant","missense"
"7667C>T","9540T>A",654,498.567853705486,0.117853475376696,0,"Significant","missense"
"7667C>T","13756C>T",657,526.059672762271,0.0965303590914366,0,"Significant","missense"
"7667C>T","14819T>C",676,537.20500481232,0.0998066458685297,0,"Significant","missense"
"7667C>T","14985G>A",651,516.400384985563,0.100594431199502,0,"Significant","missense"
"7667C>T","4930T>C",629,491.137632338787,0.107447433181051,0,"Significant","missense"
"7667C>T","4008A>T",76,202.102021174206,-0.42475706453161,0,"Significant","missense"
"7667C>T","12047T>C",707,543.892204042348,0.11390657995993,0,"Significant","missense"
"7667C>T","12053C>T",693,630.082771896054,0.0413356295765279,0,"Significant","missense"
"7667C>T","7944C>T",669,517.886429258903,0.111191586891236,0,"Significant","missense"
"7667C>T","9622C>T",131,248.169393647738,-0.277476923934202,0,"Significant","missense"
"7667C>T","7191T>C",657,517.886429258903,0.103330838683195,0,"Significant","missense"
"7667C>T","14249G>A",659,536.46198267565,0.0893464642457969,0,"Significant","missense"
"7667C>T","8920G>A",704,546.121270452358,0.110283567279341,0,"Significant","missense"
"7667C>T","15140G>A",693,575.099133782483,0.0809905211503425,0,"Significant","missense"
"7667C>T","12971C>T",665,639.742059672762,0.0168167410708885,0,"Significant","missense"
"7667C>T","12790T>C",680,524.573628488932,0.112702458875855,0,"Significant","missense"
"7667C>T","5314T>C",582,477.02021174206,0.0863862038024601,0,"Significant","missense"
"7667C>T","9816C>T",606,466.617901828681,0.11351122765051,0,"Significant","missense"
"7667C>T","9988C>T",641,500.796920115496,0.10719638020492,0,"Significant","missense"
"7667C>T","8923A>T",613,474.04812319538,0.111638043018673,0,"Significant","missense"
"7667C>T","13126C>T",615,497.081809432146,0.0924472452290182,0,"Significant","missense"
"7667C>T","15660C>T",590,459.187680461983,0.108861783774749,0,"Significant","missense"
"7667C>T","10312C>T",625,511.942252165544,0.0866590426578753,0,"Significant","missense"
"7667C>T","8413A>T",645,512.685274302214,0.0997088711194363,0,"Significant","missense"
"7667C>T","5328C>T",523,403.461020211742,0.112700106499844,0,"Significant","missense"
"7667C>T","11028C>T",628,486.679499518768,0.110716590966834,0,"Significant","missense"
"7667C>T","5320C>T",616,530.517805582291,0.0648807476096809,0,"Significant","missense"
"7667C>T","5270C>A",616,466.617901828681,0.120619315648648,0,"Significant","missense"
"7667C>T","13033C>T",722,691.010587102984,0.0190524962371425,0,"Significant","missense"
"7667C>T","8088T>C",481,373.740134744947,0.10957533853932,0,"Significant","missense"
"7667C>T","11672A>C",582,461.416746871992,0.10082963169473,0,"Significant","missense"
"7667C>T","6322G>A",592,450.271414821944,0.118847329778052,0,"Significant","missense"
"7667C>T","3578T>A",694,656.83156881617,0.0239054526632195,0,"Significant","missense"
"7667C>T","8722C>T",232,329.901828681424,-0.152896738002223,0,"Significant","missense"
"7667C>T","6174G>A",514,537.20500481232,-0.0191769310778103,0,"Significant","missense"
"7667C>T","8921G>A",475,376.712223291627,0.100683897512948,0,"Significant","missense"
"7667C>T","9571C>T",87,209.532242540905,-0.381731608479009,0,"Significant","missense"
"7667C>T","6682A>T",568,446.556304138595,0.1044721109297,0,"Significant","missense"
"7667C>T","9896A>T",548,417.57844080847,0.118042490136725,0,"Significant","missense"
"7667C>T","13450T>C",228,328.415784408085,-0.158489175127139,0,"Significant","missense"
"7667C>T","15446C>T",679,675.407122232916,0.00230413827997508,0.459,"Not Significant","missense"
"7667C>T","6685A>T",515,399.745909528393,0.110023200596219,0,"Significant","missense"
"7667C>T","9823T>C",461,384.142444658325,0.079208629517128,0,"Significant","missense"
"7667C>T","13580C>T",527,401.231953801732,0.118415102610994,0,"Significant","missense"
"7667C>T","15086A>G",549,427.237728585178,0.10890274698188,0,"Significant","missense"
"7667C>T","5230T>C",479,442.841193455245,0.0340875008957607,0,"Significant","missense"
"7667C>T","7788T>C",538,427.237728585178,0.100112678198179,0,"Significant","missense"
"7667C>T","9231C>G",132,250.398460057748,-0.278057722443892,0,"Significant","missense"
"7667C>T","6925C>T",578,532.7468719923,0.0354069299741639,0,"Significant","missense"
"7667C>T","3542T>C",518,407.176130895091,0.104547448482282,0,"Significant","missense"
"7667C>T","12691A>G",250,225.135707410972,0.0454956273911546,0.001,"Significant","missense"
"7667C>T","8015C>T",448,375.226179018287,0.076984883100905,0,"Significant","missense"
"7667C>T","11244T>C",504,388.600577478345,0.112927094799667,0,"Significant","missense"
"7667C>T","7665C>T",537,453.243503368624,0.073642697910215,0,"Significant","missense"
"7667C>T","5326C>T",503,393.801732435034,0.106290362676556,0,"Significant","missense"
"7667C>T","15378T>C",206,202.845043310876,0.00670282054983538,0.626,"Not Significant","missense"
"7667C>T","3661T>C",454,344.762271414822,0.119536119523634,0,"Significant","missense"
"7667C>T","10972A>T",509,413.86333012512,0.0898608343844515,0,"Significant","missense"
"7667C>T","14000T>C",518,415.34937439846,0.0959161990802303,0,"Significant","missense"
"7667C>T","11538C>T",510,403.461020211742,0.101768593730508,0,"Significant","missense"
"7667C>T","8118G>A",483,407.919153031761,0.0733730335228449,0,"Significant","missense"
"7667C>T","3706C>T",451,370.025024061598,0.0859454463396632,0,"Significant","missense"
"7667C>T","12923G>C",504,390.829643888354,0.110443039513202,0,"Significant","missense"
"7667C>T","12009G>C",489,375.226179018287,0.115015728226373,0,"Significant","missense"
"7667C>T","3650C>T",484,395.287776708373,0.0879319765707853,0,"Significant","missense"
"7667C>T","3428G>A",454,359.62271414822,0.101208738434108,0,"Significant","missense"
"7667C>T","12361A>T",423,355.1645813282,0.0759107179843451,0,"Significant","missense"
"3399A>T","7341C>T",712,573.058710298364,0.0942808755918887,0,"Significant","missense"
"3399A>T","4088C>T",710,563.699711260828,0.100210536353832,0,"Significant","missense"
"3399A>T","10678A>G",716,548.581328200193,0.115672000660953,0,"Significant","missense"
"3399A>T","13330C>T",137,257.732435033686,-0.274448509794603,0,"Significant","missense"
"3399A>T","13766C>T",141,272.130895091434,-0.285558737488981,0,"Significant","missense"
"3399A>T","8791C>T",154,271.410972088547,-0.246106679676492,0,"Significant","missense"
"3399A>T","11178C>T",126,250.533205004812,-0.298494749136131,0,"Significant","missense"
"3399A>T","7324A>G",142,249.813282001925,-0.245327180714969,0,"Significant","missense"
"3399A>T","10680G>A",120,236.854667949952,-0.295300702209455,0,"Significant","missense"
"3399A>T","7336C>T",691,524.823869104909,0.11946446874892,0,"Significant","missense"
"3399A>T","14889G>A",714,534.902791145332,0.125423347708295,0,"Significant","missense"
"3399A>T","12700C>T",238,346.282964388835,-0.162854169624547,0,"Significant","missense"
"3399A>T","14256T>C",690,525.543792107796,0.118240180309496,0,"Significant","missense"
"3399A>T","11060T>A",697,513.30510105871,0.132857197938838,0,"Significant","missense"
"3399A>T","5262G>A",671,506.105871029836,0.122481144841863,0,"Significant","missense"
"3399A>T","6075G>A",664,532.023099133782,0.0962375906658916,0,"Significant","missense"
"3399A>T","4684T>C",651,485.948026948989,0.12699116542986,0,"Significant","missense"
"3399A>T","3416C>T",654,496.026948989413,0.120072476109336,0,"Significant","missense"
"3399A>T","6103T>C",647,478.028873917228,0.131450150993375,0,"Significant","missense"
"3399A>T","7658G>A",650,490.987487969201,0.121842931679071,0,"Significant","missense"
"3399A>T","9540T>A",655,483.06833493744,0.132232729515484,0,"Significant","missense"
"3399A>T","13756C>T",657,509.705486044273,0.110246061562709,0,"Significant","missense"
"3399A>T","14819T>C",671,520.504331087584,0.110298172567159,0,"Significant","missense"
"3399A>T","14985G>A",649,500.346487006737,0.112973841902952,0,"Significant","missense"
"3399A>T","4930T>C",625,475.869104908566,0.118392507551129,0,"Significant","missense"
"3399A>T","4008A>T",68,195.819056785371,-0.459346041634829,0,"Significant","missense"
"3399A>T","12047T>C",692,526.983638113571,0.118308963091062,0,"Significant","missense"
"3399A>T","12053C>T",682,610.494706448508,0.0481024720924736,0,"Significant","missense"
"3399A>T","7944C>T",662,501.786333012512,0.120339161034386,0,"Significant","missense"
"3399A>T","9622C>T",124,240.454282964389,-0.287610831956444,0,"Significant","missense"
"3399A>T","7191T>C",643,501.786333012512,0.10769214451891,0,"Significant","missense"
"3399A>T","14249G>A",656,519.784408084697,0.10108059149872,0,"Significant","missense"
"3399A>T","8920G>A",690,529.143407122233,0.115275701345757,0,"Significant","missense"
"3399A>T","15140G>A",679,557.220404234841,0.0858427632903111,0,"Significant","missense"
"3399A>T","12971C>T",658,619.853705486044,0.0259366918530127,0,"Significant","missense"
"3399A>T","12790T>C",665,508.265640038499,0.116730893943997,0,"Significant","missense"
"3399A>T","5314T>C",579,462.190567853705,0.0978574853512801,0,"Significant","missense"
"3399A>T","9816C>T",599,452.111645813282,0.122181128344808,0,"Significant","missense"
"3399A>T","9988C>T",631,485.228103946102,0.11408341240151,0,"Significant","missense"
"3399A>T","8923A>T",604,459.310875842156,0.118930209592663,0,"Significant","missense"
"3399A>T","13126C>T",609,481.628488931665,0.101905124557749,0,"Significant","missense"
"3399A>T","15660C>T",585,444.912415784408,0.118881340686057,0,"Significant","missense"
"3399A>T","10312C>T",607,496.026948989413,0.0876834188603318,0,"Significant","missense"
"3399A>T","8413A>T",633,496.7468719923,0.105268568972797,0,"Significant","missense"
"3399A>T","5328C>T",515,390.918190567854,0.119721349145033,0,"Significant","missense"
"3399A>T","11028C>T",625,471.549566891242,0.122352667044986,0,"Significant","missense"
"3399A>T","5320C>T",603,514.025024061598,0.0693330500566805,0,"Significant","missense"
"3399A>T","5270C>A",614,452.111645813282,0.132922677096662,0,"Significant","missense"
"3399A>T","13033C>T",701,669.528392685274,0.0199490191054367,0,"Significant","missense"
"3399A>T","8088T>C",475,362.121270452358,0.117839574261627,0,"Significant","missense"
"3399A>T","11672A>C",576,447.07218479307,0.110044832939326,0,"Significant","missense"
"3399A>T","6322G>A",590,436.273339749759,0.131093337168548,0,"Significant","missense"
"3399A>T","3578T>A",669,636.411934552454,0.0216878024474628,0,"Significant","missense"
"3399A>T","8722C>T",220,319.645813282002,-0.162246339599636,0,"Significant","missense"
"3399A>T","6174G>A",497,520.504331087584,-0.0200679588684787,0.001,"Significant","missense"
"3399A>T","8921G>A",471,365.000962463908,0.110726897488249,0,"Significant","missense"
"3399A>T","9571C>T",82,203.018286814244,-0.393721306242613,0,"Significant","missense"
"3399A>T","6682A>T",560,432.673724735322,0.112027504696154,0,"Significant","missense"
"3399A>T","9896A>T",546,404.596727622714,0.130170276828364,0,"Significant","missense"
"3399A>T","13450T>C",220,318.205967276227,-0.160285638834109,0,"Significant","missense"
"3399A>T","15446C>T",657,654.410009624639,0.00171543603052907,0.598,"Not Significant","missense"
"3399A>T","6685A>T",511,387.318575553417,0.120352574161013,0,"Significant","missense"
"3399A>T","9823T>C",447,372.200192492782,0.0795309297306905,0,"Significant","missense"
"3399A>T","13580C>T",525,388.758421559192,0.130479493275676,0,"Significant","missense"
"3399A>T","15086A>G",546,413.95572666025,0.120238747707797,0,"Significant","missense"
"3399A>T","5230T>C",468,429.074109720885,0.0377135430265952,0,"Significant","missense"
"3399A>T","7788T>C",532,413.95572666025,0.108957737298111,0,"Significant","missense"
"3399A>T","9231C>G",125,242.614051973051,-0.288005938170398,0,"Significant","missense"
"3399A>T","6925C>T",559,516.18479307026,0.0346066019113328,0,"Significant","missense"
"3399A>T","3542T>C",516,394.517805582291,0.116583092835532,0,"Significant","missense"
"3399A>T","12691A>G",254,218.13666987488,0.066105037810321,0,"Significant","missense"
"3399A>T","8015C>T",447,363.561116458133,0.0897300947059689,0,"Significant","missense"
"3399A>T","11244T>C",494,376.519730510106,0.117939209749061,0,"Significant","missense"
"3399A>T","7665C>T",524,439.153031761309,0.0767154016656597,0,"Significant","missense"
"3399A>T","5326C>T",495,381.559191530318,0.11304327902547,0,"Significant","missense"
"3399A>T","15378T>C",199,196.538979788258,0.00540437906166394,0.748,"Not Significant","missense"
"3399A>T","3661T>C",449,334.04427333975,0.128442310141125,0,"Significant","missense"
"3399A>T","10972A>T",503,400.997112608277,0.0984267395748925,0,"Significant","missense"
"3399A>T","14000T>C",513,402.436958614052,0.105419506918086,0,"Significant","missense"
"3399A>T","11538C>T",502,390.918190567854,0.108617837248864,0,"Significant","missense"
"3399A>T","8118G>A",474,395.237728585178,0.078919946916691,0,"Significant","missense"
"3399A>T","3706C>T",448,358.521655437921,0.0967626209311182,0,"Significant","missense"
"3399A>T","12923G>C",501,378.679499518768,0.121565931406195,0,"Significant","missense"
"3399A>T","12009G>C",491,363.561116458133,0.130504063696992,0,"Significant","missense"
"3399A>T","3650C>T",477,382.999037536092,0.0953206964377594,0,"Significant","missense"
"3399A>T","3428G>A",451,348.442733397498,0.112045129926236,0,"Significant","missense"
"3399A>T","12361A>T",422,344.123195380173,0.0885985040422478,0,"Significant","missense"
"7341C>T","4088C>T",741,599.872954764196,0.0917589257408794,0,"Significant","missense"
"7341C>T","10678A>G",705,583.784408084697,0.0819366254712938,0,"Significant","missense"
"7341C>T","13330C>T",157,274.271414821944,-0.242280894415014,0,"Significant","missense"
"7341C>T","13766C>T",165,289.593840230991,-0.244305375803698,0,"Significant","missense"
"7341C>T","8791C>T",176,288.827718960539,-0.215126202572038,0,"Significant","missense"
"7341C>T","11178C>T",149,266.610202117421,-0.25269049571467,0,"Significant","missense"
"7341C>T","7324A>G",154,265.844080846968,-0.237106274134784,0,"Significant","missense"
"7341C>T","10680G>A",134,252.053897978826,-0.274388619765507,0,"Significant","missense"
"7341C>T","7336C>T",693,558.502406159769,0.0937081861133254,0,"Significant","missense"
"7341C>T","14889G>A",700,569.228103946102,0.0898117060731756,0,"Significant","missense"
"7341C>T","12700C>T",269,368.504331087584,-0.136690316551872,0,"Significant","missense"
"7341C>T","14256T>C",686,559.268527430221,0.0887037354057899,0,"Significant","missense"
"7341C>T","11060T>A",691,546.244465832531,0.102090997341825,0,"Significant","missense"
"7341C>T","5262G>A",672,538.583253128008,0.0961164278534937,0,"Significant","missense"
"7341C>T","6075G>A",661,566.163618864293,0.067259500910312,0,"Significant","missense"
"7341C>T","4684T>C",650,517.131857555342,0.0993120636313219,0,"Significant","missense"
"7341C>T","3416C>T",649,527.857555341675,0.0897279547122364,0,"Significant","missense"
"7341C>T","6103T>C",638,508.704523580366,0.0983550791726359,0,"Significant","missense"
"7341C>T","7658G>A",650,522.494706448508,0.0948314618058686,0,"Significant","missense"
"7341C>T","9540T>A",650,514.067372473532,0.101893316293354,0,"Significant","missense"
"7341C>T","13756C>T",660,542.413859480269,0.0852131576715939,0,"Significant","missense"
"7341C>T","14819T>C",671,553.905678537055,0.083286702693956,0,"Significant","missense"
"7341C>T","14985G>A",654,532.454282964389,0.0892954235536466,0,"Significant","missense"
"7341C>T","4930T>C",622,506.406159769009,0.089291405024671,0,"Significant","missense"
"7341C>T","4008A>T",79,208.384985563041,-0.421239332923908,0,"Significant","missense"
"7341C>T","12047T>C",686,560.800769971126,0.087515514467854,0,"Significant","missense"
"7341C>T","12053C>T",694,649.6708373436,0.0286660980176452,0,"Significant","missense"
"7341C>T","7944C>T",658,533.986525505294,0.0906955953354391,0,"Significant","missense"
"7341C>T","9622C>T",138,255.884504331088,-0.268164900590675,0,"Significant","missense"
"7341C>T","7191T>C",648,533.986525505294,0.0840447075920779,0,"Significant","missense"
"7341C>T","14249G>A",657,553.139557266603,0.0747306518096376,0,"Significant","missense"
"7341C>T","8920G>A",680,563.099133782483,0.0819240534415366,0,"Significant","missense"
"7341C>T","15140G>A",682,592.977863330125,0.0607458937930851,0,"Significant","missense"
"7341C>T","12971C>T",665,659.63041385948,0.00352097366895774,0.329,"Not Significant","missense"
"7341C>T","12790T>C",661,540.881616939365,0.0870992382533303,0,"Significant","missense"
"7341C>T","5314T>C",605,491.849855630414,0.0899228264031076,0,"Significant","missense"
"7341C>T","9816C>T",597,481.124157844081,0.0937171672116638,0,"Significant","missense"
"7341C>T","9988C>T",630,516.365736284889,0.0863831327377551,0,"Significant","missense"
"7341C>T","8923A>T",606,488.785370548604,0.0933544252646152,0,"Significant","missense"
"7341C>T","13126C>T",612,512.535129932627,0.0770277841972327,0,"Significant","missense"
"7341C>T","15660C>T",581,473.462945139557,0.0888901371210064,0,"Significant","missense"
"7341C>T","10312C>T",616,527.857555341675,0.0670639700762962,0,"Significant","missense"
"7341C>T","8413A>T",637,528.623676612127,0.0809928214175895,0,"Significant","missense"
"7341C>T","5328C>T",519,416.00384985563,0.0960700080790986,0,"Significant","missense"
"7341C>T","11028C>T",623,501.809432146295,0.0939492264868782,0,"Significant","missense"
"7341C>T","5320C>T",612,547.010587102984,0.0487556901888868,0,"Significant","missense"
"7341C>T","5270C>A",609,481.124157844081,0.102360128715169,0,"Significant","missense"
"7341C>T","13033C>T",736,712.492781520693,0.0140973456030701,0,"Significant","missense"
"7341C>T","8088T>C",476,385.358999037536,0.0917414474840527,0,"Significant","missense"
"7341C>T","11672A>C",576,475.761308950914,0.0830333630661243,0,"Significant","missense"
"7341C>T","6322G>A",584,464.269489894129,0.0996427027656025,0,"Significant","missense"
"7341C>T","3578T>A",705,677.251203079884,0.0174393317978315,0,"Significant","missense"
"7341C>T","8722C>T",239,340.157844080847,-0.15328258934692,0,"Significant","missense"
"7341C>T","6174G>A",539,553.905678537055,-0.0118470522882816,0.016,"Significant","missense"
"7341C>T","8921G>A",469,388.423484119346,0.0818673632012365,0,"Significant","missense"
"7341C>T","9571C>T",90,216.046198267565,-0.380304119060246,0,"Significant","missense"
"7341C>T","6682A>T",560,460.438883541867,0.0850160348229526,0,"Significant","missense"
"7341C>T","9896A>T",540,430.560153994225,0.0983599240733954,0,"Significant","missense"
"7341C>T","13450T>C",240,338.625601539942,-0.149508547817925,0,"Significant","missense"
"7341C>T","15446C>T",704,696.404234841193,0.00471125573965243,0.108,"Not Significant","missense"
"7341C>T","6685A>T",512,412.173243503369,0.0941901651289295,0,"Significant","missense"
"7341C>T","9823T>C",482,396.084696823869,0.0852589749643959,0,"Significant","missense"
"7341C>T","13580C>T",518,413.705486044273,0.0976384797417519,0,"Significant","missense"
"7341C>T","15086A>G",548,440.519730510106,0.0948151936142278,0,"Significant","missense"
"7341C>T","5230T>C",476,456.608277189605,0.0180631727997612,0.003,"Significant","missense"
"7341C>T","7788T>C",536,440.519730510106,0.0851994248226304,0,"Significant","missense"
"7341C>T","9231C>G",145,258.182868142445,-0.250559418816724,0,"Significant","missense"
"7341C>T","6925C>T",587,549.308950914341,0.0288214253993176,0,"Significant","missense"
"7341C>T","3542T>C",517,419.834456207892,0.0904124644290624,0,"Significant","missense"
"7341C>T","12691A>G",291,232.134744947064,0.0981528403030729,0,"Significant","missense"
"7341C>T","8015C>T",479,386.891241578441,0.0927466151153887,0,"Significant","missense"
"7341C>T","11244T>C",494,400.681424446583,0.0909277398758606,0,"Significant","missense"
"7341C>T","7665C>T",533,467.333974975938,0.0570998538353023,0,"Significant","missense"
"7341C>T","5326C>T",498,406.04427333975,0.0886559529784171,0,"Significant","missense"
"7341C>T","15378T>C",243,209.151106833494,0.0651461063770356,0,"Significant","missense"
"7341C>T","3661T>C",446,355.480269489894,0.0985193579767446,0,"Significant","missense"
"7341C>T","10972A>T",509,426.729547641963,0.0765650669825217,0,"Significant","missense"
"7341C>T","14000T>C",527,428.261790182868,0.0901012871456128,0,"Significant","missense"
"7341C>T","11538C>T",499,416.00384985563,0.079003195854034,0,"Significant","missense"
"7341C>T","8118G>A",474,420.600577478344,0.05190847704349,0,"Significant","missense"
"7341C>T","3706C>T",448,381.528392685274,0.0697511510579179,0,"Significant","missense"
"7341C>T","12923G>C",499,402.97978825794,0.0928172812891384,0,"Significant","missense"
"7341C>T","12009G>C",487,386.891241578441,0.0999400629154583,0,"Significant","missense"
"7341C>T","3650C>T",482,407.576515880654,0.0728378857632934,0,"Significant","missense"
"7341C>T","3428G>A",451,370.802694898941,0.0850336600530356,0,"Significant","missense"
"7341C>T","12361A>T",456,366.205967276227,0.0952394258718011,0,"Significant","missense"
"4088C>T","10678A>G",719,574.250240615977,0.0976277045425009,0,"Significant","missense"
"4088C>T","13330C>T",143,269.792107795958,-0.275693203679436,0,"Significant","missense"
"4088C>T","13766C>T",152,284.864292589028,-0.272794426393086,0,"Significant","missense"
"4088C>T","8791C>T",161,284.110683349374,-0.246661688674592,0,"Significant","missense"
"4088C>T","11178C>T",133,262.256015399422,-0.2948738174801,0,"Significant","missense"
"4088C>T","7324A>G",145,261.502406159769,-0.256107687056531,0,"Significant","missense"
"4088C>T","10680G>A",127,247.937439846006,-0.290538391494617,0,"Significant","missense"
"4088C>T","7336C>T",691,549.381135707411,0.0996043045554416,0,"Significant","missense"
"4088C>T","14889G>A",698,559.93166506256,0.0957203943618045,0,"Significant","missense"
"4088C>T","12700C>T",258,362.48604427334,-0.147671584911319,0,"Significant","missense"
"4088C>T","14256T>C",692,550.134744947065,0.0996370198355197,0,"Significant","missense"
"4088C>T","11060T>A",687,537.323387872955,0.106720992706901,0,"Significant","missense"
"4088C>T","5262G>A",662,529.78729547642,0.0967564499190936,0,"Significant","missense"
"4088C>T","6075G>A",660,556.917228103946,0.0737532826462648,0,"Significant","missense"
"4088C>T","4684T>C",640,508.686236766121,0.0997299866520788,0,"Significant","missense"
"4088C>T","3416C>T",632,519.23676612127,0.0853516418739783,0,"Significant","missense"
"4088C>T","6103T>C",633,500.396535129933,0.102089416148554,0,"Significant","missense"
"4088C>T","7658G>A",638,513.961501443696,0.093890089563901,0,"Significant","missense"
"4088C>T","9540T>A",642,505.671799807507,0.103666293399077,0,"Significant","missense"
"4088C>T","13756C>T",647,533.555341674687,0.0837248084781511,0,"Significant","missense"
"4088C>T","14819T>C",665,544.85948026949,0.0865371335077934,0,"Significant","missense"
"4088C>T","14985G>A",652,523.758421559192,0.095116576641024,0,"Significant","missense"
"4088C>T","4930T>C",626,498.135707410972,0.0992266592240057,0,"Significant","missense"
"4088C>T","4008A>T",71,204.981713185756,-0.46045676981549,0,"Significant","missense"
"4088C>T","12047T>C",689,551.641963426371,0.0965619263484523,0,"Significant","missense"
"4088C>T","12053C>T",691,639.060635226179,0.0339359806167135,0,"Significant","missense"
"4088C>T","7944C>T",657,525.265640038499,0.0971863769609887,0,"Significant","missense"
"4088C>T","9622C>T",132,251.705486044273,-0.280318750106324,0,"Significant","missense"
"4088C>T","7191T>C",652,525.265640038499,0.0938686031331286,0,"Significant","missense"
"4088C>T","14249G>A",652,544.105871029836,0.0785641836615018,0,"Significant","missense"
"4088C>T","8920G>A",691,553.902791145332,0.096044493789222,0,"Significant","missense"
"4088C>T","15140G>A",679,583.293551491819,0.0659825990968327,0,"Significant","missense"
"4088C>T","12971C>T",658,648.857555341675,0.00607652765953383,0.082,"Not Significant","missense"
"4088C>T","12790T>C",670,532.04812319538,0.10012388714824,0,"Significant","missense"
"4088C>T","5314T>C",612,483.817131857555,0.102070179575923,0,"Significant","missense"
"4088C>T","9816C>T",597,473.266602502406,0.100868472891388,0,"Significant","missense"
"4088C>T","9988C>T",631,507.932627526468,0.0942232482080319,0,"Significant","missense"
"4088C>T","8923A>T",605,480.802694898941,0.0997884814305221,0,"Significant","missense"
"4088C>T","13126C>T",609,504.1645813282,0.0820449603642715,0,"Significant","missense"
"4088C>T","15660C>T",580,465.730510105871,0.0952933039733371,0,"Significant","missense"
"4088C>T","10312C>T",621,519.23676612127,0.0777261637681747,0,"Significant","missense"
"4088C>T","8413A>T",638,519.990375360924,0.0888253734831255,0,"Significant","missense"
"4088C>T","5328C>T",521,409.209817131858,0.104891679209889,0,"Significant","missense"
"4088C>T","11028C>T",616,493.614051973051,0.0961931976718589,0,"Significant","missense"
"4088C>T","5320C>T",600,538.076997112608,0.0473068241066949,0,"Significant","missense"
"4088C>T","5270C>A",603,473.266602502406,0.10521145390217,0,"Significant","missense"
"4088C>T","13033C>T",726,700.856592877767,0.0153074576453904,0,"Significant","missense"
"4088C>T","8088T>C",468,379.065447545717,0.0915316535174089,0,"Significant","missense"
"4088C>T","11672A>C",573,467.991337824832,0.0879168072900268,0,"Significant","missense"
"4088C>T","6322G>A",586,456.687199230029,0.108278777351017,0,"Significant","missense"
"4088C>T","3578T>A",703,666.190567853705,0.0233568455059814,0,"Significant","missense"
"4088C>T","8722C>T",222,334.60250240616,-0.178176210164681,0,"Significant","missense"
"4088C>T","6174G>A",533,544.85948026949,-0.00955730276872283,0.08,"Not Significant","missense"
"4088C>T","8921G>A",466,382.079884504331,0.0862317428558777,0,"Significant","missense"
"4088C>T","9571C>T",84,212.517805582291,-0.403116036757933,0,"Significant","missense"
"4088C>T","6682A>T",566,452.919153031761,0.0967957446847468,0,"Significant","missense"
"4088C>T","9896A>T",541,423.528392685274,0.10631473503672,0,"Significant","missense"
"4088C>T","13450T>C",230,333.095283926853,-0.160840647832207,0,"Significant","missense"
"4088C>T","15446C>T",697,685.030798845043,0.00752268037527491,0.012,"Significant","missense"
"4088C>T","6685A>T",508,405.44177093359,0.0979352221167425,0,"Significant","missense"
"4088C>T","9823T>C",485,389.615976900866,0.0951049810075333,0,"Significant","missense"
"4088C>T","13580C>T",521,406.948989412897,0.107297748975767,0,"Significant","missense"
"4088C>T","15086A>G",548,433.32531280077,0.101966499293952,0,"Significant","missense"
"4088C>T","5230T>C",472,449.151106833494,0.0215495243930807,0.004,"Significant","missense"
"4088C>T","7788T>C",529,433.32531280077,0.0866416128447712,0,"Significant","missense"
"4088C>T","9231C>G",129,253.966313763234,-0.29418640507269,0,"Significant","missense"
"4088C>T","6925C>T",582,540.337824831569,0.0322576144813167,0,"Significant","missense"
"4088C>T","3542T>C",515,412.977863330125,0.0958804560560351,0,"Significant","missense"
"4088C>T","12691A>G",289,228.343599615014,0.102308999753437,0,"Significant","missense"
"4088C>T","8015C>T",480,380.572666025024,0.100803644756136,0,"Significant","missense"
"4088C>T","11244T>C",493,394.137632338787,0.0971990159091677,0,"Significant","missense"
"4088C>T","7665C>T",534,459.701636188643,0.0650652075170104,0,"Significant","missense"
"4088C>T","5326C>T",495,399.412897016362,0.0931831148319927,0,"Significant","missense"
"4088C>T","15378T>C",240,205.735322425409,0.0669023801700539,0,"Significant","missense"
"4088C>T","3661T>C",444,349.67468719923,0.103718775058947,0,"Significant","missense"
"4088C>T","10972A>T",510,419.760346487007,0.0845687664234232,0,"Significant","missense"
"4088C>T","14000T>C",525,421.267564966314,0.0956012810187472,0,"Significant","missense"
"4088C>T","11538C>T",506,409.209817131858,0.0922044727501659,0,"Significant","missense"
"4088C>T","8118G>A",473,413.731472569779,0.0581425817869406,0,"Significant","missense"
"4088C>T","3706C>T",450,375.29740134745,0.0788369565148409,0,"Significant","missense"
"4088C>T","12923G>C",498,396.398460057748,0.0990973841051901,0,"Significant","missense"
"4088C>T","12009G>C",482,380.572666025024,0.102609445619398,0,"Significant","missense"
"4088C>T","3650C>T",481,400.920115495669,0.0790872295779995,0,"Significant","missense"
"4088C>T","3428G>A",446,364.7468719923,0.0873432825669417,0,"Significant","missense"
"4088C>T","12361A>T",452,360.225216554379,0.0985643236984728,0,"Significant","missense"
"10678A>G","13330C>T",146,262.556304138595,-0.254869594641728,0,"Significant","missense"
"10678A>G","13766C>T",157,277.224254090472,-0.246931571210295,0,"Significant","missense"
"10678A>G","8791C>T",166,276.490856592878,-0.221572685948056,0,"Significant","missense"
"10678A>G","11178C>T",132,255.222329162656,-0.286344736522995,0,"Significant","missense"
"10678A>G","7324A>G",149,254.488931665063,-0.232482630160902,0,"Significant","missense"
"10678A>G","10680G>A",126,241.287776708373,-0.28216477661467,0,"Significant","missense"
"10678A>G","7336C>T",704,534.64677574591,0.119505707041695,0,"Significant","missense"
"10678A>G","14889G>A",710,544.914340712223,0.114930111176058,0,"Significant","missense"
"10678A>G","12700C>T",247,352.764196342637,-0.154787546896536,0,"Significant","missense"
"10678A>G","14256T>C",699,535.380173243503,0.115814891842783,0,"Significant","missense"
"10678A>G","11060T>A",694,522.912415784408,0.122930516820546,0,"Significant","missense"
"10678A>G","5262G>A",668,515.57844080847,0.112481713673279,0,"Significant","missense"
"10678A>G","6075G>A",668,541.980750721848,0.0907926002982818,0,"Significant","missense"
"10678A>G","4684T>C",645,495.043310875842,0.114916518021799,0,"Significant","missense"
"10678A>G","3416C>T",644,505.310875842156,0.105327221669745,0,"Significant","missense"
"10678A>G","6103T>C",643,486.97593840231,0.12070346977376,0,"Significant","missense"
"10678A>G","7658G>A",646,500.177093358999,0.111108719556162,0,"Significant","missense"
"10678A>G","9540T>A",650,492.109720885467,0.120851412691419,0,"Significant","missense"
"10678A>G","13756C>T",659,519.245428296439,0.1035127331218,0,"Significant","missense"
"10678A>G","14819T>C",672,530.246390760346,0.102891551976854,0,"Significant","missense"
"10678A>G","14985G>A",653,509.711260827719,0.107588952902518,0,"Significant","missense"
"10678A>G","4930T>C",633,484.775745909528,0.115862826749271,0,"Significant","missense"
"10678A>G","4008A>T",76,199.484119345525,-0.419094735535477,0,"Significant","missense"
"10678A>G","12047T>C",701,536.846968238691,0.115867513125825,0,"Significant","missense"
"10678A>G","12053C>T",692,621.921077959576,0.0463708184176139,0,"Significant","missense"
"10678A>G","7944C>T",667,511.178055822907,0.115553632036097,0,"Significant","missense"
"10678A>G","9622C>T",131,244.954764196343,-0.271814594938069,0,"Significant","missense"
"10678A>G","7191T>C",655,511.178055822907,0.107669098111332,0,"Significant","missense"
"10678A>G","14249G>A",661,529.512993262753,0.0963248381335616,0,"Significant","missense"
"10678A>G","8920G>A",704,539.047160731472,0.115945896275475,0,"Significant","missense"
"10678A>G","15140G>A",691,567.649663137632,0.0853976629088691,0,"Significant","missense"
"10678A>G","12971C>T",666,631.455245428296,0.0231316539342196,0,"Significant","missense"
"10678A>G","12790T>C",680,517.778633301251,0.118364787871989,0,"Significant","missense"
"10678A>G","5314T>C",575,470.841193455245,0.0867933928383375,0,"Significant","missense"
"10678A>G","9816C>T",606,460.573628488932,0.119173556646644,0,"Significant","missense"
"10678A>G","9988C>T",637,494.309913378248,0.110140112017588,0,"Significant","missense"
"10678A>G","8923A>T",606,467.90760346487,0.11231252166268,0,"Significant","missense"
"10678A>G","13126C>T",613,490.642925890279,0.0966949329681513,0,"Significant","missense"
"10678A>G","15660C>T",586,453.239653512993,0.11156971714683,0,"Significant","missense"
"10678A>G","10312C>T",616,505.310875842156,0.0860220664743611,0,"Significant","missense"
"10678A>G","8413A>T",637,506.04427333975,0.0999509178156544,0,"Significant","missense"
"10678A>G","5328C>T",515,398.234841193455,0.111667975669896,0,"Significant","missense"
"10678A>G","11028C>T",628,480.375360923965,0.116378919962969,0,"Significant","missense"
"10678A>G","5320C>T",605,523.645813282002,0.0627177390938602,0,"Significant","missense"
"10678A>G","5270C>A",614,460.573628488932,0.124869303621525,0,"Significant","missense"
"10678A>G","13033C>T",709,682.059672762271,0.016823862846706,0,"Significant","missense"
"10678A>G","8088T>C",472,368.898941289702,0.107034589795712,0,"Significant","missense"
"10678A>G","11672A>C",580,455.439846005775,0.104996969603914,0,"Significant","missense"
"10678A>G","6322G>A",589,444.438883541867,0.122303246838368,0,"Significant","missense"
"10678A>G","3578T>A",684,648.323387872955,0.0232644129246166,0,"Significant","missense"
"10678A>G","8722C>T",233,325.628488931665,-0.145366472870971,0,"Significant","missense"
"10678A>G","6174G>A",505,530.246390760346,-0.0211863429582884,0,"Significant","missense"
"10678A>G","8921G>A",471,371.832531280077,0.102673524013113,0,"Significant","missense"
"10678A>G","9571C>T",88,206.818094321463,-0.371105859951332,0,"Significant","missense"
"10678A>G","6682A>T",565,440.771896053898,0.107834552034254,0,"Significant","missense"
"10678A>G","9896A>T",546,412.169393647738,0.122116903353227,0,"Significant","missense"
"10678A>G","13450T>C",229,324.161693936477,-0.150926210791571,0,"Significant","missense"
"10678A>G","15446C>T",673,666.658325312801,0.00411175721958571,0.212,"Not Significant","missense"
"10678A>G","6685A>T",517,394.567853705486,0.117368843645104,0,"Significant","missense"
"10678A>G","9823T>C",450,379.166506256015,0.07438254689896,0,"Significant","missense"
"10678A>G","13580C>T",524,396.034648700674,0.121598103378308,0,"Significant","missense"
"10678A>G","15086A>G",548,421.703561116458,0.113773290012292,0,"Significant","missense"
"10678A>G","5230T>C",479,437.104908565929,0.039749829891895,0,"Significant","missense"
"10678A>G","7788T>C",528,421.703561116458,0.097626654061738,0,"Significant","missense"
"10678A>G","9231C>G",132,247.154956689124,-0.272395393447759,0,"Significant","missense"
"10678A>G","6925C>T",571,525.846005774784,0.0357775287956182,0,"Significant","missense"
"10678A>G","3542T>C",517,401.901828681424,0.109370560827126,0,"Significant","missense"
"10678A>G","12691A>G",246,222.219441770934,0.0441530548186322,0,"Significant","missense"
"10678A>G","8015C>T",442,370.365736284889,0.0767914674479885,0,"Significant","missense"
"10678A>G","11244T>C",494,383.566891241578,0.109885836273924,0,"Significant","missense"
"10678A>G","7665C>T",533,447.372473532243,0.0760579502333666,0,"Significant","missense"
"10678A>G","5326C>T",498,388.700673724735,0.107614049376481,0,"Significant","missense"
"10678A>G","15378T>C",200,200.217516843118,-0.000472075159197656,1,"Not Significant","missense"
"10678A>G","3661T>C",451,340.296438883542,0.122319137540625,0,"Significant","missense"
"10678A>G","10972A>T",503,408.502406159769,0.0903733660997554,0,"Significant","missense"
"10678A>G","14000T>C",515,409.969201154957,0.0990559973723231,0,"Significant","missense"
"10678A>G","11538C>T",506,398.234841193455,0.104011263468506,0,"Significant","missense"
"10678A>G","8118G>A",474,402.635226179018,0.0708665734415539,0,"Significant","missense"
"10678A>G","3706C>T",446,365.231953801732,0.0867660921699797,0,"Significant","missense"
"10678A>G","12923G>C",502,385.76708373436,0.114378549208831,0,"Significant","missense"
"10678A>G","12009G>C",487,370.365736284889,0.118898159313522,0,"Significant","missense"
"10678A>G","3650C>T",482,390.167468719923,0.0917959821613571,0,"Significant","missense"
"10678A>G","3428G>A",450,354.964388835419,0.103027728348482,0,"Significant","missense"
"10678A>G","12361A>T",419,350.564003849856,0.0774467025717331,0,"Significant","missense"
"13330C>T","13766C>T",294,130.244465832531,0.353588051488049,0,"Significant","missense"
"13330C>T","8791C>T",278,129.899903753609,0.330435966625408,0,"Significant","missense"
"13330C>T","11178C>T",283,119.90760346487,0.372939712490804,0,"Significant","missense"
"13330C>T","7324A>G",267,119.563041385948,0.348914307486804,0,"Significant","missense"
"13330C>T","10680G>A",267,113.360923965351,0.372047884327683,0,"Significant","missense"
"13330C>T","7336C>T",138,251.185755534167,-0.260115921003293,0,"Significant","missense"
"13330C>T","14889G>A",136,256.009624639076,-0.274717384476905,0,"Significant","missense"
"13330C>T","12700C>T",293,165.734359961501,0.247455064893467,0,"Significant","missense"
"13330C>T","14256T>C",136,251.53031761309,-0.267051430836789,0,"Significant","missense"
"13330C>T","11060T>A",117,245.672762271415,-0.322171147192206,0,"Significant","missense"
"13330C>T","5262G>A",129,242.227141482194,-0.273633093807115,0,"Significant","missense"
"13330C>T","6075G>A",169,254.631376323388,-0.178025212867763,0,"Significant","missense"
"13330C>T","4684T>C",116,232.579403272377,-0.302113262690616,0,"Significant","missense"
"13330C>T","3416C>T",145,237.403272377286,-0.214118698759231,0,"Significant","missense"
"13330C>T","6103T>C",114,228.789220404235,-0.302530707118051,0,"Significant","missense"
"13330C>T","7658G>A",134,234.991337824832,-0.243947055378229,0,"Significant","missense"
"13330C>T","9540T>A",117,231.201154956689,-0.295804137509344,0,"Significant","missense"
"13330C>T","13756C>T",152,243.949951876805,-0.205457148831586,0,"Significant","missense"
"13330C>T","14819T>C",145,249.118383060635,-0.235037774146128,0,"Significant","missense"
"13330C>T","14985G>A",131,239.470644850818,-0.261980988020896,0,"Significant","missense"
"13330C>T","4930T>C",129,227.755534167469,-0.246879228272942,0,"Significant","missense"
"13330C>T","4008A>T",255,93.720885466795,0.434703797312766,0,"Significant","missense"
"13330C>T","12047T>C",132,252.219441770934,-0.281204628939082,0,"Significant","missense"
"13330C>T","12053C>T",262,292.18864292589,-0.0473620400236482,0,"Significant","missense"
"13330C>T","7944C>T",133,240.159769008662,-0.256648616217475,0,"Significant","missense"
"13330C>T","9622C>T",267,115.083734359961,0.365497315466099,0,"Significant","missense"
"13330C>T","7191T>C",132,240.159769008662,-0.259926325978708,0,"Significant","missense"
"13330C>T","14249G>A",155,248.773820981713,-0.205472978485939,0,"Significant","missense"
"13330C>T","8920G>A",137,253.2531280077,-0.26683425101434,0,"Significant","missense"
"13330C>T","15140G>A",190,266.691049085659,-0.147254838816695,0,"Significant","missense"
"13330C>T","12971C>T",318,296.667949951877,0.0301564894440712,0.001,"Significant","missense"
"13330C>T","12790T>C",126,243.260827718961,-0.285701635020772,0,"Significant","missense"
"13330C>T","5314T>C",121,221.20885466795,-0.262017136838938,0,"Significant","missense"
"13330C>T","9816C>T",105,216.384985563041,-0.314037823753742,0,"Significant","missense"
"13330C>T","9988C>T",126,232.234841193455,-0.265556830504296,0,"Significant","missense"
"13330C>T","8923A>T",115,219.830606352262,-0.281390317454067,0,"Significant","missense"
"13330C>T","13126C>T",149,230.512030798845,-0.189507328442143,0,"Significant","missense"
"13330C>T","15660C>T",121,212.939364773821,-0.245470583858908,0,"Significant","missense"
"13330C>T","10312C>T",144,237.403272377286,-0.217124208898954,0,"Significant","missense"
"13330C>T","8413A>T",140,237.747834456208,-0.229988534145587,0,"Significant","missense"
"13330C>T","5328C>T",102,187.097208854668,-0.263467136913433,0,"Significant","missense"
"13330C>T","11028C>T",126,225.688161693936,-0.253138233960765,0,"Significant","missense"
"13330C>T","5320C>T",208,246.017324350337,-0.0729023559000776,0,"Significant","missense"
"13330C>T","5270C>A",103,216.384985563041,-0.3223898981185,0,"Significant","missense"
"13330C>T","13033C>T",309,320.442733397498,-0.0157919482157925,0.014,"Significant","missense"
"13330C>T","8088T>C",99,173.314725697786,-0.243200269544886,0,"Significant","missense"
"13330C>T","11672A>C",133,213.973051010587,-0.206507438296068,0,"Significant","missense"
"13330C>T","6322G>A",106,208.804619826756,-0.294434237988011,0,"Significant","missense"
"13330C>T","3578T>A",288,304.592877767084,-0.024327256340531,0,"Significant","missense"
"13330C>T","8722C>T",275,152.985563041386,0.25468224462882,0,"Significant","missense"
"13330C>T","6174G>A",280,249.118383060635,0.0507522549609722,0,"Significant","missense"
"13330C>T","8921G>A",103,174.692974013474,-0.229438213714688,0,"Significant","missense"
"13330C>T","9571C>T",254,97.1665062560154,0.417317129213604,0,"Significant","missense"
"13330C>T","6682A>T",113,207.081809432146,-0.263063507605842,0,"Significant","missense"
"13330C>T","9896A>T",100,193.643888354187,-0.287003794655548,0,"Significant","missense"
"13330C>T","13450T>C",276,152.296438883542,0.258219333629301,0,"Significant","missense"
"13330C>T","15446C>T",320,313.206929740135,0.00931861601123853,0.234,"Not Significant","missense"
"13330C>T","6685A>T",90,185.374398460058,-0.313807245313513,0,"Significant","missense"
"13330C>T","9823T>C",102,178.138594802695,-0.24215785041854,0,"Significant","missense"
"13330C>T","13580C>T",100,186.063522617902,-0.269661238909465,0,"Significant","missense"
"13330C>T","15086A>G",110,198.123195380173,-0.255542638617927,0,"Significant","missense"
"13330C>T","5230T>C",205,205.358999037536,-0.000759877771178684,1,"Not Significant","missense"
"13330C>T","7788T>C",114,198.123195380173,-0.240030472439693,0,"Significant","missense"
"13330C>T","9231C>G",261,116.117420596728,0.351743127380038,0,"Significant","missense"
"13330C>T","6925C>T",216,247.051010587103,-0.058332883603541,0,"Significant","missense"
"13330C>T","3542T>C",112,188.820019249278,-0.226830014900727,0,"Significant","missense"
"13330C>T","12691A>G",61,104.402309913378,-0.233380272577939,0,"Significant","missense"
"13330C>T","8015C>T",101,174.00384985563,-0.236237483422535,0,"Significant","missense"
"13330C>T","11244T>C",102,180.205967276227,-0.247168996191869,0,"Significant","missense"
"13330C>T","7665C>T",153,210.182868142445,-0.137905883279788,0,"Significant","missense"
"13330C>T","5326C>T",109,182.617901828681,-0.224116850746702,0,"Significant","missense"
"13330C>T","15378T>C",62,94.065447545717,-0.18103843662896,0,"Significant","missense"
"13330C>T","3661T>C",73,159.876804619827,-0.340462599520799,0,"Significant","missense"
"13330C>T","10972A>T",127,191.921077959577,-0.179318953304353,0,"Significant","missense"
"13330C>T","14000T>C",106,192.610202117421,-0.259373421708166,0,"Significant","missense"
"13330C>T","11538C>T",97,187.097208854668,-0.285295574409083,0,"Significant","missense"
"13330C>T","8118G>A",143,189.1645813282,-0.121503786071653,0,"Significant","missense"
"13330C>T","3706C>T",118,171.591915303176,-0.162614814540174,0,"Significant","missense"
"13330C>T","12923G>C",103,181.239653512993,-0.245415998535082,0,"Significant","missense"
"13330C>T","12009G>C",89,174.00384985563,-0.291168850560207,0,"Significant","missense"
"13330C>T","3650C>T",117,183.307025986526,-0.194993249635449,0,"Significant","missense"
"13330C>T","3428G>A",103,166.768046198268,-0.209275616025776,0,"Significant","missense"
"13330C>T","12361A>T",91,164.700673724735,-0.257653983377509,0,"Significant","missense"
"13766C>T","8791C>T",284,137.156881616939,0.316100737561033,0,"Significant","missense"
"13766C>T","11178C>T",284,126.60635226179,0.350862843820219,0,"Significant","missense"
"13766C>T","7324A>G",268,126.242540904716,0.326929066957685,0,"Significant","missense"
"13766C>T","10680G>A",269,119.693936477382,0.351680129772184,0,"Significant","missense"
"13766C>T","7336C>T",147,265.218479307026,-0.256286445849715,0,"Significant","missense"
"13766C>T","14889G>A",145,270.311838306064,-0.27049706380551,0,"Significant","missense"
"13766C>T","12700C>T",296,174.993262752647,0.228270382404957,0,"Significant","missense"
"13766C>T","14256T>C",147,265.5822906641,-0.256881777652196,0,"Significant","missense"
"13766C>T","11060T>A",124,259.39749759384,-0.320544096969496,0,"Significant","missense"
"13766C>T","5262G>A",140,255.759384023099,-0.261703541621494,0,"Significant","missense"
"13766C>T","6075G>A",181,268.856592877767,-0.171842115805611,0,"Significant","missense"
"13766C>T","4684T>C",122,245.572666025024,-0.303820194436145,0,"Significant","missense"
"13766C>T","3416C>T",148,250.666025024062,-0.228833758792596,0,"Significant","missense"
"13766C>T","6103T>C",124,241.570741097209,-0.28962264648566,0,"Significant","missense"
"13766C>T","7658G>A",140,248.119345524543,-0.248532591258154,0,"Significant","missense"
"13766C>T","9540T>A",122,244.117420596728,-0.301238941774114,0,"Significant","missense"
"13766C>T","13756C>T",160,257.57844080847,-0.206789527313789,0,"Significant","missense"
"13766C>T","14819T>C",158,263.035611164581,-0.221357462620046,0,"Significant","missense"
"13766C>T","14985G>A",144,252.848893166506,-0.244498564774782,0,"Significant","missense"
"13766C>T","4930T>C",137,240.479307025987,-0.244357144609145,0,"Significant","missense"
"13766C>T","4008A>T",259,98.9566891241578,0.417854607766734,0,"Significant","missense"
"13766C>T","12047T>C",142,266.309913378248,-0.273098988955241,0,"Significant","missense"
"13766C>T","12053C>T",273,308.512030798845,-0.0531094574959874,0,"Significant","missense"
"13766C>T","7944C>T",142,253.576515880654,-0.251820685994866,0,"Significant","missense"
"13766C>T","9622C>T",264,121.512993262753,0.336981207778026,0,"Significant","missense"
"13766C>T","7191T>C",147,253.576515880654,-0.236791695629757,0,"Significant","missense"
"13766C>T","14249G>A",167,262.671799807507,-0.196696978702009,0,"Significant","missense"
"13766C>T","8920G>A",144,267.401347449471,-0.268801099268854,0,"Significant","missense"
"13766C>T","15140G>A",200,281.589990375361,-0.148587217298896,0,"Significant","missense"
"13766C>T","12971C>T",320,313.241578440808,0.00927057458620044,0.254,"Not Significant","missense"
"13766C>T","12790T>C",133,256.850818094321,-0.285829312364609,0,"Significant","missense"
"13766C>T","5314T>C",132,233.566891241578,-0.247837349142908,0,"Significant","missense"
"13766C>T","9816C>T",115,228.473532242541,-0.298138055663445,0,"Significant","missense"
"13766C>T","9988C>T",126,245.20885466795,-0.289165603697637,0,"Significant","missense"
"13766C>T","8923A>T",129,232.111645813282,-0.255107220701812,0,"Significant","missense"
"13766C>T","13126C>T",159,243.389797882579,-0.184905245727325,0,"Significant","missense"
"13766C>T","15660C>T",128,224.8354186718,-0.244654757720849,0,"Significant","missense"
"13766C>T","10312C>T",155,250.666025024062,-0.208763776017275,0,"Significant","missense"
"13766C>T","8413A>T",148,251.029836381136,-0.229463627622225,0,"Significant","missense"
"13766C>T","5328C>T",107,197.549566891242,-0.266292304183499,0,"Significant","missense"
"13766C>T","11028C>T",127,238.296438883542,-0.273313831315714,0,"Significant","missense"
"13766C>T","5320C>T",205,259.761308950914,-0.102820603000423,0,"Significant","missense"
"13766C>T","5270C>A",106,228.473532242541,-0.333530030752254,0,"Significant","missense"
"13766C>T","13033C>T",330,338.344562078922,-0.0108452609560924,0.089,"Not Significant","missense"
"13766C>T","8088T>C",108,182.997112608277,-0.229020481848861,0,"Significant","missense"
"13766C>T","11672A>C",126,225.926852743022,-0.253597307338913,0,"Significant","missense"
"13766C>T","6322G>A",112,220.46968238691,-0.294130853775962,0,"Significant","missense"
"13766C>T","3578T>A",303,321.609239653513,-0.0258858887908078,0,"Significant","missense"
"13766C>T","8722C>T",295,161.532242540905,0.261562793583374,0,"Significant","missense"
"13766C>T","6174G>A",291,263.035611164581,0.0438784394113126,0,"Significant","missense"
"13766C>T","8921G>A",115,184.452358036574,-0.20518637125963,0,"Significant","missense"
"13766C>T","9571C>T",250,102.594802694899,0.386814648072379,0,"Significant","missense"
"13766C>T","6682A>T",126,218.65062560154,-0.239380179165078,0,"Significant","missense"
"13766C>T","9896A>T",107,204.46198267565,-0.281228790163706,0,"Significant","missense"
"13766C>T","13450T>C",280,160.804619826757,0.240859509712964,0,"Significant","missense"
"13766C>T","15446C>T",338,330.704523580366,0.00947656477563655,0.167,"Not Significant","missense"
"13766C>T","6685A>T",105,195.730510105871,-0.270469228876307,0,"Significant","missense"
"13766C>T","9823T>C",109,188.090471607315,-0.236940297433199,0,"Significant","missense"
"13766C>T","13580C>T",107,196.458132820019,-0.263886234417622,0,"Significant","missense"
"13766C>T","15086A>G",113,209.191530317613,-0.267465653486082,0,"Significant","missense"
"13766C>T","5230T>C",208,216.831568816169,-0.0180591770575143,0.261,"Not Significant","missense"
"13766C>T","7788T>C",114,209.191530317613,-0.263639245633032,0,"Significant","missense"
"13766C>T","9231C>G",270,122.604427333975,0.342857611007407,0,"Significant","missense"
"13766C>T","6925C>T",227,260.852743022137,-0.0603695507547005,0,"Significant","missense"
"13766C>T","3542T>C",113,199.368623676612,-0.246578367280831,0,"Significant","missense"
"13766C>T","12691A>G",61,110.234841193455,-0.256989045771268,0,"Significant","missense"
"13766C>T","8015C>T",105,183.724735322425,-0.242978331328594,0,"Significant","missense"
"13766C>T","11244T>C",109,190.273339749759,-0.241951443206528,0,"Significant","missense"
"13766C>T","7665C>T",167,221.924927815207,-0.123489616143167,0,"Significant","missense"
"13766C>T","5326C>T",116,192.820019249278,-0.220694132653769,0,"Significant","missense"
"13766C>T","15378T>C",72,99.320500481232,-0.13970640288937,0,"Significant","missense"
"13766C>T","3661T>C",85,168.808469682387,-0.297975307120382,0,"Significant","missense"
"13766C>T","10972A>T",136,202.642925890279,-0.173192539083454,0,"Significant","missense"
"13766C>T","14000T>C",113,203.370548604427,-0.255209616682881,0,"Significant","missense"
"13766C>T","11538C>T",114,197.549566891242,-0.238771230532261,0,"Significant","missense"
"13766C>T","8118G>A",154,199.732435033686,-0.112927875893612,0,"Significant","missense"
"13766C>T","3706C>T",125,181.178055822907,-0.161195582031601,0,"Significant","missense"
"13766C>T","12923G>C",109,191.364773820982,-0.244435498492992,0,"Significant","missense"
"13766C>T","12009G>C",91,183.724735322425,-0.305126238077375,0,"Significant","missense"
"13766C>T","3650C>T",131,193.547641963426,-0.169516588919225,0,"Significant","missense"
"13766C>T","3428G>A",105,176.084696823869,-0.224532314854355,0,"Significant","missense"
"13766C>T","12361A>T",99,173.901828681424,-0.244668954294428,0,"Significant","missense"
"8791C>T","11178C>T",278,126.271414821944,0.342739749322692,0,"Significant","missense"
"8791C>T","7324A>G",263,125.908565928778,0.319900471050089,0,"Significant","missense"
"8791C>T","10680G>A",267,119.377285851781,0.349589560765784,0,"Significant","missense"
"8791C>T","7336C>T",156,264.516843118383,-0.229328732612014,0,"Significant","missense"
"8791C>T","14889G>A",159,269.596727622714,-0.229317492088627,0,"Significant","missense"
"8791C>T","12700C>T",297,174.53031761309,0.230885570294663,0,"Significant","missense"
"8791C>T","14256T>C",157,264.87969201155,-0.227149010359725,0,"Significant","missense"
"8791C>T","11060T>A",137,258.711260827719,-0.276094765343925,0,"Significant","missense"
"8791C>T","5262G>A",148,255.082771896054,-0.236419412273359,0,"Significant","missense"
"8791C>T","6075G>A",186,268.145332050048,-0.158857296825453,0,"Significant","missense"
"8791C>T","4684T>C",134,244.923002887392,-0.261924777114686,0,"Significant","missense"
"8791C>T","3416C>T",159,250.002887391723,-0.19654790023569,0,"Significant","missense"
"8791C>T","6103T>C",132,240.93166506256,-0.261319950810634,0,"Significant","missense"
"8791C>T","7658G>A",154,247.462945139557,-0.205989456468525,0,"Significant","missense"
"8791C>T","9540T>A",134,243.471607314726,-0.259343524452654,0,"Significant","missense"
"8791C>T","13756C>T",172,256.897016361886,-0.174230613430752,0,"Significant","missense"
"8791C>T","14819T>C",166,262.339749759384,-0.198756011902995,0,"Significant","missense"
"8791C>T","14985G>A",160,252.179980750722,-0.197590624582705,0,"Significant","missense"
"8791C>T","4930T>C",146,239.843118383061,-0.215574406349702,0,"Significant","missense"
"8791C>T","4008A>T",256,98.6948989412897,0.413945258628765,0,"Significant","missense"
"8791C>T","12047T>C",150,265.605389797883,-0.2481456246512,0,"Significant","missense"
"8791C>T","12053C>T",282,307.695861405197,-0.0378725465859553,0,"Significant","missense"
"8791C>T","7944C>T",152,252.905678537055,-0.221114992801738,0,"Significant","missense"
"8791C>T","9622C>T",267,121.191530317613,0.3430389919042,0,"Significant","missense"
"8791C>T","7191T>C",159,252.905678537055,-0.201561456426072,0,"Significant","missense"
"8791C>T","14249G>A",179,261.976900866217,-0.165409969238285,0,"Significant","missense"
"8791C>T","8920G>A",156,266.693936477382,-0.232888543378233,0,"Significant","missense"
"8791C>T","15140G>A",211,280.845043310876,-0.124184308033764,0,"Significant","missense"
"8791C>T","12971C>T",338,312.412897016362,0.0341877461753741,0,"Significant","missense"
"8791C>T","12790T>C",144,256.171318575553,-0.250168011605037,0,"Significant","missense"
"8791C>T","5314T>C",149,232.948989412897,-0.19407456230509,0,"Significant","missense"
"8791C>T","9816C>T",137,227.869104908566,-0.220964879229278,0,"Significant","missense"
"8791C>T","9988C>T",147,244.560153994225,-0.221068364435641,0,"Significant","missense"
"8791C>T","8923A>T",139,231.497593840231,-0.221531681115558,0,"Significant","missense"
"8791C>T","13126C>T",169,242.745909528393,-0.157265215802687,0,"Significant","missense"
"8791C>T","15660C>T",136,224.240615976901,-0.217175369367088,0,"Significant","missense"
"8791C>T","10312C>T",159,250.002887391723,-0.19654790023569,0,"Significant","missense"
"8791C>T","8413A>T",154,250.365736284889,-0.211054172549299,0,"Significant","missense"
"8791C>T","5328C>T",124,197.026948989413,-0.201103947075097,0,"Significant","missense"
"8791C>T","11028C>T",143,237.666025024062,-0.220631065175216,0,"Significant","missense"
"8791C>T","5320C>T",221,259.074109720885,-0.0690317407396503,0,"Significant","missense"
"8791C>T","5270C>A",124,227.869104908566,-0.264263761223417,0,"Significant","missense"
"8791C>T","13033C>T",333,337.449470644851,-0.00576451769622904,0.414,"Not Significant","missense"
"8791C>T","8088T>C",114,182.512993262753,-0.204388936367927,0,"Significant","missense"
"8791C>T","11672A>C",144,225.3291626564,-0.194454910729837,0,"Significant","missense"
"8791C>T","6322G>A",127,219.886429258903,-0.2383947058588,0,"Significant","missense"
"8791C>T","3578T>A",314,320.758421559192,-0.00924841958847074,0.229,"Not Significant","missense"
"8791C>T","8722C>T",278,161.104908565929,0.236936023154728,0,"Significant","missense"
"8791C>T","6174G>A",299,262.339749759384,0.0568070883812631,0,"Significant","missense"
"8791C>T","8921G>A",125,183.964388835419,-0.167823748973784,0,"Significant","missense"
"8791C>T","9571C>T",254,102.323387872955,0.394858805651708,0,"Significant","missense"
"8791C>T","6682A>T",133,218.07218479307,-0.214748633684142,0,"Significant","missense"
"8791C>T","9896A>T",119,203.921077959577,-0.233915156824994,0,"Significant","missense"
"8791C>T","13450T>C",285,160.379210779596,0.249696788010684,0,"Significant","missense"
"8791C>T","15446C>T",337,329.829643888354,0.00934021500075288,0.185,"Not Significant","missense"
"8791C>T","6685A>T",111,195.21270452358,-0.245185099528178,0,"Significant","missense"
"8791C>T","9823T>C",115,187.592877767084,-0.2125185053888,0,"Significant","missense"
"8791C>T","13580C>T",113,195.938402309913,-0.239041118988001,0,"Significant","missense"
"8791C>T","15086A>G",124,208.638113570741,-0.225971962175869,0,"Significant","missense"
"8791C>T","5230T>C",216,216.257940327238,-0.000518311237920758,1,"Not Significant","missense"
"8791C>T","7788T>C",144,208.638113570741,-0.161031155242903,0,"Significant","missense"
"8791C>T","9231C>G",268,122.280076997113,0.340779090508642,0,"Significant","missense"
"8791C>T","6925C>T",226,260.162656400385,-0.0611365191689894,0,"Significant","missense"
"8791C>T","3542T>C",128,198.841193455245,-0.191296391484995,0,"Significant","missense"
"8791C>T","12691A>G",65,109.943214629451,-0.228255074507792,0,"Significant","missense"
"8791C>T","8015C>T",107,183.238691049086,-0.233633403081898,0,"Significant","missense"
"8791C>T","11244T>C",111,189.769971126083,-0.23290451272907,0,"Significant","missense"
"8791C>T","7665C>T",176,221.337824831569,-0.0995429698451821,0,"Significant","missense"
"8791C>T","5326C>T",129,192.309913378248,-0.173411961950045,0,"Significant","missense"
"8791C>T","15378T>C",71,99.0577478344562,-0.144630100970123,0,"Significant","missense"
"8791C>T","3661T>C",98,168.361886429259,-0.235017707510816,0,"Significant","missense"
"8791C>T","10972A>T",146,202.106833493744,-0.141228142037825,0,"Significant","missense"
"8791C>T","14000T>C",118,202.832531280077,-0.235255603228759,0,"Significant","missense"
"8791C>T","11538C>T",129,197.026948989413,-0.183935921938097,0,"Significant","missense"
"8791C>T","8118G>A",164,199.204042348412,-0.0844542990509626,0,"Significant","missense"
"8791C>T","3706C>T",124,180.69874879692,-0.163533460245988,0,"Significant","missense"
"8791C>T","12923G>C",121,190.858517805582,-0.197926176485773,0,"Significant","missense"
"8791C>T","12009G>C",111,183.238691049086,-0.217694201980465,0,"Significant","missense"
"8791C>T","3650C>T",129,193.035611164581,-0.175047724644303,0,"Significant","missense"
"8791C>T","3428G>A",110,175.618864292589,-0.203178479134655,0,"Significant","missense"
"8791C>T","12361A>T",110,173.44177093359,-0.197761014102365,0,"Significant","missense"
"11178C>T","7324A>G",270,116.223291626564,0.366070592978497,0,"Significant","missense"
"11178C>T","10680G>A",270,110.194417709336,0.389204169819376,0,"Significant","missense"
"11178C>T","7336C>T",125,244.169393647738,-0.290781211699152,0,"Significant","missense"
"11178C>T","14889G>A",126,248.858517805582,-0.295581965032246,0,"Significant","missense"
"11178C>T","12700C>T",292,161.104908565929,0.258274078685062,0,"Significant","missense"
"11178C>T","14256T>C",123,244.504331087584,-0.298381445070286,0,"Significant","missense"
"11178C>T","11060T>A",106,238.810394610202,-0.352747360976271,0,"Significant","missense"
"11178C>T","5262G>A",118,235.461020211742,-0.300037014102918,0,"Significant","missense"
"11178C>T","6075G>A",156,247.518768046198,-0.200483536429665,0,"Significant","missense"
"11178C>T","4684T>C",106,226.082771896054,-0.32896160395544,0,"Significant","missense"
"11178C>T","3416C>T",131,230.771896053898,-0.245911622641122,0,"Significant","missense"
"11178C>T","6103T>C",104,222.398460057748,-0.330098436458418,0,"Significant","missense"
"11178C>T","7658G>A",126,228.427333974976,-0.258377525928165,0,"Significant","missense"
"11178C>T","9540T>A",107,224.74302213667,-0.322302438872973,0,"Significant","missense"
"11178C>T","13756C>T",141,237.135707410972,-0.225777841423668,0,"Significant","missense"
"11178C>T","14819T>C",135,242.159769008662,-0.253768225188786,0,"Significant","missense"
"11178C>T","14985G>A",124,232.781520692974,-0.273526815817119,0,"Significant","missense"
"11178C>T","4930T>C",123,221.39364773821,-0.255260044435489,0,"Significant","missense"
"11178C>T","4008A>T",263,91.1029836381136,0.460423148065844,0,"Significant","missense"
"11178C>T","12047T>C",122,245.174205967276,-0.303114946772868,0,"Significant","missense"
"11178C>T","12053C>T",251,284.026948989413,-0.053685827165059,0,"Significant","missense"
"11178C>T","7944C>T",120,233.451395572666,-0.289015228439612,0,"Significant","missense"
"11178C>T","9622C>T",265,111.869104908566,0.374535710735616,0,"Significant","missense"
"11178C>T","7191T>C",127,233.451395572666,-0.2643927535313,0,"Significant","missense"
"11178C>T","14249G>A",150,241.824831568816,-0.207409634903251,0,"Significant","missense"
"11178C>T","8920G>A",126,246.179018286814,-0.290880490355867,0,"Significant","missense"
"11178C>T","15140G>A",181,259.241578440808,-0.156026082203039,0,"Significant","missense"
"11178C>T","12971C>T",307,288.381135707411,0.0271715276341191,0.002,"Significant","missense"
"11178C>T","12790T>C",113,236.46583253128,-0.320689953957587,0,"Significant","missense"
"11178C>T","5314T>C",118,215.029836381136,-0.260616717151965,0,"Significant","missense"
"11178C>T","9816C>T",102,210.340712223292,-0.314323168364463,0,"Significant","missense"
"11178C>T","9988C>T",116,225.747834456208,-0.289165603697623,0,"Significant","missense"
"11178C>T","8923A>T",111,213.690086621752,-0.28446139632372,0,"Significant","missense"
"11178C>T","13126C>T",140,224.073147256978,-0.204261778478872,0,"Significant","missense"
"11178C>T","15660C>T",108,206.991337824832,-0.282528415991077,0,"Significant","missense"
"11178C>T","10312C>T",133,230.771896053898,-0.239331277329805,0,"Significant","missense"
"11178C>T","8413A>T",131,231.106833493744,-0.246541491470751,0,"Significant","missense"
"11178C>T","5328C>T",93,181.871029836381,-0.291280577424087,0,"Significant","missense"
"11178C>T","11028C>T",105,219.384023099134,-0.320015697311033,0,"Significant","missense"
"11178C>T","5320C>T",194,239.145332050048,-0.0908601782353096,0,"Significant","missense"
"11178C>T","5270C>A",91,210.340712223292,-0.363881947805235,0,"Significant","missense"
"11178C>T","13033C>T",301,311.491819056785,-0.0148801493494905,0.028,"Significant","missense"
"11178C>T","8088T>C",97,168.473532242541,-0.239759947178896,0,"Significant","missense"
"11178C>T","11672A>C",119,207.99615014437,-0.242508335173297,0,"Significant","missense"
"11178C>T","6322G>A",98,202.97208854668,-0.316210244862966,0,"Significant","missense"
"11178C>T","3578T>A",277,296.084696823869,-0.0289361923380179,0.001,"Significant","missense"
"11178C>T","8722C>T",276,148.712223291627,0.26856241556106,0,"Significant","missense"
"11178C>T","6174G>A",273,242.159769008662,0.0520606533568014,0,"Significant","missense"
"11178C>T","8921G>A",95,169.813282001925,-0.25224805043369,0,"Significant","missense"
"11178C>T","9571C>T",254,94.4523580365736,0.429620911910885,0,"Significant","missense"
"11178C>T","6682A>T",98,201.297401347449,-0.312612092699421,0,"Significant","missense"
"11178C>T","9896A>T",92,188.234841193455,-0.310912184612668,0,"Significant","missense"
"11178C>T","13450T>C",275,148.042348411935,0.268946728091632,0,"Significant","missense"
"11178C>T","15446C>T",312,304.458132820019,0.0106270144070684,0.138,"Not Significant","missense"
"11178C>T","6685A>T",83,180.196342637151,-0.336667879679436,0,"Significant","missense"
"11178C>T","9823T>C",96,173.162656400385,-0.256183006443576,0,"Significant","missense"
"11178C>T","13580C>T",90,180.866217516843,-0.303114946772805,0,"Significant","missense"
"11178C>T","15086A>G",97,192.589027911453,-0.297859806812567,0,"Significant","missense"
"11178C>T","5230T>C",197,199.622714148219,-0.00574372996804411,0.755,"Not Significant","missense"
"11178C>T","7788T>C",112,192.589027911453,-0.23541351840869,0,"Significant","missense"
"11178C>T","9231C>G",265,112.873917228104,0.370652276675845,0,"Significant","missense"
"11178C>T","6925C>T",203,240.150144369586,-0.0729868141439576,0,"Significant","missense"
"11178C>T","3542T>C",96,183.545717035611,-0.281473021833988,0,"Significant","missense"
"11178C>T","12691A>G",59,101.48604427334,-0.235554313249256,0,"Significant","missense"
"11178C>T","8015C>T",98,169.143407122233,-0.237028998815384,0,"Significant","missense"
"11178C>T","11244T>C",93,175.172281039461,-0.274982436702524,0,"Significant","missense"
"11178C>T","7665C>T",139,204.311838306063,-0.167278731145975,0,"Significant","missense"
"11178C>T","5326C>T",105,177.516843118383,-0.228050266920085,0,"Significant","missense"
"11178C>T","15378T>C",70,91.4379210779596,-0.116028303415757,0.001,"Significant","missense"
"11178C>T","3661T>C",69,155.410972088547,-0.352632586206679,0,"Significant","missense"
"11178C>T","10972A>T",124,186.560153994225,-0.17739720640078,0,"Significant","missense"
"11178C>T","14000T>C",101,187.230028873917,-0.268054130492986,0,"Significant","missense"
"11178C>T","11538C>T",100,181.871029836381,-0.259763525978055,0,"Significant","missense"
"11178C>T","8118G>A",145,183.880654475457,-0.103168038604457,0,"Significant","missense"
"11178C>T","3706C>T",115,166.798845043311,-0.161495198795392,0,"Significant","missense"
"11178C>T","12923G>C",93,176.177093358999,-0.277466491988987,0,"Significant","missense"
"11178C>T","12009G>C",86,169.143407122233,-0.293756623264249,0,"Significant","missense"
"11178C>T","3650C>T",110,178.186717998075,-0.209482643526076,0,"Significant","missense"
"11178C>T","3428G>A",98,162.109720885467,-0.218582982341146,0,"Significant","missense"
"11178C>T","12361A>T",88,160.100096246391,-0.259908920851131,0,"Significant","missense"
"7324A>G","10680G>A",266,109.877767083734,0.383971811447164,0,"Significant","missense"
"7324A>G","7336C>T",141,243.467757459095,-0.237222342896161,0,"Significant","missense"
"7324A>G","14889G>A",142,248.143407122233,-0.242414396611084,0,"Significant","missense"
"7324A>G","12700C>T",277,160.641963426372,0.236620765456807,0,"Significant","missense"
"7324A>G","14256T>C",141,243.801732435034,-0.237817674698642,0,"Significant","missense"
"7324A>G","11060T>A",123,238.124157844081,-0.286898345645993,0,"Significant","missense"
"7324A>G","5262G>A",138,234.784408084697,-0.230790165852154,0,"Significant","missense"
"7324A>G","6075G>A",172,246.807507218479,-0.156829918720897,0,"Significant","missense"
"7324A>G","4684T>C",126,225.433108758422,-0.252647154947006,0,"Significant","missense"
"7324A>G","3416C>T",152,230.108758421559,-0.180089561196453,0,"Significant","missense"
"7324A>G","6103T>C",125,221.759384023099,-0.248971993593506,0,"Significant","missense"
"7324A>G","7658G>A",143,227.77093358999,-0.202162264425,0,"Significant","missense"
"7324A>G","9540T>A",127,224.097208854668,-0.246632726446583,0,"Significant","missense"
"7324A>G","13756C>T",161,236.454282964389,-0.16692130889153,0,"Significant","missense"
"7324A>G","14819T>C",151,241.463907603465,-0.20387527723495,0,"Significant","missense"
"7324A>G","14985G>A",142,232.11260827719,-0.213410387440635,0,"Significant","missense"
"7324A>G","4930T>C",136,220.757459095284,-0.210376478348996,0,"Significant","missense"
"7324A>G","4008A>T",252,90.8411934552454,0.443117709513343,0,"Significant","missense"
"7324A>G","12047T>C",135,244.46968238691,-0.257891239796938,0,"Significant","missense"
"7324A>G","12053C>T",263,283.210779595765,-0.0321540310006405,0.001,"Significant","missense"
"7324A>G","7944C>T",135,232.780558229066,-0.236612936836564,0,"Significant","missense"
"7324A>G","9622C>T",263,111.547641963426,0.372495354444273,0,"Significant","missense"
"7324A>G","7191T>C",143,232.780558229066,-0.211610667866527,0,"Significant","missense"
"7324A>G","14249G>A",162,241.129932627526,-0.172736110260616,0,"Significant","missense"
"7324A>G","8920G>A",138,245.471607314726,-0.250122179916517,0,"Significant","missense"
"7324A>G","15140G>A",195,258.496631376323,-0.122420276554016,0,"Significant","missense"
"7324A>G","12971C>T",315,287.552454282964,0.0395934751022364,0,"Significant","missense"
"7324A>G","12790T>C",127,235.786333012512,-0.268714907329385,0,"Significant","missense"
"7324A>G","5314T>C",130,214.411934552454,-0.217305602995581,0,"Significant","missense"
"7324A>G","9816C>T",121,209.736284889317,-0.23888820065429,0,"Significant","missense"
"7324A>G","9988C>T",132,225.099133782483,-0.23179989256303,0,"Significant","missense"
"7324A>G","8923A>T",121,213.076034648701,-0.245749235638253,0,"Significant","missense"
"7324A>G","13126C>T",154,223.429258902791,-0.161619324164969,0,"Significant","missense"
"7324A>G","15660C>T",125,206.396535129933,-0.217792389314319,0,"Significant","missense"
"7324A>G","10312C>T",147,230.108758421559,-0.194615814393039,0,"Significant","missense"
"7324A>G","8413A>T",143,230.442733397498,-0.207226980505775,0,"Significant","missense"
"7324A>G","5328C>T",108,181.348411934552,-0.225090001335431,0,"Significant","missense"
"7324A>G","11028C>T",123,218.753609239654,-0.250050115785927,0,"Significant","missense"
"7324A>G","5320C>T",211,238.458132820019,-0.0531296837121544,0.001,"Significant","missense"
"7324A>G","5270C>A",113,209.736284889317,-0.268595127487295,0,"Significant","missense"
"7324A>G","13033C>T",304,310.596727622714,-0.00932329217887471,0.167,"Not Significant","missense"
"7324A>G","8088T>C",105,167.989412897016,-0.20409261321953,0,"Significant","missense"
"7324A>G","11672A>C",130,207.398460057748,-0.202862175103315,0,"Significant","missense"
"7324A>G","6322G>A",109,202.388835418672,-0.268760053459175,0,"Significant","missense"
"7324A>G","3578T>A",281,295.233878729548,-0.0214598723416821,0.012,"Significant","missense"
"7324A>G","8722C>T",264,148.284889316651,0.250507029521387,0,"Significant","missense"
"7324A>G","6174G>A",275,241.463907603465,0.0564804693020136,0,"Significant","missense"
"7324A>G","8921G>A",111,169.32531280077,-0.18339890778024,0,"Significant","missense"
"7324A>G","9571C>T",246,94.1809432146295,0.416972071550037,0,"Significant","missense"
"7324A>G","6682A>T",114,200.71896053898,-0.245683547899799,0,"Significant","missense"
"7324A>G","9896A>T",102,187.693936477382,-0.264850071040645,0,"Significant","missense"
"7324A>G","13450T>C",268,147.616939364774,0.258998597445869,0,"Significant","missense"
"7324A>G","15446C>T",310,303.583253128008,0.009083883378606,0.239,"Not Significant","missense"
"7324A>G","6685A>T",104,179.67853705486,-0.237462863601129,0,"Significant","missense"
"7324A>G","9823T>C",99,172.665062560154,-0.241569275729902,0,"Significant","missense"
"7324A>G","13580C>T",100,180.346487006737,-0.256107687056471,0,"Significant","missense"
"7324A>G","15086A>G",107,192.035611164581,-0.253997994237937,0,"Significant","missense"
"7324A>G","5230T>C",208,199.049085659288,0.0191031479888195,0.257,"Not Significant","missense"
"7324A>G","7788T>C",120,192.035611164581,-0.204200525875566,0,"Significant","missense"
"7324A>G","9231C>G",255,112.549566891242,0.355196352328705,0,"Significant","missense"
"7324A>G","6925C>T",208,239.460057747834,-0.0611697479387075,0,"Significant","missense"
"7324A>G","3542T>C",103,183.018286814244,-0.249657261012709,0,"Significant","missense"
"7324A>G","12691A>G",59,101.194417709336,-0.23430454409355,0,"Significant","missense"
"7324A>G","8015C>T",99,168.657362848893,-0.231370110754627,0,"Significant","missense"
"7324A>G","11244T>C",109,174.668912415784,-0.204789118160197,0,"Significant","missense"
"7324A>G","7665C>T",156,203.724735322425,-0.115919163889936,0,"Significant","missense"
"7324A>G","5326C>T",111,177.006737247353,-0.202666818047682,0,"Significant","missense"
"7324A>G","15378T>C",67,91.1751684311838,-0.133801771573454,0,"Significant","missense"
"7324A>G","3661T>C",81,154.964388835419,-0.281746888909672,0,"Significant","missense"
"7324A>G","10972A>T",133,186.02406159769,-0.145717481440246,0,"Significant","missense"
"7324A>G","14000T>C",114,186.692011549567,-0.214220883783499,0,"Significant","missense"
"7324A>G","11538C>T",112,181.348411934552,-0.209295734152213,0,"Significant","missense"
"7324A>G","8118G>A",146,183.352261790183,-0.0989334158992904,0,"Significant","missense"
"7324A>G","3706C>T",118,166.319538017324,-0.149061262687182,0,"Significant","missense"
"7324A>G","12923G>C",101,175.6708373436,-0.24037829760461,0,"Significant","missense"
"7324A>G","12009G>C",100,168.657362848893,-0.227005305352181,0,"Significant","missense"
"7324A>G","3650C>T",120,177.67468719923,-0.170444313481002,0,"Significant","missense"
"7324A>G","3428G>A",110,161.643888354187,-0.167166603719758,0,"Significant","missense"
"7324A>G","12361A>T",92,159.640038498556,-0.23935399650006,0,"Significant","missense"
"10680G>A","7336C>T",117,230.838306063523,-0.295122016964427,0,"Significant","missense"
"10680G>A","14889G>A",118,235.271414821944,-0.299687156847063,0,"Significant","missense"
"10680G>A","12700C>T",279,152.308950914341,0.26287877650684,0,"Significant","missense"
"10680G>A","14256T>C",118,231.154956689124,-0.292021203206947,0,"Significant","missense"
"10680G>A","11060T>A",96,225.771896053898,-0.371398647204834,0,"Significant","missense"
"10680G>A","5262G>A",110,222.605389797883,-0.306142990254196,0,"Significant","missense"
"10680G>A","6075G>A",144,234.004812319538,-0.210862296692257,0,"Significant","missense"
"10680G>A","4684T>C",97,213.739172281039,-0.343112388957332,0,"Significant","missense"
"10680G>A","3416C>T",120,218.172281039461,-0.259618326252635,0,"Significant","missense"
"10680G>A","6103T>C",97,210.256015399423,-0.335976695494328,0,"Significant","missense"
"10680G>A","7658G>A",118,215.95572666025,-0.262482717742983,0,"Significant","missense"
"10680G>A","9540T>A",98,212.472569778633,-0.336076794869055,0,"Significant","missense"
"10680G>A","13756C>T",135,224.18864292589,-0.220279839587432,0,"Significant","missense"
"10680G>A","14819T>C",128,228.938402309913,-0.25250867803931,0,"Significant","missense"
"10680G>A","14985G>A",116,220.07218479307,-0.278107165755815,0,"Significant","missense"
"10680G>A","4930T>C",112,209.306063522618,-0.271563787208075,0,"Significant","missense"
"10680G>A","4008A>T",255,86.1289701636189,0.471390926006626,0,"Significant","missense"
"10680G>A","12047T>C",110,231.788257940327,-0.323698746292756,0,"Significant","missense"
"10680G>A","12053C>T",235,268.519730510106,-0.0579083403777514,0,"Significant","missense"
"10680G>A","7944C>T",113,220.705486044273,-0.290734685007199,0,"Significant","missense"
"10680G>A","9622C>T",265,105.761308950914,0.3989190567322,0,"Significant","missense"
"10680G>A","7191T>C",121,220.705486044273,-0.261027758174194,0,"Significant","missense"
"10680G>A","14249G>A",139,228.621751684312,-0.216102747708218,0,"Significant","missense"
"10680G>A","8920G>A",114,232.738209817132,-0.309962838140325,0,"Significant","missense"
"10680G>A","15140G>A",170,245.087584215592,-0.158872389697337,0,"Significant","missense"
"10680G>A","12971C>T",291,272.636188642926,0.0283094871394456,0.004,"Significant","missense"
"10680G>A","12790T>C",107,223.555341674687,-0.320001273759179,0,"Significant","missense"
"10680G>A","5314T>C",115,203.289701636189,-0.247417538107874,0,"Significant","missense"
"10680G>A","9816C>T",97,198.856592877767,-0.311768259863519,0,"Significant","missense"
"10680G>A","9988C>T",105,213.422521655438,-0.308050947857968,0,"Significant","missense"
"10680G>A","8923A>T",97,202.023099133782,-0.318629294847482,0,"Significant","missense"
"10680G>A","13126C>T",133,211.83926852743,-0.202154827193413,0,"Significant","missense"
"10680G>A","15660C>T",100,195.690086621752,-0.2915688254814,0,"Significant","missense"
"10680G>A","10312C>T",128,218.172281039461,-0.231589602652414,0,"Significant","missense"
"10680G>A","8413A>T",124,218.488931665063,-0.246007755967666,0,"Significant","missense"
"10680G>A","5328C>T",90,171.941289701636,-0.281137670542089,0,"Significant","missense"
"10680G>A","11028C>T",102,207.406159769009,-0.308221478622446,0,"Significant","missense"
"10680G>A","5320C>T",189,226.0885466795,-0.0778167579956895,0,"Significant","missense"
"10680G>A","5270C>A",88,198.856592877767,-0.354057321979549,0,"Significant","missense"
"10680G>A","13033C>T",286,294.485081809432,-0.0126972658176847,0.081,"Not Significant","missense"
"10680G>A","8088T>C",86,159.275264677575,-0.267649884204924,0,"Significant","missense"
"10680G>A","11672A>C",111,196.640038498556,-0.248348971782549,0,"Significant","missense"
"10680G>A","6322G>A",89,191.890279114533,-0.333662967913909,0,"Significant","missense"
"10680G>A","3578T>A",265,279.919153031761,-0.0237867414690534,0.008,"Significant","missense"
"10680G>A","8722C>T",264,140.592877767084,0.27364060636227,0,"Significant","missense"
"10680G>A","6174G>A",260,228.938402309913,0.0552547002834676,0,"Significant","missense"
"10680G>A","8921G>A",91,160.541867179981,-0.246546917404832,0,"Significant","missense"
"10680G>A","9571C>T",247,89.2954764196343,0.441867494547197,0,"Significant","missense"
"10680G>A","6682A>T",100,190.307025986526,-0.27945482239533,0,"Significant","missense"
"10680G>A","9896A>T",88,177.957651588065,-0.30583399381144,0,"Significant","missense"
"10680G>A","13450T>C",268,139.959576515881,0.282132174286752,0,"Significant","missense"
"10680G>A","15446C>T",296,287.8354186718,0.01214747744417,0.095,"Not Significant","missense"
"10680G>A","6685A>T",78,170.358036573628,-0.339268023368404,0,"Significant","missense"
"10680G>A","9823T>C",82,163.708373435996,-0.300257041102758,0,"Significant","missense"
"10680G>A","13580C>T",81,170.991337824832,-0.324489091336834,0,"Significant","missense"
"10680G>A","15086A>G",89,182.074109720885,-0.310858188437265,0,"Significant","missense"
"10680G>A","5230T>C",194,188.723772858518,0.0119751197971864,0.499,"Not Significant","missense"
"10680G>A","7788T>C",102,182.074109720885,-0.251648023320322,0,"Significant","missense"
"10680G>A","9231C>G",251,106.711260827719,0.371463470216669,0,"Significant","missense"
"10680G>A","6925C>T",194,227.038498556304,-0.0682977761303384,0,"Significant","missense"
"10680G>A","3542T>C",91,173.524542829644,-0.280319516555845,0,"Significant","missense"
"10680G>A","12691A>G",50,95.9451395572666,-0.283052974558667,0,"Significant","missense"
"10680G>A","8015C>T",87,159.908565928778,-0.264352475892612,0,"Significant","missense"
"10680G>A","11244T>C",89,165.608277189605,-0.269692032614933,0,"Significant","missense"
"10680G>A","7665C>T",135,193.156881616939,-0.155576416908461,0,"Significant","missense"
"10680G>A","5326C>T",91,167.824831568816,-0.265814827672274,0,"Significant","missense"
"10680G>A","15378T>C",67,86.4456207892204,-0.110668194732581,0.003,"Significant","missense"
"10680G>A","3661T>C",63,146.925890279115,-0.367757781493702,0,"Significant","missense"
"10680G>A","10972A>T",119,176.374398460058,-0.170888584173876,0,"Significant","missense"
"10680G>A","14000T>C",93,177.007699711261,-0.279509209725063,0,"Significant","missense"
"10680G>A","11538C>T",92,171.941289701636,-0.271592352635869,0,"Significant","missense"
"10680G>A","8118G>A",130,173.841193455245,-0.126209342535968,0,"Significant","missense"
"10680G>A","3706C>T",104,157.692011549567,-0.180776353853592,0,"Significant","missense"
"10680G>A","12923G>C",90,166.55822906641,-0.267323585106989,0,"Significant","missense"
"10680G>A","12009G>C",80,159.908565928778,-0.300781741519243,0,"Significant","missense"
"10680G>A","3650C>T",108,168.458132820019,-0.193068227200751,0,"Significant","missense"
"10680G>A","3428G>A",86,153.258902791145,-0.25092726079342,0,"Significant","missense"
"10680G>A","12361A>T",84,151.358999037536,-0.255728960942804,0,"Significant","missense"
"7336C>T","14889G>A",690,521.315688161694,0.121748296215862,0,"Significant","missense"
"7336C>T","12700C>T",239,337.487006737247,-0.149859156186438,0,"Significant","missense"
"7336C>T","14256T>C",689,512.194417709336,0.128784381026351,0,"Significant","missense"
"7336C>T","11060T>A",679,500.266602502406,0.132668263667816,0,"Significant","missense"
"7336C>T","5262G>A",653,493.250240615977,0.121845875494431,0,"Significant","missense"
"7336C>T","6075G>A",648,518.509143407122,0.0968185867149536,0,"Significant","missense"
"7336C>T","4684T>C",632,473.604427333975,0.12530132469054,0,"Significant","missense"
"7336C>T","3416C>T",629,483.427333974976,0.114319442776825,0,"Significant","missense"
"7336C>T","6103T>C",626,465.886429258903,0.128294273081591,0,"Significant","missense"
"7336C>T","7658G>A",636,478.515880654475,0.123560760231115,0,"Significant","missense"
"7336C>T","9540T>A",634,470.797882579403,0.12925475695192,0,"Significant","missense"
"7336C>T","13756C>T",644,496.758421559192,0.112740628909226,0,"Significant","missense"
"7336C>T","14819T>C",654,507.282964388835,0.11032747026892,0,"Significant","missense"
"7336C>T","14985G>A",642,487.637151106833,0.119438242717921,0,"Significant","missense"
"7336C>T","4930T>C",614,463.781520692974,0.121854930894707,0,"Significant","missense"
"7336C>T","4008A>T",70,190.845043310876,-0.435582844780346,0,"Significant","missense"
"7336C>T","12047T>C",674,513.597690086622,0.118036834716111,0,"Significant","missense"
"7336C>T","12053C>T",660,594.987487969201,0.0450361025243505,0,"Significant","missense"
"7336C>T","7944C>T",653,489.040423484119,0.125568422416245,0,"Significant","missense"
"7336C>T","9622C>T",124,234.346487006737,-0.276436762409962,0,"Significant","missense"
"7336C>T","7191T>C",634,489.040423484119,0.112744499022906,0,"Significant","missense"
"7336C>T","14249G>A",640,506.581328200192,0.101530795653433,0,"Significant","missense"
"7336C>T","8920G>A",675,515.70259865255,0.116904452986013,0,"Significant","missense"
"7336C>T","15140G>A",663,543.066410009625,0.0866605869610689,0,"Significant","missense"
"7336C>T","12971C>T",646,604.108758421559,0.0291173857806275,0,"Significant","missense"
"7336C>T","12790T>C",651,495.355149181906,0.11866430675557,0,"Significant","missense"
"7336C>T","5314T>C",567,450.450433108758,0.0999360500632363,0,"Significant","missense"
"7336C>T","9816C>T",594,440.627526467757,0.129714820483175,0,"Significant","missense"
"7336C>T","9988C>T",610,472.902791145332,0.110557957714629,0,"Significant","missense"
"7336C>T","8923A>T",597,447.643888354187,0.125041671647385,0,"Significant","missense"
"7336C>T","13126C>T",597,469.394610202117,0.104436232600729,0,"Significant","missense"
"7336C>T","15660C>T",571,433.611164581328,0.119535652396211,0,"Significant","missense"
"7336C>T","10312C>T",591,483.427333974976,0.087256278212816,0,"Significant","missense"
"7336C>T","8413A>T",625,484.128970163619,0.110918945846002,0,"Significant","missense"
"7336C>T","5328C>T",513,380.988450433109,0.129205554762143,0,"Significant","missense"
"7336C>T","11028C>T",609,459.571703561116,0.122264011880272,0,"Significant","missense"
"7336C>T","5320C>T",591,500.968238691049,0.0717772883442706,0,"Significant","missense"
"7336C>T","5270C>A",599,440.627526467757,0.133355197891292,0,"Significant","missense"
"7336C>T","13033C>T",687,652.521655437921,0.0223618077448147,0,"Significant","missense"
"7336C>T","8088T>C",464,352.923002887392,0.118838014738127,0,"Significant","missense"
"7336C>T","11672A>C",569,435.716073147257,0.115908685457671,0,"Significant","missense"
"7336C>T","6322G>A",580,425.191530317613,0.134843388635827,0,"Significant","missense"
"7336C>T","3578T>A",654,620.246390760346,0.0230135025503934,0,"Significant","missense"
"7336C>T","8722C>T",222,311.526467757459,-0.147141976424722,0,"Significant","missense"
"7336C>T","6174G>A",481,507.282964388835,-0.0231052016814916,0,"Significant","missense"
"7336C>T","8921G>A",461,355.729547641963,0.112580985295487,0,"Significant","missense"
"7336C>T","9571C>T",80,197.861405197305,-0.393271102087891,0,"Significant","missense"
"7336C>T","6682A>T",552,421.683349374398,0.116952624965638,0,"Significant","missense"
"7336C>T","9896A>T",533,394.319538017324,0.130878912696685,0,"Significant","missense"
"7336C>T","13450T>C",222,310.123195380173,-0.145181275659195,0,"Significant","missense"
"7336C>T","15446C>T",642,637.78729547642,0.00285916408608824,0.4,"Not Significant","missense"
"7336C>T","6685A>T",504,377.480269489894,0.12553628001831,0,"Significant","missense"
"7336C>T","9823T>C",434,362.745909528393,0.0778872056577513,0,"Significant","missense"
"7336C>T","13580C>T",513,378.88354186718,0.131611624528021,0,"Significant","missense"
"7336C>T","15086A>G",531,403.440808469682,0.119314695631016,0,"Significant","missense"
"7336C>T","5230T>C",462,418.175168431184,0.043283735055082,0,"Significant","missense"
"7336C>T","7788T>C",522,403.440808469682,0.11189067755181,0,"Significant","missense"
"7336C>T","9231C>G",124,236.451395572666,-0.280320196469734,0,"Significant","missense"
"7336C>T","6925C>T",550,503.073147256978,0.0387315530656392,0,"Significant","missense"
"7336C>T","3542T>C",506,384.496631376323,0.119257977594606,0,"Significant","missense"
"7336C>T","12691A>G",237,212.595765158807,0.0471937367469806,0,"Significant","missense"
"7336C>T","8015C>T",423,354.326275264678,0.0769370084955638,0,"Significant","missense"
"7336C>T","11244T>C",486,366.95572666025,0.122022599634193,0,"Significant","missense"
"7336C>T","7665C>T",520,427.998075072185,0.084561527863217,0,"Significant","missense"
"7336C>T","5326C>T",484,371.867179980751,0.114457511282799,0,"Significant","missense"
"7336C>T","15378T>C",189,191.546679499519,-0.00581282362830601,0.698,"Not Significant","missense"
"7336C>T","3661T>C",443,325.559191530318,0.133773764907356,0,"Significant","missense"
"7336C>T","10972A>T",487,390.81135707411,0.0955617852800863,0,"Significant","missense"
"7336C>T","14000T>C",498,392.214629451396,0.103705554112474,0,"Significant","missense"
"7336C>T","11538C>T",491,380.988450433109,0.110169681773299,0,"Significant","missense"
"7336C>T","8118G>A",455,385.198267564966,0.072327071446206,0,"Significant","missense"
"7336C>T","3706C>T",428,349.414821944177,0.0881024454926345,0,"Significant","missense"
"7336C>T","12923G>C",489,369.060635226179,0.122211134209055,0,"Significant","missense"
"7336C>T","12009G>C",477,354.326275264678,0.129115020160624,0,"Significant","missense"
"7336C>T","3650C>T",467,373.270452358037,0.0972932675102435,0,"Significant","missense"
"7336C>T","3428G>A",443,339.591915303176,0.11544638381783,0,"Significant","missense"
"7336C>T","12361A>T",409,335.382098171319,0.0861834306344025,0,"Significant","missense"
"14889G>A","12700C>T",235,343.968238691049,-0.165450480305435,0,"Significant","missense"
"14889G>A","14256T>C",690,522.030798845043,0.121152964413381,0,"Significant","missense"
"14889G>A","11060T>A",696,509.873917228104,0.135146443555276,0,"Significant","missense"
"14889G>A","5262G>A",670,502.72281039461,0.124746211477583,0,"Significant","missense"
"14889G>A","6075G>A",666,528.466794995188,0.10045652457206,0,"Significant","missense"
"14889G>A","4684T>C",653,482.699711260828,0.131236142240628,0,"Significant","missense"
"14889G>A","3416C>T",640,492.711260827719,0.113587485872843,0,"Significant","missense"
"14889G>A","6103T>C",644,474.833493743985,0.132344521788373,0,"Significant","missense"
"14889G>A","7658G>A",649,487.705486044273,0.12408705594047,0,"Significant","missense"
"14889G>A","9540T>A",654,479.83926852743,0.134481961951853,0,"Significant","missense"
"14889G>A","13756C>T",652,506.298363811357,0.109841071838734,0,"Significant","missense"
"14889G>A","14819T>C",666,517.025024061598,0.109962665672354,0,"Significant","missense"
"14889G>A","14985G>A",642,497.001924927815,0.111176957275322,0,"Significant","missense"
"14889G>A","4930T>C",621,472.688161693936,0.11851687448752,0,"Significant","missense"
"14889G>A","4008A>T",70,194.51010587103,-0.443844130222943,0,"Significant","missense"
"14889G>A","12047T>C",690,523.461020211742,0.119964743475446,0,"Significant","missense"
"14889G>A","12053C>T",674,606.41385948027,0.0458907780752009,0,"Significant","missense"
"14889G>A","7944C>T",658,498.432146294514,0.120619849312527,0,"Significant","missense"
"14889G>A","9622C>T",123,238.846968238691,-0.288214621575393,0,"Significant","missense"
"14889G>A","7191T>C",639,498.432146294514,0.107894813856974,0,"Significant","missense"
"14889G>A","14249G>A",651,516.309913378248,0.100670524795137,0,"Significant","missense"
"14889G>A","8920G>A",684,525.60635226179,0.114395496432504,0,"Significant","missense"
"14889G>A","15140G>A",674,553.495668912416,0.0855456696490152,0,"Significant","missense"
"14889G>A","12971C>T",656,615.710298363811,0.0275274217186033,0,"Significant","missense"
"14889G>A","12790T>C",662,504.868142444658,0.117680022184478,0,"Significant","missense"
"14889G>A","5314T>C",566,459.101058710298,0.0909081369160025,0,"Significant","missense"
"14889G>A","9816C>T",593,449.089509143407,0.120721783423645,0,"Significant","missense"
"14889G>A","9988C>T",624,481.984600577478,0.112151426943686,0,"Significant","missense"
"14889G>A","8923A>T",603,456.240615976901,0.121123367215568,0,"Significant","missense"
"14889G>A","13126C>T",608,478.409047160731,0.104104195301495,0,"Significant","missense"
"14889G>A","15660C>T",578,441.938402309913,0.116566097128292,0,"Significant","missense"
"14889G>A","10312C>T",603,492.711260827719,0.0877248240291115,0,"Significant","missense"
"14889G>A","8413A>T",632,493.426371511068,0.107494721341713,0,"Significant","missense"
"14889G>A","5328C>T",512,388.30510105871,0.120096865183559,0,"Significant","missense"
"14889G>A","11028C>T",620,468.39749759384,0.12177712330305,0,"Significant","missense"
"14889G>A","5320C>T",599,510.589027911453,0.0693553444097266,0,"Significant","missense"
"14889G>A","5270C>A",609,449.089509143407,0.132284382692256,0,"Significant","missense"
"14889G>A","13033C>T",695,665.052935514918,0.019128589832778,0,"Significant","missense"
"14889G>A","8088T>C",472,359.700673724735,0.118000747374734,0,"Significant","missense"
"14889G>A","11672A>C",569,444.083734359962,0.107647400015072,0,"Significant","missense"
"14889G>A","6322G>A",586,433.357074109721,0.13105172564838,0,"Significant","missense"
"14889G>A","3578T>A",667,632.157844080847,0.0233003027000744,0,"Significant","missense"
"14889G>A","8722C>T",223,317.509143407122,-0.153451373269799,0,"Significant","missense"
"14889G>A","6174G>A",495,517.025024061598,-0.0189063645643563,0,"Significant","missense"
"14889G>A","8921G>A",471,362.561116458133,0.113639681592135,0,"Significant","missense"
"14889G>A","9571C>T",83,201.661212704524,-0.385544282146377,0,"Significant","missense"
"14889G>A","6682A>T",557,429.781520692974,0.112607456967568,0,"Significant","missense"
"14889G>A","9896A>T",543,401.892204042348,0.13069024781636,0,"Significant","missense"
"14889G>A","13450T>C",221,316.078922040423,-0.15540326186732,0,"Significant","missense"
"14889G>A","15446C>T",651,650.035611164581,0.000643839142826541,0.908,"Not Significant","missense"
"14889G>A","6685A>T",512,384.729547641963,0.124114419106016,0,"Significant","missense"
"14889G>A","9823T>C",439,369.712223291627,0.0746007109447624,0,"Significant","missense"
"14889G>A","13580C>T",518,386.159769008662,0.127562733718838,0,"Significant","missense"
"14889G>A","15086A>G",544,411.18864292589,0.121557788805126,0,"Significant","missense"
"14889G>A","5230T>C",469,426.205967276227,0.0415533167714396,0,"Significant","missense"
"14889G>A","7788T>C",528,411.18864292589,0.108592811640761,0,"Significant","missense"
"14889G>A","9231C>G",123,240.992300288739,-0.292098055635166,0,"Significant","missense"
"14889G>A","6925C>T",557,512.734359961501,0.0359627733025242,0,"Significant","missense"
"14889G>A","3542T>C",513,391.880654475457,0.116963540424023,0,"Significant","missense"
"14889G>A","12691A>G",240,216.67853705486,0.0443953470058836,0,"Significant","missense"
"14889G>A","8015C>T",434,361.130895091434,0.0798250851904312,0,"Significant","missense"
"14889G>A","11244T>C",494,374.002887391723,0.120851993852947,0,"Significant","missense"
"14889G>A","7665C>T",530,436.217516843118,0.0845727683866066,0,"Significant","missense"
"14889G>A","5326C>T",491,379.008662175168,0.112432356318755,0,"Significant","missense"
"14889G>A","15378T>C",195,195.225216554379,-0.000501301881635583,1,"Not Significant","missense"
"14889G>A","3661T>C",449,331.81135707411,0.13135509424501,0,"Significant","missense"
"14889G>A","10972A>T",493,398.316650625602,0.0926184579000823,0,"Significant","missense"
"14889G>A","14000T>C",509,399.7468719923,0.104932708246914,0,"Significant","missense"
"14889G>A","11538C>T",500,388.30510105871,0.109796908543749,0,"Significant","missense"
"14889G>A","8118G>A",469,392.595765158807,0.0772272320615755,0,"Significant","missense"
"14889G>A","3706C>T",440,356.125120307988,0.0918500675230488,0,"Significant","missense"
"14889G>A","12923G>C",500,376.148219441771,0.123610993978853,0,"Significant","missense"
"14889G>A","12009G>C",485,361.130895091434,0.128077094280174,0,"Significant","missense"
"14889G>A","3650C>T",474,380.438883541867,0.0954934431756164,0,"Significant","missense"
"14889G>A","3428G>A",447,346.113570741097,0.111088895284098,0,"Significant","missense"
"14889G>A","12361A>T",416,341.822906641001,0.0852921678112033,0,"Significant","missense"
"12700C>T","14256T>C",231,337.949951876805,-0.165240409044906,0,"Significant","missense"
"12700C>T","11060T>A",213,330.079884504331,-0.19023945522971,0,"Significant","missense"
"12700C>T","5262G>A",226,325.450433108758,-0.158376414689019,0,"Significant","missense"
"12700C>T","6075G>A",268,342.11645813282,-0.106039173182656,0,"Significant","missense"
"12700C>T","4684T>C",214,312.487969201155,-0.164419528298425,0,"Significant","missense"
"12700C>T","3416C>T",230,318.969201154957,-0.142020914706635,0,"Significant","missense"
"12700C>T","6103T>C",211,307.395572666025,-0.163415152886915,0,"Significant","missense"
"12700C>T","7658G>A",230,315.728585178056,-0.137586067455489,0,"Significant","missense"
"12700C>T","9540T>A",208,310.636188642926,-0.174188714022816,0,"Significant","missense"
"12700C>T","13756C>T",242,327.765158806545,-0.131747420525945,0,"Significant","missense"
"12700C>T","14819T>C",243,334.709335899904,-0.139061552512824,0,"Significant","missense"
"12700C>T","14985G>A",229,321.7468719923,-0.147678851066826,0,"Significant","missense"
"12700C>T","4930T>C",218,306.006737247353,-0.147274494697633,0,"Significant","missense"
"12700C>T","4008A>T",257,125.921077959577,0.309834690480266,0,"Significant","missense"
"12700C>T","12047T>C",230,338.875842155919,-0.168312773857393,0,"Significant","missense"
"12700C>T","12053C>T",365,392.577478344562,-0.0316325166168852,0,"Significant","missense"
"12700C>T","7944C>T",229,322.672762271415,-0.148926824574721,0,"Significant","missense"
"12700C>T","9622C>T",276,154.623676612127,0.251633086436875,0,"Significant","missense"
"12700C>T","7191T>C",226,322.672762271415,-0.154653867767205,0,"Significant","missense"
"12700C>T","14249G>A",256,334.246390760347,-0.115826761074404,0,"Significant","missense"
"12700C>T","8920G>A",236,340.264677574591,-0.158904864930686,0,"Significant","missense"
"12700C>T","15140G>A",285,358.319538017324,-0.0994256294910056,0,"Significant","missense"
"12700C>T","12971C>T",408,398.595765158807,0.0101274828195683,0.147,"Not Significant","missense"
"12700C>T","12790T>C",223,326.83926852743,-0.166029366820236,0,"Significant","missense"
"12700C>T","5314T>C",221,297.210779595765,-0.128672283200347,0,"Significant","missense"
"12700C>T","9816C>T",197,290.729547641963,-0.169022946392187,0,"Significant","missense"
"12700C>T","9988C>T",225,312.025024061598,-0.142006907240558,0,"Significant","missense"
"12700C>T","8923A>T",210,295.358999037536,-0.148130912803838,0,"Significant","missense"
"12700C>T","13126C>T",237,309.710298363811,-0.116207300574331,0,"Significant","missense"
"12700C>T","15660C>T",207,286.100096246391,-0.140547658448495,0,"Significant","missense"
"12700C>T","10312C>T",238,318.969201154957,-0.127171793667722,0,"Significant","missense"
"12700C>T","8413A>T",233,319.432146294514,-0.13702269852784,0,"Significant","missense"
"12700C>T","5328C>T",169,251.379210779596,-0.172442653791744,0,"Significant","missense"
"12700C>T","11028C>T",209,303.22906641001,-0.161624542697319,0,"Significant","missense"
"12700C>T","5320C>T",287,330.542829643888,-0.0613458438588166,0,"Significant","missense"
"12700C>T","5270C>A",183,290.729547641963,-0.201038082823333,0,"Significant","missense"
"12700C>T","13033C>T",420,430.538979788258,-0.0107631869726865,0.035,"Significant","missense"
"12700C>T","8088T>C",166,232.861405197305,-0.146989425832452,0,"Significant","missense"
"12700C>T","11672A>C",216,287.488931665063,-0.124167377842254,0,"Significant","missense"
"12700C>T","6322G>A",191,280.544754571704,-0.16696878573514,0,"Significant","missense"
"12700C>T","3578T>A",403,409.243503368624,-0.00667674768861637,0.271,"Not Significant","missense"
"12700C>T","8722C>T",307,205.547641963426,0.174225876545843,0,"Significant","missense"
"12700C>T","6174G>A",377,334.709335899904,0.0516735240945931,0,"Significant","missense"
"12700C>T","8921G>A",183,234.713185755534,-0.108086398419509,0,"Significant","missense"
"12700C>T","9571C>T",256,130.550529355149,0.292461328175671,0,"Significant","missense"
"12700C>T","6682A>T",202,278.230028873917,-0.139052631372711,0,"Significant","missense"
"12700C>T","9896A>T",183,260.175168431184,-0.152814754655216,0,"Significant","missense"
"12700C>T","13450T>C",306,204.621751684312,0.174769628315763,0,"Significant","missense"
"12700C>T","15446C>T",436,420.817131857555,0.0153930772299606,0.005,"Significant","missense"
"12700C>T","6685A>T",177,249.064485081809,-0.148338538121166,0,"Significant","missense"
"12700C>T","9823T>C",175,239.342637151107,-0.135982023224236,0,"Significant","missense"
"12700C>T","13580C>T",178,249.990375360924,-0.147503286330659,0,"Significant","missense"
"12700C>T","15086A>G",176,266.193455245428,-0.179684705692051,0,"Significant","missense"
"12700C>T","5230T>C",269,275.915303176131,-0.0110235085544788,0.404,"Not Significant","missense"
"12700C>T","7788T>C",199,266.193455245428,-0.126344297096523,0,"Significant","missense"
"12700C>T","9231C>G",273,156.012512030799,0.243003217352644,0,"Significant","missense"
"12700C>T","6925C>T",301,331.93166506256,-0.0424821888905977,0,"Significant","missense"
"12700C>T","3542T>C",192,253.693936477382,-0.121008858597419,0,"Significant","missense"
"12700C>T","12691A>G",117,140.272377285852,-0.0787862955727362,0.001,"Significant","missense"
"12700C>T","8015C>T",183,233.78729547642,-0.106369817204835,0,"Significant","missense"
"12700C>T","11244T>C",178,242.12030798845,-0.13361121537497,0,"Significant","missense"
"12700C>T","7665C>T",240,282.396535129933,-0.0706481221157882,0,"Significant","missense"
"12700C>T","5326C>T",187,245.360923965351,-0.117963791880889,0,"Significant","missense"
"12700C>T","15378T>C",119,126.384023099134,-0.0261452144648583,0.348,"Not Significant","missense"
"12700C>T","3661T>C",155,214.806544754572,-0.141715811201166,0,"Significant","missense"
"12700C>T","10972A>T",210,257.860442733398,-0.0891654292564256,0,"Significant","missense"
"12700C>T","14000T>C",196,258.786333012512,-0.120685265346548,0,"Significant","missense"
"12700C>T","11538C>T",188,251.379210779596,-0.126171509141763,0,"Significant","missense"
"12700C>T","8118G>A",213,254.156881616939,-0.0767222698279755,0,"Significant","missense"
"12700C>T","3706C>T",175,230.546679499519,-0.119720822890018,0,"Significant","missense"
"12700C>T","12923G>C",172,243.509143407122,-0.15098682606277,0,"Significant","missense"
"12700C>T","12009G>C",163,233.78729547642,-0.156633302531277,0,"Significant","missense"
"12700C>T","3650C>T",197,246.286814244466,-0.0969749349500655,0,"Significant","missense"
"12700C>T","3428G>A",165,224.065447545717,-0.132890946247091,0,"Significant","missense"
"12700C>T","12361A>T",178,221.287776708373,-0.0945374231198315,0,"Significant","missense"
"14256T>C","11060T>A",678,500.952839268527,0.131432851451897,0,"Significant","missense"
"14256T>C","5262G>A",649,493.926852743022,0.118582059217246,0,"Significant","missense"
"14256T>C","6075G>A",644,519.220404234841,0.0935341164016918,0,"Significant","missense"
"14256T>C","4684T>C",635,474.254090471607,0.126762639897649,0,"Significant","missense"
"14256T>C","3416C>T",626,484.090471607315,0.111647798739505,0,"Significant","missense"
"14256T>C","6103T>C",625,466.525505293551,0.127004625412756,0,"Significant","missense"
"14256T>C","7658G>A",633,479.172281039461,0.120912022797576,0,"Significant","missense"
"14256T>C","9540T>A",631,471.443695861405,0.126599526511841,0,"Significant","missense"
"14256T>C","13756C>T",639,497.439846005775,0.108760287905333,0,"Significant","missense"
"14256T>C","14819T>C",656,507.978825794033,0.111058229517832,0,"Significant","missense"
"14256T>C","14985G>A",638,488.306063522618,0.116128561567749,0,"Significant","missense"
"14256T>C","4930T>C",618,464.4177093359,0.124079703039874,0,"Significant","missense"
"14256T>C","4008A>T",68,191.106833493744,-0.448767303890829,0,"Significant","missense"
"14256T>C","12047T>C",677,514.302213666987,0.119370275063454,0,"Significant","missense"
"14256T>C","12053C>T",662,595.803657362849,0.0457548246197004,0,"Significant","missense"
"14256T>C","7944C>T",646,489.711260827719,0.120292427333775,0,"Significant","missense"
"14256T>C","9622C>T",124,234.667949951877,-0.277032094212443,0,"Significant","missense"
"14256T>C","7191T>C",634,489.711260827719,0.112149167220425,0,"Significant","missense"
"14256T>C","14249G>A",644,507.276227141482,0.103641357226876,0,"Significant","missense"
"14256T>C","8920G>A",677,516.410009624639,0.117594017037651,0,"Significant","missense"
"14256T>C","15140G>A",664,543.81135707411,0.086719806121832,0,"Significant","missense"
"14256T>C","12971C>T",648,604.937439846006,0.0298645418536554,0,"Significant","missense"
"14256T>C","12790T>C",656,496.034648700674,0.121391825760557,0,"Significant","missense"
"14256T>C","5314T>C",569,451.06833493744,0.10086992576292,0,"Significant","missense"
"14256T>C","9816C>T",593,441.231953801732,0.128387737063763,0,"Significant","missense"
"14256T>C","9988C>T",611,473.551491819057,0.110674001143935,0,"Significant","missense"
"14256T>C","8923A>T",589,448.257940327238,0.118587303502638,0,"Significant","missense"
"14256T>C","13126C>T",601,470.038498556304,0.106741041671618,0,"Significant","missense"
"14256T>C","15660C>T",573,434.205967276227,0.120458834315271,0,"Significant","missense"
"14256T>C","10312C>T",592,484.090471607315,0.0873951722519992,0,"Significant","missense"
"14256T>C","8413A>T",626,484.793070259865,0.111017929909876,0,"Significant","missense"
"14256T>C","5328C>T",515,381.511068334937,0.130300086889036,0,"Significant","missense"
"14256T>C","11028C>T",608,460.202117420597,0.120954966717651,0,"Significant","missense"
"14256T>C","5320C>T",593,501.655437921078,0.0726491690247964,0,"Significant","missense"
"14256T>C","5270C>A",599,441.231953801732,0.132759866088811,0,"Significant","missense"
"14256T>C","13033C>T",684,653.416746871992,0.0198658406028996,0,"Significant","missense"
"14256T>C","8088T>C",460,353.407122232916,0.11448253406234,0,"Significant","missense"
"14256T>C","11672A>C",566,436.313763233879,0.11301751844839,0,"Significant","missense"
"14256T>C","6322G>A",579,425.774783445621,0.133498626997845,0,"Significant","missense"
"14256T>C","3578T>A",657,621.097208854668,0.0244057919834255,0,"Significant","missense"
"14256T>C","8722C>T",221,311.953801732435,-0.14969800899273,0,"Significant","missense"
"14256T>C","6174G>A",488,507.978825794033,-0.0174257878550952,0.003,"Significant","missense"
"14256T>C","8921G>A",458,356.217516843118,0.109150206107228,0,"Significant","missense"
"14256T>C","9571C>T",82,198.132820019249,-0.383142568498612,0,"Significant","missense"
"14256T>C","6682A>T",549,422.261790182868,0.11399055988405,0,"Significant","missense"
"14256T>C","9896A>T",538,394.860442733397,0.13433864753402,0,"Significant","missense"
"14256T>C","13450T>C",221,310.548604427334,-0.147737308227203,0,"Significant","missense"
"14256T>C","15446C>T",649,638.662175168431,0.00697350101512221,0.055,"Not Significant","missense"
"14256T>C","6685A>T",504,377.998075072185,0.124940948215829,0,"Significant","missense"
"14256T>C","9823T>C",437,363.243503368624,0.0802835813131806,0,"Significant","missense"
"14256T>C","13580C>T",516,379.403272377286,0.133548629240934,0,"Significant","missense"
"14256T>C","15086A>G",535,403.994225216554,0.121978624768293,0,"Significant","missense"
"14256T>C","5230T>C",464,418.748796920116,0.0445644082513558,0,"Significant","missense"
"14256T>C","7788T>C",519,403.994225216554,0.108792200595525,0,"Significant","missense"
"14256T>C","9231C>G",123,236.775745909528,-0.284432101995049,0,"Significant","missense"
"14256T>C","6925C>T",552,503.76323387873,0.0397126094981128,0,"Significant","missense"
"14256T>C","3542T>C",508,385.02406159769,0.120375841236244,0,"Significant","missense"
"14256T>C","12691A>G",236,212.88739172281,0.0447620619045031,0,"Significant","missense"
"14256T>C","8015C>T",426,354.812319538017,0.0794109084207587,0,"Significant","missense"
"14256T>C","11244T>C",484,367.459095283927,0.119636360213831,0,"Significant","missense"
"14256T>C","7665C>T",521,428.585178055823,0.084800575725461,0,"Significant","missense"
"14256T>C","5326C>T",488,372.37728585178,0.117436639838616,0,"Significant","missense"
"14256T>C","15378T>C",189,191.809432146294,-0.00640815543078697,0.681,"Not Significant","missense"
"14256T>C","3661T>C",442,326.005774783446,0.132196976230898,0,"Significant","missense"
"14256T>C","10972A>T",491,391.347449470645,0.0985189843859386,0,"Significant","missense"
"14256T>C","14000T>C",500,392.752646775746,0.104850883886293,0,"Significant","missense"
"14256T>C","11538C>T",494,381.511068334937,0.112219806771496,0,"Significant","missense"
"14256T>C","8118G>A",464,385.726660250241,0.0802383235414915,0,"Significant","missense"
"14256T>C","3706C>T",434,349.894128970164,0.0935530741894906,0,"Significant","missense"
"14256T>C","12923G>C",490,369.566891241578,0.122503023311467,0,"Significant","missense"
"14256T>C","12009G>C",479,354.812319538017,0.130336822732592,0,"Significant","missense"
"14256T>C","3650C>T",470,373.782483156882,0.099478913077367,0,"Significant","missense"
"14256T>C","3428G>A",443,340.057747834456,0.114851052015349,0,"Significant","missense"
"14256T>C","12361A>T",413,335.842155919153,0.0898148424809795,0,"Significant","missense"
"11060T>A","5262G>A",658,482.424446583253,0.134796586299419,0,"Significant","missense"
"11060T>A","6075G>A",648,507.128970163619,0.106456585181061,0,"Significant","missense"
"11060T>A","4684T>C",645,463.209817131858,0.143781959509528,0,"Significant","missense"
"11060T>A","3416C>T",635,472.817131857555,0.128080521089638,0,"Significant","missense"
"11060T>A","6103T>C",637,455.661212704524,0.145497370672618,0,"Significant","missense"
"11060T>A","7658G>A",644,468.013474494706,0.13862751040862,0,"Significant","missense"
"11060T>A","9540T>A",641,460.464870067372,0.143661527055111,0,"Significant","missense"
"11060T>A","13756C>T",645,485.855630413859,0.123052474650789,0,"Significant","missense"
"11060T>A","14819T>C",655,496.149181905679,0.120629020402543,0,"Significant","missense"
"11060T>A","14985G>A",633,476.934552454283,0.122944923132531,0,"Significant","missense"
"11060T>A","4930T>C",609,453.60250240616,0.127941850852523,0,"Significant","missense"
"11060T>A","4008A>T",51,186.656400384986,-0.563472710230332,0,"Significant","missense"
"11060T>A","12047T>C",678,502.32531280077,0.130244630513961,0,"Significant","missense"
"11060T>A","12053C>T",653,581.928777670837,0.0500433467236638,0,"Significant","missense"
"11060T>A","7944C>T",651,478.307025986526,0.13387422817547,0,"Significant","missense"
"11060T>A","9622C>T",104,229.203079884504,-0.343187109807244,0,"Significant","missense"
"11060T>A","7191T>C",633,478.307025986526,0.121696949624635,0,"Significant","missense"
"11060T>A","14249G>A",639,495.462945139557,0.110489678294053,0,"Significant","missense"
"11060T>A","8920G>A",674,504.384023099134,0.125898575156415,0,"Significant","missense"
"11060T>A","15140G>A",659,531.147256977863,0.0936704716164132,0,"Significant","missense"
"11060T>A","12971C>T",632,590.849855630414,0.0292399445340374,0,"Significant","missense"
"11060T>A","12790T>C",652,484.483156881617,0.128968912385405,0,"Significant","missense"
"11060T>A","5314T>C",557,440.564003849856,0.101846184810167,0,"Significant","missense"
"11060T>A","9816C>T",585,430.956689124158,0.13272224005027,0,"Significant","missense"
"11060T>A","9988C>T",615,462.523580365736,0.123741236945386,0,"Significant","missense"
"11060T>A","8923A>T",594,437.819056785371,0.132491783965317,0,"Significant","missense"
"11060T>A","13126C>T",598,459.09239653513,0.114801083925878,0,"Significant","missense"
"11060T>A","15660C>T",570,424.094321462945,0.128412398288961,0,"Significant","missense"
"11060T>A","10312C>T",595,472.817131857555,0.0998237615262168,0,"Significant","missense"
"11060T>A","8413A>T",620,473.503368623677,0.117068616466289,0,"Significant","missense"
"11060T>A","5328C>T",507,372.62656400385,0.13373414744977,0,"Significant","missense"
"11060T>A","11028C>T",610,449.485081809432,0.13261455272427,0,"Significant","missense"
"11060T>A","5320C>T",591,489.973051010587,0.0814152868103777,0,"Significant","missense"
"11060T>A","5270C>A",602,430.956689124158,0.145162865225912,0,"Significant","missense"
"11060T>A","13033C>T",670,638.200192492782,0.0211178718521999,0,"Significant","missense"
"11060T>A","8088T>C",464,345.177093358999,0.128476013204233,0,"Significant","missense"
"11060T>A","11672A>C",564,426.153031761309,0.121713521512049,0,"Significant","missense"
"11060T>A","6322G>A",578,415.85948026949,0.142981231959525,0,"Significant","missense"
"11060T>A","3578T>A",644,606.633301251203,0.0259596200520467,0,"Significant","missense"
"11060T>A","8722C>T",203,304.689124157844,-0.176360914496024,0,"Significant","missense"
"11060T>A","6174G>A",473,496.149181905679,-0.0207511388514031,0.003,"Significant","missense"
"11060T>A","8921G>A",469,347.922040423484,0.129690901087027,0,"Significant","missense"
"11060T>A","9571C>T",62,193.518768046198,-0.494331401115319,0,"Significant","missense"
"11060T>A","6682A>T",552,412.428296438884,0.126590623431745,0,"Significant","missense"
"11060T>A","9896A>T",535,385.665062560154,0.142143484157448,0,"Significant","missense"
"11060T>A","13450T>C",197,303.316650625602,-0.18743002548211,0,"Significant","missense"
"11060T>A","15446C>T",626,623.789220404235,0.00153646769377381,0.67,"Not Significant","missense"
"11060T>A","6685A>T",504,369.195380173244,0.135174278484416,0,"Significant","missense"
"11060T>A","9823T>C",435,354.784408084697,0.0885247315659841,0,"Significant","missense"
"11060T>A","13580C>T",515,370.567853705486,0.142939486923502,0,"Significant","missense"
"11060T>A","15086A>G",534,394.58614051973,0.131399430044209,0,"Significant","missense"
"11060T>A","5230T>C",450,408.997112608277,0.0414922717404094,0,"Significant","missense"
"11060T>A","7788T>C",521,394.58614051973,0.120695896315179,0,"Significant","missense"
"11060T>A","9231C>G",105,231.261790182868,-0.342914584095863,0,"Significant","missense"
"11060T>A","6925C>T",536,492.031761308951,0.0371716517302745,0,"Significant","missense"
"11060T>A","3542T>C",506,376.057747834456,0.128895976060712,0,"Significant","missense"
"11060T>A","12691A>G",239,207.929740134745,0.0604812901511174,0,"Significant","missense"
"11060T>A","8015C>T",424,346.549566891242,0.0876004961793602,0,"Significant","missense"
"11060T>A","11244T>C",488,358.901828681424,0.133444150840716,0,"Significant","missense"
"11060T>A","7665C>T",508,418.604427333975,0.0840598949784459,0,"Significant","missense"
"11060T>A","5326C>T",486,363.705486044273,0.125886417366786,0,"Significant","missense"
"11060T>A","15378T>C",185,187.342637151107,-0.00546490093242742,0.771,"Not Significant","missense"
"11060T>A","3661T>C",442,318.41385948027,0.142430306499485,0,"Significant","missense"
"11060T>A","10972A>T",484,382.233878729548,0.102516184175971,0,"Significant","missense"
"11060T>A","14000T>C",501,383.60635226179,0.115951935686108,0,"Significant","missense"
"11060T>A","11538C>T",489,372.62656400385,0.118035047240057,0,"Significant","missense"
"11060T>A","8118G>A",456,376.743984600577,0.0829185159196349,0,"Significant","missense"
"11060T>A","3706C>T",431,341.745909528393,0.1007739451063,0,"Significant","missense"
"11060T>A","12923G>C",491,360.960538979788,0.133621765674509,0,"Significant","missense"
"11060T>A","12009G>C",481,346.549566891242,0.142379715960447,0,"Significant","missense"
"11060T>A","3650C>T",465,365.077959576516,0.105067338300192,0,"Significant","missense"
"11060T>A","3428G>A",437,332.138594802695,0.11916209303129,0,"Significant","missense"
"11060T>A","12361A>T",410,328.021174205967,0.096881977812902,0,"Significant","missense"
"5262G>A","6075G>A",643,500.016361886429,0.109226757066731,0,"Significant","missense"
"5262G>A","4684T>C",629,456.713185755534,0.139007095151572,0,"Significant","missense"
"5262G>A","3416C>T",626,466.185755534167,0.128015333840134,0,"Significant","missense"
"5262G>A","6103T>C",627,449.270452358036,0.144759684000025,0,"Significant","missense"
"5262G>A","7658G>A",640,461.449470644851,0.142055821864736,0,"Significant","missense"
"5262G>A","9540T>A",636,454.006737247353,0.146394818016748,0,"Significant","missense"
"5262G>A","13756C>T",635,479.041385948027,0.122400690139538,0,"Significant","missense"
"5262G>A","14819T>C",628,489.190567853705,0.108481568979999,0,"Significant","missense"
"5262G>A","14985G>A",616,470.245428296439,0.117256130111643,0,"Significant","missense"
"5262G>A","4930T>C",585,447.240615976901,0.116614629133871,0,"Significant","missense"
"5262G>A","4008A>T",65,184.038498556304,-0.451995324853557,0,"Significant","missense"
"5262G>A","12047T>C",651,495.280076997113,0.118730130047133,0,"Significant","missense"
"5262G>A","12053C>T",638,573.76708373436,0.0460850490017944,0,"Significant","missense"
"5262G>A","7944C>T",622,471.598652550529,0.120217829130141,0,"Significant","missense"
"5262G>A","9622C>T",115,225.988450433109,-0.293388403920414,0,"Significant","missense"
"5262G>A","7191T>C",612,471.598652550529,0.113178866584884,0,"Significant","missense"
"5262G>A","14249G>A",627,488.51395572666,0.108390565798411,0,"Significant","missense"
"5262G>A","8920G>A",646,497.309913378248,0.113605401448223,0,"Significant","missense"
"5262G>A","15140G>A",638,523.697786333012,0.0857399405756084,0,"Significant","missense"
"5262G>A","12971C>T",619,582.563041385948,0.0263477201038123,0,"Significant","missense"
"5262G>A","12790T>C",628,477.688161693936,0.118815165222724,0,"Significant","missense"
"5262G>A","5314T>C",541,434.384985563041,0.09532245957505,0,"Significant","missense"
"5262G>A","9816C>T",571,424.912415784408,0.128336687045979,0,"Significant","missense"
"5262G>A","9988C>T",593,456.036573628489,0.114055019366274,0,"Significant","missense"
"5262G>A","8923A>T",573,431.67853705486,0.122994165783556,0,"Significant","missense"
"5262G>A","13126C>T",581,452.653512993263,0.10841023715984,0,"Significant","missense"
"5262G>A","15660C>T",553,418.146294513956,0.121396878753211,0,"Significant","missense"
"5262G>A","10312C>T",572,466.185755534167,0.0888370294227346,0,"Significant","missense"
"5262G>A","8413A>T",597,466.862367661213,0.106785462929447,0,"Significant","missense"
"5262G>A","5328C>T",485,367.400384985563,0.120602131550742,0,"Significant","missense"
"5262G>A","11028C>T",589,443.180943214629,0.123534217332648,0,"Significant","missense"
"5262G>A","5320C>T",574,483.101058710298,0.0748739031591383,0,"Significant","missense"
"5262G>A","5270C>A",580,424.912415784408,0.135128572363067,0,"Significant","missense"
"5262G>A","13033C>T",660,629.249278152069,0.0207212095252838,0,"Significant","missense"
"5262G>A","8088T>C",465,340.335899903754,0.135545190371346,0,"Significant","missense"
"5262G>A","11672A>C",534,420.176130895091,0.104109879389308,0,"Significant","missense"
"5262G>A","6322G>A",557,410.026948989413,0.133042793544768,0,"Significant","missense"
"5262G>A","3578T>A",637,598.125120307988,0.0273473898596264,0,"Significant","missense"
"5262G>A","8722C>T",213,300.415784408085,-0.149343144138469,0,"Significant","missense"
"5262G>A","6174G>A",480,489.190567853705,-0.00823683738158844,0.179,"Not Significant","missense"
"5262G>A","8921G>A",460,343.042348411935,0.127410094885559,0,"Significant","missense"
"5262G>A","9571C>T",76,190.804619826756,-0.399775293500872,0,"Significant","missense"
"5262G>A","6682A>T",532,406.643888354187,0.116697382829637,0,"Significant","missense"
"5262G>A","9896A>T",515,380.256015399423,0.131731136009453,0,"Significant","missense"
"5262G>A","13450T>C",211,299.062560153994,-0.151479591513985,0,"Significant","missense"
"5262G>A","15446C>T",620,615.040423484119,0.00348802881363931,0.358,"Not Significant","missense"
"5262G>A","6685A>T",490,364.017324350337,0.129074026899447,0,"Significant","missense"
"5262G>A","9823T>C",416,349.808469682387,0.075263010070134,0,"Significant","missense"
"5262G>A","13580C>T",495,365.370548604427,0.131871661647923,0,"Significant","missense"
"5262G>A","15086A>G",516,389.05197305101,0.122642079474907,0,"Significant","missense"
"5262G>A","5230T>C",441,403.26082771896,0.0388525522649464,0,"Significant","missense"
"5262G>A","7788T>C",502,389.05197305101,0.110696094992717,0,"Significant","missense"
"5262G>A","9231C>G",121,228.018286814244,-0.275184308017367,0,"Significant","missense"
"5262G>A","6925C>T",526,485.130895091434,0.0351268110232855,0,"Significant","missense"
"5262G>A","3542T>C",494,370.783445620789,0.124606612976602,0,"Significant","missense"
"5262G>A","12691A>G",236,205.013474494706,0.0611295970051272,0,"Significant","missense"
"5262G>A","8015C>T",411,341.689124157844,0.0802106662947399,0,"Significant","missense"
"5262G>A","11244T>C",478,353.868142444658,0.130586430282166,0,"Significant","missense"
"5262G>A","7665C>T",510,412.733397497594,0.0919005636245028,0,"Significant","missense"
"5262G>A","5326C>T",467,358.604427333975,0.114701233502648,0,"Significant","missense"
"5262G>A","15378T>C",182,184.715110683349,-0.00643103651832419,0.687,"Not Significant","missense"
"5262G>A","3661T>C",431,313.948026948989,0.137619512143167,0,"Significant","missense"
"5262G>A","10972A>T",481,376.872954764196,0.105950103737431,0,"Significant","missense"
"5262G>A","14000T>C",485,378.226179018287,0.107990153253169,0,"Significant","missense"
"5262G>A","11538C>T",476,367.400384985563,0.112467345668973,0,"Significant","missense"
"5262G>A","8118G>A",446,371.460057747834,0.0794227367993839,0,"Significant","missense"
"5262G>A","3706C>T",416,336.952839268527,0.0915242104043541,0,"Significant","missense"
"5262G>A","12923G>C",479,355.897978825794,0.129009991798146,0,"Significant","missense"
"5262G>A","12009G>C",464,341.689124157844,0.132886824973539,0,"Significant","missense"
"5262G>A","3650C>T",457,359.957651588065,0.10366479031213,0,"Significant","missense"
"5262G>A","3428G>A",418,327.480269489894,0.105991142667947,0,"Significant","missense"
"5262G>A","12361A>T",402,323.420596727623,0.0944583790096784,0,"Significant","missense"
"6075G>A","4684T>C",630,480.101058710298,0.118007885784887,0,"Significant","missense"
"6075G>A","3416C>T",636,490.058710298364,0.113209002903119,0,"Significant","missense"
"6075G>A","6103T>C",645,472.27718960539,0.135362744429577,0,"Significant","missense"
"6075G>A","7658G>A",631,485.079884504331,0.114216093749986,0,"Significant","missense"
"6075G>A","9540T>A",633,477.256015399422,0.122652299010692,0,"Significant","missense"
"6075G>A","13756C>T",645,503.572666025024,0.107497566107832,0,"Significant","missense"
"6075G>A","14819T>C",630,514.241578440808,0.0881733613213871,0,"Significant","missense"
"6075G>A","14985G>A",605,494.326275264678,0.0877416792246907,0,"Significant","missense"
"6075G>A","4930T>C",577,470.143407122233,0.0889454628324259,0,"Significant","missense"
"6075G>A","4008A>T",103,193.462945139557,-0.273760570166478,0,"Significant","missense"
"6075G>A","12047T>C",646,520.642925890279,0.0936925460990277,0,"Significant","missense"
"6075G>A","12053C>T",663,603.149181905678,0.0410887853104046,0,"Significant","missense"
"6075G>A","7944C>T",614,495.748796920115,0.0929067022054931,0,"Significant","missense"
"6075G>A","9622C>T",152,237.561116458133,-0.193931769704337,0,"Significant","missense"
"6075G>A","7191T>C",601,495.748796920115,0.0836128030670665,0,"Significant","missense"
"6075G>A","14249G>A",619,513.530317613089,0.0811245606128162,0,"Significant","missense"
"6075G>A","8920G>A",650,522.776708373436,0.0945971267209961,0,"Significant","missense"
"6075G>A","15140G>A",643,550.515880654475,0.0674411214036699,0,"Significant","missense"
"6075G>A","12971C>T",643,612.395572666025,0.0211789306329156,0,"Significant","missense"
"6075G>A","12790T>C",624,502.150144369586,0.0943509977929551,0,"Significant","missense"
"6075G>A","5314T>C",536,456.629451395573,0.0696008707862545,0,"Significant","missense"
"6075G>A","9816C>T",555,446.671799807507,0.0943044485478129,0,"Significant","missense"
"6075G>A","9988C>T",583,479.389797882579,0.08497976738603,0,"Significant","missense"
"6075G>A","8923A>T",568,453.784408084697,0.0974987661521891,0,"Significant","missense"
"6075G>A","13126C>T",580,475.833493743985,0.0859729849574496,0,"Significant","missense"
"6075G>A","15660C>T",554,439.559191530318,0.100492398801945,0,"Significant","missense"
"6075G>A","10312C>T",575,490.058710298364,0.0694197319443433,0,"Significant","missense"
"6075G>A","8413A>T",593,490.769971126083,0.0821767117893438,0,"Significant","missense"
"6075G>A","5328C>T",480,386.214629451396,0.09441251694907,0,"Significant","missense"
"6075G>A","11028C>T",583,465.875842155919,0.097398363929564,0,"Significant","missense"
"6075G>A","5320C>T",578,507.840230991338,0.056200735806696,0,"Significant","missense"
"6075G>A","5270C>A",571,446.671799807507,0.106647573670983,0,"Significant","missense"
"6075G>A","13033C>T",686,661.472569778633,0.0158122763151659,0,"Significant","missense"
"6075G>A","8088T>C",467,357.764196342637,0.115720004672508,0,"Significant","missense"
"6075G>A","11672A>C",536,441.692974013474,0.0840442986785243,0,"Significant","missense"
"6075G>A","6322G>A",548,431.02406159769,0.104279043480413,0,"Significant","missense"
"6075G>A","3578T>A",662,628.754571703561,0.0223768335889751,0,"Significant","missense"
"6075G>A","8722C>T",251,315.799807507218,-0.0997381394711945,0,"Significant","missense"
"6075G>A","6174G>A",501,514.241578440808,-0.0113294622649312,0.044,"Significant","missense"
"6075G>A","8921G>A",463,360.609239653513,0.108544140846942,0,"Significant","missense"
"6075G>A","9571C>T",113,200.575553416747,-0.249199555673422,0,"Significant","missense"
"6075G>A","6682A>T",528,427.467757459095,0.0917305596934051,0,"Significant","missense"
"6075G>A","9896A>T",507,399.728585178056,0.103242752926604,0,"Significant","missense"
"6075G>A","13450T>C",249,314.37728585178,-0.101251813090968,0,"Significant","missense"
"6075G>A","15446C>T",654,646.536092396535,0.00498497426465072,0.153,"Not Significant","missense"
"6075G>A","6685A>T",482,382.658325312801,0.100235871734789,0,"Significant","missense"
"6075G>A","9823T>C",424,367.721847930703,0.0618464226611261,0,"Significant","missense"
"6075G>A","13580C>T",488,384.080846968239,0.10399717134207,0,"Significant","missense"
"6075G>A","15086A>G",508,408.974975938402,0.0941669767566198,0,"Significant","missense"
"6075G>A","5230T>C",459,423.9114533205,0.0345375349593687,0,"Significant","missense"
"6075G>A","7788T>C",499,408.974975938402,0.086403810096092,0,"Significant","missense"
"6075G>A","9231C>G",154,239.69489894129,-0.192138070872423,0,"Significant","missense"
"6075G>A","6925C>T",537,509.974013474495,0.0224262391941029,0,"Significant","missense"
"6075G>A","3542T>C",481,389.77093358999,0.0913356270517932,0,"Significant","missense"
"6075G>A","12691A>G",241,215.512030798845,0.0485455232348938,0,"Significant","missense"
"6075G>A","8015C>T",411,359.186717998075,0.0585215529197443,0,"Significant","missense"
"6075G>A","11244T>C",470,371.989412897016,0.101567278230771,0,"Significant","missense"
"6075G>A","7665C>T",506,433.869104908566,0.0667917909913695,0,"Significant","missense"
"6075G>A","5326C>T",461,376.968238691049,0.0873961649511898,0,"Significant","missense"
"6075G>A","15378T>C",191,194.174205967276,-0.00715817063067306,0.645,"Not Significant","missense"
"6075G>A","3661T>C",424,330.025024061598,0.108818985200174,0,"Significant","missense"
"6075G>A","10972A>T",471,396.172281039461,0.0751368211175015,0,"Significant","missense"
"6075G>A","14000T>C",482,397.594802694899,0.0836063395147589,0,"Significant","missense"
"6075G>A","11538C>T",469,386.214629451396,0.0843441222885682,0,"Significant","missense"
"6075G>A","8118G>A",455,390.482194417709,0.0664101613693565,0,"Significant","missense"
"6075G>A","3706C>T",416,354.207892204042,0.0698350970293587,0,"Significant","missense"
"6075G>A","12923G>C",479,374.123195380173,0.10732087842315,0,"Significant","missense"
"6075G>A","12009G>C",460,359.186717998075,0.107437562725238,0,"Significant","missense"
"6075G>A","3650C>T",456,378.390760346487,0.0810243195317189,0,"Significant","missense"
"6075G>A","3428G>A",415,344.250240615977,0.0811738442300104,0,"Significant","missense"
"6075G>A","12361A>T",403,339.982675649663,0.0738482586913223,0,"Significant","missense"
"4684T>C","3416C>T",616,447.617901828681,0.138673264982926,0,"Significant","missense"
"4684T>C","6103T>C",623,431.376323387873,0.159631742017274,0,"Significant","missense"
"4684T>C","7658G>A",623,443.070259865255,0.148015446728815,0,"Significant","missense"
"4684T>C","9540T>A",625,435.923965351299,0.156469271901206,0,"Significant","missense"
"4684T>C","13756C>T",620,459.961501443696,0.129670206534613,0,"Significant","missense"
"4684T>C","14819T>C",614,469.706448508181,0.116341848572768,0,"Significant","missense"
"4684T>C","14985G>A",588,451.515880654475,0.114704296212155,0,"Significant","missense"
"4684T>C","4930T>C",568,429.427333974976,0.121458650951507,0,"Significant","missense"
"4684T>C","4008A>T",53,176.708373435996,-0.522981259706683,0,"Significant","missense"
"4684T>C","12047T>C",630,475.553416746872,0.12214124312132,0,"Significant","missense"
"4684T>C","12053C>T",614,550.914340712223,0.0470842936105982,0,"Significant","missense"
"4684T>C","7944C>T",607,452.81520692974,0.127267687703376,0,"Significant","missense"
"4684T>C","9622C>T",104,216.987487969201,-0.319401352786414,0,"Significant","missense"
"4684T>C","7191T>C",595,452.81520692974,0.11859596235667,0,"Significant","missense"
"4684T>C","14249G>A",601,469.056785370549,0.107649049159233,0,"Significant","missense"
"4684T>C","8920G>A",629,477.502406159769,0.119675081087205,0,"Significant","missense"
"4684T>C","15140G>A",617,502.83926852743,0.0888559780764857,0,"Significant","missense"
"4684T>C","12971C>T",594,559.359961501444,0.0260950682536868,0,"Significant","missense"
"4684T>C","12790T>C",606,458.662175168431,0.120979697840612,0,"Significant","missense"
"4684T>C","5314T>C",527,417.083734359961,0.101587361869824,0,"Significant","missense"
"4684T>C","9816C>T",545,407.988450433109,0.125748633265572,0,"Significant","missense"
"4684T>C","9988C>T",574,437.872954764196,0.117563770588783,0,"Significant","missense"
"4684T>C","8923A>T",562,414.485081809432,0.132227411574024,0,"Significant","missense"
"4684T>C","13126C>T",561,434.624639076035,0.110848518214468,0,"Significant","missense"
"4684T>C","15660C>T",545,401.491819056785,0.132719801913951,0,"Significant","missense"
"4684T>C","10312C>T",554,447.617901828681,0.0926023175469378,0,"Significant","missense"
"4684T>C","8413A>T",579,448.267564966314,0.111141247716312,0,"Significant","missense"
"4684T>C","5328C>T",469,352.76708373436,0.123684787852358,0,"Significant","missense"
"4684T>C","11028C>T",572,425.529355149182,0.128466503527367,0,"Significant","missense"
"4684T>C","5320C>T",557,463.85948026949,0.0794687581236914,0,"Significant","missense"
"4684T>C","5270C>A",565,407.988450433109,0.141400578808365,0,"Significant","missense"
"4684T>C","13033C>T",632,604.186717998075,0.0195459044545993,0,"Significant","missense"
"4684T>C","8088T>C",454,326.780558229066,0.142799642527292,0,"Significant","missense"
"4684T>C","11672A>C",523,403.440808469682,0.112721863416822,0,"Significant","missense"
"4684T>C","6322G>A",543,393.695861405197,0.139638980148683,0,"Significant","missense"
"4684T>C","3578T>A",615,574.302213666987,0.0297346254884912,0,"Significant","missense"
"4684T>C","8722C>T",199,288.450433108758,-0.161218118978693,0,"Significant","missense"
"4684T>C","6174G>A",454,469.706448508181,-0.0147706697112712,0.031,"Significant","missense"
"4684T>C","8921G>A",459,329.379210779596,0.14411650093004,0,"Significant","missense"
"4684T>C","9571C>T",64,183.20500481232,-0.45675735960888,0,"Significant","missense"
"4684T>C","6682A>T",518,390.447545717036,0.122767062468619,0,"Significant","missense"
"4684T>C","9896A>T",500,365.110683349374,0.136545463493078,0,"Significant","missense"
"4684T>C","13450T>C",195,287.151106833494,-0.16807588326035,0,"Significant","missense"
"4684T>C","15446C>T",600,590.543792107796,0.00689914188782749,0.076,"Not Significant","missense"
"4684T>C","6685A>T",478,349.518768046198,0.135957395671849,0,"Significant","missense"
"4684T>C","9823T>C",408,335.875842155919,0.0844813947220671,0,"Significant","missense"
"4684T>C","13580C>T",480,350.818094321463,0.136159252278738,0,"Significant","missense"
"4684T>C","15086A>G",495,373.556304138595,0.122249128970062,0,"Significant","missense"
"4684T>C","5230T>C",426,387.199230028874,0.0414751140886248,0,"Significant","missense"
"4684T>C","7788T>C",493,373.556304138595,0.120490849313724,0,"Significant","missense"
"4684T>C","9231C>G",104,218.936477382098,-0.323284786846186,0,"Significant","missense"
"4684T>C","6925C>T",508,465.808469682387,0.0376563313422639,0,"Significant","missense"
"4684T>C","3542T>C",481,356.015399422522,0.130676292615584,0,"Significant","missense"
"4684T>C","12691A>G",230,196.847930702599,0.0675969822414087,0,"Significant","missense"
"4684T>C","8015C>T",393,328.079884504331,0.078412946982896,0,"Significant","missense"
"4684T>C","11244T>C",458,339.773820981713,0.129675563862714,0,"Significant","missense"
"4684T>C","7665C>T",487,396.294513955727,0.0895109009299994,0,"Significant","missense"
"4684T>C","5326C>T",449,344.32146294514,0.115282246128657,0,"Significant","missense"
"4684T>C","15378T>C",173,177.358036573628,-0.0108047691858019,0.565,"Not Significant","missense"
"4684T>C","3661T>C",418,301.443695861405,0.141970075946267,0,"Significant","missense"
"4684T>C","10972A>T",461,361.862367661213,0.105157504942046,0,"Significant","missense"
"4684T>C","14000T>C",474,363.161693936477,0.115678308513786,0,"Significant","missense"
"4684T>C","11538C>T",464,352.76708373436,0.119029925692157,0,"Significant","missense"
"4684T>C","8118G>A",432,356.665062560154,0.0832231770909515,0,"Significant","missense"
"4684T>C","3706C>T",401,323.532242540905,0.0932268045865913,0,"Significant","missense"
"4684T>C","12923G>C",466,341.72281039461,0.13471194726238,0,"Significant","missense"
"4684T>C","12009G>C",456,328.079884504331,0.142985239271889,0,"Significant","missense"
"4684T>C","3650C>T",434,345.620789220404,0.0988898719435895,0,"Significant","missense"
"4684T>C","3428G>A",412,314.436958614052,0.117363629114842,0,"Significant","missense"
"4684T>C","12361A>T",391,310.538979788258,0.100060635509872,0,"Significant","missense"
"3416C>T","6103T>C",618,440.323387872955,0.147216721370322,0,"Significant","missense"
"3416C>T","7658G>A",623,452.259865255053,0.139099997652216,0,"Significant","missense"
"3416C>T","9540T>A",625,444.965351299326,0.147553822824607,0,"Significant","missense"
"3416C>T","13756C>T",626,469.501443695861,0.124937401170189,0,"Significant","missense"
"3416C>T","14819T>C",610,479.448508180943,0.104587863365768,0,"Significant","missense"
"3416C>T","14985G>A",584,460.880654475457,0.102824368171817,0,"Significant","missense"
"3416C>T","4930T>C",559,438.333974975938,0.105606674050313,0,"Significant","missense"
"3416C>T","4008A>T",80,180.37343599615,-0.353082591392401,0,"Significant","missense"
"3416C>T","12047T>C",622,485.416746871992,0.107675629281959,0,"Significant","missense"
"3416C>T","12053C>T",630,562.340712223292,0.0493410228464112,0,"Significant","missense"
"3416C>T","7944C>T",602,462.206929740135,0.114760038809345,0,"Significant","missense"
"3416C>T","9622C>T",126,221.487969201155,-0.244979596044301,0,"Significant","missense"
"3416C>T","7191T>C",585,462.206929740135,0.102319413633703,0,"Significant","missense"
"3416C>T","14249G>A",595,478.785370548604,0.0943760938084444,0,"Significant","missense"
"3416C>T","8920G>A",621,487.406159769009,0.105200586741918,0,"Significant","missense"
"3416C>T","15140G>A",616,513.268527430221,0.0792360771310703,0,"Significant","missense"
"3416C>T","12971C>T",609,570.961501443696,0.0280104668287675,0,"Significant","missense"
"3416C>T","12790T>C",601,468.175168431184,0.108466096600467,0,"Significant","missense"
"3416C>T","5314T>C",507,425.734359961501,0.075869256914018,0,"Significant","missense"
"3416C>T","9816C>T",537,416.450433108758,0.110410967611888,0,"Significant","missense"
"3416C>T","9988C>T",567,446.954764196343,0.103319488007118,0,"Significant","missense"
"3416C>T","8923A>T",548,423.081809432146,0.112356205412735,0,"Significant","missense"
"3416C>T","13126C>T",565,443.639076034649,0.105018655701146,0,"Significant","missense"
"3416C>T","15660C>T",537,409.819056785371,0.117382136260266,0,"Significant","missense"
"3416C>T","10312C>T",556,456.901828681424,0.0852518953239663,0,"Significant","missense"
"3416C>T","8413A>T",574,457.564966313763,0.0984591273102506,0,"Significant","missense"
"3416C>T","5328C>T",456,360.083734359962,0.102561338725114,0,"Significant","missense"
"3416C>T","11028C>T",567,434.355149181906,0.115738084550652,0,"Significant","missense"
"3416C>T","5320C>T",559,473.480269489894,0.0721099217597865,0,"Significant","missense"
"3416C>T","5270C>A",556,416.450433108758,0.125511473494387,0,"Significant","missense"
"3416C>T","13033C>T",641,616.717998075072,0.0167714066144312,0,"Significant","missense"
"3416C>T","8088T>C",449,333.55822906641,0.129074681596914,0,"Significant","missense"
"3416C>T","11672A>C",524,411.808469682387,0.104636012456676,0,"Significant","missense"
"3416C>T","6322G>A",533,401.861405197305,0.122650910509811,0,"Significant","missense"
"3416C>T","3578T>A",616,586.213666987488,0.0215247728009004,0,"Significant","missense"
"3416C>T","8722C>T",222,294.433108758422,-0.122633670014381,0,"Significant","missense"
"3416C>T","6174G>A",464,479.448508180943,-0.0142239910900953,0.027,"Significant","missense"
"3416C>T","8921G>A",455,336.210779595765,0.131399762973294,0,"Significant","missense"
"3416C>T","9571C>T",92,187.004812319538,-0.308064955324014,0,"Significant","missense"
"3416C>T","6682A>T",511,398.545717035611,0.107942753781501,0,"Significant","missense"
"3416C>T","9896A>T",497,372.683349374398,0.125016398813793,0,"Significant","missense"
"3416C>T","13450T>C",217,293.106833493744,-0.130566209850959,0,"Significant","missense"
"3416C>T","15446C>T",608,602.792107795958,0.00373602170031841,0.344,"Not Significant","missense"
"3416C>T","6685A>T",474,356.768046198268,0.123392391657217,0,"Significant","missense"
"3416C>T","9823T>C",402,342.842155919153,0.0691318356400605,0,"Significant","missense"
"3416C>T","13580C>T",483,358.094321462945,0.129949696578064,0,"Significant","missense"
"3416C>T","15086A>G",496,381.304138594803,0.114210157450092,0,"Significant","missense"
"3416C>T","5230T>C",429,395.230028873917,0.0356073580940308,0,"Significant","missense"
"3416C>T","7788T>C",488,381.304138594803,0.107148302962607,0,"Significant","missense"
"3416C>T","9231C>G",134,223.477382098171,-0.22212877685685,0,"Significant","missense"
"3416C>T","6925C>T",519,475.46968238691,0.0380445278302017,0,"Significant","missense"
"3416C>T","3542T>C",476,363.399422521655,0.117222719885647,0,"Significant","missense"
"3416C>T","12691A>G",233,200.930702598653,0.0643096181732358,0,"Significant","missense"
"3416C>T","8015C>T",395,334.884504331088,0.0717020431573308,0,"Significant","missense"
"3416C>T","11244T>C",453,346.820981713186,0.11599283879508,0,"Significant","missense"
"3416C>T","7665C>T",490,404.51395572666,0.0832625706672795,0,"Significant","missense"
"3416C>T","5326C>T",445,351.462945139557,0.102480467029668,0,"Significant","missense"
"3416C>T","15378T>C",180,181.036573628489,-0.00249381628789698,0.863,"Not Significant","missense"
"3416C>T","3661T>C",416,307.695861405197,0.130971675721377,0,"Significant","missense"
"3416C>T","10972A>T",457,369.367661212705,0.0924573305456503,0,"Significant","missense"
"3416C>T","14000T>C",474,370.693936477382,0.106762859437188,0,"Significant","missense"
"3416C>T","11538C>T",462,360.083734359962,0.108238471616803,0,"Significant","missense"
"3416C>T","8118G>A",435,364.062560153994,0.0773132381540775,0,"Significant","missense"
"3416C>T","3706C>T",405,330.242540904716,0.0886220061044782,0,"Significant","missense"
"3416C>T","12923G>C",464,348.810394610202,0.123928562050663,0,"Significant","missense"
"3416C>T","12009G>C",447,334.884504331088,0.125412470662794,0,"Significant","missense"
"3416C>T","3650C>T",445,352.789220404235,0.100844704335409,0,"Significant","missense"
"3416C>T","3428G>A",404,320.958614051973,0.0999323291157162,0,"Significant","missense"
"3416C>T","12361A>T",388,316.97978825794,0.0878001546316148,0,"Significant","missense"
"6103T>C","7658G>A",621,435.849855630414,0.153754693709232,0,"Significant","missense"
"6103T>C","9540T>A",624,428.820019249278,0.16290953770256,0,"Significant","missense"
"6103T>C","13756C>T",623,452.46583253128,0.138902257158534,0,"Significant","missense"
"6103T>C","14819T>C",608,462.051973051011,0.119212750167342,0,"Significant","missense"
"6103T>C","14985G>A",583,444.157844080847,0.118131218358037,0,"Significant","missense"
"6103T>C","4930T>C",557,422.429258902791,0.120101203877224,0,"Significant","missense"
"6103T>C","4008A>T",54,173.828681424447,-0.507727676021516,0,"Significant","missense"
"6103T>C","12047T>C",624,467.803657362849,0.125120976813169,0,"Significant","missense"
"6103T>C","12053C>T",611,541.936477382098,0.0520928261749913,0,"Significant","missense"
"6103T>C","7944C>T",605,445.435996150144,0.132970064743594,0,"Significant","missense"
"6103T>C","9622C>T",104,213.451395572666,-0.31226565932341,0,"Significant","missense"
"6103T>C","7191T>C",584,445.435996150144,0.117627537203527,0,"Significant","missense"
"6103T>C","14249G>A",593,461.412897016362,0.108964963983763,0,"Significant","missense"
"6103T>C","8920G>A",620,469.720885466795,0.120551818603197,0,"Significant","missense"
"6103T>C","15140G>A",612,494.644850818094,0.0924579296518117,0,"Significant","missense"
"6103T>C","12971C>T",586,550.244465832531,0.0273419327535911,0,"Significant","missense"
"6103T>C","12790T>C",602,451.187680461983,0.125239258395157,0,"Significant","missense"
"6103T>C","5314T>C",515,410.286814244466,0.0987196691614762,0,"Significant","missense"
"6103T>C","9816C>T",539,401.339749759384,0.128076589638675,0,"Significant","missense"
"6103T>C","9988C>T",569,430.737247353224,0.120899838048887,0,"Significant","missense"
"6103T>C","8923A>T",557,407.730510105871,0.135481984641698,0,"Significant","missense"
"6103T>C","13126C>T",557,427.541867179981,0.114876545595042,0,"Significant","missense"
"6103T>C","15660C>T",535,394.948989412897,0.131812775121544,0,"Significant","missense"
"6103T>C","10312C>T",546,440.323387872955,0.0934208889862523,0,"Significant","missense"
"6103T>C","8413A>T",572,440.962463907603,0.112994406244906,0,"Significant","missense"
"6103T>C","5328C>T",462,347.018286814244,0.124289614156407,0,"Significant","missense"
"6103T>C","11028C>T",569,418.594802694899,0.133318434592421,0,"Significant","missense"
"6103T>C","5320C>T",545,456.300288739172,0.0771457586896125,0,"Significant","missense"
"6103T>C","5270C>A",555,401.339749759384,0.14078080757461,0,"Significant","missense"
"6103T>C","13033C>T",619,594.340712223292,0.0176551686553399,0,"Significant","missense"
"6103T>C","8088T>C",452,321.455245428296,0.148017917944576,0,"Significant","missense"
"6103T>C","11672A>C",515,396.866217516843,0.113163097053746,0,"Significant","missense"
"6103T>C","6322G>A",533,387.280076997113,0.138702053049415,0,"Significant","missense"
"6103T>C","3578T>A",599,564.943214629451,0.0254220255653939,0,"Significant","missense"
"6103T>C","8722C>T",199,283.749759384023,-0.154082425515688,0,"Significant","missense"
"6103T>C","6174G>A",441,462.051973051011,-0.0202522396375279,0.004,"Significant","missense"
"6103T>C","8921G>A",457,324.011549566891,0.149355708925635,0,"Significant","missense"
"6103T>C","9571C>T",68,180.219441770934,-0.423292727423567,0,"Significant","missense"
"6103T>C","6682A>T",506,384.084696823869,0.119723513026192,0,"Significant","missense"
"6103T>C","9896A>T",496,359.16073147257,0.140192829110263,0,"Significant","missense"
"6103T>C","13450T>C",192,282.471607314726,-0.16767357245631,0,"Significant","missense"
"6103T>C","15446C>T",586,580.920115495669,0.00378120098528257,0.337,"Not Significant","missense"
"6103T>C","6685A>T",472,343.822906641001,0.137607191156824,0,"Significant","missense"
"6103T>C","9823T>C",399,330.402309913378,0.0819298207819429,0,"Significant","missense"
"6103T>C","13580C>T",477,345.101058710298,0.14057208740627,0,"Significant","missense"
"6103T>C","15086A>G",488,367.468719923003,0.123199445502211,0,"Significant","missense"
"6103T>C","5230T>C",426,380.889316650626,0.0486108075516303,0,"Significant","missense"
"6103T>C","7788T>C",481,367.468719923003,0.116924699873333,0,"Significant","missense"
"6103T>C","9231C>G",104,215.368623676612,-0.316149093383182,0,"Significant","missense"
"6103T>C","6925C>T",495,458.217516843118,0.0335335114549214,0,"Significant","missense"
"6103T>C","3542T>C",469,350.213666987488,0.126839752419843,0,"Significant","missense"
"6103T>C","12691A>G",227,193.640038498556,0.0690306968799447,0,"Significant","missense"
"6103T>C","8015C>T",387,322.733397497594,0.0788670550893876,0,"Significant","missense"
"6103T>C","11244T>C",455,334.23676612127,0.133957175978964,0,"Significant","missense"
"6103T>C","7665C>T",478,389.836381135707,0.0885455297904913,0,"Significant","missense"
"6103T>C","5326C>T",443,338.710298363811,0.11657532481141,0,"Significant","missense"
"6103T>C","15378T>C",180,174.467757459095,0.0135573262517024,0.41,"Not Significant","missense"
"6103T>C","3661T>C",413,296.531280076997,0.143879539290639,0,"Significant","missense"
"6103T>C","10972A>T",454,355.965351299326,0.105648125872509,0,"Significant","missense"
"6103T>C","14000T>C",469,357.243503368624,0.118208503017791,0,"Significant","missense"
"6103T>C","11538C>T",458,347.018286814244,0.120513116604152,0,"Significant","missense"
"6103T>C","8118G>A",422,350.852743022137,0.080187574700721,0,"Significant","missense"
"6103T>C","3706C>T",399,318.259865255053,0.098191021116163,0,"Significant","missense"
"6103T>C","12923G>C",464,336.153994225217,0.139979704590266,0,"Significant","missense"
"6103T>C","12009G>C",452,322.733397497594,0.146294524881842,0,"Significant","missense"
"6103T>C","3650C>T",437,339.988450433109,0.109017272864505,0,"Significant","missense"
"6103T>C","3428G>A",402,309.312800769971,0.113828159629185,0,"Significant","missense"
"6103T>C","12361A>T",385,305.478344562079,0.100480301085512,0,"Significant","missense"
"7658G>A","9540T>A",625,440.444658325313,0.151988670075753,0,"Significant","missense"
"7658G>A","13756C>T",627,464.731472569779,0.130065456041622,0,"Significant","missense"
"7658G>A","14819T>C",615,474.577478344562,0.112567991381564,0,"Significant","missense"
"7658G>A","14985G>A",591,456.198267564966,0.112433849191818,0,"Significant","missense"
"7658G>A","4930T>C",565,433.880654475457,0.114678161234474,0,"Significant","missense"
"7658G>A","4008A>T",72,178.540904716073,-0.394405234701872,0,"Significant","missense"
"7658G>A","12047T>C",630,480.485081809432,0.117660641295867,0,"Significant","missense"
"7658G>A","12053C>T",624,556.627526467758,0.0496199103264002,0,"Significant","missense"
"7658G>A","7944C>T",608,457.511068334937,0.123501974075401,0,"Significant","missense"
"7658G>A","9622C>T",119,219.237728585178,-0.265368332518168,0,"Significant","missense"
"7658G>A","7191T>C",593,457.511068334937,0.11265308816693,0,"Significant","missense"
"7658G>A","14249G>A",608,473.921077959577,0.108197554603774,0,"Significant","missense"
"7658G>A","8920G>A",626,482.454282964389,0.113118167026913,0,"Significant","missense"
"7658G>A","15140G>A",621,508.053897978826,0.0871818123943705,0,"Significant","missense"
"7658G>A","12971C>T",610,565.16073147257,0.0331578564578051,0,"Significant","missense"
"7658G>A","12790T>C",609,463.418671799807,0.118643764481748,0,"Significant","missense"
"7658G>A","5314T>C",518,421.409047160731,0.0896259045770591,0,"Significant","missense"
"7658G>A","9816C>T",543,412.219441770934,0.119671358752324,0,"Significant","missense"
"7658G>A","9988C>T",574,442.41385948027,0.11308316876333,0,"Significant","missense"
"7658G>A","8923A>T",562,418.783445620789,0.127746809748571,0,"Significant","missense"
"7658G>A","13126C>T",570,439.131857555342,0.113279910805344,0,"Significant","missense"
"7658G>A","15660C>T",541,405.655437921078,0.125039962918425,0,"Significant","missense"
"7658G>A","10312C>T",556,452.259865255053,0.0896867425751122,0,"Significant","missense"
"7658G>A","8413A>T",575,452.916265640038,0.103649926853053,0,"Significant","missense"
"7658G>A","5328C>T",471,356.425409047161,0.121052250440718,0,"Significant","missense"
"7658G>A","11028C>T",573,429.942252165544,0.12474449487628,0,"Significant","missense"
"7658G>A","5320C>T",564,468.669874879692,0.0804120651078507,0,"Significant","missense"
"7658G>A","5270C>A",565,412.219441770934,0.136919976982912,0,"Significant","missense"
"7658G>A","13033C>T",645,610.452358036574,0.0239079389820272,0,"Significant","missense"
"7658G>A","8088T>C",451,330.169393647738,0.135439729722696,0,"Significant","missense"
"7658G>A","11672A>C",526,407.624639076035,0.110725316877833,0,"Significant","missense"
"7658G>A","6322G>A",539,397.778633301251,0.131947313921122,0,"Significant","missense"
"7658G>A","3578T>A",619,580.257940327238,0.0280695569077387,0,"Significant","missense"
"7658G>A","8722C>T",214,291.44177093359,-0.134138023864677,0,"Significant","missense"
"7658G>A","6174G>A",463,474.577478344562,-0.0107261333758769,0.086,"Not Significant","missense"
"7658G>A","8921G>A",459,332.79499518768,0.139635899104588,0,"Significant","missense"
"7658G>A","9571C>T",84,185.104908565929,-0.343138649356499,0,"Significant","missense"
"7658G>A","6682A>T",514,394.496631376323,0.114919819893209,0,"Significant","missense"
"7658G>A","9896A>T",503,368.897016361886,0.134662842387533,0,"Significant","missense"
"7658G>A","13450T>C",216,290.128970163619,-0.128137345297411,0,"Significant","missense"
"7658G>A","15446C>T",607,596.667949951877,0.00745598075398737,0.047,"Significant","missense"
"7658G>A","6685A>T",476,353.143407122233,0.129655849954771,0,"Significant","missense"
"7658G>A","9823T>C",398,339.358999037536,0.0692237018804249,0,"Significant","missense"
"7658G>A","13580C>T",484,354.456207892204,0.13528277472211,0,"Significant","missense"
"7658G>A","15086A>G",495,377.430221366699,0.117768527144609,0,"Significant","missense"
"7658G>A","5230T>C",437,391.214629451396,0.0480663501308722,0,"Significant","missense"
"7658G>A","7788T>C",494,377.430221366699,0.116890277134688,0,"Significant","missense"
"7658G>A","9231C>G",125,221.206929740135,-0.247888714962433,0,"Significant","missense"
"7658G>A","6925C>T",515,470.639076034649,0.0391192462740815,0,"Significant","missense"
"7658G>A","3542T>C",478,359.707410972089,0.123478511028418,0,"Significant","missense"
"7658G>A","12691A>G",228,198.889316650626,0.0593233913988194,0,"Significant","missense"
"7658G>A","8015C>T",393,331.482194417709,0.0739323451574433,0,"Significant","missense"
"7658G>A","11244T>C",465,343.29740134745,0.131782436923345,0,"Significant","missense"
"7658G>A","7665C>T",493,400.404234841193,0.0903482571671411,0,"Significant","missense"
"7658G>A","5326C>T",452,347.892204042348,0.113693738111263,0,"Significant","missense"
"7658G>A","15378T>C",177,179.197305101059,-0.0053582077782479,0.77,"Not Significant","missense"
"7658G>A","3661T>C",417,304.569778633301,0.136449247319537,0,"Significant","missense"
"7658G>A","10972A>T",463,365.615014436959,0.102556968744898,0,"Significant","missense"
"7658G>A","14000T>C",471,366.92781520693,0.108440272143145,0,"Significant","missense"
"7658G>A","11538C>T",462,356.425409047161,0.112673318867949,0,"Significant","missense"
"7658G>A","8118G>A",435,360.363811357074,0.0817480854052233,0,"Significant","missense"
"7658G>A","3706C>T",408,326.88739172281,0.0962619932308344,0,"Significant","missense"
"7658G>A","12923G>C",469,345.266602502406,0.133018271462009,0,"Significant","missense"
"7658G>A","12009G>C",458,331.482194417709,0.14040527278587,0,"Significant","missense"
"7658G>A","3650C>T",442,349.20500481232,0.102341809954716,0,"Significant","missense"
"7658G>A","3428G>A",410,317.697786333013,0.110769667975991,0,"Significant","missense"
"7658G>A","12361A>T",386,313.759384023099,0.0899905809603087,0,"Significant","missense"
"9540T>A","13756C>T",627,457.235803657363,0.137127310529107,0,"Significant","missense"
"9540T>A","14819T>C",616,466.923002887392,0.120335442258058,0,"Significant","missense"
"9540T>A","14985G>A",589,448.840230991338,0.11802351758515,0,"Significant","missense"
"9540T>A","4930T>C",569,426.882579403272,0.124803834297591,0,"Significant","missense"
"9540T>A","4008A>T",56,175.661212704524,-0.496487849639285,0,"Significant","missense"
"9540T>A","12047T>C",629,472.735322425409,0.12403259177504,0,"Significant","missense"
"9540T>A","12053C>T",623,547.649663137632,0.0559852217906316,0,"Significant","missense"
"9540T>A","7944C>T",608,450.131857555342,0.130563828562886,0,"Significant","missense"
"9540T>A","9622C>T",103,215.701636188643,-0.321016214717987,0,"Significant","missense"
"9540T>A","7191T>C",592,450.131857555342,0.118981956013073,0,"Significant","missense"
"9540T>A","14249G>A",601,466.27718960539,0.110230301821265,0,"Significant","missense"
"9540T>A","8920G>A",624,474.672762271415,0.118790277986393,0,"Significant","missense"
"9540T>A","15140G>A",619,499.85948026949,0.092842715725394,0,"Significant","missense"
"9540T>A","12971C>T",593,556.045235803657,0.0279445692987883,0,"Significant","missense"
"9540T>A","12790T>C",608,455.944177093359,0.124991905609093,0,"Significant","missense"
"9540T>A","5314T>C",521,414.612127045236,0.0991957226188352,0,"Significant","missense"
"9540T>A","9816C>T",550,405.570741097209,0.132296073145205,0,"Significant","missense"
"9540T>A","9988C>T",574,435.278152069297,0.120145023250815,0,"Significant","missense"
"9540T>A","8923A>T",557,412.028873917228,0.130927543840725,0,"Significant","missense"
"9540T>A","13126C>T",565,432.049085659288,0.116515357439777,0,"Significant","missense"
"9540T>A","15660C>T",542,399.11260827719,0.132903838837728,0,"Significant","missense"
"9540T>A","10312C>T",556,444.965351299326,0.0967485970625975,0,"Significant","missense"
"9540T>A","8413A>T",581,445.611164581328,0.115220069041238,0,"Significant","missense"
"9540T>A","5328C>T",466,350.676612127045,0.123479114489308,0,"Significant","missense"
"9540T>A","11028C>T",573,423.007699711261,0.131806349363765,0,"Significant","missense"
"9540T>A","5320C>T",550,461.110683349374,0.0765575051062396,0,"Significant","missense"
"9540T>A","5270C>A",559,405.570741097209,0.139345191537383,0,"Significant","missense"
"9540T>A","13033C>T",632,600.60635226179,0.0221271571166316,0,"Significant","missense"
"9540T>A","8088T>C",456,324.844080846968,0.147289884996654,0,"Significant","missense"
"9540T>A","11672A>C",524,401.050048123195,0.116132714195306,0,"Significant","missense"
"9540T>A","6322G>A",541,391.362848893166,0.140617668328438,0,"Significant","missense"
"9540T>A","3578T>A",609,570.898941289702,0.0280580550079829,0,"Significant","missense"
"9540T>A","8722C>T",195,286.741097208855,-0.167455331363845,0,"Significant","missense"
"9540T>A","6174G>A",444,466.923002887392,-0.0218622997917209,0.003,"Significant","missense"
"9540T>A","8921G>A",456,327.427333974976,0.143849910719247,0,"Significant","missense"
"9540T>A","9571C>T",64,182.119345524543,-0.454176106946848,0,"Significant","missense"
"9540T>A","6682A>T",515,388.133782483157,0.122825784426609,0,"Significant","missense"
"9540T>A","9896A>T",503,362.947064485082,0.141724696875018,0,"Significant","missense"
"9540T>A","13450T>C",195,285.449470644851,-0.165494630598318,0,"Significant","missense"
"9540T>A","15446C>T",593,587.04427333975,0.00438383753047977,0.304,"Not Significant","missense"
"9540T>A","6685A>T",478,347.447545717036,0.138538648333881,0,"Significant","missense"
"9540T>A","9823T>C",406,333.885466794995,0.0849285178714138,0,"Significant","missense"
"9540T>A","13580C>T",485,348.739172281039,0.143241006167446,0,"Significant","missense"
"9540T>A","15086A>G",497,371.342637151107,0.126581571431857,0,"Significant","missense"
"9540T>A","5230T>C",422,384.904716073147,0.0399592186096129,0,"Significant","missense"
"9540T>A","7788T>C",492,371.342637151107,0.122190285465886,0,"Significant","missense"
"9540T>A","9231C>G",106,217.639076034649,-0.312431008218173,0,"Significant","missense"
"9540T>A","6925C>T",509,463.04812319538,0.0410916540571355,0,"Significant","missense"
"9540T>A","3542T>C",481,353.905678537055,0.133257545277616,0,"Significant","missense"
"9540T>A","12691A>G",230,195.681424446583,0.0701782349034401,0,"Significant","missense"
"9540T>A","8015C>T",401,326.135707410972,0.0897460218896815,0,"Significant","missense"
"9540T>A","11244T>C",464,337.760346487007,0.137909319075757,0,"Significant","missense"
"9540T>A","7665C>T",484,393.946102021174,0.0894085540218103,0,"Significant","missense"
"9540T>A","5326C>T",447,342.28103946102,0.115924680919303,0,"Significant","missense"
"9540T>A","15378T>C",176,176.307025986525,-0.000756951838420377,1,"Not Significant","missense"
"9540T>A","3661T>C",415,299.657362848893,0.141423143545357,0,"Significant","missense"
"9540T>A","10972A>T",459,359.717998075072,0.105850517751692,0,"Significant","missense"
"9540T>A","14000T>C",468,361.009624639076,0.112727072575859,0,"Significant","missense"
"9540T>A","11538C>T",462,350.676612127045,0.119735173355434,0,"Significant","missense"
"9540T>A","8118G>A",428,354.551491819057,0.0817644519512445,0,"Significant","missense"
"9540T>A","3706C>T",406,321.615014436959,0.101189718205634,0,"Significant","missense"
"9540T>A","12923G>C",466,339.697786333013,0.137293199924412,0,"Significant","missense"
"9540T>A","12009G>C",452,326.135707410972,0.141740084080869,0,"Significant","missense"
"9540T>A","3650C>T",439,343.572666025024,0.106445915335231,0,"Significant","missense"
"9540T>A","3428G>A",405,312.573628488932,0.11250268895841,0,"Significant","missense"
"9540T>A","12361A>T",386,308.69874879692,0.0970524354477933,0,"Significant","missense"
"13756C>T","14819T>C",617,492.669874879692,0.0977291566061015,0,"Significant","missense"
"13756C>T","14985G>A",597,473.589990375361,0.100571816406645,0,"Significant","missense"
"13756C>T","4930T>C",571,450.42155919153,0.103016938627596,0,"Significant","missense"
"13756C>T","4008A>T",91,185.347449470645,-0.308945221845454,0,"Significant","missense"
"13756C>T","12047T>C",634,498.802694898941,0.104160466690731,0,"Significant","missense"
"13756C>T","12053C>T",642,577.847930702599,0.0457214656795404,0,"Significant","missense"
"13756C>T","7944C>T",614,474.952839268527,0.111517882910546,0,"Significant","missense"
"13756C>T","9622C>T",141,227.595765158807,-0.207945064288659,0,"Significant","missense"
"13756C>T","7191T>C",600,474.952839268527,0.101500762153024,0,"Significant","missense"
"13756C>T","14249G>A",612,491.988450433109,0.0947965144433132,0,"Significant","missense"
"13756C>T","8920G>A",633,500.846968238691,0.101698660800551,0,"Significant","missense"
"13756C>T","15140G>A",636,527.422521655438,0.0812984448329155,0,"Significant","missense"
"13756C>T","12971C>T",629,586.706448508181,0.0302297838590176,0,"Significant","missense"
"13756C>T","12790T>C",616,481.085659287777,0.10735830098001,0,"Significant","missense"
"13756C>T","5314T>C",532,437.474494706448,0.0849588940935858,0,"Significant","missense"
"13756C>T","9816C>T",553,427.934552454283,0.111347777434888,0,"Significant","missense"
"13756C>T","9988C>T",579,459.280076997113,0.100600957059505,0,"Significant","missense"
"13756C>T","8923A>T",560,434.748796920115,0.109949638152424,0,"Significant","missense"
"13756C>T","13126C>T",577,455.872954764196,0.102331985255297,0,"Significant","missense"
"13756C>T","15660C>T",540,421.12030798845,0.107987574601538,0,"Significant","missense"
"13756C>T","10312C>T",560,469.501443695861,0.0765510949659682,0,"Significant","missense"
"13756C>T","8413A>T",586,470.182868142445,0.0956308151482256,0,"Significant","missense"
"13756C>T","5328C>T",474,370.013474494706,0.107560801952621,0,"Significant","missense"
"13756C>T","11028C>T",581,446.333012512031,0.114517122265934,0,"Significant","missense"
"13756C>T","5320C>T",567,486.537054860443,0.066467136984128,0,"Significant","missense"
"13756C>T","5270C>A",566,427.934552454283,0.121439077318459,0,"Significant","missense"
"13756C>T","13033C>T",665,633.724735322425,0.0209209866165746,0,"Significant","missense"
"13756C>T","8088T>C",454,342.756496631376,0.122070157668554,0,"Significant","missense"
"13756C>T","11672A>C",526,423.1645813282,0.0944764338445473,0,"Significant","missense"
"13756C>T","6322G>A",541,412.943214629451,0.117306930807667,0,"Significant","missense"
"13756C>T","3578T>A",643,602.379210779596,0.0283409977785529,0,"Significant","missense"
"13756C>T","8722C>T",235,302.552454282964,-0.109732817975434,0,"Significant","missense"
"13756C>T","6174G>A",482,492.669874879692,-0.00950896918827088,0.119,"Not Significant","missense"
"13756C>T","8921G>A",459,345.482194417709,0.123387016071303,0,"Significant","missense"
"13756C>T","9571C>T",100,192.161693936477,-0.283666818451744,0,"Significant","missense"
"13756C>T","6682A>T",518,409.536092396535,0.10203757760988,0,"Significant","missense"
"13756C>T","9896A>T",501,382.960538979788,0.116683700165566,0,"Significant","missense"
"13756C>T","13450T>C",232,301.189605389798,-0.113351994590741,0,"Significant","missense"
"13756C>T","15446C>T",632,619.414821944177,0.00873548492782459,0.006,"Significant","missense"
"13756C>T","6685A>T",475,366.60635226179,0.112493623825859,0,"Significant","missense"
"13756C>T","9823T>C",412,352.296438883542,0.0679889628065827,0,"Significant","missense"
"13756C>T","13580C>T",487,367.969201154957,0.121717491259045,0,"Significant","missense"
"13756C>T","15086A>G",501,391.81905678537,0.106752171045,0,"Significant","missense"
"13756C>T","5230T>C",452,406.128970163619,0.0464744649385433,0,"Significant","missense"
"13756C>T","7788T>C",500,391.81905678537,0.105884449513773,0,"Significant","missense"
"13756C>T","9231C>G",144,229.640038498556,-0.202685118908568,0,"Significant","missense"
"13756C>T","6925C>T",527,488.581328200193,0.0328737494121484,0,"Significant","missense"
"13756C>T","3542T>C",485,373.420596727623,0.113543469985276,0,"Significant","missense"
"13756C>T","12691A>G",227,206.471607314726,0.0411655185582071,0,"Significant","missense"
"13756C>T","8015C>T",399,344.119345524543,0.0642638074354779,0,"Significant","missense"
"13756C>T","11244T>C",464,356.384985563041,0.114598581554987,0,"Significant","missense"
"13756C>T","7665C>T",499,415.668912415784,0.0793530004800139,0,"Significant","missense"
"13756C>T","5326C>T",455,361.154956689124,0.100317816923707,0,"Significant","missense"
"13756C>T","15378T>C",181,186.028873917228,-0.0119017823041566,0.45,"Not Significant","missense"
"13756C>T","3661T>C",414,316.180943214629,0.117064650433394,0,"Significant","missense"
"13756C>T","10972A>T",466,379.553416746872,0.0891130113836585,0,"Significant","missense"
"13756C>T","14000T>C",478,380.916265640038,0.0985983785930808,0,"Significant","missense"
"13756C>T","11538C>T",465,370.013474494706,0.0992354131684914,0,"Significant","missense"
"13756C>T","8118G>A",442,374.102021174206,0.0724322147663906,0,"Significant","missense"
"13756C>T","3706C>T",409,339.34937439846,0.0810762551150109,0,"Significant","missense"
"13756C>T","12923G>C",475,358.429258902791,0.122290155338506,0,"Significant","missense"
"13756C>T","12009G>C",453,344.119345524543,0.119389113761549,0,"Significant","missense"
"13756C>T","3650C>T",449,362.517805582291,0.0929169985756603,0,"Significant","missense"
"13756C>T","3428G>A",408,329.809432146294,0.0923970913128507,0,"Significant","missense"
"13756C>T","12361A>T",397,325.720885466795,0.0859449000183808,0,"Significant","missense"
"14819T>C","14985G>A",615,483.623676612127,0.10436756144793,0,"Significant","missense"
"14819T>C","4930T>C",586,459.964388835419,0.105173406795077,0,"Significant","missense"
"14819T>C","4008A>T",79,189.274302213667,-0.37946456248079,0,"Significant","missense"
"14819T>C","12047T>C",646,509.370548604427,0.103198687199321,0,"Significant","missense"
"14819T>C","12053C>T",661,590.090471607315,0.0492828574915651,0,"Significant","missense"
"14819T>C","7944C>T",643,485.015399422522,0.122455445088837,0,"Significant","missense"
"14819T>C","9622C>T",135,232.4177093359,-0.235935448053777,0,"Significant","missense"
"14819T>C","7191T>C",623,485.015399422522,0.108732518823787,0,"Significant","missense"
"14819T>C","14249G>A",641,502.411934552454,0.105798082211806,0,"Significant","missense"
"14819T>C","8920G>A",646,511.458132820019,0.101422429173518,0,"Significant","missense"
"14819T>C","15140G>A",644,538.596727622714,0.0776221569395529,0,"Significant","missense"
"14819T>C","12971C>T",636,599.13666987488,0.0259312144574015,0,"Significant","missense"
"14819T>C","12790T>C",627,491.278152069297,0.10594009004154,0,"Significant","missense"
"14819T>C","5314T>C",545,446.74302213667,0.0863387244704183,0,"Significant","missense"
"14819T>C","9816C>T",566,437.000962463908,0.112334037713699,0,"Significant","missense"
"14819T>C","9988C>T",593,469.010587102984,0.10187204709157,0,"Significant","missense"
"14819T>C","8923A>T",594,443.959576515881,0.126443016522653,0,"Significant","missense"
"14819T>C","13126C>T",592,465.531280076997,0.104372839217723,0,"Significant","missense"
"14819T>C","15660C>T",572,430.042348411935,0.12388480396683,0,"Significant","missense"
"14819T>C","10312C>T",584,479.448508180943,0.0856708754674041,0,"Significant","missense"
"14819T>C","8413A>T",601,480.14436958614,0.0975026315281127,0,"Significant","missense"
"14819T>C","5328C>T",488,377.852743022137,0.111097242676484,0,"Significant","missense"
"14819T>C","11028C>T",588,455.789220404235,0.110613276346981,0,"Significant","missense"
"14819T>C","5320C>T",582,496.845043310876,0.0687020231363479,0,"Significant","missense"
"14819T>C","5270C>A",580,437.000962463908,0.122945600088363,0,"Significant","missense"
"14819T>C","13033C>T",682,647.151106833494,0.0227786763651869,0,"Significant","missense"
"14819T>C","8088T>C",455,350.018286814244,0.113920661863803,0,"Significant","missense"
"14819T>C","11672A>C",543,432.129932627527,0.0991854796748929,0,"Significant","missense"
"14819T>C","6322G>A",558,421.692011549567,0.121638825033914,0,"Significant","missense"
"14819T>C","3578T>A",642,615.141482194418,0.0185600133184238,0,"Significant","missense"
"14819T>C","8722C>T",225,308.962463907603,-0.137723201740558,0,"Significant","missense"
"14819T>C","6174G>A",481,503.107795957652,-0.0195159706580485,0,"Significant","missense"
"14819T>C","8921G>A",443,352.801732435034,0.0988730171523551,0,"Significant","missense"
"14819T>C","9571C>T",92,196.23291626564,-0.328984030710908,0,"Significant","missense"
"14819T>C","6682A>T",539,418.21270452358,0.110191543446623,0,"Significant","missense"
"14819T>C","9896A>T",520,391.074109720885,0.123744278328357,0,"Significant","missense"
"14819T>C","13450T>C",229,307.570741097209,-0.128109536746509,0,"Significant","missense"
"14819T>C","15446C>T",639,632.53801732435,0.0044142251990785,0.224,"Not Significant","missense"
"14819T>C","6685A>T",487,374.37343599615,0.114223935810865,0,"Significant","missense"
"14819T>C","9823T>C",419,359.760346487007,0.0662007301349823,0,"Significant","missense"
"14819T>C","13580C>T",498,375.765158806545,0.122312833199367,0,"Significant","missense"
"14819T>C","15086A>G",519,400.12030798845,0.112976763421449,0,"Significant","missense"
"14819T>C","5230T>C",459,414.733397497594,0.0440436760596613,0,"Significant","missense"
"14819T>C","7788T>C",512,400.12030798845,0.107079366548823,0,"Significant","missense"
"14819T>C","9231C>G",134,234.505293551492,-0.243047852243745,0,"Significant","missense"
"14819T>C","6925C>T",536,498.932627526468,0.0311228842876105,0,"Significant","missense"
"14819T>C","3542T>C",483,381.332050048123,0.102643822529766,0,"Significant","missense"
"14819T>C","12691A>G",246,210.846005774783,0.0669697288636913,0,"Significant","missense"
"14819T>C","8015C>T",409,351.410009624639,0.0659091801513096,0,"Significant","missense"
"14819T>C","11244T>C",473,363.935514918191,0.113836702133156,0,"Significant","missense"
"14819T>C","7665C>T",503,424.475457170356,0.073715400307791,0,"Significant","missense"
"14819T>C","5326C>T",468,368.806544754572,0.103447233735957,0,"Significant","missense"
"14819T>C","15378T>C",188,189.970163618864,-0.00452754751442719,0.806,"Not Significant","missense"
"14819T>C","3661T>C",432,322.87969201155,0.126443016522644,0,"Significant","missense"
"14819T>C","10972A>T",476,387.594802694899,0.0892290078093901,0,"Significant","missense"
"14819T>C","14000T>C",491,388.986525505294,0.101146934499169,0,"Significant","missense"
"14819T>C","11538C>T",476,377.852743022137,0.100284373394269,0,"Significant","missense"
"14819T>C","8118G>A",456,382.02791145332,0.0768697484769712,0,"Significant","missense"
"14819T>C","3706C>T",416,346.538979788258,0.0793412381296508,0,"Significant","missense"
"14819T>C","12923G>C",481,366.023099133783,0.118636582482711,0,"Significant","missense"
"14819T>C","12009G>C",468,351.410009624639,0.124431725218078,0,"Significant","missense"
"14819T>C","3650C>T",457,370.198267564966,0.0914818180374263,0,"Significant","missense"
"14819T>C","3428G>A",430,336.796920115496,0.106100344197793,0,"Significant","missense"
"14819T>C","12361A>T",398,332.621751684312,0.0779324257241942,0,"Significant","missense"
"14985G>A","4930T>C",597,442.151106833494,0.130403614610767,0,"Significant","missense"
"14985G>A","4008A>T",71,181.944177093359,-0.408679812347687,0,"Significant","missense"
"14985G>A","12047T>C",627,489.643888354187,0.107387202739369,0,"Significant","missense"
"14985G>A","12053C>T",630,567.237728585178,0.0455754401639238,0,"Significant","missense"
"14985G>A","7944C>T",602,466.231953801732,0.110994456126858,0,"Significant","missense"
"14985G>A","9622C>T",127,223.416746871992,-0.245312002888396,0,"Significant","missense"
"14985G>A","7191T>C",589,466.231953801732,0.101513259656136,0,"Significant","missense"
"14985G>A","14249G>A",606,482.954764196343,0.0985661695636924,0,"Significant","missense"
"14985G>A","8920G>A",630,491.65062560154,0.107683953336431,0,"Significant","missense"
"14985G>A","15140G>A",617,517.738209817132,0.0761749463173991,0,"Significant","missense"
"14985G>A","12971C>T",616,575.933589990375,0.0292083036778293,0,"Significant","missense"
"14985G>A","12790T>C",609,472.252165543792,0.110443334548115,0,"Significant","missense"
"14985G>A","5314T>C",555,429.44177093359,0.111388698020864,0,"Significant","missense"
"14985G>A","9816C>T",576,420.076997112608,0.137093582653052,0,"Significant","missense"
"14985G>A","9988C>T",578,450.846968238691,0.107898684852252,0,"Significant","missense"
"14985G>A","8923A>T",549,426.766121270452,0.10938240869597,0,"Significant","missense"
"14985G>A","13126C>T",557,447.502406159769,0.0950598203729503,0,"Significant","missense"
"14985G>A","15660C>T",530,413.387872954764,0.107918137479014,0,"Significant","missense"
"14985G>A","10312C>T",559,460.880654475457,0.0838233289458445,0,"Significant","missense"
"14985G>A","8413A>T",587,461.549566891242,0.104419753477403,0,"Significant","missense"
"14985G>A","5328C>T",506,363.219441770934,0.143981430217982,0,"Significant","missense"
"14985G>A","11028C>T",572,438.137632338787,0.115785471768281,0,"Significant","missense"
"14985G>A","5320C>T",561,477.603464870067,0.0698953924470371,0,"Significant","missense"
"14985G>A","5270C>A",562,420.076997112608,0.126407414798902,0,"Significant","missense"
"14985G>A","13033C>T",647,622.0885466795,0.0170520750818261,0,"Significant","missense"
"14985G>A","8088T>C",447,336.462945139557,0.123370281043041,0,"Significant","missense"
"14985G>A","11672A>C",519,415.394610202117,0.0967065006389204,0,"Significant","missense"
"14985G>A","6322G>A",547,405.360923965351,0.13014544513418,0,"Significant","missense"
"14985G>A","3578T>A",629,591.318575553417,0.026829123399255,0,"Significant","missense"
"14985G>A","8722C>T",216,296.997112608277,-0.138298475996571,0,"Significant","missense"
"14985G>A","6174G>A",480,483.623676612127,-0.00326631695187938,0.641,"Not Significant","missense"
"14985G>A","8921G>A",429,339.138594802695,0.102080075818425,0,"Significant","missense"
"14985G>A","9571C>T",83,188.633301251203,-0.356540272975931,0,"Significant","missense"
"14985G>A","6682A>T",521,402.016361886429,0.112593994263824,0,"Significant","missense"
"14985G>A","9896A>T",504,375.928777670837,0.127324963843498,0,"Significant","missense"
"14985G>A","13450T>C",222,295.659287776708,-0.124438551931341,0,"Significant","missense"
"14985G>A","15446C>T",619,608.041385948027,0.00775750876521285,0.034,"Significant","missense"
"14985G>A","6685A>T",476,359.874879692012,0.121455420021138,0,"Significant","missense"
"14985G>A","9823T>C",416,345.827718960539,0.0802335304998426,0,"Significant","missense"
"14985G>A","13580C>T",482,361.21270452358,0.125284021382914,0,"Significant","missense"
"14985G>A","15086A>G",505,384.624639076035,0.118254276396068,0,"Significant","missense"
"14985G>A","5230T>C",442,398.671799807507,0.0448067525759083,0,"Significant","missense"
"14985G>A","7788T>C",490,384.624639076035,0.105158978305922,0,"Significant","missense"
"14985G>A","9231C>G",126,225.423484119346,-0.25262861278656,0,"Significant","missense"
"14985G>A","6925C>T",519,479.610202117421,0.0342789451477145,0,"Significant","missense"
"14985G>A","3542T>C",476,366.564003849856,0.11345713720316,0,"Significant","missense"
"14985G>A","12691A>G",229,202.680461982676,0.0530235968046219,0.001,"Significant","missense"
"14985G>A","8015C>T",406,337.800769971126,0.0798653984255747,0,"Significant","missense"
"14985G>A","11244T>C",458,349.841193455245,0.116994532103629,0,"Significant","missense"
"14985G>A","7665C>T",491,408.036573628489,0.080382400079247,0,"Significant","missense"
"14985G>A","5326C>T",462,354.523580365736,0.114996848922371,0,"Significant","missense"
"14985G>A","15378T>C",181,182.613089509143,-0.00385332920450589,0.809,"Not Significant","missense"
"14985G>A","3661T>C",418,310.375360923965,0.129289044187182,0,"Significant","missense"
"14985G>A","10972A>T",470,372.584215591915,0.100873405729028,0,"Significant","missense"
"14985G>A","14000T>C",468,373.922040423484,0.0974647881547409,0,"Significant","missense"
"14985G>A","11538C>T",468,363.219441770934,0.110076766452314,0,"Significant","missense"
"14985G>A","8118G>A",440,367.23291626564,0.0785110750031395,0,"Significant","missense"
"14985G>A","3706C>T",411,333.118383060635,0.0912432220833905,0,"Significant","missense"
"14985G>A","12923G>C",456,351.847930702599,0.112609841477731,0,"Significant","missense"
"14985G>A","12009G>C",450,337.800769971126,0.124551878623714,0,"Significant","missense"
"14985G>A","3650C>T",442,355.861405197305,0.0941413800210834,0,"Significant","missense"
"14985G>A","3428G>A",421,323.753609239653,0.114067477158288,0,"Significant","missense"
"14985G>A","12361A>T",386,319.740134744947,0.0817901510266763,0,"Significant","missense"
"4930T>C","4008A>T",69,173.043310875842,-0.399305725225028,0,"Significant","missense"
"4930T>C","12047T>C",611,465.690086621752,0.117944217255677,0,"Significant","missense"
"4930T>C","12053C>T",601,539.487969201155,0.0468927078175546,0,"Significant","missense"
"4930T>C","7944C>T",584,443.423484119346,0.119594157085904,0,"Significant","missense"
"4930T>C","9622C>T",117,212.487006737247,-0.259146516993699,0,"Significant","missense"
"4930T>C","7191T>C",569,443.423484119346,0.108293576368577,0,"Significant","missense"
"4930T>C","14249G>A",579,459.328200192493,0.100555454229315,0,"Significant","missense"
"4930T>C","8920G>A",612,467.598652550529,0.116878171132882,0,"Significant","missense"
"4930T>C","15140G>A",609,492.410009624639,0.0922904200215031,0,"Significant","missense"
"4930T>C","12971C>T",591,547.758421559191,0.0329984174991321,0,"Significant","missense"
"4930T>C","12790T>C",590,449.149181905679,0.118461398661855,0,"Significant","missense"
"4930T>C","5314T>C",540,408.433108758421,0.121272819825627,0,"Significant","missense"
"4930T>C","9816C>T",556,399.526467757459,0.143529235916368,0,"Significant","missense"
"4930T>C","9988C>T",564,428.79114533205,0.119033295519535,0,"Significant","missense"
"4930T>C","8923A>T",527,405.888354186718,0.113404024562897,0,"Significant","missense"
"4930T>C","13126C>T",542,425.610202117421,0.104987256842079,0,"Significant","missense"
"4930T>C","15660C>T",520,393.1645813282,0.121428956617494,0,"Significant","missense"
"4930T>C","10312C>T",542,438.333974975938,0.0921941527022793,0,"Significant","missense"
"4930T>C","8413A>T",559,438.970163618864,0.104976805220684,0,"Significant","missense"
"4930T>C","5328C>T",494,345.450433108758,0.155341207406299,0,"Significant","missense"
"4930T>C","11028C>T",545,416.703561116458,0.116569290356372,0,"Significant","missense"
"4930T>C","5320C>T",542,454.238691049086,0.0767151628337343,0,"Significant","missense"
"4930T>C","5270C>A",542,399.526467757459,0.132453730872699,0,"Significant","missense"
"4930T>C","13033C>T",623,591.655437921078,0.022419186176768,0,"Significant","missense"
"4930T>C","8088T>C",419,320.002887391723,0.117060125981873,0,"Significant","missense"
"4930T>C","11672A>C",509,395.073147256978,0.110040270231691,0,"Significant","missense"
"4930T>C","6322G>A",521,385.53031761309,0.130779187204746,0,"Significant","missense"
"4930T>C","3578T>A",599,562.390760346487,0.0273886454477708,0,"Significant","missense"
"4930T>C","8722C>T",208,282.467757459095,-0.132905547080266,0,"Significant","missense"
"4930T>C","6174G>A",446,459.964388835419,-0.0133893505108488,0.045,"Significant","missense"
"4930T>C","8921G>A",410,322.547641963426,0.104189985457908,0,"Significant","missense"
"4930T>C","9571C>T",77,179.405197305101,-0.36734429507502,0,"Significant","missense"
"4930T>C","6682A>T",499,382.34937439846,0.115640161692161,0,"Significant","missense"
"4930T>C","9896A>T",488,357.53801732435,0.135097594505154,0,"Significant","missense"
"4930T>C","13450T>C",218,281.195380173244,-0.110551687672905,0,"Significant","missense"
"4930T>C","15446C>T",593,578.295476419634,0.0109048982138305,0.002,"Significant","missense"
"4930T>C","6685A>T",461,342.269489894129,0.129332737794764,0,"Significant","missense"
"4930T>C","9823T>C",404,328.909528392685,0.0893049100881751,0,"Significant","missense"
"4930T>C","13580C>T",476,343.541867179981,0.141627280969027,0,"Significant","missense"
"4930T>C","15086A>G",488,365.808469682387,0.125166065384588,0,"Significant","missense"
"4930T>C","5230T>C",431,379.168431183831,0.0556450984920185,0,"Significant","missense"
"4930T>C","7788T>C",476,365.808469682387,0.114353196102372,0,"Significant","missense"
"4930T>C","9231C>G",120,214.395572666025,-0.252034566752017,0,"Significant","missense"
"4930T>C","6925C>T",499,456.147256977863,0.0389954780271188,0,"Significant","missense"
"4930T>C","3542T>C",457,348.631376323388,0.117549729656989,0,"Significant","missense"
"4930T>C","12691A>G",215,192.765158806545,0.0474099194848142,0.002,"Significant","missense"
"4930T>C","8015C>T",389,321.275264677575,0.0830723112785601,0,"Significant","missense"
"4930T>C","11244T>C",448,332.726660250241,0.129190413202373,0,"Significant","missense"
"4930T>C","7665C>T",469,388.075072184793,0.0822570957758341,0,"Significant","missense"
"4930T>C","5326C>T",448,337.179980750722,0.12341623246886,0,"Significant","missense"
"4930T>C","15378T>C",175,173.679499518768,0.00328948971707367,0.873,"Not Significant","missense"
"4930T>C","3661T>C",402,295.191530317613,0.134122160601087,0,"Significant","missense"
"4930T>C","10972A>T",452,354.357074109721,0.105697327709164,0,"Significant","missense"
"4930T>C","14000T>C",455,355.629451395573,0.1070136768422,0,"Significant","missense"
"4930T>C","11538C>T",444,345.450433108758,0.108997228597282,0,"Significant","missense"
"4930T>C","8118G>A",431,349.267564966314,0.0913190137821533,0,"Significant","missense"
"4930T>C","3706C>T",402,316.821944177093,0.103410798396261,0,"Significant","missense"
"4930T>C","12923G>C",443,334.635226179018,0.121832070140836,0,"Significant","missense"
"4930T>C","12009G>C",434,321.275264677575,0.130612439465351,0,"Significant","missense"
"4930T>C","3650C>T",426,338.452358036574,0.0999120548791815,0,"Significant","missense"
"4930T>C","3428G>A",410,307.915303176131,0.124352583146825,0,"Significant","missense"
"4930T>C","12361A>T",366,304.098171318576,0.0804672768538048,0,"Significant","missense"
"4008A>T","12047T>C",63,191.63041385948,-0.483123888081369,0,"Significant","missense"
"4008A>T","12053C>T",190,221.998075072185,-0.0675956077808732,0,"Significant","missense"
"4008A>T","7944C>T",68,182.467757459095,-0.428677221868394,0,"Significant","missense"
"4008A>T","9622C>T",252,87.4379210779596,0.459700717492634,0,"Significant","missense"
"4008A>T","7191T>C",72,182.467757459095,-0.403853638143397,0,"Significant","missense"
"4008A>T","14249G>A",93,189.012512030799,-0.308007605492488,0,"Significant","missense"
"4008A>T","8920G>A",67,192.415784408085,-0.458165892859967,0,"Significant","missense"
"4008A>T","15140G>A",123,202.625601539942,-0.216789205720377,0,"Significant","missense"
"4008A>T","12971C>T",249,225.401347449471,0.0432428391650421,0,"Significant","missense"
"4008A>T","12790T>C",58,184.823869104909,-0.503330063965374,0,"Significant","missense"
"4008A>T","5314T>C",63,168.069297401347,-0.426147835091862,0,"Significant","missense"
"4008A>T","9816C>T",56,164.404234841193,-0.467724973207506,0,"Significant","missense"
"4008A>T","9988C>T",60,176.446583253128,-0.46846200262822,0,"Significant","missense"
"4008A>T","8923A>T",56,167.022136669875,-0.474586008191468,0,"Significant","missense"
"4008A>T","13126C>T",90,175.137632338787,-0.289136964805285,0,"Significant","missense"
"4008A>T","15660C>T",60,161.786333012512,-0.430790581181738,0,"Significant","missense"
"4008A>T","10312C>T",79,180.37343599615,-0.358545487093897,0,"Significant","missense"
"4008A>T","8413A>T",75,180.635226179018,-0.381741183822238,0,"Significant","missense"
"4008A>T","5328C>T",50,142.152069297401,-0.453783181729286,0,"Significant","missense"
"4008A>T","11028C>T",58,171.472569778633,-0.470766662905372,0,"Significant","missense"
"4008A>T","5320C>T",145,186.918190567854,-0.110283566018154,0,"Significant","missense"
"4008A>T","5270C>A",44,164.404234841193,-0.572460323727307,0,"Significant","missense"
"4008A>T","13033C>T",233,243.464870067372,-0.0190803840049294,0.026,"Significant","missense"
"4008A>T","8088T>C",55,131.680461982676,-0.379158652038245,0,"Significant","missense"
"4008A>T","11672A>C",69,162.571703561116,-0.372195865915984,0,"Significant","missense"
"4008A>T","6322G>A",46,158.644850818094,-0.537668148961063,0,"Significant","missense"
"4008A>T","3578T>A",214,231.422521655438,-0.0339918481408882,0,"Significant","missense"
"4008A>T","8722C>T",246,116.234841193455,0.325598780511541,0,"Significant","missense"
"4008A>T","6174G>A",220,189.274302213667,0.0653310270506221,0,"Significant","missense"
"4008A>T","8921G>A",61,132.727622714148,-0.337631480799205,0,"Significant","missense"
"4008A>T","9571C>T",245,73.8248315688162,0.520963619567739,0,"Significant","missense"
"4008A>T","6682A>T",56,157.335899903754,-0.448639801473061,0,"Significant","missense"
"4008A>T","9896A>T",45,147.126082771896,-0.514477158270069,0,"Significant","missense"
"4008A>T","13450T>C",249,115.711260827719,0.332823721269422,0,"Significant","missense"
"4008A>T","15446C>T",241,237.967276227141,0.00549980287587741,0.526,"Not Significant","missense"
"4008A>T","6685A>T",42,140.843118383061,-0.525486341744784,0,"Significant","missense"
"4008A>T","9823T>C",48,135.34552454283,-0.450202662194793,0,"Significant","missense"
"4008A>T","13580C>T",47,141.366698748797,-0.478249258363655,0,"Significant","missense"
"4008A>T","15086A>G",51,150.529355149182,-0.470051025068152,0,"Significant","missense"
"4008A>T","5230T>C",158,156.026948989413,0.00545747073716144,0.826,"Not Significant","missense"
"4008A>T","7788T>C",63,150.529355149182,-0.378280651712669,0,"Significant","missense"
"4008A>T","9231C>G",241,88.223291626564,0.436433785226196,0,"Significant","missense"
"4008A>T","6925C>T",150,187.703561116458,-0.097381253089082,0,"Significant","missense"
"4008A>T","3542T>C",57,143.461020211742,-0.40085905928844,0,"Significant","missense"
"4008A>T","12691A>G",27,79.3224254090471,-0.468032220819278,0,"Significant","missense"
"4008A>T","8015C>T",46,132.204042348412,-0.458486902913493,0,"Significant","missense"
"4008A>T","11244T>C",51,136.916265640039,-0.428884869245825,0,"Significant","missense"
"4008A>T","7665C>T",95,159.692011549567,-0.225559586198755,0,"Significant","missense"
"4008A>T","5326C>T",60,138.748796920115,-0.364077975693756,0,"Significant","missense"
"4008A>T","15378T>C",41,71.4687199230029,-0.24133214679759,0,"Significant","missense"
"4008A>T","3661T>C",31,121.470644850818,-0.593109643196586,0,"Significant","missense"
"4008A>T","10972A>T",77,145.817131857555,-0.277317826478002,0,"Significant","missense"
"4008A>T","14000T>C",53,146.340712223292,-0.441089294762133,0,"Significant","missense"
"4008A>T","11538C>T",55,142.152069297401,-0.41239049657114,0,"Significant","missense"
"4008A>T","8118G>A",97,143.72281039461,-0.170753966660723,0,"Significant","missense"
"4008A>T","3706C>T",71,130.371511068335,-0.263924350517385,0,"Significant","missense"
"4008A>T","12923G>C",51,137.701636188643,-0.431368924532288,0,"Significant","missense"
"4008A>T","12009G>C",41,132.204042348412,-0.508460877875216,0,"Significant","missense"
"4008A>T","3650C>T",70,139.272377285852,-0.298766948757504,0,"Significant","missense"
"4008A>T","3428G>A",58,126.706448508181,-0.33937072455809,0,"Significant","missense"
"4008A>T","12361A>T",47,125.135707410972,-0.425283395152846,0,"Significant","missense"
"12047T>C","12053C>T",663,597.435996150144,0.0452221426468376,0,"Significant","missense"
"12047T>C","7944C>T",642,491.052935514918,0.116406716469609,0,"Significant","missense"
"12047T>C","9622C>T",117,235.310875842156,-0.303456138566431,0,"Significant","missense"
"12047T>C","7191T>C",634,491.052935514918,0.110960946282489,0,"Significant","missense"
"12047T>C","14249G>A",638,508.666025024062,0.0983879476502915,0,"Significant","missense"
"12047T>C","8920G>A",692,517.824831568816,0.125923221871327,0,"Significant","missense"
"12047T>C","15140G>A",667,545.30125120308,0.0874893397324273,0,"Significant","missense"
"12047T>C","12971C>T",637,606.594802694899,0.0212407473804779,0,"Significant","missense"
"12047T>C","12790T>C",661,497.39364773821,0.1235012249326,0,"Significant","missense"
"12047T>C","5314T>C",551,452.304138594803,0.0857210372817001,0,"Significant","missense"
"12047T>C","9816C>T",582,442.440808469682,0.119067807411454,0,"Significant","missense"
"12047T>C","9988C>T",626,474.848893166506,0.120018903173873,0,"Significant","missense"
"12047T>C","8923A>T",589,449.48604427334,0.117399082564702,0,"Significant","missense"
"12047T>C","13126C>T",590,471.326275264678,0.0975303603730882,0,"Significant","missense"
"12047T>C","15660C>T",569,435.395572666025,0.116228257805018,0,"Significant","missense"
"12047T>C","10312C>T",611,485.416746871992,0.0999264548336956,0,"Significant","missense"
"12047T>C","8413A>T",623,486.121270452358,0.10774342242068,0,"Significant","missense"
"12047T>C","5328C>T",501,382.556304138595,0.117142362777158,0,"Significant","missense"
"12047T>C","11028C>T",612,461.462945139557,0.122614588652541,0,"Significant","missense"
"12047T>C","5320C>T",591,503.029836381136,0.0699937356038537,0,"Significant","missense"
"12047T>C","5270C>A",601,442.440808469682,0.133019294764303,0,"Significant","missense"
"12047T>C","13033C>T",684,655.206929740135,0.0186776196649638,0,"Significant","missense"
"12047T>C","8088T>C",458,354.375360923965,0.1114019594467,0,"Significant","missense"
"12047T>C","11672A>C",558,437.509143407122,0.105647065259763,0,"Significant","missense"
"12047T>C","6322G>A",574,426.941289701636,0.128543734730447,0,"Significant","missense"
"12047T>C","3578T>A",662,622.798845043311,0.0265101909254083,0,"Significant","missense"
"12047T>C","8722C>T",219,312.808469682387,-0.154834388775656,0,"Significant","missense"
"12047T>C","6174G>A",481,509.370548604427,-0.0248887544219084,0,"Significant","missense"
"12047T>C","8921G>A",457,357.193455245428,0.107012707235273,0,"Significant","missense"
"12047T>C","9571C>T",74,198.675649663138,-0.428912922089231,0,"Significant","missense"
"12047T>C","6682A>T",550,423.418671799807,0.113592683990266,0,"Significant","missense"
"12047T>C","9896A>T",536,395.942252165544,0.131532940622466,0,"Significant","missense"
"12047T>C","13450T>C",217,311.399422521655,-0.156858069001716,0,"Significant","missense"
"12047T>C","15446C>T",645,640.411934552454,0.0031002979120854,0.337,"Not Significant","missense"
"12047T>C","6685A>T",503,379.033686236766,0.122890175888296,0,"Significant","missense"
"12047T>C","9823T>C",442,364.238691049086,0.084036192753914,0,"Significant","missense"
"12047T>C","13580C>T",513,380.442733397498,0.129828071787604,0,"Significant","missense"
"12047T>C","15086A>G",530,405.101058710298,0.116712491409919,0,"Significant","missense"
"12047T>C","5230T>C",458,419.896053897979,0.0377236847624097,0,"Significant","missense"
"12047T>C","7788T>C",517,405.101058710298,0.105927164903074,0,"Significant","missense"
"12047T>C","9231C>G",118,237.424446583253,-0.303643427066243,0,"Significant","missense"
"12047T>C","6925C>T",550,505.143407122233,0.0369480003252223,0,"Significant","missense"
"12047T>C","3542T>C",511,386.078922040423,0.121744808149102,0,"Significant","missense"
"12047T>C","12691A>G",239,213.470644850818,0.0490597389445965,0,"Significant","missense"
"12047T>C","8015C>T",434,355.784408084697,0.0863028178926129,0,"Significant","missense"
"12047T>C","11244T>C",491,368.46583253128,0.12468426975445,0,"Significant","missense"
"12047T>C","7665C>T",516,429.759384023099,0.079424333115213,0,"Significant","missense"
"12047T>C","5326C>T",485,373.39749759384,0.113570335500233,0,"Significant","missense"
"12047T>C","15378T>C",190,192.334937439846,-0.00530457958913867,0.751,"Not Significant","missense"
"12047T>C","3661T>C",437,326.898941289702,0.126067922914293,0,"Significant","missense"
"12047T>C","10972A>T",493,392.419634263715,0.0990961906022641,0,"Significant","missense"
"12047T>C","14000T>C",503,393.828681424447,0.106260643668266,0,"Significant","missense"
"12047T>C","11538C>T",488,382.556304138595,0.105724458912625,0,"Significant","missense"
"12047T>C","8118G>A",468,386.783445620789,0.0827779751227983,0,"Significant","missense"
"12047T>C","3706C>T",436,350.852743022137,0.0943616130076298,0,"Significant","missense"
"12047T>C","12923G>C",491,370.579403272377,0.122200214467986,0,"Significant","missense"
"12047T>C","12009G>C",477,355.784408084697,0.127331467420207,0,"Significant","missense"
"12047T>C","3650C>T",472,374.806544754572,0.100134832837801,0,"Significant","missense"
"12047T>C","3428G>A",438,340.989412897016,0.108733215358444,0,"Significant","missense"
"12047T>C","12361A>T",411,336.762271414822,0.0865183917627126,0,"Significant","missense"
"12053C>T","7944C>T",647,568.870067372473,0.0558911978711454,0,"Significant","missense"
"12053C>T","9622C>T",247,272.600577478345,-0.0428298182514187,0,"Significant","missense"
"12053C>T","7191T>C",654,568.870067372473,0.0605646655267116,0,"Significant","missense"
"12053C>T","14249G>A",666,589.274302213667,0.053156726901117,0,"Significant","missense"
"12053C>T","8920G>A",669,599.884504331088,0.0473584739840843,0,"Significant","missense"
"12053C>T","15140G>A",682,631.715110683349,0.0332631092740448,0,"Significant","missense"
"12053C>T","12971C>T",730,702.721847930703,0.0165394039672624,0,"Significant","missense"
"12053C>T","12790T>C",642,576.215591915303,0.0469500223175054,0,"Significant","missense"
"12053C>T","5314T>C",560,523.980750721848,0.0288726942378054,0,"Significant","missense"
"12053C>T","9816C>T",572,512.55437921078,0.0476560803562828,0,"Significant","missense"
"12053C>T","9988C>T",608,550.098171318576,0.0434633780378712,0,"Significant","missense"
"12053C>T","8923A>T",604,520.716073147257,0.0644359552004215,0,"Significant","missense"
"12053C>T","13126C>T",635,546.017324350337,0.065567302824605,0,"Significant","missense"
"12053C>T","15660C>T",597,504.392685274302,0.0732055513410035,0,"Significant","missense"
"12053C>T","10312C>T",613,562.340712223292,0.0374609479112465,0,"Significant","missense"
"12053C>T","8413A>T",620,563.156881616939,0.0417622940614551,0,"Significant","missense"
"12053C>T","5328C>T",490,443.179980750722,0.043615945740121,0,"Significant","missense"
"12053C>T","11028C>T",596,534.590952839269,0.0472246550489086,0,"Significant","missense"
"12053C>T","5320C>T",626,582.744947064485,0.0310958167347137,0,"Significant","missense"
"12053C>T","5270C>A",579,512.55437921078,0.0529386152906939,0,"Significant","missense"
"12053C>T","13033C>T",781,759.037536092397,0.0123877806238271,0,"Significant","missense"
"12053C>T","8088T>C",456,410.533205004812,0.0456165529089606,0,"Significant","missense"
"12053C>T","11672A>C",562,506.841193455245,0.0448644106929361,0,"Significant","missense"
"12053C>T","6322G>A",565,494.598652550529,0.057795518953605,0,"Significant","missense"
"12053C>T","3578T>A",751,721.493743984601,0.0174073672915565,0,"Significant","missense"
"12053C>T","8722C>T",333,362.379210779596,-0.0367190413078258,0,"Significant","missense"
"12053C>T","6174G>A",582,590.090471607315,-0.00599561734417771,0.154,"Not Significant","missense"
"12053C>T","8921G>A",461,413.797882579403,0.046912661356765,0,"Significant","missense"
"12053C>T","9571C>T",199,230.159769008662,-0.0631763366091613,0,"Significant","missense"
"12053C>T","6682A>T",548,490.517805582291,0.048125781782084,0,"Significant","missense"
"12053C>T","9896A>T",523,458.687199230029,0.0569850685986651,0,"Significant","missense"
"12053C>T","13450T>C",332,360.7468719923,-0.0360644903445816,0,"Significant","missense"
"12053C>T","15446C>T",756,741.897978825794,0.00817760757970165,0,"Significant","missense"
"12053C>T","6685A>T",485,439.099133782483,0.0431791582363287,0,"Significant","missense"
"12053C>T","9823T>C",444,421.959576515881,0.0221121223211357,0,"Significant","missense"
"12053C>T","13580C>T",500,440.731472569779,0.0547959398135022,0,"Significant","missense"
"12053C>T","15086A>G",517,469.297401347449,0.0420423937047671,0,"Significant","missense"
"12053C>T","5230T>C",513,486.436958614052,0.0230908006720388,0.001,"Significant","missense"
"12053C>T","7788T>C",524,469.297401347449,0.0478831375945501,0,"Significant","missense"
"12053C>T","9231C>G",240,275.049085659288,-0.0591989638592459,0,"Significant","missense"
"12053C>T","6925C>T",607,585.193455245428,0.0158892307079183,0,"Significant","missense"
"12053C>T","3542T>C",494,447.26082771896,0.0431660857397322,0,"Significant","missense"
"12053C>T","12691A>G",259,247.299326275265,0.0200768308794025,0.049,"Significant","missense"
"12053C>T","8015C>T",431,412.165543792108,0.0194055873425291,0.003,"Significant","missense"
"12053C>T","11244T>C",473,426.856592877767,0.044579147170991,0,"Significant","missense"
"12053C>T","7665C>T",540,497.86333012512,0.0352836201126583,0,"Significant","missense"
"12053C>T","5326C>T",483,432.569778633301,0.0478909564511762,0,"Significant","missense"
"12053C>T","15378T>C",211,222.814244465833,-0.0236604964425888,0.045,"Significant","missense"
"12053C>T","3661T>C",427,378.70259865255,0.0521295897705937,0,"Significant","missense"
"12053C>T","10972A>T",504,454.60635226179,0.0447950365722506,0,"Significant","missense"
"12053C>T","14000T>C",511,456.238691049086,0.0492287875487428,0,"Significant","missense"
"12053C>T","11538C>T",492,443.179980750722,0.0453849684789673,0,"Significant","missense"
"12053C>T","8118G>A",479,448.076997112608,0.0289828642649287,0,"Significant","missense"
"12053C>T","3706C>T",432,406.452358036574,0.0264740993556518,0,"Significant","missense"
"12053C>T","12923G>C",482,429.30510105871,0.050280989385563,0,"Significant","missense"
"12053C>T","12009G>C",464,412.165543792108,0.0514462977366712,0,"Significant","missense"
"12053C>T","3650C>T",475,434.202117420597,0.0390016726302733,0,"Significant","missense"
"12053C>T","3428G>A",433,395.025986525505,0.0398622300094069,0,"Significant","missense"
"12053C>T","12361A>T",418,390.128970163619,0.0299680804633724,0,"Significant","missense"
"7944C>T","9622C>T",123,224.059672762271,-0.260458585912839,0,"Significant","missense"
"7944C>T","7191T>C",633,467.573628488932,0.131553701378489,0,"Significant","missense"
"7944C>T","14249G>A",629,484.344562078922,0.113496217334777,0,"Significant","missense"
"7944C>T","8920G>A",641,493.065447545717,0.11395345989377,0,"Significant","missense"
"7944C>T","15140G>A",633,519.228103946102,0.0860455187936155,0,"Significant","missense"
"7944C>T","12971C>T",620,577.590952839268,0.030771307503762,0,"Significant","missense"
"7944C>T","12790T>C",621,473.611164581328,0.117669668583923,0,"Significant","missense"
"7944C>T","5314T>C",539,430.677574590953,0.0974365065770332,0,"Significant","missense"
"7944C>T","9816C>T",565,421.285851780558,0.127471573541384,0,"Significant","missense"
"7944C>T","9988C>T",589,452.14436958614,0.114838167710928,0,"Significant","missense"
"7944C>T","8923A>T",589,427.994225216554,0.13867738552508,0,"Significant","missense"
"7944C>T","13126C>T",596,448.790182868142,0.123202911431558,0,"Significant","missense"
"7944C>T","15660C>T",571,414.577478344562,0.139030402616172,0,"Significant","missense"
"7944C>T","10312C>T",564,462.206929740135,0.0864426515348676,0,"Significant","missense"
"7944C>T","8413A>T",592,462.877767083734,0.106855385444812,0,"Significant","missense"
"7944C>T","5328C>T",487,364.264677574591,0.126111901084925,0,"Significant","missense"
"7944C>T","11028C>T",583,439.398460057748,0.122810024226375,0,"Significant","missense"
"7944C>T","5320C>T",571,478.977863330125,0.0763206659288271,0,"Significant","missense"
"7944C>T","5270C>A",577,421.285851780558,0.136598938877676,0,"Significant","missense"
"7944C>T","13033C>T",663,623.878729547642,0.0264133493100019,0,"Significant","missense"
"7944C>T","8088T>C",449,337.431183830606,0.124061125406532,0,"Significant","missense"
"7944C>T","11672A>C",542,416.589990375361,0.114290455820951,0,"Significant","missense"
"7944C>T","6322G>A",552,406.527430221367,0.132849223022053,0,"Significant","missense"
"7944C>T","3578T>A",626,593.02021174206,0.0235048376565208,0,"Significant","missense"
"7944C>T","8722C>T",217,297.851780558229,-0.137540466806868,0,"Significant","missense"
"7944C>T","6174G>A",456,485.015399422522,-0.0267906851709221,0,"Significant","missense"
"7944C>T","8921G>A",446,340.114533205005,0.117709668837944,0,"Significant","missense"
"7944C>T","9571C>T",80,189.176130895091,-0.373776351867936,0,"Significant","missense"
"7944C>T","6682A>T",528,403.173243503369,0.117142219990215,0,"Significant","missense"
"7944C>T","9896A>T",512,377.010587102984,0.132916414865907,0,"Significant","missense"
"7944C>T","13450T>C",209,296.51010587103,-0.151893213778808,0,"Significant","missense"
"7944C>T","15446C>T",611,609.79114533205,0.000860096479754638,0.851,"Not Significant","missense"
"7944C>T","6685A>T",480,360.910490856593,0.123841731168336,0,"Significant","missense"
"7944C>T","9823T>C",412,346.822906641001,0.0747894423983403,0,"Significant","missense"
"7944C>T","13580C>T",500,362.252165543792,0.139959013972185,0,"Significant","missense"
"7944C>T","15086A>G",509,385.731472569779,0.120432707106269,0,"Significant","missense"
"7944C>T","5230T>C",445,399.819056785371,0.0464965206998521,0,"Significant","missense"
"7944C>T","7788T>C",509,385.731472569779,0.120432707106269,0,"Significant","missense"
"7944C>T","9231C>G",121,226.07218479307,-0.271461761095554,0,"Significant","missense"
"7944C>T","6925C>T",520,480.990375360924,0.0338669574261603,0,"Significant","missense"
"7944C>T","3542T>C",485,367.618864292589,0.120343949577034,0,"Significant","missense"
"7944C>T","12691A>G",235,203.263715110683,0.0630080032285704,0,"Significant","missense"
"7944C>T","8015C>T",400,338.772858517806,0.0721513826684493,0,"Significant","missense"
"7944C>T","11244T>C",467,350.847930702599,0.124197961157975,0,"Significant","missense"
"7944C>T","7665C>T",492,409.210779595765,0.0800180372157434,0,"Significant","missense"
"7944C>T","5326C>T",464,355.543792107796,0.115624880413231,0,"Significant","missense"
"7944C>T","15378T>C",179,183.138594802695,-0.00992684660168934,0.549,"Not Significant","missense"
"7944C>T","3661T>C",425,311.268527430221,0.135253718954561,0,"Significant","missense"
"7944C>T","10972A>T",474,373.656400384986,0.103305915959499,0,"Significant","missense"
"7944C>T","14000T>C",484,374.998075072185,0.110816323217131,0,"Significant","missense"
"7944C>T","11538C>T",469,364.264677574591,0.109755782585378,0,"Significant","missense"
"7944C>T","8118G>A",444,368.289701636189,0.0811933951236758,0,"Significant","missense"
"7944C>T","3706C>T",410,334.076997112608,0.0889372834191619,0,"Significant","missense"
"7944C>T","12923G>C",474,352.860442733398,0.128175366979483,0,"Significant","missense"
"7944C>T","12009G>C",461,338.772858517806,0.133792316730121,0,"Significant","missense"
"7944C>T","3650C>T",450,356.885466794995,0.100683650939438,0,"Significant","missense"
"7944C>T","3428G>A",424,324.685274302214,0.115903264407457,0,"Significant","missense"
"7944C>T","12361A>T",397,320.660250240616,0.0927453796101381,0,"Significant","missense"
"9622C>T","7191T>C",127,224.059672762271,-0.246559976396291,0,"Significant","missense"
"9622C>T","14249G>A",148,232.09624639076,-0.195406401428962,0,"Significant","missense"
"9622C>T","8920G>A",122,236.275264677575,-0.287058427663661,0,"Significant","missense"
"9622C>T","15140G>A",176,248.812319538017,-0.150359212123058,0,"Significant","missense"
"9622C>T","12971C>T",302,276.779595765159,0.0378728722490958,0,"Significant","missense"
"9622C>T","12790T>C",110,226.952839268527,-0.314542935147762,0,"Significant","missense"
"9622C>T","5314T>C",121,206.379210779596,-0.231880577006642,0,"Significant","missense"
"9622C>T","9816C>T",104,201.878729547642,-0.2880572236926,0,"Significant","missense"
"9622C>T","9988C>T",116,216.666025024062,-0.271332826562614,0,"Significant","missense"
"9622C>T","8923A>T",104,205.093358999038,-0.294918258676563,0,"Significant","missense"
"9622C>T","13126C>T",141,215.058710298364,-0.183337924366724,0,"Significant","missense"
"9622C>T","15660C>T",110,198.664100096246,-0.256726709184802,0,"Significant","missense"
"9622C>T","10312C>T",125,221.487969201155,-0.248440128153805,0,"Significant","missense"
"9622C>T","8413A>T",128,221.809432146295,-0.238770040343631,0,"Significant","missense"
"9622C>T","5328C>T",96,174.55437921078,-0.259659515803462,0,"Significant","missense"
"9622C>T","11028C>T",102,210.55822906641,-0.314772047484033,0,"Significant","missense"
"9622C>T","5320C>T",188,229.524542829644,-0.0866712817668398,0,"Significant","missense"
"9622C>T","5270C>A",92,201.878729547642,-0.341302735645771,0,"Significant","missense"
"9622C>T","13033C>T",291,298.960538979788,-0.0117208788224108,0.107,"Not Significant","missense"
"9622C>T","8088T>C",99,161.695861405197,-0.213063709712594,0,"Significant","missense"
"9622C>T","11672A>C",112,199.628488931665,-0.251004496760615,0,"Significant","missense"
"9622C>T","6322G>A",96,194.806544754572,-0.307332310380875,0,"Significant","missense"
"9622C>T","3578T>A",269,284.173243503369,-0.0238309042650435,0.006,"Significant","missense"
"9622C>T","8722C>T",258,142.729547641963,0.257105816594087,0,"Significant","missense"
"9622C>T","6174G>A",269,232.4177093359,0.0634830634534647,0,"Significant","missense"
"9622C>T","8921G>A",92,162.981713185756,-0.248351051241962,0,"Significant","missense"
"9622C>T","9571C>T",250,90.6525505293552,0.440559981097984,0,"Significant","missense"
"9622C>T","6682A>T",102,193.199230028874,-0.277405219495008,0,"Significant","missense"
"9622C>T","9896A>T",84,180.662175168431,-0.33258794876129,0,"Significant","missense"
"9622C>T","13450T>C",261,142.086621751684,0.264087318734663,0,"Significant","missense"
"9622C>T","15446C>T",297,292.209817131858,0.00706164684085546,0.372,"Not Significant","missense"
"9622C>T","6685A>T",84,172.947064485082,-0.313633908858629,0,"Significant","missense"
"9622C>T","9823T>C",89,166.196342637151,-0.27123145570319,0,"Significant","missense"
"9622C>T","13580C>T",89,173.589990375361,-0.290134672432205,0,"Significant","missense"
"9622C>T","15086A>G",93,184.841193455245,-0.29831581538985,0,"Significant","missense"
"9622C>T","5230T>C",193,191.591915303176,0.00318013001314867,0.875,"Not Significant","missense"
"9622C>T","7788T>C",109,184.841193455245,-0.22937226600323,0,"Significant","missense"
"9622C>T","9231C>G",249,108.333012512031,0.361438526969784,0,"Significant","missense"
"9622C>T","6925C>T",199,230.488931665063,-0.0637969985124508,0,"Significant","missense"
"9622C>T","3542T>C",91,176.161693936477,-0.286870085417432,0,"Significant","missense"
"9622C>T","12691A>G",59,97.4032723772858,-0.217721536114258,0,"Significant","missense"
"9622C>T","8015C>T",91,162.338787295476,-0.251380905051745,0,"Significant","missense"
"9622C>T","11244T>C",88,168.125120307988,-0.281149935971257,0,"Significant","missense"
"9622C>T","7665C>T",138,196.09239653513,-0.152581667863824,0,"Significant","missense"
"9622C>T","5326C>T",96,170.375360923965,-0.24913555581541,0,"Significant","missense"
"9622C>T","15378T>C",59,87.7593840230991,-0.172441554652758,0,"Significant","missense"
"9622C>T","3661T>C",69,149.158806544755,-0.334799809071674,0,"Significant","missense"
"9622C>T","10972A>T",118,179.054860442733,-0.181104107121865,0,"Significant","missense"
"9622C>T","14000T>C",91,179.697786333013,-0.295501334819481,0,"Significant","missense"
"9622C>T","11538C>T",96,174.55437921078,-0.259659515803462,0,"Significant","missense"
"9622C>T","8118G>A",141,176.483156881617,-0.0974841510490371,0,"Significant","missense"
"9622C>T","3706C>T",103,160.0885466795,-0.191523037308782,0,"Significant","missense"
"9622C>T","12923G>C",89,169.089509143407,-0.278726656762982,0,"Significant","missense"
"9622C>T","12009G>C",82,162.338787295476,-0.29660844498907,0,"Significant","missense"
"9622C>T","3650C>T",103,171.018286814244,-0.220205326844095,0,"Significant","missense"
"9622C>T","3428G>A",92,155.588065447546,-0.228188453553051,0,"Significant","missense"
"9622C>T","12361A>T",83,153.659287776708,-0.267480723490191,0,"Significant","missense"
"7191T>C","14249G>A",625,484.344562078922,0.110725589233584,0,"Significant","missense"
"7191T>C","8920G>A",633,493.065447545717,0.108499140392309,0,"Significant","missense"
"7191T>C","15140G>A",621,519.228103946102,0.0777334089528419,0,"Significant","missense"
"7191T>C","12971C>T",612,577.590952839268,0.0251310401510703,0,"Significant","missense"
"7191T>C","12790T>C",611,473.611164581328,0.110619278649898,0,"Significant","missense"
"7191T>C","5314T>C",532,430.677574590953,0.0917593736853437,0,"Significant","missense"
"7191T>C","9816C>T",550,421.285851780558,0.115785815216192,0,"Significant","missense"
"7191T>C","9988C>T",580,452.14436958614,0.108150866486764,0,"Significant","missense"
"7191T>C","8923A>T",577,427.994225216554,0.129737903893711,0,"Significant","missense"
"7191T>C","13126C>T",583,448.790182868142,0.113625206450337,0,"Significant","missense"
"7191T>C","15660C>T",564,414.577478344562,0.133673398353667,0,"Significant","missense"
"7191T>C","10312C>T",571,462.206929740135,0.0917996557973723,0,"Significant","missense"
"7191T>C","8413A>T",583,462.877767083734,0.100202233480907,0,"Significant","missense"
"7191T>C","5328C>T",473,364.264677574591,0.113444080608105,0,"Significant","missense"
"7191T>C","11028C>T",565,439.398460057748,0.109189917286802,0,"Significant","missense"
"7191T>C","5320C>T",558,478.977863330125,0.0663187566205595,0,"Significant","missense"
"7191T>C","5270C>A",561,421.285851780558,0.124385986978108,0,"Significant","missense"
"7191T>C","13033C>T",658,623.878729547642,0.0231257145191848,0,"Significant","missense"
"7191T>C","8088T>C",435,337.431183830606,0.110304041357849,0,"Significant","missense"
"7191T>C","11672A>C",530,416.589990375361,0.104567038883355,0,"Significant","missense"
"7191T>C","6322G>A",538,406.527430221367,0.121692420959245,0,"Significant","missense"
"7191T>C","3578T>A",632,593.02021174206,0.0276475827284754,0,"Significant","missense"
"7191T>C","8722C>T",218,297.851780558229,-0.135543707050794,0,"Significant","missense"
"7191T>C","6174G>A",465,485.015399422522,-0.018302574945405,0.008,"Significant","missense"
"7191T>C","8921G>A",430,340.114533205005,0.101843265705392,0,"Significant","missense"
"7191T>C","9571C>T",85,189.176130895091,-0.347447413145619,0,"Significant","missense"
"7191T>C","6682A>T",520,403.173243503369,0.110511641091204,0,"Significant","missense"
"7191T>C","9896A>T",500,377.010587102984,0.122616458226097,0,"Significant","missense"
"7191T>C","13450T>C",213,296.51010587103,-0.143659896451129,0,"Significant","missense"
"7191T>C","15446C>T",618,609.79114533205,0.00580736132601539,0.112,"Not Significant","missense"
"7191T>C","6685A>T",475,360.910490856593,0.119294103417617,0,"Significant","missense"
"7191T>C","9823T>C",415,346.822906641001,0.0779403230772975,0,"Significant","missense"
"7191T>C","13580C>T",482,362.252165543792,0.124036047875019,0,"Significant","missense"
"7191T>C","15086A>G",498,385.731472569779,0.11094426752923,0,"Significant","missense"
"7191T>C","5230T>C",441,399.819056785371,0.04257509918676,0,"Significant","missense"
"7191T>C","7788T>C",498,385.731472569779,0.11094426752923,0,"Significant","missense"
"7191T>C","9231C>G",122,226.07218479307,-0.267887300737258,0,"Significant","missense"
"7191T>C","6925C>T",524,480.990375360924,0.0371949007750872,0,"Significant","missense"
"7191T>C","3542T>C",474,367.618864292589,0.110380552648857,0,"Significant","missense"
"7191T>C","12691A>G",243,203.263715110683,0.0775464145551403,0,"Significant","missense"
"7191T>C","8015C>T",404,338.772858517806,0.0764727564510908,0,"Significant","missense"
"7191T>C","11244T>C",461,350.847930702599,0.118582005981512,0,"Significant","missense"
"7191T>C","7665C>T",492,409.210779595765,0.0800180372157434,0,"Significant","missense"
"7191T>C","5326C>T",448,355.543792107796,0.100384913856498,0,"Significant","missense"
"7191T>C","15378T>C",189,183.138594802695,0.0136819265916488,0.404,"Not Significant","missense"
"7191T>C","3661T>C",412,311.268527430221,0.121762004937388,0,"Significant","missense"
"7191T>C","10972A>T",471,373.656400384986,0.100548481414311,0,"Significant","missense"
"7191T>C","14000T>C",479,374.998075072185,0.106306474987283,0,"Significant","missense"
"7191T>C","11538C>T",458,364.264677574591,0.0994484178741659,0,"Significant","missense"
"7191T>C","8118G>A",438,368.289701636189,0.0752845355131569,0,"Significant","missense"
"7191T>C","3706C>T",405,334.076997112608,0.0836084499140962,0,"Significant","missense"
"7191T>C","12923G>C",458,352.860442733398,0.11326250330927,0,"Significant","missense"
"7191T>C","12009G>C",448,338.772858517806,0.121369405338619,0,"Significant","missense"
"7191T>C","3650C>T",441,356.885466794995,0.0919097266319351,0,"Significant","missense"
"7191T>C","3428G>A",411,324.685274302214,0.102379229690797,0,"Significant","missense"
"7191T>C","12361A>T",393,320.660250240616,0.0883474232224509,0,"Significant","missense"
"14249G>A","8920G>A",637,510.750721847931,0.095930443238677,0,"Significant","missense"
"14249G>A","15140G>A",641,537.851780558229,0.0761954188234501,0,"Significant","missense"
"14249G>A","12971C>T",639,598.307988450433,0.028576056692279,0,"Significant","missense"
"14249G>A","12790T>C",619,490.598652550529,0.100964297955834,0,"Significant","missense"
"14249G>A","5314T>C",530,446.125120307988,0.0748191915194588,0,"Significant","missense"
"14249G>A","9816C>T",560,436.396535129933,0.108306733256521,0,"Significant","missense"
"14249G>A","9988C>T",582,468.361886429259,0.0943414381020889,0,"Significant","missense"
"14249G>A","8923A>T",587,443.34552454283,0.121895772513967,0,"Significant","missense"
"14249G>A","13126C>T",599,464.88739172281,0.110079054609006,0,"Significant","missense"
"14249G>A","15660C>T",573,429.447545717036,0.125244496866087,0,"Significant","missense"
"14249G>A","10312C>T",571,478.785370548604,0.076495236325746,0,"Significant","missense"
"14249G>A","8413A>T",587,479.480269489894,0.0878673604978809,0,"Significant","missense"
"14249G>A","5328C>T",482,377.330125120308,0.106325558637516,0,"Significant","missense"
"14249G>A","11028C>T",575,455.158806544755,0.101504894685366,0,"Significant","missense"
"14249G>A","5320C>T",575,496.157844080847,0.0640479829009824,0,"Significant","missense"
"14249G>A","5270C>A",572,436.396535129933,0.117514735043343,0,"Significant","missense"
"14249G>A","13033C>T",679,646.256015399422,0.0214651757141016,0,"Significant","missense"
"14249G>A","8088T>C",433,349.53416746872,0.0929982612849523,0,"Significant","missense"
"14249G>A","11672A>C",532,431.532242540905,0.0908983821059873,0,"Significant","missense"
"14249G>A","6322G>A",549,421.108758421559,0.11517807027132,0,"Significant","missense"
"14249G>A","3578T>A",648,614.290664100096,0.0232010908450549,0,"Significant","missense"
"14249G>A","8722C>T",237,308.535129932628,-0.114556274116935,0,"Significant","missense"
"14249G>A","6174G>A",486,502.411934552454,-0.0144236780446962,0.026,"Significant","missense"
"14249G>A","8921G>A",435,352.313763233879,0.0915596476088162,0,"Significant","missense"
"14249G>A","9571C>T",104,195.961501443696,-0.275137419032846,0,"Significant","missense"
"14249G>A","6682A>T",528,417.634263715111,0.101837800518589,0,"Significant","missense"
"14249G>A","9896A>T",505,390.533205004812,0.111633412537113,0,"Significant","missense"
"14249G>A","13450T>C",239,307.145332050048,-0.108946018413376,0,"Significant","missense"
"14249G>A","15446C>T",641,631.663137632339,0.00637249628438721,0.074,"Not Significant","missense"
"14249G>A","6685A>T",482,373.855630413859,0.110343112559973,0,"Significant","missense"
"14249G>A","9823T>C",414,359.262752646776,0.0615881480144787,0,"Significant","missense"
"14249G>A","13580C>T",494,375.245428296439,0.119411539088189,0,"Significant","missense"
"14249G>A","15086A>G",506,399.566891241578,0.102561022137684,0,"Significant","missense"
"14249G>A","5230T>C",457,414.159769008662,0.0427482903171423,0,"Significant","missense"
"14249G>A","7788T>C",500,399.566891241578,0.0973805096339048,0,"Significant","missense"
"14249G>A","9231C>G",147,234.180943214629,-0.202234216135514,0,"Significant","missense"
"14249G>A","6925C>T",535,498.242540904716,0.0309129763409607,0,"Significant","missense"
"14249G>A","3542T>C",481,380.804619826756,0.101442867876977,0,"Significant","missense"
"14249G>A","12691A>G",241,210.55437921078,0.0586527640600756,0,"Significant","missense"
"14249G>A","8015C>T",404,350.923965351299,0.0611683369794656,0,"Significant","missense"
"14249G>A","11244T>C",463,363.432146294514,0.105157652138191,0,"Significant","missense"
"14249G>A","7665C>T",505,423.888354186718,0.0760398930954162,0,"Significant","missense"
"14249G>A","5326C>T",459,368.296438883542,0.0956151659239872,0,"Significant","missense"
"14249G>A","15378T>C",189,189.707410972089,-0.00162249287997275,0.944,"Not Significant","missense"
"14249G>A","3661T>C",421,322.433108758422,0.115842465268294,0,"Significant","missense"
"14249G>A","10972A>T",468,387.058710298364,0.082469007887914,0,"Significant","missense"
"14249G>A","14000T>C",484,388.448508180943,0.0955119037455054,0,"Significant","missense"
"14249G>A","11538C>T",467,377.330125120308,0.0925954009647814,0,"Significant","missense"
"14249G>A","8118G>A",455,381.499518768046,0.0765174021945405,0,"Significant","missense"
"14249G>A","3706C>T",411,346.059672762271,0.0746908291038701,0,"Significant","missense"
"14249G>A","12923G>C",474,365.516843118383,0.112870947507857,0,"Significant","missense"
"14249G>A","12009G>C",457,350.923965351299,0.114703171938698,0,"Significant","missense"
"14249G>A","3650C>T",453,369.686236766121,0.0882649197053003,0,"Significant","missense"
"14249G>A","3428G>A",424,336.331087584216,0.100598844935832,0,"Significant","missense"
"14249G>A","12361A>T",388,332.161693936477,0.0674821789696079,0,"Significant","missense"
"8920G>A","15140G>A",670,547.536092396535,0.0876620504909019,0,"Significant","missense"
"8920G>A","12971C>T",642,609.080846968239,0.0228600850881774,0,"Significant","missense"
"8920G>A","12790T>C",657,499.432146294514,0.119088876980939,0,"Significant","missense"
"8920G>A","5314T>C",557,454.157844080847,0.0886483755778406,0,"Significant","missense"
"8920G>A","9816C>T",588,444.254090471607,0.121745890811901,0,"Significant","missense"
"8920G>A","9988C>T",616,476.79499518768,0.111249024102068,0,"Significant","missense"
"8920G>A","8923A>T",585,451.328200192493,0.112663395833979,0,"Significant","missense"
"8920G>A","13126C>T",588,473.257940327238,0.0942794167812801,0,"Significant","missense"
"8920G>A","15660C>T",568,437.179980750722,0.113688069095163,0,"Significant","missense"
"8920G>A","10312C>T",609,487.406159769009,0.0967262791982143,0,"Significant","missense"
"8920G>A","8413A>T",616,488.113570741097,0.101059829900134,0,"Significant","missense"
"8920G>A","5328C>T",508,384.124157844081,0.121392091168027,0,"Significant","missense"
"8920G>A","11028C>T",606,463.354186717998,0.116559532647464,0,"Significant","missense"
"8920G>A","5320C>T",584,505.091434071222,0.063042843809196,0,"Significant","missense"
"8920G>A","5270C>A",593,444.254090471607,0.125423258100025,0,"Significant","missense"
"8920G>A","13033C>T",680,657.892204042348,0.0143541726252816,0,"Significant","missense"
"8920G>A","8088T>C",456,355.827718960539,0.107725066081463,0,"Significant","missense"
"8920G>A","11672A>C",556,439.302213666987,0.102311399878439,0,"Significant","missense"
"8920G>A","6322G>A",575,428.691049085659,0.127523428996301,0,"Significant","missense"
"8920G>A","3578T>A",664,625.351299326275,0.0260440228279229,0,"Significant","missense"
"8920G>A","8722C>T",224,314.090471607315,-0.146806743307419,0,"Significant","missense"
"8920G>A","6174G>A",492,511.458132820019,-0.0168449860541846,0.012,"Significant","missense"
"8920G>A","8921G>A",455,358.657362848893,0.103331645796733,0,"Significant","missense"
"8920G>A","9571C>T",78,199.48989412897,-0.407826297155559,0,"Significant","missense"
"8920G>A","6682A>T",550,425.153994225216,0.111816425964464,0,"Significant","missense"
"8920G>A","9896A>T",529,397.564966313763,0.12404756493908,0,"Significant","missense"
"8920G>A","13450T>C",219,312.675649663138,-0.154649946035932,0,"Significant","missense"
"8920G>A","15446C>T",647,643.036573628489,0.00266860591971504,0.471,"Not Significant","missense"
"8920G>A","6685A>T",499,380.587102983638,0.117646478429956,0,"Significant","missense"
"8920G>A","9823T>C",439,365.731472569779,0.0793021856211416,0,"Significant","missense"
"8920G>A","13580C>T",506,382.001924927815,0.122084965489785,0,"Significant","missense"
"8920G>A","15086A>G",530,406.761308950914,0.114936233384116,0,"Significant","missense"
"8920G>A","5230T>C",459,421.616939364774,0.036894634269999,0,"Significant","missense"
"8920G>A","7788T>C",512,406.761308950914,0.0999303247591609,0,"Significant","missense"
"8920G>A","9231C>G",122,238.39749759384,-0.290941861723434,0,"Significant","missense"
"8920G>A","6925C>T",547,507.213666987488,0.0327963791386069,0,"Significant","missense"
"8920G>A","3542T>C",512,387.661212704524,0.120817610964417,0,"Significant","missense"
"8920G>A","12691A>G",232,214.34552454283,0.0343735648615618,0.006,"Significant","missense"
"8920G>A","8015C>T",428,357.242540904716,0.0784805993674731,0,"Significant","missense"
"8920G>A","11244T>C",491,369.97593840231,0.122908011728648,0,"Significant","missense"
"8920G>A","7665C>T",513,431.520692974013,0.0751157385740159,0,"Significant","missense"
"8920G>A","5326C>T",484,374.92781520693,0.11089770051658,0,"Significant","missense"
"8920G>A","15378T>C",191,193.123195380173,-0.00480107132004347,0.735,"Not Significant","missense"
"8920G>A","3661T>C",435,328.238691049086,0.122299484872707,0,"Significant","missense"
"8920G>A","10972A>T",500,394.02791145332,0.103443017635249,0,"Significant","missense"
"8920G>A","14000T>C",507,395.442733397498,0.107924359919871,0,"Significant","missense"
"8920G>A","11538C>T",492,384.124157844081,0.107493481651471,0,"Significant","missense"
"8920G>A","8118G>A",460,388.368623676612,0.0735136957044474,0,"Significant","missense"
"8920G>A","3706C>T",435,352.290664100096,0.0915881226678789,0,"Significant","missense"
"8920G>A","12923G>C",487,372.098171318576,0.11687142553385,0,"Significant","missense"
"8920G>A","12009G>C",475,357.242540904716,0.123730439979158,0,"Significant","missense"
"8920G>A","3650C>T",473,376.342637151107,0.0992777169157223,0,"Significant","missense"
"8920G>A","3428G>A",434,342.386910490857,0.102972576341054,0,"Significant","missense"
"8920G>A","12361A>T",407,338.142444658325,0.080494721086062,0,"Significant","missense"
"15140G>A","12971C>T",681,641.399422521656,0.0260185473334112,0,"Significant","missense"
"15140G>A","12790T>C",651,525.932627526468,0.0926508743906571,0,"Significant","missense"
"15140G>A","5314T>C",555,478.256015399423,0.0646325419280952,0,"Significant","missense"
"15140G>A","9816C>T",573,467.826756496631,0.0880695651044617,0,"Significant","missense"
"15140G>A","9988C>T",626,502.094321462945,0.0957890235493775,0,"Significant","missense"
"15140G>A","8923A>T",577,475.276227141482,0.0842297213088379,0,"Significant","missense"
"15140G>A","13126C>T",595,498.36958614052,0.0769654348349972,0,"Significant","missense"
"15140G>A","15660C>T",564,460.377285851781,0.0881652157687939,0,"Significant","missense"
"15140G>A","10312C>T",599,513.268527430221,0.0670821873559582,0,"Significant","missense"
"15140G>A","8413A>T",611,514.013474494706,0.0750667063795703,0,"Significant","missense"
"15140G>A","5328C>T",488,404.506256015399,0.0814945792881302,0,"Significant","missense"
"15140G>A","11028C>T",593,487.940327237729,0.0846879802467486,0,"Significant","missense"
"15140G>A","5320C>T",613,531.892204042348,0.0616368496165147,0,"Significant","missense"
"15140G>A","5270C>A",586,467.826756496631,0.0978125591551606,0,"Significant","missense"
"15140G>A","13033C>T",720,692.800769971126,0.0167241347516157,0,"Significant","missense"
"15140G>A","8088T>C",460,374.708373435996,0.08906443349991,0,"Significant","missense"
"15140G>A","11672A>C",561,462.612127045236,0.0837458479538496,0,"Significant","missense"
"15140G>A","6322G>A",564,451.43792107796,0.0966810666913218,0,"Significant","missense"
"15140G>A","3578T>A",687,658.533205004812,0.0183790589207593,0,"Significant","missense"
"15140G>A","8722C>T",273,330.756496631376,-0.0833457361995512,0,"Significant","missense"
"15140G>A","6174G>A",527,538.596727622714,-0.00945309520769765,0.073,"Not Significant","missense"
"15140G>A","8921G>A",449,377.688161693936,0.0751129685442538,0,"Significant","missense"
"15140G>A","9571C>T",136,210.075072184793,-0.188835613074746,0,"Significant","missense"
"15140G>A","6682A>T",540,447.713185755534,0.0813938746944972,0,"Significant","missense"
"15140G>A","9896A>T",515,418.660250240616,0.0899455003463953,0,"Significant","missense"
"15140G>A","13450T>C",268,329.266602502406,-0.0894128884459882,0,"Significant","missense"
"15140G>A","15446C>T",686,677.15688161694,0.00563481935906819,0.061,"Not Significant","missense"
"15140G>A","6685A>T",498,400.781520692974,0.094321653967592,0,"Significant","missense"
"15140G>A","9823T>C",432,385.137632338787,0.0498677905952422,0,"Significant","missense"
"15140G>A","13580C>T",497,402.271414821944,0.0918372157846279,0,"Significant","missense"
"15140G>A","15086A>G",526,428.344562078922,0.0891924863383747,0,"Significant","missense"
"15140G>A","5230T>C",490,443.988450433109,0.0428244071625529,0,"Significant","missense"
"15140G>A","7788T>C",510,428.344562078922,0.0757769182825745,0,"Significant","missense"
"15140G>A","9231C>G",176,251.047160731473,-0.15424264618283,0,"Significant","missense"
"15140G>A","6925C>T",570,534.127045235804,0.0282302868789709,0,"Significant","missense"
"15140G>A","3542T>C",506,408.230991337825,0.0932445452296942,0,"Significant","missense"
"15140G>A","12691A>G",240,225.71896053898,0.0266432000835744,0.027,"Significant","missense"
"15140G>A","8015C>T",425,376.198267564966,0.0529721388059217,0,"Significant","missense"
"15140G>A","11244T>C",481,389.607314725698,0.0915179743808212,0,"Significant","missense"
"15140G>A","7665C>T",533,454.4177093359,0.0692719608900759,0,"Significant","missense"
"15140G>A","5326C>T",489,394.821944177093,0.0929075763970948,0,"Significant","missense"
"15140G>A","15378T>C",198,203.370548604427,-0.0116228699049343,0.414,"Not Significant","missense"
"15140G>A","3661T>C",434,345.655437921078,0.098846335831889,0,"Significant","missense"
"15140G>A","10972A>T",489,414.935514918191,0.0713282508241603,0,"Significant","missense"
"15140G>A","14000T>C",493,416.425409047161,0.0733096982650753,0,"Significant","missense"
"15140G>A","11538C>T",495,404.506256015399,0.087679956218987,0,"Significant","missense"
"15140G>A","8118G>A",468,408.97593840231,0.0585480954983035,0,"Significant","missense"
"15140G>A","3706C>T",432,370.983638113571,0.0661289909294628,0,"Significant","missense"
"15140G>A","12923G>C",493,391.842155919153,0.099735761997753,0,"Significant","missense"
"15140G>A","12009G>C",477,376.198267564966,0.103101587795713,0,"Significant","missense"
"15140G>A","3650C>T",469,396.311838306064,0.073135797294303,0,"Significant","missense"
"15140G>A","3428G>A",448,360.55437921078,0.0943072392279929,0,"Significant","missense"
"15140G>A","12361A>T",421,356.084696823869,0.0727287860978155,0,"Significant","missense"
"12971C>T","12790T>C",618,585.049085659288,0.0237961701405308,0,"Significant","missense"
"12971C>T","5314T>C",553,532.013474494706,0.0168024993393646,0,"Significant","missense"
"12971C>T","9816C>T",564,520.411934552454,0.0349318563496624,0,"Significant","missense"
"12971C>T","9988C>T",596,558.531280076997,0.0281987593084344,0,"Significant","missense"
"12971C>T","8923A>T",560,528.69874879692,0.0249797443885561,0,"Significant","missense"
"12971C>T","13126C>T",597,554.387872954764,0.0321606094650631,0,"Significant","missense"
"12971C>T","15660C>T",546,512.125120307988,0.0278165637194387,0,"Significant","missense"
"12971C>T","10312C>T",583,570.961501443696,0.00906172895490934,0.044,"Significant","missense"
"12971C>T","8413A>T",602,571.790182868142,0.0223597966240881,0,"Significant","missense"
"12971C>T","5328C>T",486,449.974013474495,0.033448835776962,0,"Significant","missense"
"12971C>T","11028C>T",577,542.786333012512,0.0265469092674663,0,"Significant","missense"
"12971C>T","5320C>T",641,591.67853705486,0.03477221384616,0,"Significant","missense"
"12971C>T","5270C>A",561,520.411934552454,0.0326156136224819,0,"Significant","missense"
"12971C>T","13033C>T",790,770.673724735322,0.0107565388400276,0,"Significant","missense"
"12971C>T","8088T>C",444,416.826756496631,0.0274273811622087,0,"Significant","missense"
"12971C>T","11672A>C",555,514.611164581328,0.0328137790496125,0,"Significant","missense"
"12971C>T","6322G>A",540,502.180943214629,0.031533531760199,0,"Significant","missense"
"12971C>T","3578T>A",749,732.55437921078,0.00964194878991478,0,"Significant","missense"
"12971C>T","8722C>T",391,367.934552454283,0.0264061833847627,0,"Significant","missense"
"12971C>T","6174G>A",606,599.13666987488,0.00494672297527727,0.225,"Not Significant","missense"
"12971C>T","8921G>A",450,420.141482194418,0.0298169505455235,0,"Significant","missense"
"12971C>T","9571C>T",262,233.688161693936,0.049664579103887,0,"Significant","missense"
"12971C>T","6682A>T",527,498.037536092396,0.0245485393133251,0,"Significant","missense"
"12971C>T","9896A>T",505,465.71896053898,0.0351674586531157,0,"Significant","missense"
"12971C>T","13450T>C",390,366.27718960539,0.0272547337809228,0,"Significant","missense"
"12971C>T","15446C>T",761,753.271414821944,0.00443316965212747,0.053,"Not Significant","missense"
"12971C>T","6685A>T",476,445.830606352262,0.0284370731576205,0,"Significant","missense"
"12971C>T","9823T>C",409,428.428296438884,-0.0201548389830732,0.001,"Significant","missense"
"12971C>T","13580C>T",487,447.487969201155,0.0367475974951806,0,"Significant","missense"
"12971C>T","15086A>G",514,476.491819056785,0.0329076704091614,0,"Significant","missense"
"12971C>T","5230T>C",564,493.894128970164,0.0576452403466177,0,"Significant","missense"
"12971C>T","7788T>C",512,476.491819056785,0.0312145123897167,0,"Significant","missense"
"12971C>T","9231C>G",299,279.265640038499,0.0296536835566034,0.001,"Significant","missense"
"12971C>T","6925C>T",595,594.1645813282,0.000610206164271897,0.933,"Not Significant","missense"
"12971C>T","3542T>C",493,454.117420596728,0.035678756896376,0,"Significant","missense"
"12971C>T","12691A>G",230,251.090471607315,-0.0381023963811736,0,"Significant","missense"
"12971C>T","8015C>T",409,418.484119345525,-0.00995567400779449,0.145,"Not Significant","missense"
"12971C>T","11244T>C",465,433.400384985563,0.0305636601261955,0,"Significant","missense"
"12971C>T","7665C>T",528,505.495668912416,0.0189164836265643,0,"Significant","missense"
"12971C>T","5326C>T",481,439.201154956689,0.0394816028765568,0,"Significant","missense"
"12971C>T","15378T>C",208,226.230028873917,-0.036486915974455,0.001,"Significant","missense"
"12971C>T","3661T>C",418,384.508180943215,0.0362706973236679,0,"Significant","missense"
"12971C>T","10972A>T",499,461.575553416747,0.0338577465531766,0,"Significant","missense"
"12971C>T","14000T>C",494,463.23291626564,0.0279275371407404,0,"Significant","missense"
"12971C>T","11538C>T",476,449.974013474495,0.0244195192351636,0,"Significant","missense"
"12971C>T","8118G>A",481,454.946102021174,0.0241851280272574,0,"Significant","missense"
"12971C>T","3706C>T",422,412.683349374398,0.00969550430547669,0.141,"Not Significant","missense"
"12971C>T","12923G>C",475,435.886429258903,0.037320261574642,0,"Significant","missense"
"12971C>T","12009G>C",453,418.484119345525,0.0344192199976853,0,"Significant","missense"
"12971C>T","3650C>T",463,440.858517805582,0.0212817548264229,0,"Significant","missense"
"12971C>T","3428G>A",462,401.081809432146,0.0614090100152214,0,"Significant","missense"
"12971C>T","12361A>T",400,396.109720885467,0.0042444908193651,0.527,"Not Significant","missense"
"12790T>C","5314T>C",543,436.238691049086,0.0950756480253479,0,"Significant","missense"
"12790T>C","9816C>T",566,426.725697786333,0.122667633956424,0,"Significant","missense"
"12790T>C","9988C>T",619,457.982675649663,0.130841598990147,0,"Significant","missense"
"12790T>C","8923A>T",570,433.520692974013,0.118865023456679,0,"Significant","missense"
"12790T>C","13126C>T",576,454.585178055823,0.102807212160743,0,"Significant","missense"
"12790T>C","15660C>T",549,419.930702598653,0.116394715866625,0,"Significant","missense"
"12790T>C","10312C>T",579,468.175168431184,0.0922701883251664,0,"Significant","missense"
"12790T>C","8413A>T",599,468.854667949952,0.10638857815741,0,"Significant","missense"
"12790T>C","5328C>T",487,368.968238691049,0.120539978131133,0,"Significant","missense"
"12790T>C","11028C>T",585,445.07218479307,0.118725412595748,0,"Significant","missense"
"12790T>C","5320C>T",567,485.162656400385,0.067695693622093,0,"Significant","missense"
"12790T>C","5270C>A",580,426.725697786333,0.133279196331088,0,"Significant","missense"
"12790T>C","13033C>T",660,631.934552454283,0.0188718334933043,0,"Significant","missense"
"12790T>C","8088T>C",444,341.788257940327,0.113625831564037,0,"Significant","missense"
"12790T>C","11672A>C",548,421.969201154957,0.113499804813139,0,"Significant","missense"
"12790T>C","6322G>A",552,411.776708373436,0.12727730006826,0,"Significant","missense"
"12790T>C","3578T>A",637,600.677574590953,0.0254980138276469,0,"Significant","missense"
"12790T>C","8722C>T",209,301.697786333012,-0.159425837498128,0,"Significant","missense"
"12790T>C","6174G>A",468,491.278152069297,-0.0210815977150287,0.001,"Significant","missense"
"12790T>C","8921G>A",440,344.506256015399,0.106255563658198,0,"Significant","missense"
"12790T>C","9571C>T",73,191.618864292589,-0.419115401693163,0,"Significant","missense"
"12790T>C","6682A>T",530,408.379210779596,0.113212244103399,0,"Significant","missense"
"12790T>C","9896A>T",510,381.878729547642,0.12564470703422,0,"Significant","missense"
"12790T>C","13450T>C",208,300.338787295476,-0.159548087880892,0,"Significant","missense"
"12790T>C","15446C>T",626,617.665062560154,0.005821296493835,0.097,"Not Significant","missense"
"12790T>C","6685A>T",486,365.570741097209,0.123664840101248,0,"Significant","missense"
"12790T>C","9823T>C",422,351.30125120308,0.0796327543730842,0,"Significant","missense"
"12790T>C","13580C>T",493,366.929740134745,0.128264005959605,0,"Significant","missense"
"12790T>C","15086A>G",510,390.712223291627,0.115713177913654,0,"Significant","missense"
"12790T>C","5230T>C",452,404.981713185756,0.0477030215765082,0,"Significant","missense"
"12790T>C","7788T>C",500,390.712223291627,0.107113006151738,0,"Significant","missense"
"12790T>C","9231C>G",112,228.991337824832,-0.310601031695585,0,"Significant","missense"
"12790T>C","6925C>T",533,487.201154956689,0.0390188998641382,0,"Significant","missense"
"12790T>C","3542T>C",483,372.365736284889,0.11297741877249,0,"Significant","missense"
"12790T>C","12691A>G",233,205.888354186718,0.0537241390290631,0.001,"Significant","missense"
"12790T>C","8015C>T",416,343.147256977863,0.0836127990134328,0,"Significant","missense"
"12790T>C","11244T>C",470,355.378248315688,0.121407015573787,0,"Significant","missense"
"12790T>C","7665C>T",499,414.494706448508,0.0805815571179788,0,"Significant","missense"
"12790T>C","5326C>T",474,360.134744947064,0.119313318578641,0,"Significant","missense"
"12790T>C","15378T>C",187,185.503368623677,0.00348980600111475,0.901,"Not Significant","missense"
"12790T>C","3661T>C",428,315.287776708373,0.132736634963629,0,"Significant","missense"
"12790T>C","10972A>T",470,378.481231953802,0.0940535092673398,0,"Significant","missense"
"12790T>C","14000T>C",479,379.840230991338,0.10073455203349,0,"Significant","missense"
"12790T>C","11538C>T",471,368.968238691049,0.106031924045397,0,"Significant","missense"
"12790T>C","8118G>A",446,373.045235803657,0.0775733607674046,0,"Significant","missense"
"12790T>C","3706C>T",416,338.390760346487,0.089674834372375,0,"Significant","missense"
"12790T>C","12923G>C",488,357.416746871992,0.135244924354313,0,"Significant","missense"
"12790T>C","12009G>C",476,343.147256977863,0.14212642110717,0,"Significant","missense"
"12790T>C","3650C>T",453,361.493743984601,0.0979974162231331,0,"Significant","missense"
"12790T>C","3428G>A",437,328.877767083734,0.12344692183135,0,"Significant","missense"
"12790T>C","12361A>T",410,324.800769971126,0.101166806612962,0,"Significant","missense"
"5314T>C","9816C>T",544,388.042348411935,0.146719775449276,0,"Significant","missense"
"5314T>C","9988C>T",514,416.46583253128,0.0913837419482604,0,"Significant","missense"
"5314T>C","8923A>T",491,394.221366698749,0.0953413328901086,0,"Significant","missense"
"5314T>C","13126C>T",492,413.376323387873,0.0756195044878447,0,"Significant","missense"
"5314T>C","15660C>T",481,381.86333012512,0.100237120773317,0,"Significant","missense"
"5314T>C","10312C>T",506,425.734359961501,0.0750118144204813,0,"Significant","missense"
"5314T>C","8413A>T",525,426.352261790183,0.0903907321570066,0,"Significant","missense"
"5314T>C","5328C>T",522,335.520692974013,0.191951192901693,0,"Significant","missense"
"5314T>C","11028C>T",497,404.725697786333,0.0891956082298533,0,"Significant","missense"
"5314T>C","5320C>T",494,441.181905678537,0.0491092566357861,0,"Significant","missense"
"5314T>C","5270C>A",490,388.042348411935,0.101316955779618,0,"Significant","missense"
"5314T>C","13033C>T",602,574.648700673725,0.0201940621922101,0,"Significant","missense"
"5314T>C","8088T>C",388,310.804619826756,0.0963442600265762,0,"Significant","missense"
"5314T>C","11672A>C",464,383.717035611165,0.0825068998666053,0,"Significant","missense"
"5314T>C","6322G>A",484,374.448508180943,0.111453256966424,0,"Significant","missense"
"5314T>C","3578T>A",578,546.225216554379,0.0245560928957757,0,"Significant","missense"
"5314T>C","8722C>T",197,274.348411934552,-0.143836224464641,0,"Significant","missense"
"5314T>C","6174G>A",458,446.74302213667,0.0108077001976601,0.123,"Not Significant","missense"
"5314T>C","8921G>A",376,313.276227141482,0.0792604050826262,0,"Significant","missense"
"5314T>C","9571C>T",79,174.248315688162,-0.343541497540295,0,"Significant","missense"
"5314T>C","6682A>T",471,371.358999037536,0.103226954614456,0,"Significant","missense"
"5314T>C","9896A>T",448,347.26082771896,0.110622217917379,0,"Significant","missense"
"5314T>C","13450T>C",206,273.11260827719,-0.122474529491563,0,"Significant","missense"
"5314T>C","15446C>T",572,561.672762271415,0.00791266505937951,0.046,"Significant","missense"
"5314T>C","6685A>T",427,332.431183830606,0.10872611884693,0,"Significant","missense"
"5314T>C","9823T>C",393,319.455245428296,0.0899825267697829,0,"Significant","missense"
"5314T>C","13580C>T",424,333.666987487969,0.104052616258061,0,"Significant","missense"
"5314T>C","15086A>G",448,355.293551491819,0.100690688796812,0,"Significant","missense"
"5314T>C","5230T>C",405,368.269489894129,0.0412892829627455,0,"Significant","missense"
"5314T>C","7788T>C",441,355.293551491819,0.0938512642665085,0,"Significant","missense"
"5314T>C","9231C>G",117,208.23291626564,-0.25036351963669,0,"Significant","missense"
"5314T>C","6925C>T",474,443.035611164581,0.0293397054946027,0,"Significant","missense"
"5314T>C","3542T>C",430,338.61020211742,0.103768416583514,0,"Significant","missense"
"5314T>C","12691A>G",232,187.224254090472,0.0931258758768741,0,"Significant","missense"
"5314T>C","8015C>T",384,312.040423484119,0.0901203657371675,0,"Significant","missense"
"5314T>C","11244T>C",411,323.162656400385,0.10442065249709,0,"Significant","missense"
"5314T>C","7665C>T",450,376.920115495669,0.0769631982528821,0,"Significant","missense"
"5314T>C","5326C>T",402,327.487969201155,0.0890307029719806,0,"Significant","missense"
"5314T>C","15378T>C",197,168.687199230029,0.0673840986091241,0,"Significant","missense"
"5314T>C","3661T>C",373,286.706448508181,0.114271370742096,0,"Significant","missense"
"5314T>C","10972A>T",419,344.171318575553,0.085439347280868,0,"Significant","missense"
"5314T>C","14000T>C",432,345.407122232916,0.0971524584167877,0,"Significant","missense"
"5314T>C","11538C>T",424,335.520692974013,0.101646546492183,0,"Significant","missense"
"5314T>C","8118G>A",392,339.228103946102,0.0627942420586723,0,"Significant","missense"
"5314T>C","3706C>T",365,307.715110683349,0.0741440411850592,0,"Significant","missense"
"5314T>C","12923G>C",408,325.016361886429,0.0987549384244379,0,"Significant","missense"
"5314T>C","12009G>C",397,312.040423484119,0.104579648132748,0,"Significant","missense"
"5314T>C","3650C>T",388,328.723772858518,0.072000612787463,0,"Significant","missense"
"5314T>C","3428G>A",378,299.064485081809,0.101726957681107,0,"Significant","missense"
"5314T>C","12361A>T",380,295.357074109721,0.109436219492983,0,"Significant","missense"
"9816C>T","9988C>T",538,407.384023099134,0.120778282951025,0,"Significant","missense"
"9816C>T","8923A>T",512,385.624639076035,0.123105186074622,0,"Significant","missense"
"9816C>T","13126C>T",521,404.361886429259,0.110067509351659,0,"Significant","missense"
"9816C>T","15660C>T",501,373.536092396535,0.127505154598382,0,"Significant","missense"
"9816C>T","10312C>T",514,416.450433108758,0.0913998009076114,0,"Significant","missense"
"9816C>T","8413A>T",545,417.054860442733,0.116203315359344,0,"Significant","missense"
"9816C>T","5328C>T",500,328.204042348412,0.182826078567108,0,"Significant","missense"
"9816C>T","11028C>T",526,395.899903753609,0.12340034798191,0,"Significant","missense"
"9816C>T","5320C>T",507,431.561116458133,0.0699656513771279,0,"Significant","missense"
"9816C>T","5270C>A",522,379.580365736285,0.138366763085016,0,"Significant","missense"
"9816C>T","13033C>T",593,562.117420596728,0.0232276486303048,0,"Significant","missense"
"9816C>T","8088T>C",407,304.026948989413,0.126682327989238,0,"Significant","missense"
"9816C>T","11672A>C",487,375.34937439846,0.113093264858009,0,"Significant","missense"
"9816C>T","6322G>A",503,366.282964388835,0.13775126470959,0,"Significant","missense"
"9816C>T","3578T>A",574,534.313763233879,0.0311155312048761,0,"Significant","missense"
"9816C>T","8722C>T",190,268.365736284889,-0.149973465341743,0,"Significant","missense"
"9816C>T","6174G>A",428,437.000962463908,-0.00903862446137543,0.234,"Not Significant","missense"
"9816C>T","8921G>A",395,306.444658325313,0.110245040113074,0,"Significant","missense"
"9816C>T","9571C>T",70,170.448508180943,-0.386495164484757,0,"Significant","missense"
"9816C>T","6682A>T",485,363.26082771896,0.125523170419475,0,"Significant","missense"
"9816C>T","9896A>T",473,339.688161693936,0.143780728988696,0,"Significant","missense"
"9816C>T","13450T>C",192,267.156881616939,-0.143465136825497,0,"Significant","missense"
"9816C>T","15446C>T",552,549.424446583253,0.00203109832721234,0.613,"Not Significant","missense"
"9816C>T","6685A>T",447,325.181905678537,0.138181151285492,0,"Significant","missense"
"9816C>T","9823T>C",376,312.488931665063,0.0803532056536763,0,"Significant","missense"
"9816C>T","13580C>T",444,326.390760346487,0.133645114111597,0,"Significant","missense"
"9816C>T","15086A>G",473,347.545717035611,0.133849199868129,0,"Significant","missense"
"9816C>T","5230T>C",409,360.238691049086,0.0551329520870723,0,"Significant","missense"
"9816C>T","7788T>C",454,347.545717035611,0.116043911987425,0,"Significant","missense"
"9816C>T","9231C>G",100,203.692011549567,-0.308973997051136,0,"Significant","missense"
"9816C>T","6925C>T",468,433.374398460058,0.0333826012262978,0,"Significant","missense"
"9816C>T","3542T>C",454,331.226179018287,0.136931198192681,0,"Significant","missense"
"9816C>T","12691A>G",203,183.141482194418,0.044709313230866,0.007,"Significant","missense"
"9816C>T","8015C>T",368,305.235803657363,0.0812123443748133,0,"Significant","missense"
"9816C>T","11244T>C",436,316.115495668912,0.139640704221255,0,"Significant","missense"
"9816C>T","7665C>T",458,368.700673724735,0.0941915468130605,0,"Significant","missense"
"9816C>T","5326C>T",430,320.346487006737,0.127848489798744,0,"Significant","missense"
"9816C>T","15378T>C",165,165.008662175168,-2.27990068684986e-05,1,"Not Significant","missense"
"9816C>T","3661T>C",394,280.454282964389,0.14763414509063,0,"Significant","missense"
"9816C>T","10972A>T",429,336.666025024062,0.105258000830949,0,"Significant","missense"
"9816C>T","14000T>C",434,337.874879692012,0.10873382544604,0,"Significant","missense"
"9816C>T","11538C>T",439,328.204042348412,0.126320594473222,0,"Significant","missense"
"9816C>T","8118G>A",405,331.830606352262,0.0865385825845344,0,"Significant","missense"
"9816C>T","3706C>T",374,301.004812319538,0.0942981632607158,0,"Significant","missense"
"9816C>T","12923G>C",435,317.928777670837,0.136159416620843,0,"Significant","missense"
"9816C>T","12009G>C",421,305.235803657363,0.139646621536949,0,"Significant","missense"
"9816C>T","3650C>T",410,321.555341674687,0.105528128244639,0,"Significant","missense"
"9816C>T","3428G>A",387,292.542829643888,0.121521507194444,0,"Significant","missense"
"9816C>T","12361A>T",353,288.916265640038,0.0870027125956577,0,"Significant","missense"
"9988C>T","8923A>T",540,413.871029836381,0.115528732123639,0,"Significant","missense"
"9988C>T","13126C>T",546,433.980750721848,0.0997221759587513,0,"Significant","missense"
"9988C>T","15660C>T",525,400.897016361886,0.117126479338973,0,"Significant","missense"
"9988C>T","10312C>T",550,446.954764196343,0.0900991186084575,0,"Significant","missense"
"9988C>T","8413A>T",575,447.603464870067,0.108774404974211,0,"Significant","missense"
"9988C>T","5328C>T",465,352.244465832531,0.120608774322935,0,"Significant","missense"
"9988C>T","11028C>T",555,424.898941289702,0.116007334152727,0,"Significant","missense"
"9988C>T","5320C>T",547,463.172281039461,0.0722447655790996,0,"Significant","missense"
"9988C>T","5270C>A",545,407.384023099134,0.126392509561277,0,"Significant","missense"
"9988C>T","13033C>T",630,603.291626564004,0.0188132519215011,0,"Significant","missense"
"9988C>T","8088T>C",418,326.296438883542,0.107563947740936,0,"Significant","missense"
"9988C>T","11672A>C",515,402.843118383061,0.106671279886445,0,"Significant","missense"
"9988C>T","6322G>A",527,393.11260827719,0.12729364206809,0,"Significant","missense"
"9988C>T","3578T>A",607,573.451395572666,0.0246920770840379,0,"Significant","missense"
"9988C>T","8722C>T",205,288.023099133782,-0.147673458036947,0,"Significant","missense"
"9988C>T","6174G>A",444,469.010587102984,-0.0237996761580482,0,"Significant","missense"
"9988C>T","8921G>A",415,328.891241578441,0.100995788400587,0,"Significant","missense"
"9988C>T","9571C>T",77,182.933589990375,-0.375802732124695,0,"Significant","missense"
"9988C>T","6682A>T",506,389.869104908566,0.113231695858892,0,"Significant","missense"
"9988C>T","9896A>T",484,364.569778633301,0.12306469709718,0,"Significant","missense"
"9988C>T","13450T>C",200,286.725697786333,-0.156436622663187,0,"Significant","missense"
"9988C>T","15446C>T",605,589.668912415784,0.0111471424523572,0.002,"Significant","missense"
"9988C>T","6685A>T",461,349.000962463908,0.120874300745086,0,"Significant","missense"
"9988C>T","9823T>C",399,335.378248315688,0.0754380036146428,0,"Significant","missense"
"9988C>T","13580C>T",466,350.298363811357,0.123947807888858,0,"Significant","missense"
"9988C>T","15086A>G",487,373.002887391723,0.115816767546834,0,"Significant","missense"
"9988C>T","5230T>C",434,386.625601539942,0.0501991207941196,0,"Significant","missense"
"9988C>T","7788T>C",480,373.002887391723,0.109529043707788,0,"Significant","missense"
"9988C>T","9231C>G",110,218.612127045236,-0.29828156469106,0,"Significant","missense"
"9988C>T","6925C>T",503,465.118383060635,0.0340044804099778,0,"Significant","missense"
"9988C>T","3542T>C",461,355.487969201155,0.112876017927109,0,"Significant","missense"
"9988C>T","12691A>G",226,196.556304138595,0.0606214616669248,0,"Significant","missense"
"9988C>T","8015C>T",393,327.593840230991,0.0790568232786009,0,"Significant","missense"
"9988C>T","11244T>C",446,339.270452358037,0.118788820866695,0,"Significant","missense"
"9988C>T","7665C>T",476,395.707410972088,0.0802327687315652,0,"Significant","missense"
"9988C>T","5326C>T",453,343.81135707411,0.11977798343387,0,"Significant","missense"
"9988C>T","15378T>C",174,177.095283926853,-0.0076577477362943,0.65,"Not Significant","missense"
"9988C>T","3661T>C",399,300.997112608277,0.12241056615369,0,"Significant","missense"
"9988C>T","10972A>T",455,361.326275264678,0.100111852505216,0,"Significant","missense"
"9988C>T","14000T>C",469,362.623676612127,0.11171668585049,0,"Significant","missense"
"9988C>T","11538C>T",446,352.244465832531,0.102490680145127,0,"Significant","missense"
"9988C>T","8118G>A",427,356.13666987488,0.0788111815967695,0,"Significant","missense"
"9988C>T","3706C>T",395,323.052935514918,0.0873234038885759,0,"Significant","missense"
"9988C>T","12923G>C",471,341.216554379211,0.13999081399698,0,"Significant","missense"
"9988C>T","12009G>C",459,327.593840230991,0.14647695844042,0,"Significant","missense"
"9988C>T","3650C>T",432,345.108758421559,0.0975277655416962,0,"Significant","missense"
"9988C>T","3428G>A",423,313.971126082772,0.129450656752452,0,"Significant","missense"
"9988C>T","12361A>T",394,310.078922040423,0.104023976235283,0,"Significant","missense"
"8923A>T","13126C>T",569,410.800769971126,0.141481017463234,0,"Significant","missense"
"8923A>T","15660C>T",550,379.484119345525,0.161169083241408,0,"Significant","missense"
"8923A>T","10312C>T",520,423.081809432146,0.0895789905631694,0,"Significant","missense"
"8923A>T","8413A>T",543,423.695861405197,0.107745607687584,0,"Significant","missense"
"8923A>T","5328C>T",442,333.430221366699,0.122417308596228,0,"Significant","missense"
"8923A>T","11028C>T",533,402.204042348412,0.122280777870778,0,"Significant","missense"
"8923A>T","5320C>T",519,438.433108758422,0.0732640149082832,0,"Significant","missense"
"8923A>T","5270C>A",529,385.624639076035,0.137290897133974,0,"Significant","missense"
"8923A>T","13033C>T",604,571.06833493744,0.0243488589032076,0,"Significant","missense"
"8923A>T","8088T>C",398,308.868142444658,0.110109955853744,0,"Significant","missense"
"8923A>T","11672A>C",493,381.326275264678,0.111550187936639,0,"Significant","missense"
"8923A>T","6322G>A",515,372.115495668912,0.141129473710888,0,"Significant","missense"
"8923A>T","3578T>A",573,542.821944177093,0.0234972257903278,0,"Significant","missense"
"8923A>T","8722C>T",196,272.639076034649,-0.143332029922066,0,"Significant","missense"
"8923A>T","6174G>A",422,443.959576515881,-0.0220309774968367,0.005,"Significant","missense"
"8923A>T","8921G>A",413,311.324350336862,0.122736961159046,0,"Significant","missense"
"8923A>T","9571C>T",67,173.162656400385,-0.412379436782122,0,"Significant","missense"
"8923A>T","6682A>T",486,369.045235803657,0.119556666095541,0,"Significant","missense"
"8923A>T","9896A>T",467,345.097208854668,0.131375433833033,0,"Significant","missense"
"8923A>T","13450T>C",190,271.410972088547,-0.154873799560179,0,"Significant","missense"
"8923A>T","15446C>T",569,558.173243503369,0.00834325200911728,0.041,"Significant","missense"
"8923A>T","6685A>T",437,330.359961501444,0.121494030140016,0,"Significant","missense"
"8923A>T","9823T>C",386,317.464870067372,0.0848916304138033,0,"Significant","missense"
"8923A>T","13580C>T",450,331.588065447546,0.132613622788356,0,"Significant","missense"
"8923A>T","15086A>G",457,353.079884504331,0.112043224216207,0,"Significant","missense"
"8923A>T","5230T>C",413,365.974975938402,0.0524986607521662,0,"Significant","missense"
"8923A>T","7788T>C",468,353.079884504331,0.122372877220478,0,"Significant","missense"
"8923A>T","9231C>G",104,206.935514918191,-0.298801692736335,0,"Significant","missense"
"8923A>T","6925C>T",470,440.275264677575,0.0283735711039262,0,"Significant","missense"
"8923A>T","3542T>C",440,336.500481231954,0.116466986837803,0,"Significant","missense"
"8923A>T","12691A>G",230,186.057747834456,0.0920800763512584,0,"Significant","missense"
"8923A>T","8015C>T",372,310.09624639076,0.0790464305992279,0,"Significant","missense"
"8923A>T","11244T>C",424,321.149181905679,0.120659036561441,0,"Significant","missense"
"8923A>T","7665C>T",457,374.571703561116,0.0863812338950774,0,"Significant","missense"
"8923A>T","5326C>T",412,325.447545717036,0.102416215268333,0,"Significant","missense"
"8923A>T","15378T>C",178,167.636188642926,0.026052224104138,0.158,"Not Significant","missense"
"8923A>T","3661T>C",383,284.920115495669,0.128475662249718,0,"Significant","missense"
"8923A>T","10972A>T",430,342.026948989413,0.0994081292418467,0,"Significant","missense"
"8923A>T","14000T>C",449,343.255052935515,0.116629401952885,0,"Significant","missense"
"8923A>T","11538C>T",430,333.430221366699,0.110463494826725,0,"Significant","missense"
"8923A>T","8118G>A",402,337.114533205005,0.0764485774703725,0,"Significant","missense"
"8923A>T","3706C>T",375,305.797882579403,0.0885967938039902,0,"Significant","missense"
"8923A>T","12923G>C",431,322.991337824832,0.125286394842974,0,"Significant","missense"
"8923A>T","12009G>C",420,310.09624639076,0.131752781115217,0,"Significant","missense"
"8923A>T","3650C>T",417,326.675649663138,0.106019291514696,0,"Significant","missense"
"8923A>T","3428G>A",391,297.201154956689,0.119126264587434,0,"Significant","missense"
"8923A>T","12361A>T",368,293.516843118383,0.0982147908973839,0,"Significant","missense"
"13126C>T","15660C>T",561,397.923002887392,0.149163815956668,0,"Significant","missense"
"13126C>T","10312C>T",525,443.639076034649,0.0731295112876703,0,"Significant","missense"
"13126C>T","8413A>T",552,444.282964388835,0.0942794167812788,0,"Significant","missense"
"13126C>T","5328C>T",442,349.631376323388,0.101811869549573,0,"Significant","missense"
"13126C>T","11028C>T",540,421.7468719923,0.107341889620517,0,"Significant","missense"
"13126C>T","5320C>T",538,459.736284889317,0.0682734936795554,0,"Significant","missense"
"13126C>T","5270C>A",538,404.361886429259,0.124012061718521,0,"Significant","missense"
"13126C>T","13033C>T",636,598.816169393648,0.0261635968838288,0,"Significant","missense"
"13126C>T","8088T>C",409,323.875842155919,0.101344752740741,0,"Significant","missense"
"13126C>T","11672A>C",505,399.854667949952,0.101389207731413,0,"Significant","missense"
"13126C>T","6322G>A",517,390.196342637151,0.122207348716983,0,"Significant","missense"
"13126C>T","3578T>A",605,569.197305101059,0.0264925394287457,0,"Significant","missense"
"13126C>T","8722C>T",225,285.886429258903,-0.104011022213862,0,"Significant","missense"
"13126C>T","6174G>A",446,465.531280076997,-0.0186140087930306,0.006,"Significant","missense"
"13126C>T","8921G>A",417,326.451395572666,0.106317525429747,0,"Significant","missense"
"13126C>T","9571C>T",99,181.576515880654,-0.263424483932257,0,"Significant","missense"
"13126C>T","6682A>T",490,386.976900866217,0.102511037815105,0,"Significant","missense"
"13126C>T","9896A>T",476,361.865255052936,0.119060066940758,0,"Significant","missense"
"13126C>T","13450T>C",219,284.598652550529,-0.113788724719574,0,"Significant","missense"
"13126C>T","15446C>T",597,585.294513955727,0.0085998776967545,0.018,"Significant","missense"
"13126C>T","6685A>T",437,346.411934552454,0.100888591093361,0,"Significant","missense"
"13126C>T","9823T>C",390,332.890279114533,0.068763493721892,0,"Significant","missense"
"13126C>T","13580C>T",460,347.699711260828,0.121553501647929,0,"Significant","missense"
"13126C>T","15086A>G",464,370.235803657363,0.098039565654581,0,"Significant","missense"
"13126C>T","5230T>C",435,383.757459095284,0.0544324270037419,0,"Significant","missense"
"13126C>T","7788T>C",479,370.235803657363,0.11185709851426,0,"Significant","missense"
"13126C>T","9231C>G",135,216.990375360924,-0.206106702586857,0,"Significant","missense"
"13126C>T","6925C>T",497,461.667949951877,0.0320266628548796,0,"Significant","missense"
"13126C>T","3542T>C",447,352.850818094321,0.102716394436896,0,"Significant","missense"
"13126C>T","12691A>G",233,195.098171318576,0.0771027223130321,0,"Significant","missense"
"13126C>T","8015C>T",374,325.163618864293,0.0607696538711557,0,"Significant","missense"
"13126C>T","11244T>C",423,336.753609239653,0.0990281082970962,0,"Significant","missense"
"13126C>T","7665C>T",472,392.771896053898,0.0798015934126566,0,"Significant","missense"
"13126C>T","5326C>T",431,341.260827718961,0.10139083034927,0,"Significant","missense"
"13126C>T","15378T>C",170,175.781520692974,-0.0145242958731194,0.433,"Not Significant","missense"
"13126C>T","3661T>C",392,298.764196342637,0.117957516254896,0,"Significant","missense"
"13126C>T","10972A>T",447,358.645813282002,0.0956417577475379,0,"Significant","missense"
"13126C>T","14000T>C",460,359.933589990375,0.106535453584479,0,"Significant","missense"
"13126C>T","11538C>T",433,349.631376323388,0.092877496553849,0,"Significant","missense"
"13126C>T","8118G>A",423,353.494706448508,0.0779574527142845,0,"Significant","missense"
"13126C>T","3706C>T",383,320.656400384986,0.0771588609982375,0,"Significant","missense"
"13126C>T","12923G>C",440,338.685274302214,0.113656362121773,0,"Significant","missense"
"13126C>T","12009G>C",423,325.163618864293,0.114238419045704,0,"Significant","missense"
"13126C>T","3650C>T",414,342.548604427334,0.0822781386151832,0,"Significant","missense"
"13126C>T","3428G>A",396,311.641963426371,0.104039254070424,0,"Significant","missense"
"13126C>T","12361A>T",372,307.778633301251,0.0823044730591086,0,"Significant","missense"
"15660C>T","10312C>T",504,409.819056785371,0.0898383870062412,0,"Significant","missense"
"15660C>T","8413A>T",523,410.41385948027,0.105279670598358,0,"Significant","missense"
"15660C>T","5328C>T",434,322.977863330125,0.128316972391991,0,"Significant","missense"
"15660C>T","11028C>T",518,389.595765158807,0.123715532221784,0,"Significant","missense"
"15660C>T","5320C>T",508,424.689124157844,0.0777925729760897,0,"Significant","missense"
"15660C>T","5270C>A",511,373.536092396535,0.136088328865847,0,"Significant","missense"
"15660C>T","13033C>T",587,553.166506256016,0.0257822251620364,0,"Significant","missense"
"15660C>T","8088T>C",387,299.185755534167,0.111770052431313,0,"Significant","missense"
"15660C>T","11672A>C",485,369.372473532243,0.118277210894017,0,"Significant","missense"
"15660C>T","6322G>A",498,360.450433108758,0.14038379106176,0,"Significant","missense"
"15660C>T","3578T>A",565,525.805582290664,0.0312232552747212,0,"Significant","missense"
"15660C>T","8722C>T",195,264.09239653513,-0.131721286283682,0,"Significant","missense"
"15660C>T","6174G>A",406,430.042348411935,-0.0249851912489692,0.005,"Significant","missense"
"15660C>T","8921G>A",395,301.564966313763,0.117216208761452,0,"Significant","missense"
"15660C>T","9571C>T",73,167.734359961501,-0.361299175730208,0,"Significant","missense"
"15660C>T","6682A>T",483,357.476419634264,0.130699731217103,0,"Significant","missense"
"15660C>T","9896A>T",454,334.279114533205,0.13294660975637,0,"Significant","missense"
"15660C>T","13450T>C",189,262.902791145332,-0.143333392707422,0,"Significant","missense"
"15660C>T","15446C>T",555,540.675649663138,0.0113561723690683,0.006,"Significant","missense"
"15660C>T","6685A>T",424,320.00384985563,0.122210653394672,0,"Significant","missense"
"15660C>T","9823T>C",374,307.512993262753,0.0850081315748741,0,"Significant","missense"
"15660C>T","13580C>T",439,321.193455245428,0.135697832887478,0,"Significant","missense"
"15660C>T","15086A>G",445,342.011549566891,0.114319238759633,0,"Significant","missense"
"15660C>T","5230T>C",396,354.502406159769,0.0480759986536245,0,"Significant","missense"
"15660C>T","7788T>C",455,342.011549566891,0.123970624435812,0,"Significant","missense"
"15660C>T","9231C>G",104,200.448508180943,-0.284969489103996,0,"Significant","missense"
"15660C>T","6925C>T",466,426.473532242541,0.038493833490553,0,"Significant","missense"
"15660C>T","3542T>C",431,325.95187680462,0.121323784144692,0,"Significant","missense"
"15660C>T","12691A>G",232,180.225216554379,0.109672428856902,0,"Significant","missense"
"15660C>T","8015C>T",356,300.375360923965,0.0737856923225527,0,"Significant","missense"
"15660C>T","11244T>C",411,311.081809432146,0.120967205477123,0,"Significant","missense"
"15660C>T","7665C>T",449,362.829643888354,0.0925435784608947,0,"Significant","missense"
"15660C>T","5326C>T",410,315.245428296439,0.114135059587276,0,"Significant","missense"
"15660C>T","15378T>C",160,162.381135707411,-0.0064155919164657,0.796,"Not Significant","missense"
"15660C>T","3661T>C",376,275.988450433109,0.1342969368411,0,"Significant","missense"
"15660C>T","10972A>T",423,331.30510105871,0.106112244669647,0,"Significant","missense"
"15660C>T","14000T>C",439,332.494706448508,0.120679784824028,0,"Significant","missense"
"15660C>T","11538C>T",416,322.977863330125,0.109920573506227,0,"Significant","missense"
"15660C>T","8118G>A",393,326.546679499519,0.0804472783936738,0,"Significant","missense"
"15660C>T","3706C>T",364,296.211742059673,0.0894991133576726,0,"Significant","missense"
"15660C>T","12923G>C",416,312.866217516843,0.123734658941331,0,"Significant","missense"
"15660C>T","12009G>C",413,300.375360923965,0.138285746006062,0,"Significant","missense"
"15660C>T","3650C>T",404,316.435033686237,0.106096805283889,0,"Significant","missense"
"15660C>T","3428G>A",372,287.884504331088,0.111324650705812,0,"Significant","missense"
"15660C>T","12361A>T",348,284.315688161694,0.0877784198027956,0,"Significant","missense"
"10312C>T","8413A>T",557,457.564966313763,0.0854024300860083,0,"Significant","missense"
"10312C>T","5328C>T",445,360.083734359962,0.0919565070416132,0,"Significant","missense"
"10312C>T","11028C>T",537,434.355149181906,0.092129311357305,0,"Significant","missense"
"10312C>T","5320C>T",529,473.480269489894,0.0481537859085534,0,"Significant","missense"
"10312C>T","5270C>A",525,416.450433108758,0.100595985318291,0,"Significant","missense"
"10312C>T","13033C>T",641,616.717998075072,0.0167714066144312,0,"Significant","missense"
"10312C>T","8088T>C",402,333.55822906641,0.081054393678072,0,"Significant","missense"
"10312C>T","11672A>C",495,411.808469682387,0.0799099244065224,0,"Significant","missense"
"10312C>T","6322G>A",512,401.861405197305,0.105193662459073,0,"Significant","missense"
"10312C>T","3578T>A",606,586.213666987488,0.0144166848027623,0.002,"Significant","missense"
"10312C>T","8722C>T",225,294.433108758422,-0.11680412635366,0,"Significant","missense"
"10312C>T","6174G>A",461,479.448508180943,-0.0170410462553275,0.005,"Significant","missense"
"10312C>T","8921G>A",402,336.210779595765,0.0776144194006645,0,"Significant","missense"
"10312C>T","9571C>T",90,187.004812319538,-0.317610273230234,0,"Significant","missense"
"10312C>T","6682A>T",499,398.545717035611,0.0976223992701801,0,"Significant","missense"
"10312C>T","9896A>T",477,372.683349374398,0.107178389120579,0,"Significant","missense"
"10312C>T","13450T>C",226,293.106833493744,-0.112917504552095,0,"Significant","missense"
"10312C>T","15446C>T",608,602.792107795958,0.00373602170031841,0.32,"Not Significant","missense"
"10312C>T","6685A>T",449,356.768046198268,0.0998603909864606,0,"Significant","missense"
"10312C>T","9823T>C",400,342.842155919153,0.0669657738835534,0,"Significant","missense"
"10312C>T","13580C>T",450,358.094321462945,0.099215079601902,0,"Significant","missense"
"10312C>T","15086A>G",467,381.304138594803,0.0880453615260124,0,"Significant","missense"
"10312C>T","5230T>C",419,395.230028873917,0.0253640888756043,0.002,"Significant","missense"
"10312C>T","7788T>C",452,381.304138594803,0.0738669157712854,0,"Significant","missense"
"10312C>T","9231C>G",133,223.477382098171,-0.225381934254569,0,"Significant","missense"
"10312C>T","6925C>T",510,475.46968238691,0.0304473460796816,0,"Significant","missense"
"10312C>T","3542T>C",450,363.399422521655,0.0928282809405031,0,"Significant","missense"
"10312C>T","12691A>G",232,200.930702598653,0.0624416820381173,0,"Significant","missense"
"10312C>T","8015C>T",395,334.884504331088,0.0717020431573308,0,"Significant","missense"
"10312C>T","11244T>C",440,346.820981713186,0.103347313268438,0,"Significant","missense"
"10312C>T","7665C>T",472,404.51395572666,0.067008489272857,0,"Significant","missense"
"10312C>T","5326C>T",428,351.462945139557,0.0855642250619125,0,"Significant","missense"
"10312C>T","15378T>C",194,181.036573628489,0.0300354085390056,0.061,"Not Significant","missense"
"10312C>T","3661T>C",387,307.695861405197,0.0995893101135532,0,"Significant","missense"
"10312C>T","10972A>T",472,369.367661212705,0.106483129109885,0,"Significant","missense"
"10312C>T","14000T>C",478,370.693936477382,0.110412414375221,0,"Significant","missense"
"10312C>T","11538C>T",438,360.083734359962,0.0850706065647827,0,"Significant","missense"
"10312C>T","8118G>A",421,364.062560153994,0.0631060770351118,0,"Significant","missense"
"10312C>T","3706C>T",389,330.242540904716,0.0711165842155218,0,"Significant","missense"
"10312C>T","12923G>C",429,348.810394610202,0.0898678736805135,0,"Significant","missense"
"10312C>T","12009G>C",419,334.884504331088,0.0973189704971596,0,"Significant","missense"
"10312C>T","3650C>T",428,352.789220404235,0.0839284623676538,0,"Significant","missense"
"10312C>T","3428G>A",392,320.958614051973,0.0868370310255718,0,"Significant","missense"
"10312C>T","12361A>T",376,316.97978825794,0.0741562739650723,0,"Significant","missense"
"8413A>T","5328C>T",468,360.60635226179,0.113212480305172,0,"Significant","missense"
"8413A>T","11028C>T",558,434.985563041386,0.108159355765696,0,"Significant","missense"
"8413A>T","5320C>T",555,474.167468719923,0.0683612281664106,0,"Significant","missense"
"8413A>T","5270C>A",556,417.054860442733,0.124881604664757,0,"Significant","missense"
"8413A>T","13033C>T",646,617.613089509143,0.0195160262610679,0,"Significant","missense"
"8413A>T","8088T>C",428,334.042348411935,0.107642240777138,0,"Significant","missense"
"8413A>T","11672A>C",522,412.406159769009,0.102345359645582,0,"Significant","missense"
"8413A>T","6322G>A",531,402.444658325313,0.120388353735079,0,"Significant","missense"
"8413A>T","3578T>A",628,587.06448508181,0.0292738355440402,0,"Significant","missense"
"8413A>T","8722C>T",223,294.860442733398,-0.12131165024649,0,"Significant","missense"
"8413A>T","6174G>A",467,480.14436958614,-0.012054959908494,0.061,"Not Significant","missense"
"8413A>T","8921G>A",425,336.69874879692,0.101147427536871,0,"Significant","missense"
"8413A>T","9571C>T",87,187.276227141482,-0.332963398880553,0,"Significant","missense"
"8413A>T","6682A>T",508,399.124157844081,0.104755697101079,0,"Significant","missense"
"8413A>T","9896A>T",495,373.224254090472,0.122635340184401,0,"Significant","missense"
"8413A>T","13450T>C",217,293.532242540905,-0.131196078680588,0,"Significant","missense"
"8413A>T","15446C>T",619,603.666987487969,0.0108932226180708,0.003,"Significant","missense"
"8413A>T","6685A>T",470,357.285851780558,0.119082039089221,0,"Significant","missense"
"8413A>T","9823T>C",409,343.339749759384,0.0759992217333011,0,"Significant","missense"
"8413A>T","13580C>T",480,358.614051973051,0.12661393437251,0,"Significant","missense"
"8413A>T","15086A>G",494,381.857555341675,0.111825561053913,0,"Significant","missense"
"8413A>T","5230T>C",437,395.803657362849,0.0430016340500971,0,"Significant","missense"
"8413A>T","7788T>C",477,381.857555341675,0.0966169911703828,0,"Significant","missense"
"8413A>T","9231C>G",132,223.801732435034,-0.229289512845432,0,"Significant","missense"
"8413A>T","6925C>T",516,476.159769008662,0.0348970027793263,0,"Significant","missense"
"8413A>T","3542T>C",463,363.926852743022,0.10456688935348,0,"Significant","missense"
"8413A>T","12691A>G",229,201.222329162656,0.0561593106574789,0,"Significant","missense"
"8413A>T","8015C>T",400,335.370548604427,0.0765350700292022,0,"Significant","missense"
"8413A>T","11244T>C",447,347.324350336862,0.109572291084556,0,"Significant","missense"
"8413A>T","7665C>T",498,405.101058710298,0.0896659645688526,0,"Significant","missense"
"8413A>T","5326C>T",454,351.973051010587,0.110546440076209,0,"Significant","missense"
"8413A>T","15378T>C",188,181.299326275265,0.0157616590428374,0.338,"Not Significant","missense"
"8413A>T","3661T>C",415,308.142444658325,0.129296572977098,0,"Significant","missense"
"8413A>T","10972A>T",458,369.90375360924,0.0927767396500397,0,"Significant","missense"
"8413A>T","14000T>C",469,371.231953801732,0.101527491648558,0,"Significant","missense"
"8413A>T","11538C>T",467,360.60635226179,0.11228350779716,0,"Significant","missense"
"8413A>T","8118G>A",428,364.590952839268,0.0696378813829846,0,"Significant","missense"
"8413A>T","3706C>T",393,330.721847930703,0.0749296644356104,0,"Significant","missense"
"8413A>T","12923G>C",455,349.316650625602,0.114792109323267,0,"Significant","missense"
"8413A>T","12009G>C",438,335.370548604427,0.11594918920533,0,"Significant","missense"
"8413A>T","3650C>T",434,353.30125120308,0.0893445540373618,0,"Significant","missense"
"8413A>T","3428G>A",405,321.424446583253,0.10037611839015,0,"Significant","missense"
"8413A>T","12361A>T",387,317.439846005775,0.0860495252266901,0,"Significant","missense"
"5328C>T","11028C>T",454,342.314725697786,0.12263027083362,0,"Significant","missense"
"5328C>T","5320C>T",446,373.149181905679,0.077452364904279,0,"Significant","missense"
"5328C>T","5270C>A",450,328.204042348412,0.137068588006442,0,"Significant","missense"
"5328C>T","13033C>T",516,486.034648700674,0.0259824710416015,0,"Significant","missense"
"5328C>T","8088T>C",347,262.876804619827,0.120577207703237,0,"Significant","missense"
"5328C>T","11672A>C",419,324.545717035611,0.110938140758015,0,"Significant","missense"
"5328C>T","6322G>A",434,316.706448508181,0.136832823314518,0,"Significant","missense"
"5328C>T","3578T>A",496,461.994225216554,0.0308451294454484,0,"Significant","missense"
"5328C>T","8722C>T",166,232.042348411935,-0.14545916410616,0,"Significant","missense"
"5328C>T","6174G>A",374,377.852743022137,-0.00445097712571904,0.645,"Not Significant","missense"
"5328C>T","8921G>A",330,264.967276227141,0.0953216985128497,0,"Significant","missense"
"5328C>T","9571C>T",61,147.378248315688,-0.383103555339846,0,"Significant","missense"
"5328C>T","6682A>T",427,314.093358999038,0.133369120990578,0,"Significant","missense"
"5328C>T","9896A>T",402,293.711260827719,0.1363054554837,0,"Significant","missense"
"5328C>T","13450T>C",174,230.997112608277,-0.1230573030981,0,"Significant","missense"
"5328C>T","15446C>T",482,475.059672762271,0.00629887298521126,0.223,"Not Significant","missense"
"5328C>T","6685A>T",384,281.168431183831,0.135364666669431,0,"Significant","missense"
"5328C>T","9823T>C",335,270.193455245428,0.0933699819112021,0,"Significant","missense"
"5328C>T","13580C>T",382,282.213666987488,0.131485321057031,0,"Significant","missense"
"5328C>T","15086A>G",408,300.505293551492,0.132808036368542,0,"Significant","missense"
"5328C>T","5230T>C",361,311.480269489894,0.0640766601337328,0,"Significant","missense"
"5328C>T","7788T>C",391,300.505293551492,0.114324630674533,0,"Significant","missense"
"5328C>T","9231C>G",90,176.122232916266,-0.291571673463447,0,"Significant","missense"
"5328C>T","6925C>T",408,374.717035611165,0.0369567253904008,0,"Significant","missense"
"5328C>T","3542T>C",387,286.394610202117,0.130746124502833,0,"Significant","missense"
"5328C>T","12691A>G",180,158.35322425409,0.0556455945692985,0.001,"Significant","missense"
"5328C>T","8015C>T",323,263.922040423484,0.0877268621807419,0,"Significant","missense"
"5328C>T","11244T>C",382,273.3291626564,0.14537739201272,0,"Significant","missense"
"5328C>T","7665C>T",395,318.796920115496,0.0930829785839974,0,"Significant","missense"
"5328C>T","5326C>T",367,276.987487969201,0.122205912619592,0,"Significant","missense"
"5328C>T","15378T>C",147,142.67468719923,0.0129704056757417,0.575,"Not Significant","missense"
"5328C>T","3661T>C",334,242.494706448508,0.139044204224965,0,"Significant","missense"
"5328C>T","10972A>T",376,291.098171318576,0.111148367722229,0,"Significant","missense"
"5328C>T","14000T>C",380,292.143407122233,0.114187506698683,0,"Significant","missense"
"5328C>T","11538C>T",377,283.781520692974,0.123357238585239,0,"Significant","missense"
"5328C>T","8118G>A",352,286.917228103946,0.0887860369963416,0,"Significant","missense"
"5328C>T","3706C>T",331,260.263715110683,0.104414368984296,0,"Significant","missense"
"5328C>T","12923G>C",367,274.897016361886,0.125496038066641,0,"Significant","missense"
"5328C>T","12009G>C",358,263.922040423484,0.1324073664935,0,"Significant","missense"
"5328C>T","3650C>T",349,278.032723772859,0.0987295126324304,0,"Significant","missense"
"5328C>T","3428G>A",335,252.947064485082,0.122015163360721,0,"Significant","missense"
"5328C>T","12361A>T",314,249.81135707411,0.099317469429391,0,"Significant","missense"
"11028C>T","5320C>T",562,450.115495668912,0.0964123513582619,0,"Significant","missense"
"11028C>T","5270C>A",568,395.899903753609,0.156762939539184,0,"Significant","missense"
"11028C>T","13033C>T",614,586.284889316651,0.0200596701526236,0,"Significant","missense"
"11028C>T","8088T>C",417,317.098171318576,0.118942317483192,0,"Significant","missense"
"11028C>T","11672A>C",505,391.487006737247,0.110574025507451,0,"Significant","missense"
"11028C>T","6322G>A",518,382.030798845043,0.132231383144311,0,"Significant","missense"
"11028C>T","3578T>A",593,557.285851780558,0.0269766759165792,0,"Significant","missense"
"11028C>T","8722C>T",196,279.90375360924,-0.154752651192683,0,"Significant","missense"
"11028C>T","6174G>A",434,455.789220404235,-0.021274320216621,0.002,"Significant","missense"
"11028C>T","8921G>A",414,319.619826756497,0.112366629352926,0,"Significant","missense"
"11028C>T","9571C>T",71,177.776708373436,-0.398616512034524,0,"Significant","missense"
"11028C>T","6682A>T",494,378.878729547642,0.115226724486275,0,"Significant","missense"
"11028C>T","9896A>T",480,354.292589027912,0.131879169371888,0,"Significant","missense"
"11028C>T","13450T>C",190,278.642925890279,-0.166294420830796,0,"Significant","missense"
"11028C>T","15446C>T",588,573.046198267565,0.0111876904195634,0.005,"Significant","missense"
"11028C>T","6685A>T",456,339.162656400385,0.128556814563407,0,"Significant","missense"
"11028C>T","9823T>C",401,325.923965351299,0.0900280770916092,0,"Significant","missense"
"11028C>T","13580C>T",463,340.423484119346,0.133561478760345,0,"Significant","missense"
"11028C>T","15086A>G",479,362.487969201155,0.121041916290298,0,"Significant","missense"
"11028C>T","5230T>C",417,375.726660250241,0.045264042798904,0,"Significant","missense"
"11028C>T","7788T>C",473,362.487969201155,0.115567543613547,0,"Significant","missense"
"11028C>T","9231C>G",112,212.449470644851,-0.278037630635579,0,"Significant","missense"
"11028C>T","6925C>T",500,452.006737247353,0.0438250962336038,0,"Significant","missense"
"11028C>T","3542T>C",461,345.466794995188,0.125294614470642,0,"Significant","missense"
"11028C>T","12691A>G",223,191.015399422522,0.0672364821112174,0,"Significant","missense"
"11028C>T","8015C>T",394,318.358999037536,0.092579091272281,0,"Significant","missense"
"11028C>T","11244T>C",444,329.706448508181,0.129255528812706,0,"Significant","missense"
"11028C>T","7665C>T",463,384.552454282964,0.0806254035725613,0,"Significant","missense"
"11028C>T","5326C>T",442,334.119345524543,0.121520647313665,0,"Significant","missense"
"11028C>T","15378T>C",183,172.102983638114,0.0266626902550527,0.141,"Not Significant","missense"
"11028C>T","3661T>C",395,292.512030798845,0.130453362636935,0,"Significant","missense"
"11028C>T","10972A>T",444,351.14051973051,0.101902022506259,0,"Significant","missense"
"11028C>T","14000T>C",455,352.401347449471,0.110973836336056,0,"Significant","missense"
"11028C>T","11538C>T",435,342.314725697786,0.104063674931158,0,"Significant","missense"
"11028C>T","8118G>A",415,346.097208854668,0.0788499998273743,0,"Significant","missense"
"11028C>T","3706C>T",392,313.946102021174,0.0964309718261065,0,"Significant","missense"
"11028C>T","12923G>C",456,331.597690086622,0.138353346076055,0,"Significant","missense"
"11028C>T","12009G>C",442,318.358999037536,0.142505138795787,0,"Significant","missense"
"11028C>T","3650C>T",418,335.380173243503,0.0956388970453557,0,"Significant","missense"
"11028C>T","3428G>A",399,305.12030798845,0.116501781607697,0,"Significant","missense"
"11028C>T","12361A>T",376,301.337824831569,0.0961341958809079,0,"Significant","missense"
"5320C>T","5270C>A",574,431.561116458133,0.123869584441755,0,"Significant","missense"
"5320C>T","13033C>T",669,639.095283926853,0.0198605049948879,0,"Significant","missense"
"5320C>T","8088T>C",403,345.661212704524,0.0666543968661671,0,"Significant","missense"
"5320C>T","11672A>C",504,426.750721847931,0.0722562720499325,0,"Significant","missense"
"5320C>T","6322G>A",502,416.442733397498,0.0811484287597183,0,"Significant","missense"
"5320C>T","3578T>A",628,607.484119345525,0.0144247145051237,0,"Significant","missense"
"5320C>T","8722C>T",269,305.11645813282,-0.0547133543311897,0,"Significant","missense"
"5320C>T","6174G>A",489,496.845043310876,-0.00691210238990621,0.301,"Not Significant","missense"
"5320C>T","8921G>A",410,348.410009624639,0.0706932331673838,0,"Significant","missense"
"5320C>T","9571C>T",156,193.790182868142,-0.0942071741838423,0,"Significant","missense"
"5320C>T","6682A>T",480,413.006737247353,0.065284101153836,0,"Significant","missense"
"5320C>T","9896A>T",473,386.205967276227,0.0880421609497328,0,"Significant","missense"
"5320C>T","13450T>C",274,303.742059672762,-0.0447543707476854,0.001,"Significant","missense"
"5320C>T","15446C>T",637,624.664100096246,0.0084928848943846,0.017,"Significant","missense"
"5320C>T","6685A>T",446,369.713185755534,0.0814699188267356,0,"Significant","missense"
"5320C>T","9823T>C",393,355.282001924928,0.0438193430624755,0,"Significant","missense"
"5320C>T","13580C>T",456,371.087584215592,0.0894884186224476,0,"Significant","missense"
"5320C>T","15086A>G",475,395.139557266602,0.0799431007162206,0,"Significant","missense"
"5320C>T","5230T>C",458,409.570741097209,0.0485365540446245,0,"Significant","missense"
"5320C>T","7788T>C",466,395.139557266602,0.071635407781356,0,"Significant","missense"
"5320C>T","9231C>G",195,231.586140519731,-0.0746779537277824,0,"Significant","missense"
"5320C>T","6925C>T",531,492.721847930703,0.0324927011946656,0,"Significant","missense"
"5320C>T","3542T>C",455,376.585178055823,0.0821481739537264,0,"Significant","missense"
"5320C>T","12691A>G",216,208.221366698749,0.0159284584296214,0.266,"Not Significant","missense"
"5320C>T","8015C>T",382,347.035611164581,0.041689320574039,0,"Significant","missense"
"5320C>T","11244T>C",434,359.405197305101,0.0819053764262187,0,"Significant","missense"
"5320C>T","7665C>T",473,419.191530317613,0.0524486415080357,0,"Significant","missense"
"5320C>T","5326C>T",437,364.215591915303,0.079122903150616,0,"Significant","missense"
"5320C>T","15378T>C",184,187.605389797883,-0.00842748825021197,0.58,"Not Significant","missense"
"5320C>T","3661T>C",388,318.860442733397,0.0852310808203052,0,"Significant","missense"
"5320C>T","10972A>T",442,382.769971126083,0.0624844099563508,0,"Significant","missense"
"5320C>T","14000T>C",449,384.144369586141,0.0677518688978866,0,"Significant","missense"
"5320C>T","11538C>T",439,373.149181905679,0.07058202643426,0,"Significant","missense"
"5320C>T","8118G>A",418,377.272377285852,0.0445212731059351,0,"Significant","missense"
"5320C>T","3706C>T",394,342.225216554379,0.0611842148468429,0,"Significant","missense"
"5320C>T","12923G>C",438,361.466794995188,0.0834057021313424,0,"Significant","missense"
"5320C>T","12009G>C",418,347.035611164581,0.0808022394373556,0,"Significant","missense"
"5320C>T","3650C>T",432,365.589990375361,0.0724894503008487,0,"Significant","missense"
"5320C>T","3428G>A",399,332.604427333975,0.079044869823317,0,"Significant","missense"
"5320C>T","12361A>T",367,328.481231953802,0.0481555034209596,0,"Significant","missense"
"5270C>A","13033C>T",590,562.117420596728,0.0210249669081867,0,"Significant","missense"
"5270C>A","8088T>C",407,304.026948989413,0.126682327989238,0,"Significant","missense"
"5270C>A","11672A>C",502,375.34937439846,0.126268020788391,0,"Significant","missense"
"5270C>A","6322G>A",514,366.282964388835,0.147146398648937,0,"Significant","missense"
"5270C>A","3578T>A",571,534.313763233879,0.0288397470527511,0,"Significant","missense"
"5270C>A","8722C>T",180,268.365736284889,-0.173454561191253,0,"Significant","missense"
"5270C>A","6174G>A",415,437.000962463908,-0.0224342967624516,0.001,"Significant","missense"
"5270C>A","8921G>A",408,306.444658325313,0.12430810757649,0,"Significant","missense"
"5270C>A","9571C>T",57,170.448508180943,-0.475718348826381,0,"Significant","missense"
"5270C>A","6682A>T",485,363.26082771896,0.125523170419475,0,"Significant","missense"
"5270C>A","9896A>T",477,339.688161693936,0.147437967290997,0,"Significant","missense"
"5270C>A","13450T>C",184,267.156881616939,-0.161948542519501,0,"Significant","missense"
"5270C>A","15446C>T",557,549.424446583253,0.00594721577174163,0.154,"Not Significant","missense"
"5270C>A","6685A>T",456,325.181905678537,0.146838470817989,0,"Significant","missense"
"5270C>A","9823T>C",389,312.488931665063,0.0951149620517192,0,"Significant","missense"
"5270C>A","13580C>T",462,326.390760346487,0.150904119553099,0,"Significant","missense"
"5270C>A","15086A>G",475,347.545717035611,0.135681668755184,0,"Significant","missense"
"5270C>A","5230T>C",406,360.238691049086,0.0519356776569254,0,"Significant","missense"
"5270C>A","7788T>C",459,347.545717035611,0.120800744667582,0,"Significant","missense"
"5270C>A","9231C>G",101,203.692011549567,-0.304652623268498,0,"Significant","missense"
"5270C>A","6925C>T",487,433.374398460058,0.0506657093668044,0,"Significant","missense"
"5270C>A","3542T>C",456,331.226179018287,0.138840188000011,0,"Significant","missense"
"5270C>A","12691A>G",214,183.141482194418,0.0676270486668329,0,"Significant","missense"
"5270C>A","8015C>T",376,305.235803657363,0.0905523706289542,0,"Significant","missense"
"5270C>A","11244T>C",441,316.115495668912,0.144592804420507,0,"Significant","missense"
"5270C>A","7665C>T",459,368.700673724735,0.0951387543464524,0,"Significant","missense"
"5270C>A","5326C>T",439,320.346487006737,0.136844554461277,0,"Significant","missense"
"5270C>A","15378T>C",171,165.008662175168,0.0154893671713699,0.434,"Not Significant","missense"
"5270C>A","3661T>C",402,280.454282964389,0.156363976349524,0,"Significant","missense"
"5270C>A","10972A>T",432,336.666025024062,0.108284455461136,0,"Significant","missense"
"5270C>A","14000T>C",444,337.874879692012,0.118627066048147,0,"Significant","missense"
"5270C>A","11538C>T",438,328.204042348412,0.125330184735201,0,"Significant","missense"
"5270C>A","8118G>A",413,331.830606352262,0.0950336110262648,0,"Significant","missense"
"5270C>A","3706C>T",382,301.004812319538,0.103489923971942,0,"Significant","missense"
"5270C>A","12923G>C",446,317.928777670837,0.147005018378345,0,"Significant","missense"
"5270C>A","12009G>C",429,305.235803657363,0.147821817886003,0,"Significant","missense"
"5270C>A","3650C>T",426,321.555341674687,0.122153870627619,0,"Significant","missense"
"5270C>A","3428G>A",396,292.542829643888,0.131505728101042,0,"Significant","missense"
"5270C>A","12361A>T",370,288.916265640038,0.107429731274824,0,"Significant","missense"
"13033C>T","8088T>C",467,450.230991337825,0.0158814945134236,0.001,"Significant","missense"
"13033C>T","11672A>C",578,555.851780558229,0.0169688372471882,0,"Significant","missense"
"13033C>T","6322G>A",579,542.425409047161,0.0283385385643873,0,"Significant","missense"
"13033C>T","3578T>A",810,791.260827718961,0.0101653528688176,0,"Significant","missense"
"13033C>T","8722C>T",402,397.420596727623,0.00497568197309129,0.354,"Not Significant","missense"
"13033C>T","6174G>A",655,647.151106833494,0.00523560170049369,0.097,"Not Significant","missense"
"13033C>T","8921G>A",477,453.81135707411,0.0216430187100156,0,"Significant","missense"
"13033C>T","9571C>T",244,252.415784408085,-0.0147266829773834,0.075,"Not Significant","missense"
"13033C>T","6682A>T",567,537.949951876805,0.0228411858934053,0,"Significant","missense"
"13033C>T","9896A>T",530,503.041385948027,0.0226721530349658,0,"Significant","missense"
"13033C>T","13450T>C",392,395.63041385948,-0.00400360332539136,0.477,"Not Significant","missense"
"13033C>T","15446C>T",828,813.638113570741,0.00759905256615403,0,"Significant","missense"
"13033C>T","6685A>T",505,481.559191530318,0.0206417014555103,0,"Significant","missense"
"13033C>T","9823T>C",475,462.762271414822,0.011335665534164,0.017,"Significant","missense"
"13033C>T","13580C>T",511,483.34937439846,0.0241597393149816,0,"Significant","missense"
"13033C>T","15086A>G",542,514.677574590953,0.0224640408519945,0,"Significant","missense"
"13033C>T","5230T>C",554,533.474494706449,0.0163961039914326,0,"Significant","missense"
"13033C>T","7788T>C",543,514.677574590953,0.0232645839024543,0,"Significant","missense"
"13033C>T","9231C>G",296,301.645813282002,-0.00820559080915502,0.238,"Not Significant","missense"
"13033C>T","6925C>T",665,641.780558229066,0.0154350886385444,0,"Significant","missense"
"13033C>T","3542T>C",517,490.51010587103,0.0228425836128111,0,"Significant","missense"
"13033C>T","12691A>G",281,271.21270452358,0.0153962904060116,0.03,"Significant","missense"
"13033C>T","8015C>T",463,452.021174205967,0.0104222119025318,0.028,"Significant","missense"
"13033C>T","11244T>C",502,468.132820019249,0.0303346272809811,0,"Significant","missense"
"13033C>T","7665C>T",571,546.005774783446,0.0194388722383199,0,"Significant","missense"
"13033C>T","5326C>T",497,474.398460057748,0.0202131181357811,0,"Significant","missense"
"13033C>T","15378T>C",245,244.359961501444,0.00113603632701833,0.911,"Not Significant","missense"
"13033C>T","3661T>C",440,415.322425409047,0.025067294934543,0,"Significant","missense"
"13033C>T","10972A>T",525,498.565928777671,0.0224367072354659,0,"Significant","missense"
"13033C>T","14000T>C",525,500.356111645813,0.0208800945227718,0,"Significant","missense"
"13033C>T","11538C>T",513,486.034648700674,0.0234501345262069,0,"Significant","missense"
"13033C>T","8118G>A",515,491.405197305101,0.0203674835943374,0,"Significant","missense"
"13033C>T","3706C>T",465,445.755534167469,0.0183562091334747,0,"Significant","missense"
"13033C>T","12923G>C",493,470.818094321463,0.0199937741267291,0,"Significant","missense"
"13033C>T","12009G>C",473,452.021174205967,0.0197023616223883,0,"Significant","missense"
"13033C>T","3650C>T",496,476.18864292589,0.0177026431983879,0,"Significant","missense"
"13033C>T","3428G>A",458,433.224254090472,0.0241527153626935,0,"Significant","missense"
"13033C>T","12361A>T",442,427.853705486044,0.0141269717402121,0.005,"Significant","missense"
"8088T>C","11672A>C",375,300.638113570741,0.09598723005236,0,"Significant","missense"
"8088T>C","6322G>A",393,293.376323387873,0.126967488710353,0,"Significant","missense"
"8088T>C","3578T>A",458,427.961501443696,0.0294607754920394,0,"Significant","missense"
"8088T>C","8722C>T",151,214.948989412897,-0.153358460320115,0,"Significant","missense"
"8088T>C","6174G>A",345,350.018286814244,-0.00627163972000483,0.513,"Not Significant","missense"
"8088T>C","8921G>A",302,245.448508180943,0.0900465461250315,0,"Significant","missense"
"8088T>C","9571C>T",59,136.521655437921,-0.364349534175549,0,"Significant","missense"
"8088T>C","6682A>T",363,290.95572666025,0.0960797155345934,0,"Significant","missense"
"8088T>C","9896A>T",373,272.075072184793,0.137020078740833,0,"Significant","missense"
"8088T>C","13450T>C",152,213.980750721848,-0.148531118902987,0,"Significant","missense"
"8088T>C","15446C>T",441,440.064485081809,0.000922268747120884,0.948,"Not Significant","missense"
"8088T>C","6685A>T",354,260.456207892204,0.133268548860605,0,"Significant","missense"
"8088T>C","9823T>C",310,250.289701636189,0.0929187132415467,0,"Significant","missense"
"8088T>C","13580C>T",351,261.424446583253,0.127960919144063,0,"Significant","missense"
"8088T>C","15086A>G",375,278.368623676612,0.129410985539298,0,"Significant","missense"
"8088T>C","5230T>C",325,288.535129932628,0.051684663739871,0,"Significant","missense"
"8088T>C","7788T>C",365,278.368623676612,0.117672582268057,0,"Significant","missense"
"8088T>C","9231C>G",97,163.148219441771,-0.225810604103662,0,"Significant","missense"
"8088T>C","6925C>T",379,347.113570741097,0.0381676168015117,0,"Significant","missense"
"8088T>C","3542T>C",345,265.297401347449,0.114086099090117,0,"Significant","missense"
"8088T>C","12691A>G",171,146.688161693936,0.0666010443910569,0,"Significant","missense"
"8088T>C","8015C>T",301,244.480269489894,0.0903226799763987,0,"Significant","missense"
"8088T>C","11244T>C",339,253.194417709336,0.126745571837015,0,"Significant","missense"
"8088T>C","7665C>T",367,295.312800769971,0.0943837917425435,0,"Significant","missense"
"8088T>C","5326C>T",342,256.583253128008,0.124797798956554,0,"Significant","missense"
"8088T>C","15378T>C",126,132.1645813282,-0.0207445394219269,0.412,"Not Significant","missense"
"8088T>C","3661T>C",309,224.631376323388,0.138488061371151,0,"Significant","missense"
"8088T>C","10972A>T",347,269.65447545717,0.109521842118359,0,"Significant","missense"
"8088T>C","14000T>C",341,270.622714148219,0.100390133607291,0,"Significant","missense"
"8088T>C","11538C>T",337,262.876804619827,0.107877633783705,0,"Significant","missense"
"8088T>C","8118G>A",330,265.781520692974,0.0939891579290139,0,"Significant","missense"
"8088T>C","3706C>T",301,241.091434071222,0.09638471533534,0,"Significant","missense"
"8088T>C","12923G>C",345,254.64677574591,0.13188091342074,0,"Significant","missense"
"8088T>C","12009G>C",332,244.480269489894,0.132894268086578,0,"Significant","missense"
"8088T>C","3650C>T",317,257.551491819057,0.0901951924239217,0,"Significant","missense"
"8088T>C","3428G>A",302,234.313763233879,0.110209143813947,0,"Significant","missense"
"8088T>C","12361A>T",287,231.409047160731,0.0935015626230871,0,"Significant","missense"
"11672A>C","6322G>A",484,362.200192492782,0.125896684858693,0,"Significant","missense"
"11672A>C","3578T>A",557,528.358036573629,0.0229268775412488,0,"Significant","missense"
"11672A>C","8722C>T",188,265.374398460058,-0.149701173470275,0,"Significant","missense"
"11672A>C","6174G>A",416,432.129932627527,-0.016521019287187,0.028,"Significant","missense"
"11672A>C","8921G>A",395,303.028873917228,0.115113083673688,0,"Significant","missense"
"11672A>C","9571C>T",78,168.548604427334,-0.334630558247984,0,"Significant","missense"
"11672A>C","6682A>T",460,359.211742059673,0.107407307059405,0,"Significant","missense"
"11672A>C","9896A>T",443,335.901828681424,0.120191358034574,0,"Significant","missense"
"11672A>C","13450T>C",192,264.179018286814,-0.138597093264883,0,"Significant","missense"
"11672A>C","15446C>T",556,543.300288739172,0.0100348557406854,0.018,"Significant","missense"
"11672A>C","6685A>T",420,321.557266602502,0.115990962112077,0,"Significant","missense"
"11672A>C","9823T>C",366,309.005774783446,0.0735144896810434,0,"Significant","missense"
"11672A>C","13580C>T",438,322.752646775746,0.132604298061693,0,"Significant","missense"
"11672A>C","15086A>G",447,343.671799807507,0.114163625822874,0,"Significant","missense"
"11672A>C","5230T>C",386,356.223291626564,0.0348649923121063,0.001,"Significant","missense"
"11672A>C","7788T>C",434,343.671799807507,0.101345832203451,0,"Significant","missense"
"11672A>C","9231C>G",118,201.42155919153,-0.232223946184464,0,"Significant","missense"
"11672A>C","6925C>T",466,428.543792107796,0.0363907084027891,0,"Significant","missense"
"11672A>C","3542T>C",423,327.53416746872,0.111083756271241,0,"Significant","missense"
"11672A>C","12691A>G",197,181.100096246391,0.0365475450398658,0.03,"Significant","missense"
"11672A>C","8015C>T",361,301.833493743985,0.0777397711675702,0,"Significant","missense"
"11672A>C","11244T>C",403,312.591915303176,0.110327304654401,0,"Significant","missense"
"11672A>C","7665C>T",433,364.590952839268,0.0746820087231769,0,"Significant","missense"
"11672A>C","5326C>T",410,316.775745909528,0.112031934499512,0,"Significant","missense"
"11672A>C","15378T>C",162,163.169393647738,-0.00312368511752592,0.886,"Not Significant","missense"
"11672A>C","3661T>C",373,277.328200192493,0.128714798634364,0,"Significant","missense"
"11672A>C","10972A>T",403,332.913378248316,0.082973798347955,0,"Significant","missense"
"11672A>C","14000T>C",411,334.108758421559,0.0899539613702188,0,"Significant","missense"
"11672A>C","11538C>T",406,324.545717035611,0.0972501513689176,0,"Significant","missense"
"11672A>C","8118G>A",398,328.131857555342,0.0838346750041699,0,"Significant","missense"
"11672A>C","3706C>T",361,297.649663137632,0.0838018065265119,0,"Significant","missense"
"11672A>C","12923G>C",409,314.384985563041,0.114261511234168,0,"Significant","missense"
"11672A>C","12009G>C",405,301.833493743985,0.127687592476568,0,"Significant","missense"
"11672A>C","3650C>T",384,317.971126082772,0.0819435394530563,0,"Significant","missense"
"11672A>C","3428G>A",371,289.282001924928,0.108052495351198,0,"Significant","missense"
"11672A>C","12361A>T",340,285.695861405197,0.0755749678107093,0,"Significant","missense"
"6322G>A","3578T>A",563,515.595765158806,0.0381990532291573,0,"Significant","missense"
"6322G>A","8722C>T",182,258.964388835419,-0.153168658738583,0,"Significant","missense"
"6322G>A","6174G>A",404,421.692011549567,-0.0186140087930301,0.017,"Significant","missense"
"6322G>A","8921G>A",402,295.709335899904,0.133361017141987,0,"Significant","missense"
"6322G>A","9571C>T",60,164.477382098171,-0.437954934544366,0,"Significant","missense"
"6322G>A","6682A>T",517,350.535129932628,0.168758994482054,0,"Significant","missense"
"6322G>A","9896A>T",462,327.788257940327,0.149048583377917,0,"Significant","missense"
"6322G>A","13450T>C",178,257.797882579403,-0.160859343649231,0,"Significant","missense"
"6322G>A","15446C>T",534,530.177093358999,0.00312029719747971,0.518,"Not Significant","missense"
"6322G>A","6685A>T",430,313.790182868142,0.136829103304051,0,"Significant","missense"
"6322G>A","9823T>C",366,301.541867179981,0.084133465691334,0,"Significant","missense"
"6322G>A","13580C>T",438,314.956689124158,0.143223274071984,0,"Significant","missense"
"6322G>A","15086A>G",464,335.370548604427,0.140993059256106,0,"Significant","missense"
"6322G>A","5230T>C",393,347.618864292589,0.053289214026067,0,"Significant","missense"
"6322G>A","7788T>C",445,335.370548604427,0.12283508968216,0,"Significant","missense"
"6322G>A","9231C>G",100,196.556304138595,-0.293486977480234,0,"Significant","missense"
"6322G>A","6925C>T",460,418.192492781521,0.0413815994046557,0,"Significant","missense"
"6322G>A","3542T>C",440,319.622714148219,0.138815041392672,0,"Significant","missense"
"6322G>A","12691A>G",206,176.725697786333,0.0665675152577047,0,"Significant","missense"
"6322G>A","8015C>T",356,294.542829643888,0.0823015432450795,0,"Significant","missense"
"6322G>A","11244T>C",423,305.041385948027,0.14198160189862,0,"Significant","missense"
"6322G>A","7665C>T",446,355.784408084697,0.0981479470922414,0,"Significant","missense"
"6322G>A","5326C>T",422,309.124157844081,0.135179504751738,0,"Significant","missense"
"6322G>A","15378T>C",162,159.228103946102,0.00749529089276152,0.715,"Not Significant","missense"
"6322G>A","3661T>C",383,270.629451395573,0.150823716804586,0,"Significant","missense"
"6322G>A","10972A>T",425,324.871992300289,0.116676658267442,0,"Significant","missense"
"6322G>A","14000T>C",440,326.038498556304,0.130183791990621,0,"Significant","missense"
"6322G>A","11538C>T",425,316.706448508181,0.127732023852321,0,"Significant","missense"
"6322G>A","8118G>A",393,320.205967276227,0.088963129316201,0,"Significant","missense"
"6322G>A","3706C>T",366,290.460057747834,0.100394666025554,0,"Significant","missense"
"6322G>A","12923G>C",430,306.79114533205,0.146625634816698,0,"Significant","missense"
"6322G>A","12009G>C",422,294.542829643888,0.156163996233859,0,"Significant","missense"
"6322G>A","3650C>T",409,310.290664100096,0.119954599103151,0,"Significant","missense"
"6322G>A","3428G>A",382,282.294513955727,0.131360924658147,0,"Significant","missense"
"6322G>A","12361A>T",356,278.79499518768,0.106165024751614,0,"Significant","missense"
"3578T>A","8722C>T",377,377.76323387873,-0.000878337364722377,0.927,"Not Significant","missense"
"3578T>A","6174G>A",632,615.141482194418,0.0117420635319566,0.002,"Significant","missense"
"3578T>A","8921G>A",463,431.364773820982,0.0307363142287147,0,"Significant","missense"
"3578T>A","9571C>T",225,239.930702598653,-0.0279033076638823,0.005,"Significant","missense"
"3578T>A","6682A>T",541,511.341674687199,0.0244860756479297,0,"Significant","missense"
"3578T>A","9896A>T",516,478.159769008662,0.033076668602248,0,"Significant","missense"
"3578T>A","13450T>C",370,376.061597690087,-0.00705726273799069,0.316,"Not Significant","missense"
"3578T>A","15446C>T",793,773.39364773821,0.0108725866397392,0,"Significant","missense"
"3578T>A","6685A>T",487,457.740134744947,0.0269099680923438,0,"Significant","missense"
"3578T>A","9823T>C",461,439.872954764196,0.0203736648398054,0,"Significant","missense"
"3578T>A","13580C>T",493,459.44177093359,0.0306164419983595,0,"Significant","missense"
"3578T>A","15086A>G",520,489.220404234841,0.0264987814892678,0,"Significant","missense"
"3578T>A","5230T>C",532,507.087584215592,0.0208286550989121,0,"Significant","missense"
"3578T>A","7788T>C",518,489.220404234841,0.024825197599702,0,"Significant","missense"
"3578T>A","9231C>G",277,286.725697786333,-0.0149868492627804,0.086,"Not Significant","missense"
"3578T>A","6925C>T",635,610.036573628489,0.0174178521682771,0,"Significant","missense"
"3578T>A","3542T>C",530,466.248315688162,0.0556585936605131,0,"Significant","missense"
"3578T>A","12691A>G",266,257.797882579403,0.0136022906728611,0.124,"Not Significant","missense"
"3578T>A","8015C>T",445,429.663137632339,0.015231915406371,0.015,"Significant","missense"
"3578T>A","11244T>C",500,444.977863330125,0.0506315980128382,0,"Significant","missense"
"3578T>A","7665C>T",550,518.999037536092,0.0251961370275764,0,"Significant","missense"
"3578T>A","5326C>T",484,450.933589990375,0.0307327745877211,0,"Significant","missense"
"3578T>A","15378T>C",236,232.273339749759,0.00691263847345192,0.475,"Not Significant","missense"
"3578T>A","3661T>C",424,394.779595765159,0.0310111585819486,0,"Significant","missense"
"3578T>A","10972A>T",510,473.905678537055,0.0318782634683052,0,"Significant","missense"
"3578T>A","14000T>C",505,475.607314725698,0.0260428527763371,0,"Significant","missense"
"3578T>A","11538C>T",492,461.994225216554,0.027328555722612,0,"Significant","missense"
"3578T>A","8118G>A",497,467.099133782483,0.026947326827339,0,"Significant","missense"
"3578T>A","3706C>T",445,423.707410972089,0.0212939507653134,0,"Significant","missense"
"3578T>A","12923G>C",482,447.53031761309,0.0322245766292079,0,"Significant","missense"
"3578T>A","12009G>C",460,429.663137632339,0.0296297361070104,0,"Significant","missense"
"3578T>A","3650C>T",499,452.635226179018,0.0423521958724371,0,"Significant","missense"
"3578T>A","3428G>A",441,411.795957651588,0.0297565103675233,0,"Significant","missense"
"3578T>A","12361A>T",427,406.691049085659,0.0211632609570043,0,"Significant","missense"
"8722C>T","6174G>A",334,308.962463907603,0.0338407469595808,0,"Significant","missense"
"8722C>T","8921G>A",166,216.658325312801,-0.115667293850662,0,"Significant","missense"
"8722C>T","9571C>T",246,120.508180943215,0.309918576226392,0,"Significant","missense"
"8722C>T","6682A>T",188,256.827718960539,-0.13548404529644,0,"Significant","missense"
"8722C>T","9896A>T",166,240.161693936477,-0.160395650086368,0,"Significant","missense"
"8722C>T","13450T>C",304,188.881616939365,0.206683891702132,0,"Significant","missense"
"8722C>T","15446C>T",399,388.446583253128,0.0116415899073354,0.05,"Not Significant","missense"
"8722C>T","6685A>T",165,229.905678537055,-0.144065754009851,0,"Significant","missense"
"8722C>T","9823T>C",155,220.93166506256,-0.15392626748101,0,"Significant","missense"
"8722C>T","13580C>T",169,230.760346487007,-0.135274477766669,0,"Significant","missense"
"8722C>T","15086A>G",172,245.717035611165,-0.154906820339448,0,"Significant","missense"
"8722C>T","5230T>C",264,254.691049085659,0.0155902445721461,0.246,"Not Significant","missense"
"8722C>T","7788T>C",174,245.717035611165,-0.1498860189644,0,"Significant","missense"
"8722C>T","9231C>G",270,144.011549566891,0.272966440730066,0,"Significant","missense"
"8722C>T","6925C>T",292,306.398460057748,-0.0209037267768173,0.052,"Not Significant","missense"
"8722C>T","3542T>C",176,234.179018286814,-0.1240353132276,0,"Significant","missense"
"8722C>T","12691A>G",87,129.482194417709,-0.172690798440965,0,"Significant","missense"
"8722C>T","8015C>T",149,215.803657362849,-0.16087253226374,0,"Significant","missense"
"8722C>T","11244T>C",165,223.495668912416,-0.131785167210742,0,"Significant","missense"
"8722C>T","7665C>T",227,260.673724735322,-0.060071400375062,0,"Significant","missense"
"8722C>T","5326C>T",173,226.487006737247,-0.116997189029377,0,"Significant","missense"
"8722C>T","15378T>C",85,116.662175168431,-0.137511143883767,0,"Significant","missense"
"8722C>T","3661T>C",138,198.282964388835,-0.157406316710991,0,"Significant","missense"
"8722C>T","10972A>T",198,238.025024061598,-0.0799574274696033,0,"Significant","missense"
"8722C>T","14000T>C",176,238.87969201155,-0.132666562629651,0,"Significant","missense"
"8722C>T","11538C>T",175,232.042348411935,-0.122529203459934,0,"Significant","missense"
"8722C>T","8118G>A",211,234.60635226179,-0.0460573117098209,0.004,"Significant","missense"
"8722C>T","3706C>T",174,212.812319538017,-0.0874475170345147,0,"Significant","missense"
"8722C>T","12923G>C",168,224.777670837344,-0.126443884985253,0,"Significant","missense"
"8722C>T","12009G>C",147,215.803657362849,-0.166741465927833,0,"Significant","missense"
"8722C>T","3650C>T",182,227.341674687199,-0.0966076668673682,0,"Significant","missense"
"8722C>T","3428G>A",157,206.829643888354,-0.119713131792555,0,"Significant","missense"
"8722C>T","12361A>T",144,204.265640038499,-0.151832827074223,0,"Significant","missense"
"6174G>A","8921G>A",345,352.801732435034,-0.00971161399741244,0.307,"Not Significant","missense"
"6174G>A","9571C>T",226,196.23291626564,0.0613365810906573,0,"Significant","missense"
"6174G>A","6682A>T",396,418.21270452358,-0.0237020358145748,0.006,"Significant","missense"
"6174G>A","9896A>T",377,391.074109720885,-0.0159177151006175,0.058,"Not Significant","missense"
"6174G>A","13450T>C",341,307.570741097209,0.0448093599060385,0,"Significant","missense"
"6174G>A","15446C>T",653,632.53801732435,0.0138265483157508,0,"Significant","missense"
"6174G>A","6685A>T",395,374.37343599615,0.0232920702227116,0.004,"Significant","missense"
"6174G>A","9823T>C",368,359.760346487007,0.00983452584221904,0.274,"Not Significant","missense"
"6174G>A","13580C>T",368,375.765158806545,-0.00906869088680177,0.292,"Not Significant","missense"
"6174G>A","15086A>G",393,400.12030798845,-0.00779804405155528,0.371,"Not Significant","missense"
"6174G>A","5230T>C",432,414.733397497594,0.017714737337318,0.024,"Significant","missense"
"6174G>A","7788T>C",388,400.12030798845,-0.0133588688327733,0.105,"Not Significant","missense"
"6174G>A","9231C>G",267,234.505293551492,0.0563586107558607,0,"Significant","missense"
"6174G>A","6925C>T",511,498.932627526468,0.0103789947295571,0.076,"Not Significant","missense"
"6174G>A","3542T>C",387,381.332050048123,0.00640765679718721,0.466,"Not Significant","missense"
"6174G>A","12691A>G",215,210.846005774783,0.00847308167594292,0.561,"Not Significant","missense"
"6174G>A","8015C>T",351,351.410009624639,-0.000507011390190566,1,"Not Significant","missense"
"6174G>A","11244T>C",373,363.935514918191,0.0106843932040571,0.208,"Not Significant","missense"
"6174G>A","7665C>T",455,424.475457170356,0.0301588119089851,0,"Significant","missense"
"6174G>A","5326C>T",370,368.806544754572,0.00140310472885222,0.902,"Not Significant","missense"
"6174G>A","15378T>C",198,189.970163618864,0.0179797934834124,0.191,"Not Significant","missense"
"6174G>A","3661T>C",365,322.87969201155,0.053252134164225,0,"Significant","missense"
"6174G>A","10972A>T",379,387.594802694899,-0.0097387349430074,0.283,"Not Significant","missense"
"6174G>A","14000T>C",384,388.986525505294,-0.00560333325624445,0.522,"Not Significant","missense"
"6174G>A","11538C>T",422,377.852743022137,0.0479898716354615,0,"Significant","missense"
"6174G>A","8118G>A",376,382.02791145332,-0.00690724925978243,0.449,"Not Significant","missense"
"6174G>A","3706C>T",346,346.538979788258,-0.000675993704294152,0.948,"Not Significant","missense"
"6174G>A","12923G>C",342,366.023099133783,-0.0294823878349492,0.004,"Significant","missense"
"6174G>A","12009G>C",328,351.410009624639,-0.0299402841443269,0.001,"Significant","missense"
"6174G>A","3650C>T",372,370.198267564966,0.00210855784949537,0.854,"Not Significant","missense"
"6174G>A","3428G>A",325,336.796920115496,-0.0154847504028869,0.115,"Not Significant","missense"
"6174G>A","12361A>T",337,332.621751684312,0.00567925452186466,0.592,"Not Significant","missense"
"8921G>A","9571C>T",67,137.607314725698,-0.312566717394361,0,"Significant","missense"
"8921G>A","6682A>T",382,293.269489894129,0.114796479132776,0,"Significant","missense"
"8921G>A","9896A>T",363,274.238691049086,0.121777897690854,0,"Significant","missense"
"8921G>A","13450T>C",159,215.682386910491,-0.132417556804727,0,"Significant","missense"
"8921G>A","15446C>T",450,443.564003849856,0.00625621877721624,0.244,"Not Significant","missense"
"8921G>A","6685A>T",341,262.527430221367,0.113579691549912,0,"Significant","missense"
"8921G>A","9823T>C",286,252.280076997113,0.0544830782589217,0,"Significant","missense"
"8921G>A","13580C>T",352,263.503368623677,0.125756491878963,0,"Significant","missense"
"8921G>A","15086A>G",358,280.5822906641,0.105822770178052,0,"Significant","missense"
"8921G>A","5230T>C",311,290.829643888354,0.0291217175104329,0.015,"Significant","missense"
"8921G>A","7788T>C",357,280.5822906641,0.104607959646371,0,"Significant","missense"
"8921G>A","9231C>G",101,164.44562078922,-0.211700938864689,0,"Significant","missense"
"8921G>A","6925C>T",378,349.873917228104,0.0335802323932574,0,"Significant","missense"
"8921G>A","3542T>C",353,267.407122232916,0.120601735127255,0,"Significant","missense"
"8921G>A","12691A>G",152,147.854667949952,0.0120085476663009,0.617,"Not Significant","missense"
"8921G>A","8015C>T",283,246.424446583253,0.0601026456294476,0,"Significant","missense"
"8921G>A","11244T>C",333,255.207892204042,0.115550132862847,0,"Significant","missense"
"8921G>A","7665C>T",367,297.661212704524,0.0909438174651362,0,"Significant","missense"
"8921G>A","5326C>T",327,258.623676612127,0.101879471283303,0,"Significant","missense"
"8921G>A","15378T>C",130,133.215591915303,-0.0106117065100698,0.693,"Not Significant","missense"
"8921G>A","3661T>C",302,226.4177093359,0.125096550626063,0,"Significant","missense"
"8921G>A","10972A>T",331,271.798845043311,0.0855803868258028,0,"Significant","missense"
"8921G>A","14000T>C",331,272.774783445621,0.0840237741131088,0,"Significant","missense"
"8921G>A","11538C>T",334,264.967276227141,0.100554225446525,0,"Significant","missense"
"8921G>A","8118G>A",309,267.895091434071,0.0619937231985626,0,"Significant","missense"
"8921G>A","3706C>T",287,243.008662175168,0.0722601421980888,0,"Significant","missense"
"8921G>A","12923G>C",350,256.671799807507,0.134689888420333,0,"Significant","missense"
"8921G>A","12009G>C",326,246.424446583253,0.121533810173076,0,"Significant","missense"
"8921G>A","3650C>T",321,259.599615014437,0.0922009883336334,0,"Significant","missense"
"8921G>A","3428G>A",297,236.177093358999,0.0995186758966037,0,"Significant","missense"
"8921G>A","12361A>T",278,233.249278152069,0.0762244875297689,0,"Significant","missense"
"9571C>T","6682A>T",66,163.12030798845,-0.392964097222663,0,"Significant","missense"
"9571C>T","9896A>T",53,152.535129932628,-0.459094006729921,0,"Significant","missense"
"9571C>T","13450T>C",246,119.965351299326,0.311879276991918,0,"Significant","missense"
"9571C>T","15446C>T",250,246.716073147257,0.00574256468788412,0.508,"Not Significant","missense"
"9571C>T","6685A>T",55,146.021174205967,-0.424053146933837,0,"Significant","missense"
"9571C>T","9823T>C",53,140.32146294514,-0.422848234254827,0,"Significant","missense"
"9571C>T","13580C>T",51,146.564003849856,-0.45845714448666,0,"Significant","missense"
"9571C>T","15086A>G",57,156.063522617902,-0.437426549778839,0,"Significant","missense"
"9571C>T","5230T>C",162,161.76323387873,0.000635194040210386,1,"Not Significant","missense"
"9571C>T","7788T>C",73,156.063522617902,-0.329978545331042,0,"Significant","missense"
"9571C>T","9231C>G",239,91.4667949951877,0.417134439314322,0,"Significant","missense"
"9571C>T","6925C>T",162,194.604427333975,-0.079637701887308,0,"Significant","missense"
"9571C>T","3542T>C",62,148.735322425409,-0.38002242974789,0,"Significant","missense"
"9571C>T","12691A>G",37,82.2386910490857,-0.346874465196848,0,"Significant","missense"
"9571C>T","8015C>T",55,137.064485081809,-0.396562249386128,0,"Significant","missense"
"9571C>T","11244T>C",59,141.949951876805,-0.381283237986884,0,"Significant","missense"
"9571C>T","7665C>T",106,165.563041385948,-0.193657530508033,0,"Significant","missense"
"9571C>T","5326C>T",67,143.849855630414,-0.3318346276618,0,"Significant","missense"
"9571C>T","15378T>C",45,74.0962463907603,-0.216583694027217,0,"Significant","missense"
"9571C>T","3661T>C",45,125.936477382098,-0.446939027541101,0,"Significant","missense"
"9571C>T","10972A>T",87,151.178055822907,-0.239969503317082,0,"Significant","missense"
"9571C>T","14000T>C",65,151.720885466795,-0.36813201200537,0,"Significant","missense"
"9571C>T","11538C>T",67,147.378248315688,-0.342358587649851,0,"Significant","missense"
"9571C>T","8118G>A",106,149.006737247353,-0.147900039947387,0,"Significant","missense"
"9571C>T","3706C>T",77,135.1645813282,-0.244372178349177,0,"Significant","missense"
"9571C>T","12923G>C",63,142.764196342637,-0.355278755461956,0,"Significant","missense"
"9571C>T","12009G>C",53,137.064485081809,-0.412649069279553,0,"Significant","missense"
"9571C>T","3650C>T",74,144.392685274302,-0.29031347332597,0,"Significant","missense"
"9571C>T","3428G>A",66,131.364773820982,-0.2989349868644,0,"Significant","missense"
"9571C>T","12361A>T",54,129.736284889317,-0.380667697550864,0,"Significant","missense"
"6682A>T","9896A>T",438,325.083734359962,0.129478870489442,0,"Significant","missense"
"6682A>T","13450T>C",190,255.6708373436,-0.128927592841766,0,"Significant","missense"
"6682A>T","15446C>T",535,525.802694898941,0.00753097435369738,0.082,"Not Significant","missense"
"6682A>T","6685A>T",397,311.201154956689,0.105749306651134,0,"Significant","missense"
"6682A>T","9823T>C",369,299.053897978826,0.0912768986195282,0,"Significant","missense"
"6682A>T","13580C>T",423,312.358036573629,0.131687683106475,0,"Significant","missense"
"6682A>T","15086A>G",444,332.603464870067,0.125456200979394,0,"Significant","missense"
"6682A>T","5230T>C",374,344.750721847931,0.0353664180146718,0,"Significant","missense"
"6682A>T","7788T>C",432,332.603464870067,0.113556977679689,0,"Significant","missense"
"6682A>T","9231C>G",100,194.934552454283,-0.289888825316689,0,"Significant","missense"
"6682A>T","6925C>T",449,414.742059672762,0.0344682608899529,0,"Significant","missense"
"6682A>T","3542T>C",417,316.985563041386,0.119096572043793,0,"Significant","missense"
"6682A>T","12691A>G",202,175.267564966314,0.0616498164987239,0.001,"Significant","missense"
"6682A>T","8015C>T",351,292.11260827719,0.0797568139015757,0,"Significant","missense"
"6682A>T","11244T>C",402,302.524542829644,0.123465439771598,0,"Significant","missense"
"6682A>T","7665C>T",429,352.848893166506,0.0848685327283733,0,"Significant","missense"
"6682A>T","5326C>T",396,306.573628488932,0.111160391879129,0,"Significant","missense"
"6682A>T","15378T>C",170,157.914340712223,0.0320273498919362,0.098,"Not Significant","missense"
"6682A>T","3661T>C",363,268.396535129933,0.131129720035627,0,"Significant","missense"
"6682A>T","10972A>T",422,322.191530317613,0.117198331342351,0,"Significant","missense"
"6682A>T","14000T>C",429,323.348411934552,0.122786559852706,0,"Significant","missense"
"6682A>T","11538C>T",399,314.093358999038,0.10391414165231,0,"Significant","missense"
"6682A>T","8118G>A",375,317.564003849856,0.0721999988320439,0,"Significant","missense"
"6682A>T","3706C>T",360,288.063522617902,0.0968142335619775,0,"Significant","missense"
"6682A>T","12923G>C",395,304.259865255053,0.113352427027126,0,"Significant","missense"
"6682A>T","12009G>C",385,292.11260827719,0.119910426944241,0,"Significant","missense"
"6682A>T","3650C>T",385,307.730510105871,0.0972901727678621,0,"Significant","missense"
"6682A>T","3428G>A",358,279.965351299326,0.106778740553866,0,"Significant","missense"
"6682A>T","12361A>T",343,276.494706448508,0.093607298985059,0,"Significant","missense"
"9896A>T","13450T>C",165,239.079884504331,-0.161059093146988,0,"Significant","missense"
"9896A>T","15446C>T",504,491.682386910491,0.0107458852116719,0.019,"Significant","missense"
"9896A>T","6685A>T",410,291.006737247353,0.148880813041419,0,"Significant","missense"
"9896A>T","9823T>C",388,279.647738209817,0.142220414488338,0,"Significant","missense"
"9896A>T","13580C>T",448,292.0885466795,0.18576348616324,0,"Significant","missense"
"9896A>T","15086A>G",424,311.02021174206,0.134577243891181,0,"Significant","missense"
"9896A>T","5230T>C",375,322.379210779596,0.0656642399755798,0,"Significant","missense"
"9896A>T","7788T>C",412,311.02021174206,0.122108603331586,0,"Significant","missense"
"9896A>T","9231C>G",91,182.284889316651,-0.30170927656189,0,"Significant","missense"
"9896A>T","6925C>T",464,387.828681424447,0.0778780568751787,0,"Significant","missense"
"9896A>T","3542T>C",403,296.415784408085,0.133403719644818,0,"Significant","missense"
"9896A>T","12691A>G",195,163.894128970164,0.0754712148482871,0,"Significant","missense"
"9896A>T","8015C>T",383,273.156881616939,0.146786627838032,0,"Significant","missense"
"9896A>T","11244T>C",391,282.893166506256,0.140554300516666,0,"Significant","missense"
"9896A>T","7665C>T",410,329.95187680462,0.0943332536970591,0,"Significant","missense"
"9896A>T","5326C>T",383,286.679499518768,0.125802136355912,0,"Significant","missense"
"9896A>T","15378T>C",163,147.666987487969,0.0429041893512904,0.038,"Significant","missense"
"9896A>T","3661T>C",354,250.97978825794,0.149364513458973,0,"Significant","missense"
"9896A>T","10972A>T",419,301.283926852743,0.143238059780642,0,"Significant","missense"
"9896A>T","14000T>C",415,302.365736284889,0.137515520813747,0,"Significant","missense"
"9896A>T","11538C>T",393,293.711260827719,0.126471952774659,0,"Significant","missense"
"9896A>T","8118G>A",411,296.956689124158,0.141148709414053,0,"Significant","missense"
"9896A>T","3706C>T",380,269.370548604427,0.149433485845162,0,"Significant","missense"
"9896A>T","12923G>C",392,284.515880654475,0.139179554854793,0,"Significant","missense"
"9896A>T","12009G>C",380,273.156881616939,0.14337145048622,0,"Significant","missense"
"9896A>T","3650C>T",369,287.761308950914,0.107993965852095,0,"Significant","missense"
"9896A>T","3428G>A",351,261.797882579403,0.127340986809486,0,"Significant","missense"
"9896A>T","12361A>T",319,258.552454282964,0.0912420184331467,0,"Significant","missense"
"13450T>C","15446C>T",398,386.696823869105,0.0125124670598027,0.029,"Significant","missense"
"13450T>C","6685A>T",173,228.870067372473,-0.121542894329447,0,"Significant","missense"
"13450T>C","9823T>C",149,219.936477382098,-0.169110996473489,0,"Significant","missense"
"13450T>C","13580C>T",162,229.720885466795,-0.151685467072173,0,"Significant","missense"
"13450T>C","15086A>G",182,244.610202117421,-0.128403178496409,0,"Significant","missense"
"13450T>C","5230T>C",263,253.543792107796,0.0159027669576008,0.266,"Not Significant","missense"
"13450T>C","7788T>C",190,244.610202117421,-0.109720965528665,0,"Significant","missense"
"13450T>C","9231C>G",273,143.362848893167,0.279726024377359,0,"Significant","missense"
"13450T>C","6925C>T",280,305.018286814244,-0.0371678461174827,0,"Significant","missense"
"13450T>C","3542T>C",180,233.124157844081,-0.112314775172923,0,"Significant","missense"
"13450T>C","12691A>G",102,128.898941289702,-0.101649178532213,0,"Significant","missense"
"13450T>C","8015C>T",144,214.831568816169,-0.173735607815227,0,"Significant","missense"
"13450T>C","11244T>C",171,222.488931665063,-0.114312300266976,0,"Significant","missense"
"13450T>C","7665C>T",224,259.499518768046,-0.0638885384684922,0,"Significant","missense"
"13450T>C","5326C>T",181,225.466794995188,-0.0954040165234717,0,"Significant","missense"
"13450T>C","15378T>C",92,116.13666987488,-0.101181541487017,0,"Significant","missense"
"13450T>C","3661T>C",148,197.389797882579,-0.125062986951765,0,"Significant","missense"
"13450T>C","10972A>T",190,236.952839268527,-0.0959083160127691,0,"Significant","missense"
"13450T>C","14000T>C",171,237.803657362849,-0.143222419286113,0,"Significant","missense"
"13450T>C","11538C>T",177,230.997112608277,-0.115633285018897,0,"Significant","missense"
"13450T>C","8118G>A",197,233.549566891242,-0.0739128400803789,0,"Significant","missense"
"13450T>C","3706C>T",168,211.853705486044,-0.100726782825716,0,"Significant","missense"
"13450T>C","12923G>C",165,223.765158806545,-0.132308521731678,0,"Significant","missense"
"13450T>C","12009G>C",149,214.831568816169,-0.158911831498213,0,"Significant","missense"
"13450T>C","3650C>T",182,226.317613089509,-0.0946469661018412,0,"Significant","missense"
"13450T>C","3428G>A",163,205.897978825794,-0.101464479032314,0,"Significant","missense"
"13450T>C","12361A>T",145,203.34552454283,-0.146866616168973,0,"Significant","missense"
"15446C>T","6685A>T",482,470.685274302214,0.0103164269076682,0.037,"Significant","missense"
"15446C>T","9823T>C",468,452.312800769971,0.0148069743153882,0.001,"Significant","missense"
"15446C>T","13580C>T",489,472.435033686237,0.0149667636358586,0,"Significant","missense"
"15446C>T","15086A>G",512,503.055822906641,0.00765378062140875,0.096,"Not Significant","missense"
"15446C>T","5230T>C",531,521.428296438884,0.00789992567644111,0.057,"Not Significant","missense"
"15446C>T","7788T>C",521,503.055822906641,0.015221542945101,0.001,"Significant","missense"
"15446C>T","9231C>G",308,294.834456207892,0.0189724799643093,0.005,"Significant","missense"
"15446C>T","6925C>T",650,627.288739172281,0.0154458653102629,0,"Significant","missense"
"15446C>T","3542T>C",492,479.434071222329,0.0112362086181988,0.018,"Significant","missense"
"15446C>T","12691A>G",277,265.088546679499,0.0190888048973466,0.019,"Significant","missense"
"15446C>T","8015C>T",456,441.814244465833,0.0137251288809806,0.005,"Significant","missense"
"15446C>T","11244T>C",472,457.56207892204,0.0134919741020206,0.011,"Significant","missense"
"15446C>T","7665C>T",544,533.676612127045,0.0083207290226213,0.054,"Not Significant","missense"
"15446C>T","5326C>T",482,463.686236766121,0.0168228329732669,0,"Significant","missense"
"15446C>T","15378T>C",249,238.842155919153,0.0180883643901829,0.031,"Significant","missense"
"15446C>T","3661T>C",415,405.944177093359,0.00958178049241939,0.083,"Not Significant","missense"
"15446C>T","10972A>T",504,487.307988450433,0.0146270056070034,0,"Significant","missense"
"15446C>T","14000T>C",507,489.057747834456,0.0156478157821195,0,"Significant","missense"
"15446C>T","11538C>T",484,475.059672762271,0.00809719639077377,0.106,"Not Significant","missense"
"15446C>T","8118G>A",500,480.308950914341,0.0174493242211334,0,"Significant","missense"
"15446C>T","3706C>T",449,435.690086621752,0.0130686625788126,0.012,"Significant","missense"
"15446C>T","12923G>C",468,460.186717998075,0.0073117732555933,0.156,"Not Significant","missense"
"15446C>T","12009G>C",455,441.814244465833,0.0127716828736581,0.021,"Significant","missense"
"15446C>T","3650C>T",471,465.435996150144,0.00516093916905681,0.29,"Not Significant","missense"
"15446C>T","3428G>A",429,423.44177093359,0.00566359487552048,0.278,"Not Significant","missense"
"15446C>T","12361A>T",439,418.192492781521,0.0210882879652076,0,"Significant","missense"
"6685A>T","9823T>C",331,267.705486044273,0.0921707225725334,0,"Significant","missense"
"6685A>T","13580C>T",388,279.615014436959,0.142271237661984,0,"Significant","missense"
"6685A>T","15086A>G",405,297.738209817132,0.133620450415788,0,"Significant","missense"
"6685A>T","5230T>C",345,308.612127045236,0.0484061072238111,0,"Significant","missense"
"6685A>T","7788T>C",398,297.738209817132,0.126048499274809,0,"Significant","missense"
"6685A>T","9231C>G",93,174.500481231954,-0.273313680426397,0,"Significant","missense"
"6685A>T","6925C>T",421,371.266602502406,0.0545962120586426,0,"Significant","missense"
"6685A>T","3542T>C",383,283.757459095284,0.130251487375002,0,"Significant","missense"
"6685A>T","12691A>G",179,156.895091434071,0.0572436743683423,0.001,"Significant","missense"
"6685A>T","8015C>T",324,261.491819056785,0.093086903978707,0,"Significant","missense"
"6685A>T","11244T>C",372,270.812319538017,0.137874522905368,0,"Significant","missense"
"6685A>T","7665C>T",450,315.861405197305,0.153715950655324,0,"Significant","missense"
"6685A>T","5326C>T",376,274.436958614052,0.136745247217618,0,"Significant","missense"
"6685A>T","15378T>C",146,141.360923965351,0.0140234806344596,0.539,"Not Significant","missense"
"6685A>T","3661T>C",395,240.261790182868,0.215912386962297,0,"Significant","missense"
"6685A>T","10972A>T",366,288.4177093359,0.103459162111438,0,"Significant","missense"
"6685A>T","14000T>C",383,289.453320500481,0.121620237972951,0,"Significant","missense"
"6685A>T","11538C>T",436,281.168431183831,0.190519931570472,0,"Significant","missense"
"6685A>T","8118G>A",354,284.275264677575,0.0952641894664541,0,"Significant","missense"
"6685A>T","3706C>T",332,257.867179980751,0.109742012835069,0,"Significant","missense"
"6685A>T","12923G>C",368,272.365736284889,0.130695346410525,0,"Significant","missense"
"6685A>T","12009G>C",362,261.491819056785,0.141250464305246,0,"Significant","missense"
"6685A>T","3650C>T",355,275.472569778633,0.110149992650799,0,"Significant","missense"
"6685A>T","3428G>A",339,250.617901828681,0.131187608449413,0,"Significant","missense"
"6685A>T","12361A>T",302,247.511068334937,0.0864123182357883,0,"Significant","missense"
"9823T>C","13580C>T",378,268.700673724735,0.148223044477445,0,"Significant","missense"
"9823T>C","15086A>G",354,286.11645813282,0.0924604217993631,0,"Significant","missense"
"9823T>C","5230T>C",311,296.565928777671,0.0206391337498291,0.082,"Not Significant","missense"
"9823T>C","7788T>C",337,286.11645813282,0.0710870606449202,0,"Significant","missense"
"9823T>C","9231C>G",87,167.689124157844,-0.284985643789245,0,"Significant","missense"
"9823T>C","6925C>T",438,356.774783445621,0.0890799592995117,0,"Significant","missense"
"9823T>C","3542T>C",327,272.681424446583,0.0788921986391255,0,"Significant","missense"
"9823T>C","12691A>G",211,150.77093358999,0.14596483125854,0,"Significant","missense"
"9823T>C","8015C>T",411,251.284889316651,0.213675448220576,0,"Significant","missense"
"9823T>C","11244T>C",322,260.241578440808,0.0924791872917595,0,"Significant","missense"
"9823T>C","7665C>T",351,303.532242540905,0.0631022859182726,0,"Significant","missense"
"9823T>C","5326C>T",316,263.724735322425,0.0785362174808224,0,"Significant","missense"
"9823T>C","15378T>C",182,135.843118383061,0.127033745407473,0,"Significant","missense"
"9823T>C","3661T>C",287,230.88354186718,0.0944889206423096,0,"Significant","missense"
"9823T>C","10972A>T",329,277.159769008662,0.0744657072394556,0,"Significant","missense"
"9823T>C","14000T>C",341,278.154956689124,0.0884675755692804,0,"Significant","missense"
"9823T>C","11538C>T",324,270.193455245428,0.0788701850809735,0,"Significant","missense"
"9823T>C","8118G>A",390,273.179018286814,0.154617267039595,0,"Significant","missense"
"9823T>C","3706C>T",374,247.801732435034,0.178767263903938,0,"Significant","missense"
"9823T>C","12923G>C",321,261.734359961501,0.0886442927143372,0,"Significant","missense"
"9823T>C","12009G>C",311,251.284889316651,0.0925940153713779,0,"Significant","missense"
"9823T>C","3650C>T",306,264.719923002887,0.0629347986497446,0,"Significant","missense"
"9823T>C","3428G>A",291,240.8354186718,0.0821726318046986,0,"Significant","missense"
"9823T>C","12361A>T",289,237.849855630414,0.0845949506076316,0,"Significant","missense"
"13580C>T","15086A>G",415,298.845043310876,0.14260203975663,0,"Significant","missense"
"13580C>T","5230T>C",344,309.759384023099,0.0455339705654886,0,"Significant","missense"
"13580C>T","7788T>C",401,298.845043310876,0.127698315664724,0,"Significant","missense"
"13580C>T","9231C>G",88,175.149181905679,-0.298925440986715,0,"Significant","missense"
"13580C>T","6925C>T",453,372.64677574591,0.08480083407922,0,"Significant","missense"
"13580C>T","3542T>C",390,284.812319538017,0.136505836276298,0,"Significant","missense"
"13580C>T","12691A>G",187,157.478344562079,0.0746207657683594,0,"Significant","missense"
"13580C>T","8015C>T",373,262.463907603465,0.152639241424186,0,"Significant","missense"
"13580C>T","11244T>C",375,271.819056785371,0.13975136659461,0,"Significant","missense"
"13580C>T","7665C>T",403,317.035611164581,0.104196998864522,0,"Significant","missense"
"13580C>T","5326C>T",375,275.457170356112,0.133977185861097,0,"Significant","missense"
"13580C>T","15378T>C",155,141.886429258903,0.0383908388637185,0.095,"Not Significant","missense"
"13580C>T","3661T>C",351,241.154956689124,0.163010923645096,0,"Significant","missense"
"13580C>T","10972A>T",377,289.48989412897,0.114707942766238,0,"Significant","missense"
"13580C>T","14000T>C",388,290.529355149182,0.125641705441955,0,"Significant","missense"
"13580C>T","11538C>T",380,282.213666987488,0.129205554762133,0,"Significant","missense"
"13580C>T","8118G>A",410,285.332050048123,0.157433300003806,0,"Significant","missense"
"13580C>T","3706C>T",372,258.825794032724,0.157535384856338,0,"Significant","missense"
"13580C>T","12923G>C",376,273.378248315688,0.138423888508088,0,"Significant","missense"
"13580C>T","12009G>C",369,262.463907603465,0.14795677577456,0,"Significant","missense"
"13580C>T","3650C>T",353,276.496631376323,0.106084860826949,0,"Significant","missense"
"13580C>T","3428G>A",338,251.549566891242,0.128293126367407,0,"Significant","missense"
"13580C>T","12361A>T",310,248.431183830606,0.096155584956328,0,"Significant","missense"
"15086A>G","5230T>C",377,329.836381135707,0.0580427933330869,0,"Significant","missense"
"15086A>G","7788T>C",414,318.214629451396,0.114280199298784,0,"Significant","missense"
"15086A>G","9231C>G",99,186.501443695861,-0.275047003406036,0,"Significant","missense"
"15086A>G","6925C>T",435,396.799807507218,0.0399178041543745,0,"Significant","missense"
"15086A>G","3542T>C",400,303.272377285852,0.120227135711106,0,"Significant","missense"
"15086A>G","12691A>G",183,167.685274302214,0.0379561640956498,0.037,"Significant","missense"
"15086A>G","8015C>T",341,279.475457170356,0.0864107037413552,0,"Significant","missense"
"15086A>G","11244T>C",389,289.436958614052,0.128395615325942,0,"Significant","missense"
"15086A>G","7665C>T",416,337.584215591915,0.0907111984834984,0,"Significant","missense"
"15086A>G","5326C>T",443,293.310875842156,0.179075559489777,0,"Significant","missense"
"15086A>G","15378T>C",157,151.082771896054,0.0166847082360139,0.429,"Not Significant","missense"
"15086A>G","3661T>C",352,256.785370548604,0.136972385790751,0,"Significant","missense"
"15086A>G","10972A>T",398,308.2531280077,0.110975579767474,0,"Significant","missense"
"15086A>G","14000T>C",398,309.359961501444,0.10941896705478,0,"Significant","missense"
"15086A>G","11538C>T",390,300.505293551492,0.113212480305166,0,"Significant","missense"
"15086A>G","8118G>A",367,303.825794032724,0.0820414226695198,0,"Significant","missense"
"15086A>G","3706C>T",347,275.601539942252,0.100047834898671,0,"Significant","missense"
"15086A>G","12923G>C",398,291.097208854668,0.135845030787456,0,"Significant","missense"
"15086A>G","12009G>C",383,279.475457170356,0.136855098717466,0,"Significant","missense"
"15086A>G","3650C>T",373,294.4177093359,0.102744902381155,0,"Significant","missense"
"15086A>G","3428G>A",354,267.853705486044,0.121105603248883,0,"Significant","missense"
"15086A>G","12361A>T",326,264.533205004812,0.0907374063233362,0,"Significant","missense"
"5230T>C","7788T>C",377,329.836381135707,0.0580427933330869,0,"Significant","missense"
"5230T>C","9231C>G",197,193.312800769971,0.00820561310719107,0.624,"Not Significant","missense"
"5230T>C","6925C>T",432,411.291626564004,0.0213338789640479,0.006,"Significant","missense"
"5230T>C","3542T>C",351,314.348411934552,0.0478958457983815,0,"Significant","missense"
"5230T>C","12691A>G",167,173.809432146295,-0.0173568695377706,0.362,"Not Significant","missense"
"5230T>C","8015C>T",297,289.682386910491,0.0108343590154882,0.374,"Not Significant","missense"
"5230T>C","11244T>C",339,300.007699711261,0.0530672971527323,0,"Significant","missense"
"5230T>C","7665C>T",383,349.913378248316,0.039238226774786,0,"Significant","missense"
"5230T>C","5326C>T",344,304.023099133783,0.0536518607876654,0,"Significant","missense"
"5230T>C","15378T>C",147,156.600577478345,-0.0274760244756208,0.182,"Not Significant","missense"
"5230T>C","3661T>C",302,266.163618864293,0.0548582502191914,0,"Significant","missense"
"5230T>C","10972A>T",358,319.511068334937,0.0493971192870718,0,"Significant","missense"
"5230T>C","14000T>C",352,320.658325312801,0.0405001434086366,0.001,"Significant","missense"
"5230T>C","11538C>T",350,311.480269489894,0.0506375025783544,0,"Significant","missense"
"5230T>C","8118G>A",342,314.922040423484,0.0358230494229732,0.001,"Significant","missense"
"5230T>C","3706C>T",312,285.666987487969,0.0382945390756534,0,"Significant","missense"
"5230T>C","12923G>C",343,301.728585178056,0.0556776637059551,0,"Significant","missense"
"5230T>C","12009G>C",325,289.682386910491,0.0499612706771376,0,"Significant","missense"
"5230T>C","3650C>T",336,305.170356111646,0.0417969329117238,0.002,"Significant","missense"
"5230T>C","3428G>A",389,277.636188642926,0.146473527498191,0,"Significant","missense"
"5230T>C","12361A>T",287,274.194417709336,0.0198232879388074,0.119,"Not Significant","missense"
"7788T>C","9231C>G",106,186.501443695861,-0.245376332738845,0,"Significant","missense"
"7788T>C","6925C>T",444,396.799807507218,0.048811517314355,0,"Significant","missense"
"7788T>C","3542T>C",394,303.272377285852,0.113663366208719,0,"Significant","missense"
"7788T>C","12691A>G",195,167.685274302214,0.0655396857277237,0,"Significant","missense"
"7788T>C","8015C>T",329,279.475457170356,0.0708522226988365,0,"Significant","missense"
"7788T>C","11244T>C",376,289.436958614052,0.113633858927899,0,"Significant","missense"
"7788T>C","7665C>T",402,337.584215591915,0.0758439209412294,0,"Significant","missense"
"7788T>C","5326C>T",379,293.310875842156,0.111311043234797,0,"Significant","missense"
"7788T>C","15378T>C",164,151.082771896054,0.0356289038744662,0.072,"Not Significant","missense"
"7788T>C","3661T>C",352,256.785370548604,0.136972385790751,0,"Significant","missense"
"7788T>C","10972A>T",383,308.2531280077,0.0942912816624132,0,"Significant","missense"
"7788T>C","14000T>C",406,309.359961501444,0.118061928558284,0,"Significant","missense"
"7788T>C","11538C>T",380,300.505293551492,0.10193146989548,0,"Significant","missense"
"7788T>C","8118G>A",359,303.825794032724,0.0724698069957522,0,"Significant","missense"
"7788T>C","3706C>T",343,275.601539942252,0.095012480150569,0,"Significant","missense"
"7788T>C","12923G>C",395,291.097208854668,0.132559054340229,0,"Significant","missense"
"7788T>C","12009G>C",376,279.475457170356,0.128844169676507,0,"Significant","missense"
"7788T>C","3650C>T",357,294.4177093359,0.083704286684666,0,"Significant","missense"
"7788T>C","3428G>A",356,267.853705486044,0.12355233919597,0,"Significant","missense"
"7788T>C","12361A>T",322,264.533205004812,0.0853756779512297,0,"Significant","missense"
"9231C>G","6925C>T",199,232.559191530318,-0.0676804325722232,0,"Significant","missense"
"9231C>G","3542T>C",96,177.743984600577,-0.267523678758754,0,"Significant","missense"
"9231C>G","12691A>G",59,98.2781520692974,-0.221604970174028,0,"Significant","missense"
"9231C>G","8015C>T",86,163.796920115496,-0.279807280189015,0,"Significant","missense"
"9231C>G","11244T>C",94,169.635226179018,-0.256388188581531,0,"Significant","missense"
"9231C>G","7665C>T",143,197.853705486044,-0.141008150859782,0,"Significant","missense"
"9231C>G","5326C>T",102,171.905678537055,-0.22669005115286,0,"Significant","missense"
"9231C>G","15378T>C",67,88.5476419634264,-0.121102197653933,0.003,"Significant","missense"
"9231C>G","3661T>C",77,150.498556304139,-0.291041608696285,0,"Significant","missense"
"9231C>G","10972A>T",125,180.663137632339,-0.159959535479727,0,"Significant","missense"
"9231C>G","14000T>C",100,181.311838306064,-0.25842616120039,0,"Significant","missense"
"9231C>G","11538C>T",105,176.122232916266,-0.224624883832903,0,"Significant","missense"
"9231C>G","8118G>A",136,178.06833493744,-0.11704778939396,0,"Significant","missense"
"9231C>G","3706C>T",99,161.526467757459,-0.212608501476159,0,"Significant","missense"
"9231C>G","12923G>C",93,170.608277189605,-0.263517148913753,0,"Significant","missense"
"9231C>G","12009G>C",85,163.796920115496,-0.284886805718284,0,"Significant","missense"
"9231C>G","3650C>T",112,172.55437921078,-0.187707962938892,0,"Significant","missense"
"9231C>G","3428G>A",92,156.985563041386,-0.232071887612823,0,"Significant","missense"
"9231C>G","12361A>T",79,155.039461020212,-0.292815158635569,0,"Significant","missense"
"6925C>T","3542T>C",424,378.167468719923,0.0496816899977283,0,"Significant","missense"
"6925C>T","12691A>G",222,209.09624639076,0.0260067378376989,0.066,"Not Significant","missense"
"6925C>T","8015C>T",423,348.493743984601,0.0841453811457363,0,"Significant","missense"
"6925C>T","11244T>C",408,360.915303176131,0.0532548661119691,0,"Significant","missense"
"6925C>T","7665C>T",460,420.952839268527,0.0385243885601756,0,"Significant","missense"
"6925C>T","5326C>T",402,365.745909528393,0.0410465753730475,0,"Significant","missense"
"6925C>T","15378T>C",196,188.39364773821,0.0171898162050884,0.257,"Not Significant","missense"
"6925C>T","3661T>C",361,320.200192492782,0.052085613240139,0,"Significant","missense"
"6925C>T","10972A>T",418,384.378248315688,0.0364174784906744,0,"Significant","missense"
"6925C>T","14000T>C",417,385.758421559192,0.0338206389767031,0,"Significant","missense"
"6925C>T","11538C>T",413,374.717035611165,0.0422466139569206,0,"Significant","missense"
"6925C>T","8118G>A",458,378.857555341675,0.0823895254431348,0,"Significant","missense"
"6925C>T","3706C>T",435,343.663137632339,0.10235630608427,0,"Significant","missense"
"6925C>T","12923G>C",407,362.985563041386,0.0497050569608452,0,"Significant","missense"
"6925C>T","12009G>C",383,348.493743984601,0.0410037877393274,0,"Significant","missense"
"6925C>T","3650C>T",393,367.126082771896,0.029577309969748,0.001,"Significant","missense"
"6925C>T","3428G>A",358,334.001924927815,0.0301340568888304,0,"Significant","missense"
"6925C>T","12361A>T",359,329.861405197305,0.0367629438555669,0,"Significant","missense"
"3542T>C","12691A>G",182,159.81135707411,0.0564637485555449,0.004,"Significant","missense"
"3542T>C","8015C>T",318,266.352261790183,0.0769707309385531,0,"Significant","missense"
"3542T>C","11244T>C",437,275.846005774783,0.199814737175898,0,"Significant","missense"
"3542T>C","7665C>T",393,321.732435033686,0.0868977044374435,0,"Significant","missense"
"3542T>C","5326C>T",372,279.53801732435,0.124102059353878,0,"Significant","missense"
"3542T>C","15378T>C",150,143.988450433109,0.0177636010877215,0.409,"Not Significant","missense"
"3542T>C","3661T>C",345,244.727622714148,0.14913610359115,0,"Significant","missense"
"3542T>C","10972A>T",383,293.778633301251,0.115178567867668,0,"Significant","missense"
"3542T>C","14000T>C",384,294.833493743985,0.114754405553882,0,"Significant","missense"
"3542T>C","11538C>T",389,286.394610202117,0.132984760809629,0,"Significant","missense"
"3542T>C","8118G>A",345,289.559191530318,0.0760817396959665,0,"Significant","missense"
"3542T>C","3706C>T",327,262.660250240616,0.0951533989733443,0,"Significant","missense"
"3542T>C","12923G>C",372,277.428296438884,0.127392184800927,0,"Significant","missense"
"3542T>C","12009G>C",356,266.352261790183,0.125993608926981,0,"Significant","missense"
"3542T>C","3650C>T",417,280.592877767084,0.172059411751467,0,"Significant","missense"
"3542T>C","3428G>A",337,255.276227141482,0.120619528299693,0,"Significant","missense"
"3542T>C","12361A>T",321,252.111645813282,0.104912124865525,0,"Significant","missense"
"12691A>G","8015C>T",201,147.271414821944,0.135077598356621,0,"Significant","missense"
"12691A>G","11244T>C",173,152.520692974013,0.0547173333163598,0.006,"Significant","missense"
"12691A>G","7665C>T",199,177.892204042348,0.0486961604537861,0.003,"Significant","missense"
"12691A>G","5326C>T",164,154.56207892204,0.0257408975017651,0.21,"Not Significant","missense"
"12691A>G","15378T>C",134,79.614051973051,0.226115070378703,0,"Significant","missense"
"12691A>G","3661T>C",154,135.314725697786,0.0561756593364157,0.013,"Significant","missense"
"12691A>G","10972A>T",185,162.435996150144,0.0564894522841248,0.001,"Significant","missense"
"12691A>G","14000T>C",200,163.019249278152,0.0887911068323811,0,"Significant","missense"
"12691A>G","11538C>T",181,158.35322425409,0.0580516643351756,0,"Significant","missense"
"12691A>G","8118G>A",184,160.102983638114,0.0604183976142818,0.003,"Significant","missense"
"12691A>G","3706C>T",161,145.230028873917,0.0447694523269753,0.028,"Significant","missense"
"12691A>G","12923G>C",168,153.395572666025,0.0394964566269716,0.041,"Significant","missense"
"12691A>G","12009G>C",170,147.271414821944,0.0623304623144455,0.001,"Significant","missense"
"12691A>G","3650C>T",173,155.145332050048,0.0473073898885907,0.011,"Significant","missense"
"12691A>G","3428G>A",156,141.147256977863,0.0434521557648923,0.047,"Significant","missense"
"12691A>G","12361A>T",189,139.39749759384,0.132206826615916,0,"Significant","missense"
"8015C>T","11244T>C",309,254.201154956689,0.084780959996046,0,"Significant","missense"
"8015C>T","7665C>T",341,296.487006737247,0.0607487134202276,0,"Significant","missense"
"8015C>T","5326C>T",305,257.603464870067,0.0733481391844866,0,"Significant","missense"
"8015C>T","15378T>C",175,132.690086621752,0.120199571083975,0,"Significant","missense"
"8015C>T","3661T>C",277,225.524542829644,0.089285957948048,0,"Significant","missense"
"8015C>T","10972A>T",323,270.726660250241,0.076671496595864,0,"Significant","missense"
"8015C>T","14000T>C",330,271.69874879692,0.084426301429952,0,"Significant","missense"
"8015C>T","11538C>T",312,263.922040423484,0.0726789338680865,0,"Significant","missense"
"8015C>T","8118G>A",392,266.838306063523,0.167037892008829,0,"Significant","missense"
"8015C>T","3706C>T",369,242.050048123195,0.183121192837797,0,"Significant","missense"
"8015C>T","12923G>C",319,255.659287776708,0.0961291083419243,0,"Significant","missense"
"8015C>T","12009G>C",302,245.452358036574,0.0900397342769722,0,"Significant","missense"
"8015C>T","3650C>T",298,258.575553416747,0.0616288012197008,0,"Significant","missense"
"8015C>T","3428G>A",282,235.245428296439,0.078727916113434,0,"Significant","missense"
"8015C>T","12361A>T",283,232.3291626564,0.085682708350654,0,"Significant","missense"
"11244T>C","7665C>T",375,307.054860442733,0.0868152914068294,0,"Significant","missense"
"11244T>C","5326C>T",363,266.785370548604,0.133744614125183,0,"Significant","missense"
"11244T>C","15378T>C",151,137.419634263715,0.0409281589422881,0.058,"Not Significant","missense"
"11244T>C","3661T>C",330,233.563041385948,0.150109818012855,0,"Significant","missense"
"11244T>C","10972A>T",375,280.376323387873,0.126289931243854,0,"Significant","missense"
"11244T>C","14000T>C",381,281.383060635226,0.131627026479059,0,"Significant","missense"
"11244T>C","11538C>T",365,273.3291626564,0.125606893557491,0,"Significant","missense"
"11244T>C","8118G>A",340,276.34937439846,0.090020431282037,0,"Significant","missense"
"11244T>C","3706C>T",319,250.677574590953,0.10467519898733,0,"Significant","missense"
"11244T>C","12923G>C",359,264.771896053898,0.13222256311444,0,"Significant","missense"
"11244T>C","12009G>C",349,254.201154956689,0.137647907530375,0,"Significant","missense"
"11244T>C","3650C>T",411,267.792107795958,0.186044048270868,0,"Significant","missense"
"11244T>C","3428G>A",320,243.63041385948,0.118418475365354,0,"Significant","missense"
"11244T>C","12361A>T",305,240.610202117421,0.102985801424532,0,"Significant","missense"
"7665C>T","5326C>T",388,311.1645813282,0.095841568539801,0,"Significant","missense"
"7665C>T","15378T>C",161,160.279114533205,0.00194894153750293,0.942,"Not Significant","missense"
"7665C>T","3661T>C",400,272.415784408085,0.166827723319441,0,"Significant","missense"
"7665C>T","10972A>T",384,327.016361886429,0.0697617417401926,0,"Significant","missense"
"7665C>T","14000T>C",400,328.190567853705,0.0859338959879257,0,"Significant","missense"
"7665C>T","11538C>T",451,318.796920115496,0.150662424835484,0,"Significant","missense"
"7665C>T","8118G>A",368,322.319538017324,0.0575611867698195,0,"Significant","missense"
"7665C>T","3706C>T",339,292.37728585178,0.0642560679897546,0,"Significant","missense"
"7665C>T","12923G>C",381,308.816169393648,0.091224944068264,0,"Significant","missense"
"7665C>T","12009G>C",369,296.487006737247,0.0950207005867807,0,"Significant","missense"
"7665C>T","3650C>T",374,312.338787295476,0.0782456824518195,0,"Significant","missense"
"7665C>T","3428G>A",345,284.157844080847,0.084259445975245,0,"Significant","missense"
"7665C>T","12361A>T",322,280.635226179018,0.0597136876301025,0,"Significant","missense"
"5326C>T","15378T>C",149,139.258902791145,0.0293632993278861,0.17,"Not Significant","missense"
"5326C>T","3661T>C",330,236.689124157844,0.144335637279343,0,"Significant","missense"
"5326C>T","10972A>T",377,284.128970163619,0.122825832988415,0,"Significant","missense"
"5326C>T","14000T>C",370,285.149181905679,0.113129594136925,0,"Significant","missense"
"5326C>T","11538C>T",363,276.987487969201,0.117446473403617,0,"Significant","missense"
"5326C>T","8118G>A",342,280.04812319538,0.0867934395624034,0,"Significant","missense"
"5326C>T","3706C>T",314,254.032723772859,0.0920399832698531,0,"Significant","missense"
"5326C>T","12923G>C",365,268.315688161694,0.133646798259081,0,"Significant","missense"
"5326C>T","12009G>C",350,257.603464870067,0.133116344187958,0,"Significant","missense"
"5326C>T","3650C>T",343,271.376323387873,0.101722165704077,0,"Significant","missense"
"5326C>T","3428G>A",330,246.891241578441,0.126008256189819,0,"Significant","missense"
"5326C>T","12361A>T",299,243.830606352262,0.0885829696686663,0,"Significant","missense"
"15378T>C","3661T>C",126,121.917228103946,0.014305465079092,0.558,"Not Significant","missense"
"15378T>C","10972A>T",157,146.35322425409,0.0304973577519061,0.136,"Not Significant","missense"
"15378T>C","14000T>C",167,146.878729547642,0.0557575637775457,0.001,"Significant","missense"
"15378T>C","11538C>T",154,142.67468719923,0.0331737917640152,0.122,"Not Significant","missense"
"15378T>C","8118G>A",153,144.251203079884,0.0255719868839111,0.238,"Not Significant","missense"
"15378T>C","3706C>T",133,130.850818094321,0.00707519872378429,0.789,"Not Significant","missense"
"15378T>C","12923G>C",133,138.207892204042,-0.0166812026702196,0.476,"Not Significant","missense"
"15378T>C","12009G>C",128,132.690086621752,-0.0156285079543596,0.505,"Not Significant","missense"
"15378T>C","3650C>T",147,139.784408084697,0.0218586029695341,0.325,"Not Significant","missense"
"15378T>C","3428G>A",127,127.172281039461,-0.000588740172033731,1,"Not Significant","missense"
"15378T>C","12361A>T",155,125.595765158807,0.0913567020745284,0,"Significant","missense"
"3661T>C","10972A>T",324,248.7468719923,0.114787382035139,0,"Significant","missense"
"3661T>C","14000T>C",339,249.640038498556,0.13288545731891,0,"Significant","missense"
"3661T>C","11538C>T",410,242.494706448508,0.228081594133112,0,"Significant","missense"
"3661T>C","8118G>A",309,245.174205967276,0.100483701977003,0,"Significant","missense"
"3661T>C","3706C>T",287,222.398460057748,0.110750120976527,0,"Significant","missense"
"3661T>C","12923G>C",314,234.902791145332,0.126041470921726,0,"Significant","missense"
"3661T>C","12009G>C",314,225.524542829644,0.143735836956796,0,"Significant","missense"
"3661T>C","3650C>T",314,237.5822906641,0.121115582780419,0,"Significant","missense"
"3661T>C","3428G>A",291,216.146294513956,0.12914519434374,0,"Significant","missense"
"3661T>C","12361A>T",272,213.466794995188,0.105238574424333,0,"Significant","missense"
"10972A>T","14000T>C",429,299.675649663138,0.155805836681706,0,"Significant","missense"
"10972A>T","11538C>T",366,291.098171318576,0.0994416081889817,0,"Significant","missense"
"10972A>T","8118G>A",354,294.314725697786,0.0801912699591196,0,"Significant","missense"
"10972A>T","3706C>T",330,266.974013474495,0.0920449495015872,0,"Significant","missense"
"10972A>T","12923G>C",368,281.984600577478,0.115622426903191,0,"Significant","missense"
"10972A>T","12009G>C",356,270.726660250241,0.118918972237624,0,"Significant","missense"
"10972A>T","3650C>T",351,285.201154956689,0.0901558365541958,0,"Significant","missense"
"10972A>T","3428G>A",329,259.468719923003,0.103110888688975,0,"Significant","missense"
"10972A>T","12361A>T",307,256.252165543792,0.0784708312484881,0,"Significant","missense"
"14000T>C","11538C>T",370,292.143407122233,0.102605634148871,0,"Significant","missense"
"14000T>C","8118G>A",351,295.371511068335,0.074938511686463,0,"Significant","missense"
"14000T>C","3706C>T",321,267.932627526468,0.0784794293158818,0,"Significant","missense"
"14000T>C","12923G>C",372,282.997112608277,0.118760935398876,0,"Significant","missense"
"14000T>C","12009G>C",359,271.69874879692,0.121006810130373,0,"Significant","missense"
"14000T>C","3650C>T",363,286.225216554379,0.103198732411786,0,"Significant","missense"
"14000T>C","3428G>A",334,260.400384985563,0.108104844837869,0,"Significant","missense"
"14000T>C","12361A>T",322,257.172281039461,0.0976317147544321,0,"Significant","missense"
"11538C>T","8118G>A",336,286.917228103946,0.0685826509080606,0,"Significant","missense"
"11538C>T","3706C>T",322,260.263715110683,0.0924422469044118,0,"Significant","missense"
"11538C>T","12923G>C",351,274.897016361886,0.106137090280381,0,"Significant","missense"
"11538C>T","12009G>C",343,263.922040423484,0.113818459892402,0,"Significant","missense"
"11538C>T","3650C>T",352,278.032723772859,0.102446749151381,0,"Significant","missense"
"11538C>T","3428G>A",325,252.947064485082,0.108853717302754,0,"Significant","missense"
"11538C>T","12361A>T",307,249.81135707411,0.0895261968333658,0,"Significant","missense"
"8118G>A","3706C>T",374,263.139557266602,0.152685462547799,0,"Significant","missense"
"8118G>A","12923G>C",339,277.934552454283,0.0862571571564005,0,"Significant","missense"
"8118G>A","12009G>C",333,266.838306063523,0.0961960584947117,0,"Significant","missense"
"8118G>A","3650C>T",341,281.104908565929,0.083885949804508,0,"Significant","missense"
"8118G>A","3428G>A",302,255.742059672762,0.0722047844197977,0,"Significant","missense"
"8118G>A","12361A>T",280,252.571703561116,0.044773337837169,0.002,"Significant","missense"
"3706C>T","12923G>C",323,252.115495668912,0.107602982974786,0,"Significant","missense"
"3706C>T","12009G>C",309,242.050048123195,0.106053306103594,0,"Significant","missense"
"3706C>T","3650C>T",302,254.991337824832,0.0734815154595358,0,"Significant","missense"
"3706C>T","3428G>A",284,231.984600577478,0.0878591832000507,0,"Significant","missense"
"3706C>T","12361A>T",268,229.108758421559,0.0680931022141023,0,"Significant","missense"
"12923G>C","12009G>C",425,255.659287776708,0.220727355335021,0,"Significant","missense"
"12923G>C","3650C>T",345,269.328200192493,0.107537266181629,0,"Significant","missense"
"12923G>C","3428G>A",338,245.02791145332,0.139701142036632,0,"Significant","missense"
"12923G>C","12361A>T",303,241.990375360924,0.0976445352935884,0,"Significant","missense"
"12009G>C","3650C>T",329,258.575553416747,0.104608435093406,0,"Significant","missense"
"12009G>C","3428G>A",338,235.245428296439,0.157395508071702,0,"Significant","missense"
"12009G>C","12361A>T",299,232.3291626564,0.109567461150785,0,"Significant","missense"
"3650C>T","3428G>A",299,247.822906641001,0.0815297419421163,0,"Significant","missense"
"3650C>T","12361A>T",296,244.750721847931,0.0825677297089182,0,"Significant","missense"
"3428G>A","12361A>T",275,222.667949951877,0.0916749831308716,0,"Significant","missense"
