"Variant1","Variant2","Observed","Expected","log10_OE","P_perm","Significance","Variant_Type"
"13617T>C","3970C>T",1035,1035,0,1,"Not Significant","synonymous"
"13617T>C","7610C>T",1034,1034,0,1,"Not Significant","synonymous"
"13617T>C","15259C>T",1038,1038,0,1,"Not Significant","synonymous"
"13617T>C","3849G>A",1030,1030,0,1,"Not Significant","synonymous"
"13617T>C","12633C>T",1031,1031,0,1,"Not Significant","synonymous"
"13617T>C","7931C>T",1033,1033,0,1,"Not Significant","synonymous"
"13617T>C","11062C>T",1032,1032,0,1,"Not Significant","synonymous"
"13617T>C","10762G>A",1032,1032,0,1,"Not Significant","synonymous"
"13617T>C","6587C>T",830,830,0,1,"Not Significant","synonymous"
"13617T>C","9039G>A",938,938,0,1,"Not Significant","synonymous"
"13617T>C","15175C>T",825,825,0,1,"Not Significant","synonymous"
"13617T>C","4152C>T",619,619,0,1,"Not Significant","synonymous"
"13617T>C","4122A>G",754,754,0,1,"Not Significant","synonymous"
"13617T>C","10951C>T",368,368,0,1,"Not Significant","synonymous"
"13617T>C","9743A>G",335,335,0,1,"Not Significant","synonymous"
"13617T>C","6824C>T",342,342,0,1,"Not Significant","synonymous"
"13617T>C","7927C>T",358,358,0,1,"Not Significant","synonymous"
"13617T>C","11902G>A",372,372,0,1,"Not Significant","synonymous"
"13617T>C","13227C>T",330,330,0,1,"Not Significant","synonymous"
"13617T>C","12741C>T",319,319,0,1,"Not Significant","synonymous"
"13617T>C","13863C>T",339,339,0,1,"Not Significant","synonymous"
"13617T>C","7211G>A",838,838,0,1,"Not Significant","synonymous"
"13617T>C","15490C>T",749,749,0,1,"Not Significant","synonymous"
"13617T>C","13500T>C",706,706,0,1,"Not Significant","synonymous"
"13617T>C","14944C>T",815,815,0,1,"Not Significant","synonymous"
"13617T>C","3360A>G",656,656,0,1,"Not Significant","synonymous"
"13617T>C","6005C>T",706,706,0,1,"Not Significant","synonymous"
"13617T>C","6483C>T",700,700,0,1,"Not Significant","synonymous"
"13617T>C","3798C>T",890,890,0,1,"Not Significant","synonymous"
"13617T>C","13116C>T",727,727,0,1,"Not Significant","synonymous"
"13617T>C","4992C>T",657,657,0,1,"Not Significant","synonymous"
"13617T>C","12978A>T",666,666,0,1,"Not Significant","synonymous"
"13617T>C","9548G>A",806,806,0,1,"Not Significant","synonymous"
"13617T>C","14422T>A",338,338,0,1,"Not Significant","synonymous"
"13617T>C","4875C>T",672,672,0,1,"Not Significant","synonymous"
"13617T>C","4020C>T",681,681,0,1,"Not Significant","synonymous"
"13617T>C","13998C>T",662,662,0,1,"Not Significant","synonymous"
"13617T>C","4964C>T",675,675,0,1,"Not Significant","synonymous"
"13617T>C","14767T>C",675,675,0,1,"Not Significant","synonymous"
"13617T>C","11389C>T",693,693,0,1,"Not Significant","synonymous"
"13617T>C","5121C>T",531,531,0,1,"Not Significant","synonymous"
"13617T>C","3885C>T",700,700,0,1,"Not Significant","synonymous"
"13617T>C","11245C>T",600,600,0,1,"Not Significant","synonymous"
"13617T>C","14521C>T",632,632,0,1,"Not Significant","synonymous"
"13617T>C","11587C>T",624,624,0,1,"Not Significant","synonymous"
"13617T>C","15430C>T",756,756,0,1,"Not Significant","synonymous"
"13617T>C","6572C>T",644,644,0,1,"Not Significant","synonymous"
"13617T>C","4919C>T",283,283,0,1,"Not Significant","synonymous"
"13617T>C","6485A>T",597,597,0,1,"Not Significant","synonymous"
"13617T>C","4131A>T",555,555,0,1,"Not Significant","synonymous"
"13617T>C","15538C>T",616,616,0,1,"Not Significant","synonymous"
"13617T>C","14013A>G",310,310,0,1,"Not Significant","synonymous"
"13617T>C","15751A>T",258,258,0,1,"Not Significant","synonymous"
"13617T>C","4245C>T",380,380,0,1,"Not Significant","synonymous"
"13617T>C","10877C>T",575,575,0,1,"Not Significant","synonymous"
"13617T>C","7858C>T",672,672,0,1,"Not Significant","synonymous"
"13617T>C","14569G>A",368,368,0,1,"Not Significant","synonymous"
"13617T>C","6059C>T",619,619,0,1,"Not Significant","synonymous"
"13617T>C","9347A>T",513,513,0,1,"Not Significant","synonymous"
"13617T>C","6563C>T",703,703,0,1,"Not Significant","synonymous"
"13617T>C","9954C>T",478,478,0,1,"Not Significant","synonymous"
"13617T>C","10202C>T",847,847,0,1,"Not Significant","synonymous"
"13617T>C","3687C>T",623,623,0,1,"Not Significant","synonymous"
"13617T>C","4161C>T",605,605,0,1,"Not Significant","synonymous"
"13617T>C","7756C>T",585,585,0,1,"Not Significant","synonymous"
"13617T>C","12774C>T",576,576,0,1,"Not Significant","synonymous"
"13617T>C","15616C>T",616,616,0,1,"Not Significant","synonymous"
"13617T>C","7690C>T",526,526,0,1,"Not Significant","synonymous"
"13617T>C","7256C>T",477,477,0,1,"Not Significant","synonymous"
"13617T>C","6378T>C",328,328,0,1,"Not Significant","synonymous"
"13617T>C","5324C>T",368,368,0,1,"Not Significant","synonymous"
"13617T>C","12555A>T",439,439,0,1,"Not Significant","synonymous"
"13617T>C","11761C>T",579,579,0,1,"Not Significant","synonymous"
"13617T>C","12975A>G",541,541,0,1,"Not Significant","synonymous"
"13617T>C","10867C>T",605,605,0,1,"Not Significant","synonymous"
"13617T>C","12486C>T",290,290,0,1,"Not Significant","synonymous"
"13617T>C","13380C>T",511,511,0,1,"Not Significant","synonymous"
"13617T>C","8368G>A",502,502,0,1,"Not Significant","synonymous"
"13617T>C","6050T>A",521,521,0,1,"Not Significant","synonymous"
"13617T>C","3960C>T",501,501,0,1,"Not Significant","synonymous"
"13617T>C","7888C>G",405,405,0,1,"Not Significant","synonymous"
"13617T>C","7007C>T",502,502,0,1,"Not Significant","synonymous"
"13617T>C","11806A>G",496,496,0,1,"Not Significant","synonymous"
"13617T>C","6617C>T",508,508,0,1,"Not Significant","synonymous"
"13617T>C","3543C>T",275,275,0,1,"Not Significant","synonymous"
"13617T>C","6173C>T",333,333,0,1,"Not Significant","synonymous"
"13617T>C","15514T>C",454,454,0,1,"Not Significant","synonymous"
"13617T>C","11134A>T",239,239,0,1,"Not Significant","synonymous"
"13617T>C","4086C>T",444,444,0,1,"Not Significant","synonymous"
"13617T>C","9575G>A",460,460,0,1,"Not Significant","synonymous"
"13617T>C","3795C>T",453,453,0,1,"Not Significant","synonymous"
"13617T>C","15736A>T",419,419,0,1,"Not Significant","synonymous"
"13617T>C","7130C>T",406,406,0,1,"Not Significant","synonymous"
"13617T>C","13902C>T",361,361,0,1,"Not Significant","synonymous"
"13617T>C","4604C>T",383,383,0,1,"Not Significant","synonymous"
"13617T>C","9374A>G",267,267,0,1,"Not Significant","synonymous"
"13617T>C","8967C>T",454,454,0,1,"Not Significant","synonymous"
"13617T>C","4248T>C",449,449,0,1,"Not Significant","synonymous"
"13617T>C","10196C>T",435,435,0,1,"Not Significant","synonymous"
"3970C>T","7610C>T",1031,1030.01924927815,0.000413324289833701,0.021,"Significant","synonymous"
"3970C>T","15259C>T",1035,1034.00384985563,0.000418194044738417,0.005,"Significant","synonymous"
"3970C>T","3849G>A",1027,1026.03464870067,0.00040841665634679,0.031,"Significant","synonymous"
"3970C>T","12633C>T",1027,1027.03079884504,-1.30239219975243e-05,1,"Not Significant","synonymous"
"3970C>T","7931C>T",1030,1029.02309913378,0.000412100949792417,0.017,"Significant","synonymous"
"3970C>T","11062C>T",1029,1028.02694898941,0.000410875235481167,0.026,"Significant","synonymous"
"3970C>T","10762G>A",1028,1028.02694898941,-1.13848676947347e-05,1,"Not Significant","synonymous"
"3970C>T","6587C>T",829,826.804619826756,0.00115163593844033,0.03,"Significant","synonymous"
"3970C>T","9039G>A",938,934.388835418672,0.00167519776424073,0.001,"Significant","synonymous"
"3970C>T","15175C>T",824,821.823869104909,0.00114846091143143,0.023,"Significant","synonymous"
"3970C>T","4152C>T",618,616.616939364774,0.000973023832938531,0.316,"Not Significant","synonymous"
"3970C>T","4122A>G",754,751.097208854668,0.00167519776424063,0.005,"Significant","synonymous"
"3970C>T","10951C>T",368,366.583253128008,0.00167519776424044,0.292,"Not Significant","synonymous"
"3970C>T","9743A>G",335,333.710298363811,0.00167519776424044,0.313,"Not Significant","synonymous"
"3970C>T","6824C>T",341,340.683349374398,0.00040347070060345,1,"Not Significant","synonymous"
"3970C>T","7927C>T",358,356.621751684312,0.00167519776424034,0.298,"Not Significant","synonymous"
"3970C>T","11902G>A",371,370.567853705486,0.000506167497389054,1,"Not Significant","synonymous"
"3970C>T","13227C>T",330,328.729547641963,0.00167519776424034,0.317,"Not Significant","synonymous"
"3970C>T","12741C>T",319,317.771896053898,0.00167519776424034,0.311,"Not Significant","synonymous"
"3970C>T","13863C>T",339,337.69489894129,0.00167519776424034,0.321,"Not Significant","synonymous"
"3970C>T","7211G>A",834,834.773820981713,-0.000402770228296901,0.603,"Not Significant","synonymous"
"3970C>T","15490C>T",748,746.11645813282,0.00109497792923557,0.065,"Not Significant","synonymous"
"3970C>T","13500T>C",706,703.282001924928,0.00167519776424063,0.011,"Significant","synonymous"
"3970C>T","14944C>T",815,811.862367661213,0.00167519776424063,0.002,"Significant","synonymous"
"3970C>T","3360A>G",656,653.474494706448,0.00167519776424063,0.017,"Significant","synonymous"
"3970C>T","6005C>T",705,703.282001924928,0.00105961370383575,0.106,"Not Significant","synonymous"
"3970C>T","6483C>T",700,697.30510105871,0.00167519776424063,0.01,"Significant","synonymous"
"3970C>T","3798C>T",890,886.573628488932,0.00167519776424063,0,"Significant","synonymous"
"3970C>T","13116C>T",726,724.201154956689,0.00107740760529653,0.082,"Not Significant","synonymous"
"3970C>T","4992C>T",657,654.470644850818,0.00167519776424063,0.013,"Significant","synonymous"
"3970C>T","12978A>T",666,663.435996150144,0.00167519776424063,0.009,"Significant","synonymous"
"3970C>T","9548G>A",806,802.897016361886,0.00167519776424063,0.004,"Significant","synonymous"
"3970C>T","14422T>A",338,336.69874879692,0.00167519776424044,0.335,"Not Significant","synonymous"
"3970C>T","4875C>T",672,669.412897016362,0.00167519776424063,0.016,"Significant","synonymous"
"3970C>T","4020C>T",681,678.378248315688,0.00167519776424054,0.008,"Significant","synonymous"
"3970C>T","13998C>T",662,659.451395572666,0.00167519776424054,0.011,"Significant","synonymous"
"3970C>T","4964C>T",673,672.401347449471,0.00038648915719278,0.592,"Not Significant","synonymous"
"3970C>T","14767T>C",675,672.401347449471,0.00167519776424063,0.016,"Significant","synonymous"
"3970C>T","11389C>T",693,690.332050048123,0.00167519776424063,0.013,"Significant","synonymous"
"3970C>T","5121C>T",531,528.95572666025,0.00167519776424054,0.059,"Not Significant","synonymous"
"3970C>T","3885C>T",700,697.30510105871,0.00167519776424063,0.01,"Significant","synonymous"
"3970C>T","11245C>T",600,597.690086621752,0.00167519776424054,0.029,"Significant","synonymous"
"3970C>T","14521C>T",632,629.566891241578,0.00167519776424063,0.018,"Significant","synonymous"
"3970C>T","11587C>T",624,621.597690086622,0.00167519776424054,0.021,"Significant","synonymous"
"3970C>T","15430C>T",756,753.089509143407,0.00167519776424054,0.007,"Significant","synonymous"
"3970C>T","6572C>T",643,641.520692974013,0.00100030332865075,0.278,"Not Significant","synonymous"
"3970C>T","4919C>T",283,281.910490856593,0.00167519776424025,0.321,"Not Significant","synonymous"
"3970C>T","6485A>T",597,594.701636188643,0.00167519776424054,0.043,"Significant","synonymous"
"3970C>T","4131A>T",555,552.86333012512,0.00167519776424044,0.044,"Significant","synonymous"
"3970C>T","15538C>T",616,613.628488931665,0.00167519776424054,0.027,"Significant","synonymous"
"3970C>T","14013A>G",310,308.806544754572,0.00167519776424025,0.307,"Not Significant","synonymous"
"3970C>T","15751A>T",258,257.006737247353,0.00167519776424025,0.573,"Not Significant","synonymous"
"3970C>T","4245C>T",380,378.537054860443,0.00167519776424034,0.32,"Not Significant","synonymous"
"3970C>T","10877C>T",574,572.786333012512,0.000919245472583694,0.32,"Not Significant","synonymous"
"3970C>T","7858C>T",671,669.412897016362,0.00102844487940751,0.118,"Not Significant","synonymous"
"3970C>T","14569G>A",368,366.583253128008,0.00167519776424044,0.317,"Not Significant","synonymous"
"3970C>T","6059C>T",619,616.616939364774,0.00167519776424054,0.024,"Significant","synonymous"
"3970C>T","9347A>T",513,511.025024061598,0.00167519776424054,0.127,"Not Significant","synonymous"
"3970C>T","6563C>T",701,700.293551491819,0.000437890711075479,0.62,"Not Significant","synonymous"
"3970C>T","9954C>T",478,476.159769008662,0.00167519776424054,0.115,"Not Significant","synonymous"
"3970C>T","10202C>T",846,843.73917228104,0.00116215047255733,0.025,"Significant","synonymous"
"3970C>T","3687C>T",622,620.601539942252,0.000977535795889779,0.314,"Not Significant","synonymous"
"3970C>T","4161C>T",605,602.6708373436,0.00167519776424063,0.03,"Significant","synonymous"
"3970C>T","7756C>T",585,582.747834456208,0.00167519776424054,0.044,"Significant","synonymous"
"3970C>T","12774C>T",575,573.782483156882,0.000920559030659162,0.335,"Not Significant","synonymous"
"3970C>T","15616C>T",616,613.628488931665,0.00167519776424054,0.035,"Significant","synonymous"
"3970C>T","7690C>T",526,523.974975938402,0.00167519776424044,0.065,"Not Significant","synonymous"
"3970C>T","7256C>T",477,475.163618864293,0.00167519776424054,0.148,"Not Significant","synonymous"
"3970C>T","6378T>C",328,326.737247353224,0.00167519776424034,0.329,"Not Significant","synonymous"
"3970C>T","5324C>T",368,366.583253128008,0.00167519776424044,0.31,"Not Significant","synonymous"
"3970C>T","12555A>T",439,437.309913378248,0.00167519776424044,0.13,"Not Significant","synonymous"
"3970C>T","11761C>T",579,576.77093358999,0.00167519776424054,0.042,"Significant","synonymous"
"3970C>T","12975A>G",541,538.917228103946,0.00167519776424054,0.051,"Not Significant","synonymous"
"3970C>T","10867C>T",603,602.6708373436,0.000237135251923277,1,"Not Significant","synonymous"
"3970C>T","12486C>T",290,288.88354186718,0.00167519776424034,0.349,"Not Significant","synonymous"
"3970C>T","13380C>T",511,509.032723772859,0.00167519776424054,0.123,"Not Significant","synonymous"
"3970C>T","8368G>A",501,500.067372473532,0.00080920648646708,0.652,"Not Significant","synonymous"
"3970C>T","6050T>A",521,518.994225216554,0.00167519776424044,0.059,"Not Significant","synonymous"
"3970C>T","3960C>T",501,499.071222329163,0.00167519776424044,0.117,"Not Significant","synonymous"
"3970C>T","7888C>G",405,403.440808469682,0.00167519776424044,0.16,"Not Significant","synonymous"
"3970C>T","7007C>T",501,500.067372473532,0.00080920648646708,0.614,"Not Significant","synonymous"
"3970C>T","11806A>G",496,494.090471607315,0.00167519776424044,0.129,"Not Significant","synonymous"
"3970C>T","6617C>T",506,506.04427333975,-3.79976798792385e-05,1,"Not Significant","synonymous"
"3970C>T","3543C>T",275,273.941289701636,0.00167519776424034,0.347,"Not Significant","synonymous"
"3970C>T","6173C>T",333,331.717998075072,0.00167519776424034,0.345,"Not Significant","synonymous"
"3970C>T","15514T>C",454,452.252165543792,0.00167519776424044,0.127,"Not Significant","synonymous"
"3970C>T","11134A>T",239,238.079884504331,0.00167519776424015,0.586,"Not Significant","synonymous"
"3970C>T","4086C>T",444,442.290664100096,0.00167519776424044,0.142,"Not Significant","synonymous"
"3970C>T","9575G>A",460,458.22906641001,0.00167519776424054,0.148,"Not Significant","synonymous"
"3970C>T","3795C>T",453,451.256015399423,0.00167519776424044,0.144,"Not Significant","synonymous"
"3970C>T","15736A>T",419,417.386910490857,0.00167519776424044,0.169,"Not Significant","synonymous"
"3970C>T","7130C>T",405,404.436958614052,0.000604187401715103,0.62,"Not Significant","synonymous"
"3970C>T","13902C>T",361,359.610202117421,0.00167519776424034,0.282,"Not Significant","synonymous"
"3970C>T","4604C>T",382,381.525505293551,0.000539786707326761,1,"Not Significant","synonymous"
"3970C>T","9374A>G",267,265.97208854668,0.00167519776424025,0.361,"Not Significant","synonymous"
"3970C>T","8967C>T",454,452.252165543792,0.00167519776424044,0.136,"Not Significant","synonymous"
"3970C>T","4248T>C",448,447.271414821944,0.00070687075906149,0.668,"Not Significant","synonymous"
"3970C>T","10196C>T",435,433.32531280077,0.00167519776424044,0.151,"Not Significant","synonymous"
"7610C>T","15259C>T",1034,1033.00481231954,0.000418194044738321,0.005,"Significant","synonymous"
"7610C>T","3849G>A",1028,1025.04331087584,0.00125089875333829,0,"Significant","synonymous"
"7610C>T","12633C>T",1027,1026.0384985563,0.000406787113015332,0.034,"Significant","synonymous"
"7610C>T","7931C>T",1031,1028.02887391723,0.00125335256314957,0,"Significant","synonymous"
"7610C>T","11062C>T",1030,1027.03368623677,0.00125253621323322,0,"Significant","synonymous"
"7610C>T","10762G>A",1029,1027.03368623677,0.000830686270493997,0.001,"Significant","synonymous"
"7610C>T","6587C>T",828,826.005774783446,0.00104725320805983,0.049,"Significant","synonymous"
"7610C>T","9039G>A",935,933.48604427334,0.000703781292706925,0.073,"Not Significant","synonymous"
"7610C>T","15175C>T",824,821.029836381136,0.00156827194644425,0.004,"Significant","synonymous"
"7610C>T","4152C>T",615,616.021174205967,-0.000720524445447438,0.391,"Not Significant","synonymous"
"7610C>T","4122A>G",753,750.371511068335,0.00151863913018005,0.018,"Significant","synonymous"
"7610C>T","10951C>T",365,366.22906641001,-0.00145994541778878,0.355,"Not Significant","synonymous"
"7610C>T","9743A>G",332,333.387872954764,-0.0018117145335547,0.324,"Not Significant","synonymous"
"7610C>T","6824C>T",339,340.354186717998,-0.00173139905379863,0.334,"Not Significant","synonymous"
"7610C>T","7927C>T",355,356.27718960539,-0.00155966478952615,0.357,"Not Significant","synonymous"
"7610C>T","11902G>A",368,370.209817131858,-0.0026001124091255,0.063,"Not Significant","synonymous"
"7610C>T","13227C>T",327,328.411934552454,-0.00187117841834713,0.319,"Not Significant","synonymous"
"7610C>T","12741C>T",316,317.464870067372,-0.00200859163952297,0.348,"Not Significant","synonymous"
"7610C>T","13863C>T",337,337.368623676612,-0.000474788532489755,1,"Not Significant","synonymous"
"7610C>T","7211G>A",836,833.967276227142,0.00105726760799345,0.059,"Not Significant","synonymous"
"7610C>T","15490C>T",748,745.395572666025,0.00151478896424832,0.019,"Significant","synonymous"
"7610C>T","13500T>C",705,702.60250240616,0.00147942473884844,0.036,"Significant","synonymous"
"7610C>T","14944C>T",815,811.077959576516,0.00209500879925345,0,"Significant","synonymous"
"7610C>T","3360A>G",656,652.843118383061,0.00209500879925335,0.007,"Significant","synonymous"
"7610C>T","6005C>T",706,702.60250240616,0.00209500879925335,0.006,"Significant","synonymous"
"7610C>T","6483C>T",700,696.631376323388,0.00209500879925345,0.002,"Significant","synonymous"
"7610C>T","3798C>T",889,885.717035611165,0.00160676312455441,0.002,"Significant","synonymous"
"7610C>T","13116C>T",727,723.501443695861,0.00209500879925345,0.003,"Significant","synonymous"
"7610C>T","4992C>T",657,653.838306063523,0.00209500879925335,0.009,"Significant","synonymous"
"7610C>T","12978A>T",666,662.79499518768,0.00209500879925345,0.007,"Significant","synonymous"
"7610C>T","9548G>A",805,802.121270452358,0.00155584736203139,0.013,"Significant","synonymous"
"7610C>T","14422T>A",336,336.37343599615,-0.00048241408855682,1,"Not Significant","synonymous"
"7610C>T","4875C>T",672,668.766121270452,0.00209500879925345,0.005,"Significant","synonymous"
"7610C>T","4020C>T",681,677.72281039461,0.00209500879925335,0.005,"Significant","synonymous"
"7610C>T","13998C>T",662,658.814244465833,0.00209500879925335,0.003,"Significant","synonymous"
"7610C>T","4964C>T",675,671.751684311838,0.00209500879925345,0.003,"Significant","synonymous"
"7610C>T","14767T>C",675,671.751684311838,0.00209500879925345,0.007,"Significant","synonymous"
"7610C>T","11389C>T",692,689.665062560154,0.00146786864420462,0.051,"Not Significant","synonymous"
"7610C>T","5121C>T",531,528.444658325313,0.00209500879925325,0.025,"Significant","synonymous"
"7610C>T","3885C>T",700,696.631376323388,0.00209500879925345,0.006,"Significant","synonymous"
"7610C>T","11245C>T",599,597.11260827719,0.0013705808049213,0.166,"Not Significant","synonymous"
"7610C>T","14521C>T",631,628.958614051973,0.00140728976100288,0.078,"Not Significant","synonymous"
"7610C>T","11587C>T",623,620.997112608277,0.00139846577599912,0.102,"Not Significant","synonymous"
"7610C>T","15430C>T",756,752.361886429259,0.00209500879925345,0.002,"Significant","synonymous"
"7610C>T","6572C>T",643,640.900866217517,0.0014201143636634,0.073,"Not Significant","synonymous"
"7610C>T","4919C>T",282,281.638113570741,0.00055768159432442,1,"Not Significant","synonymous"
"7610C>T","6485A>T",597,594.127045235804,0.00209500879925335,0.014,"Significant","synonymous"
"7610C>T","4131A>T",555,552.3291626564,0.00209500879925325,0.025,"Significant","synonymous"
"7610C>T","15538C>T",616,613.035611164581,0.00209500879925335,0.011,"Significant","synonymous"
"7610C>T","14013A>G",308,308.508180943215,-0.000715968534574492,0.662,"Not Significant","synonymous"
"7610C>T","15751A>T",256,256.758421559192,-0.00128473185212645,0.596,"Not Significant","synonymous"
"7610C>T","4245C>T",378,378.171318575553,-0.000196787980331073,1,"Not Significant","synonymous"
"7610C>T","10877C>T",574,572.23291626564,0.00133905650759655,0.179,"Not Significant","synonymous"
"7610C>T","7858C>T",667,668.766121270452,-0.00114843033802239,0.172,"Not Significant","synonymous"
"7610C>T","14569G>A",366,366.22906641001,-0.000271724479853176,1,"Not Significant","synonymous"
"7610C>T","6059C>T",618,616.021174205967,0.00139283486795126,0.16,"Not Significant","synonymous"
"7610C>T","9347A>T",513,510.531280076997,0.00209500879925325,0.063,"Not Significant","synonymous"
"7610C>T","6563C>T",702,699.616939364774,0.00147679590923481,0.043,"Significant","synonymous"
"7610C>T","9954C>T",477,475.699711260828,0.00118549122724851,0.366,"Not Significant","synonymous"
"7610C>T","10202C>T",843,842.923965351299,3.9173093289122e-05,1,"Not Significant","synonymous"
"7610C>T","3687C>T",623,620.001924927815,0.00209500879925335,0.019,"Significant","synonymous"
"7610C>T","4161C>T",605,602.0885466795,0.00209500879925335,0.01,"Significant","synonymous"
"7610C>T","7756C>T",584,582.18479307026,0.00135198982947257,0.156,"Not Significant","synonymous"
"7610C>T","12774C>T",575,573.228103946102,0.00134037006567192,0.174,"Not Significant","synonymous"
"7610C>T","15616C>T",616,613.035611164581,0.00209500879925335,0.014,"Significant","synonymous"
"7610C>T","7690C>T",525,523.468719923003,0.00126856805147122,0.191,"Not Significant","synonymous"
"7610C>T","7256C>T",476,474.704523580366,0.00118358247963274,0.356,"Not Significant","synonymous"
"7610C>T","6378T>C",326,326.42155919153,-0.00056123484448618,1,"Not Significant","synonymous"
"7610C>T","5324C>T",366,366.22906641001,-0.000271724479853176,1,"Not Significant","synonymous"
"7610C>T","12555A>T",439,436.88739172281,0.00209500879925325,0.066,"Not Significant","synonymous"
"7610C>T","11761C>T",579,576.213666987488,0.00209500879925345,0.017,"Significant","synonymous"
"7610C>T","12975A>G",541,538.396535129933,0.00209500879925325,0.024,"Significant","synonymous"
"7610C>T","10867C>T",601,602.0885466795,-0.00078589385047549,0.417,"Not Significant","synonymous"
"7610C>T","12486C>T",287,288.604427333975,-0.00242109236570922,0.142,"Not Significant","synonymous"
"7610C>T","13380C>T",510,508.540904716073,0.00124428476247705,0.396,"Not Significant","synonymous"
"7610C>T","8368G>A",501,499.584215591915,0.00122901752147979,0.343,"Not Significant","synonymous"
"7610C>T","6050T>A",521,518.492781520693,0.00209500879925325,0.031,"Significant","synonymous"
"7610C>T","3960C>T",501,498.589027911453,0.00209500879925325,0.051,"Not Significant","synonymous"
"7610C>T","7888C>G",405,403.051010587103,0.00209500879925316,0.165,"Not Significant","synonymous"
"7610C>T","7007C>T",500,499.584215591915,0.000361295990253133,1,"Not Significant","synonymous"
"7610C>T","11806A>G",496,493.613089509143,0.00209500879925325,0.065,"Not Significant","synonymous"
"7610C>T","6617C>T",507,505.555341674687,0.00123925584867013,0.364,"Not Significant","synonymous"
"7610C>T","3543C>T",274,273.676612127045,0.000512877789378858,1,"Not Significant","synonymous"
"7610C>T","6173C>T",331,331.39749759384,-0.000521230931347267,1,"Not Significant","synonymous"
"7610C>T","15514T>C",454,451.81520692974,0.00209500879925325,0.073,"Not Significant","synonymous"
"7610C>T","11134A>T",236,237.849855630414,-0.00339088917877594,0.096,"Not Significant","synonymous"
"7610C>T","4086C>T",444,441.86333012512,0.00209500879925325,0.083,"Not Significant","synonymous"
"7610C>T","9575G>A",460,457.786333012512,0.00209500879925325,0.056,"Not Significant","synonymous"
"7610C>T","3795C>T",453,450.820019249278,0.00209500879925325,0.064,"Not Significant","synonymous"
"7610C>T","15736A>T",419,416.983638113571,0.00209500879925316,0.084,"Not Significant","synonymous"
"7610C>T","7130C>T",406,404.046198267565,0.00209500879925316,0.151,"Not Significant","synonymous"
"7610C>T","13902C>T",361,359.262752646776,0.00209500879925306,0.173,"Not Significant","synonymous"
"7610C>T","4604C>T",382,381.156881616939,0.000959597742339439,0.666,"Not Significant","synonymous"
"7610C>T","9374A>G",266,265.715110683349,0.00046538406574531,1,"Not Significant","synonymous"
"7610C>T","8967C>T",454,451.81520692974,0.00209500879925325,0.078,"Not Significant","synonymous"
"7610C>T","4248T>C",448,446.83926852743,0.00112668179407423,0.404,"Not Significant","synonymous"
"7610C>T","10196C>T",434,432.906641000963,0.0010954813571268,0.407,"Not Significant","synonymous"
"15259C>T","3849G>A",1030,1029.00866217517,0.000418194044738321,0.007,"Significant","synonymous"
"15259C>T","12633C>T",1030,1030.00769971126,-3.24653360596727e-06,1,"Not Significant","synonymous"
"15259C>T","7931C>T",1033,1032.00577478345,0.000418194044738321,0.01,"Significant","synonymous"
"15259C>T","11062C>T",1032,1031.00673724735,0.000418194044738225,0.008,"Significant","synonymous"
"15259C>T","10762G>A",1031,1031.00673724735,-2.83796293770585e-06,1,"Not Significant","synonymous"
"15259C>T","6587C>T",829,829.201154956689,-0.000105367781061996,1,"Not Significant","synonymous"
"15259C>T","9039G>A",938,937.097208854668,0.000418194044738321,0.111,"Not Significant","synonymous"
"15259C>T","15175C>T",825,824.205967276227,0.000418194044738321,0.188,"Not Significant","synonymous"
"15259C>T","4152C>T",619,618.404234841193,0.000418194044738321,0.398,"Not Significant","synonymous"
"15259C>T","4122A>G",754,753.274302213667,0.000418194044738321,0.266,"Not Significant","synonymous"
"15259C>T","10951C>T",368,367.645813282002,0.000418194044738225,1,"Not Significant","synonymous"
"15259C>T","9743A>G",335,334.677574590953,0.000418194044738225,1,"Not Significant","synonymous"
"15259C>T","6824C>T",342,341.6708373436,0.000418194044738225,1,"Not Significant","synonymous"
"15259C>T","7927C>T",358,357.655437921078,0.000418194044738225,1,"Not Significant","synonymous"
"15259C>T","11902G>A",371,371.641963426372,-0.000750836222113119,0.361,"Not Significant","synonymous"
"15259C>T","13227C>T",330,329.682386910491,0.000418194044738225,1,"Not Significant","synonymous"
"15259C>T","12741C>T",319,318.692974013474,0.000418194044738225,1,"Not Significant","synonymous"
"15259C>T","13863C>T",339,338.673724735322,0.000418194044738128,1,"Not Significant","synonymous"
"15259C>T","7211G>A",837,837.193455245428,-0.00010036659227818,1,"Not Significant","synonymous"
"15259C>T","15490C>T",749,748.279114533205,0.000418194044738225,0.292,"Not Significant","synonymous"
"15259C>T","13500T>C",706,705.320500481232,0.000418194044738321,0.333,"Not Significant","synonymous"
"15259C>T","14944C>T",815,814.215591915303,0.000418194044738321,0.211,"Not Significant","synonymous"
"15259C>T","3360A>G",656,655.368623676612,0.000418194044738225,0.373,"Not Significant","synonymous"
"15259C>T","6005C>T",706,705.320500481232,0.000418194044738321,0.33,"Not Significant","synonymous"
"15259C>T","6483C>T",700,699.326275264678,0.000418194044738225,0.324,"Not Significant","synonymous"
"15259C>T","3798C>T",890,889.143407122233,0.000418194044738321,0.165,"Not Significant","synonymous"
"15259C>T","13116C>T",727,726.300288739172,0.000418194044738321,0.282,"Not Significant","synonymous"
"15259C>T","4992C>T",657,656.367661212705,0.000418194044738321,0.365,"Not Significant","synonymous"
"15259C>T","12978A>T",666,665.358999037536,0.000418194044738321,0.385,"Not Significant","synonymous"
"15259C>T","9548G>A",806,805.224254090472,0.000418194044738321,0.236,"Not Significant","synonymous"
"15259C>T","14422T>A",338,337.67468719923,0.000418194044738321,1,"Not Significant","synonymous"
"15259C>T","4875C>T",672,671.35322425409,0.000418194044738321,0.348,"Not Significant","synonymous"
"15259C>T","4020C>T",681,680.344562078922,0.000418194044738321,0.357,"Not Significant","synonymous"
"15259C>T","13998C>T",662,661.362848893166,0.000418194044738321,0.369,"Not Significant","synonymous"
"15259C>T","4964C>T",675,674.350336862368,0.000418194044738321,0.351,"Not Significant","synonymous"
"15259C>T","14767T>C",675,674.350336862368,0.000418194044738321,0.38,"Not Significant","synonymous"
"15259C>T","11389C>T",693,692.333012512031,0.000418194044738321,0.327,"Not Significant","synonymous"
"15259C>T","5121C>T",531,530.488931665063,0.000418194044738225,0.477,"Not Significant","synonymous"
"15259C>T","3885C>T",700,699.326275264678,0.000418194044738225,0.33,"Not Significant","synonymous"
"15259C>T","11245C>T",600,599.422521655438,0.000418194044738321,0.406,"Not Significant","synonymous"
"15259C>T","14521C>T",632,631.391722810395,0.000418194044738321,0.385,"Not Significant","synonymous"
"15259C>T","11587C>T",624,623.399422521655,0.000418194044738321,0.404,"Not Significant","synonymous"
"15259C>T","15430C>T",756,755.272377285852,0.000418194044738321,0.271,"Not Significant","synonymous"
"15259C>T","6572C>T",644,643.380173243503,0.000418194044738321,0.366,"Not Significant","synonymous"
"15259C>T","4919C>T",283,282.727622714148,0.000418194044738225,1,"Not Significant","synonymous"
"15259C>T","6485A>T",597,596.425409047161,0.000418194044738225,0.443,"Not Significant","synonymous"
"15259C>T","4131A>T",555,554.46583253128,0.000418194044738321,0.44,"Not Significant","synonymous"
"15259C>T","15538C>T",616,615.407122232916,0.000418194044738225,0.4,"Not Significant","synonymous"
"15259C>T","14013A>G",310,309.701636188643,0.000418194044738128,1,"Not Significant","synonymous"
"15259C>T","15751A>T",258,257.751684311838,0.000418194044738128,1,"Not Significant","synonymous"
"15259C>T","4245C>T",380,379.634263715111,0.000418194044738225,1,"Not Significant","synonymous"
"15259C>T","10877C>T",574,574.446583253128,-0.00033775824691852,1,"Not Significant","synonymous"
"15259C>T","7858C>T",671,671.35322425409,-0.000228558840094781,1,"Not Significant","synonymous"
"15259C>T","14569G>A",368,367.645813282002,0.000418194044738225,1,"Not Significant","synonymous"
"15259C>T","6059C>T",619,618.404234841193,0.000418194044738321,0.418,"Not Significant","synonymous"
"15259C>T","9347A>T",513,512.506256015399,0.000418194044738225,1,"Not Significant","synonymous"
"15259C>T","6563C>T",703,702.323387872955,0.000418194044738321,0.328,"Not Significant","synonymous"
"15259C>T","9954C>T",478,477.539942252166,0.000418194044738321,1,"Not Significant","synonymous"
"15259C>T","10202C>T",846,846.18479307026,-9.48532469449974e-05,1,"Not Significant","synonymous"
"15259C>T","3687C>T",623,622.400384985563,0.000418194044738225,0.39,"Not Significant","synonymous"
"15259C>T","4161C>T",605,604.4177093359,0.000418194044738321,0.419,"Not Significant","synonymous"
"15259C>T","7756C>T",585,584.436958614052,0.000418194044738321,0.416,"Not Significant","synonymous"
"15259C>T","12774C>T",576,575.44562078922,0.000418194044738225,0.448,"Not Significant","synonymous"
"15259C>T","15616C>T",616,615.407122232916,0.000418194044738225,0.412,"Not Significant","synonymous"
"15259C>T","7690C>T",526,525.493743984601,0.000418194044738225,0.479,"Not Significant","synonymous"
"15259C>T","7256C>T",477,476.540904716073,0.000418194044738225,1,"Not Significant","synonymous"
"15259C>T","6378T>C",328,327.684311838306,0.000418194044738225,1,"Not Significant","synonymous"
"15259C>T","5324C>T",368,367.645813282002,0.000418194044738225,1,"Not Significant","synonymous"
"15259C>T","12555A>T",439,438.577478344562,0.000418194044738321,1,"Not Significant","synonymous"
"15259C>T","11761C>T",579,578.442733397497,0.000418194044738417,0.455,"Not Significant","synonymous"
"15259C>T","12975A>G",541,540.479307025986,0.000418194044738321,0.48,"Not Significant","synonymous"
"15259C>T","10867C>T",604,604.4177093359,-0.000300241986598635,1,"Not Significant","synonymous"
"15259C>T","12486C>T",290,289.720885466795,0.000418194044738225,1,"Not Significant","synonymous"
"15259C>T","13380C>T",511,510.508180943215,0.000418194044738321,1,"Not Significant","synonymous"
"15259C>T","8368G>A",502,501.516843118383,0.000418194044738321,1,"Not Significant","synonymous"
"15259C>T","6050T>A",521,520.498556304139,0.000418194044738321,0.506,"Not Significant","synonymous"
"15259C>T","3960C>T",501,500.517805582291,0.000418194044738321,1,"Not Significant","synonymous"
"15259C>T","7888C>G",405,404.610202117421,0.000418194044738225,1,"Not Significant","synonymous"
"15259C>T","7007C>T",501,501.516843118383,-0.000447797233035165,0.484,"Not Significant","synonymous"
"15259C>T","11806A>G",496,495.522617901829,0.000418194044738225,1,"Not Significant","synonymous"
"15259C>T","6617C>T",507,507.511068334937,-0.000437558905844798,0.517,"Not Significant","synonymous"
"15259C>T","3543C>T",275,274.735322425409,0.000418194044738225,1,"Not Significant","synonymous"
"15259C>T","6173C>T",333,332.679499518768,0.000418194044738321,1,"Not Significant","synonymous"
"15259C>T","15514T>C",454,453.563041385948,0.000418194044738321,1,"Not Significant","synonymous"
"15259C>T","11134A>T",239,238.769971126083,0.000418194044738225,1,"Not Significant","synonymous"
"15259C>T","4086C>T",444,443.572666025024,0.000418194044738225,1,"Not Significant","synonymous"
"15259C>T","9575G>A",460,459.557266602502,0.000418194044738225,1,"Not Significant","synonymous"
"15259C>T","3795C>T",453,452.564003849856,0.000418194044738321,1,"Not Significant","synonymous"
"15259C>T","15736A>T",419,418.596727622714,0.000418194044738225,1,"Not Significant","synonymous"
"15259C>T","7130C>T",406,405.609239653513,0.000418194044738225,1,"Not Significant","synonymous"
"15259C>T","13902C>T",361,360.652550529355,0.000418194044738225,1,"Not Significant","synonymous"
"15259C>T","4604C>T",382,382.631376323388,-0.000717217012175467,0.365,"Not Significant","synonymous"
"15259C>T","9374A>G",267,266.74302213667,0.000418194044738225,1,"Not Significant","synonymous"
"15259C>T","8967C>T",454,453.563041385948,0.000418194044738321,1,"Not Significant","synonymous"
"15259C>T","4248T>C",449,448.567853705486,0.000418194044738225,1,"Not Significant","synonymous"
"15259C>T","10196C>T",435,434.581328200193,0.000418194044738225,1,"Not Significant","synonymous"
"3849G>A","12633C>T",1025,1022.06929740135,0.00124352296026157,0,"Significant","synonymous"
"3849G>A","7931C>T",1028,1024.05197305101,0.00167111599164139,0,"Significant","synonymous"
"3849G>A","11062C>T",1027,1023.06063522618,0.00166906915809066,0,"Significant","synonymous"
"3849G>A","10762G>A",1027,1023.06063522618,0.00166906915809066,0,"Significant","synonymous"
"3849G>A","6587C>T",823,822.810394610202,0.000100065688201108,1,"Not Significant","synonymous"
"3849G>A","9039G>A",931,929.874879692012,0.00052516545428323,0.235,"Not Significant","synonymous"
"3849G>A","15175C>T",818,817.853705486044,7.76779734031214e-05,1,"Not Significant","synonymous"
"3849G>A","4152C>T",616,613.638113570741,0.00166838599631231,0.186,"Not Significant","synonymous"
"3849G>A","4122A>G",751,747.468719923003,0.00204691398639926,0.023,"Significant","synonymous"
"3849G>A","10951C>T",365,364.812319538017,0.000223368634962203,1,"Not Significant","synonymous"
"3849G>A","9743A>G",332,332.098171318576,-0.000128400480803709,1,"Not Significant","synonymous"
"3849G>A","6824C>T",341,339.037536092397,0.00250659578836717,0.294,"Not Significant","synonymous"
"3849G>A","7927C>T",354,354.898941289702,-0.00110144176608106,0.723,"Not Significant","synonymous"
"3849G>A","11902G>A",369,368.777670837344,0.000261749129167989,1,"Not Significant","synonymous"
"3849G>A","13227C>T",328,327.141482194418,0.00113822668579652,0.749,"Not Significant","synonymous"
"3849G>A","12741C>T",317,316.23676612127,0.00104690201257533,0.763,"Not Significant","synonymous"
"3849G>A","13863C>T",339,336.063522617902,0.00377832285200404,0.075,"Not Significant","synonymous"
"3849G>A","7211G>A",832,830.741097208855,0.000657630512452518,0.36,"Not Significant","synonymous"
"3849G>A","15490C>T",747,742.512030798845,0.00261710696793708,0.004,"Significant","synonymous"
"3849G>A","13500T>C",701,699.884504331088,0.000691639766860008,0.475,"Not Significant","synonymous"
"3849G>A","14944C>T",811,807.940327237729,0.00164156832318438,0.033,"Significant","synonymous"
"3849G>A","3360A>G",654,650.317613089509,0.00245223180061187,0.014,"Significant","synonymous"
"3849G>A","6005C>T",703,699.884504331088,0.00192894682002517,0.038,"Significant","synonymous"
"3849G>A","6483C>T",698,693.936477382098,0.00253570546090909,0.008,"Significant","synonymous"
"3849G>A","3798C>T",888,882.290664100096,0.0028012819856931,0,"Significant","synonymous"
"3849G>A","13116C>T",723,720.70259865255,0.00138220928749802,0.134,"Not Significant","synonymous"
"3849G>A","4992C>T",656,651.308950914341,0.00311679266788429,0.002,"Significant","synonymous"
"3849G>A","12978A>T",663,660.230991337825,0.00181762208647697,0.079,"Not Significant","synonymous"
"3849G>A","9548G>A",803,799.018286814245,0.0021588263255952,0.006,"Significant","synonymous"
"3849G>A","14422T>A",337,335.07218479307,0.00249152344568841,0.301,"Not Significant","synonymous"
"3849G>A","4875C>T",670,666.179018286814,0.00248385249900607,0.012,"Significant","synonymous"
"3849G>A","4020C>T",678,675.101058710298,0.00186090480628308,0.075,"Not Significant","synonymous"
"3849G>A","13998C>T",661,656.265640038499,0.00312179289794505,0.002,"Significant","synonymous"
"3849G>A","4964C>T",672,669.153031761309,0.00184382307480527,0.064,"Not Significant","synonymous"
"3849G>A","14767T>C",672,669.153031761309,0.00184382307480527,0.09,"Not Significant","synonymous"
"3849G>A","11389C>T",691,686.997112608277,0.00252313561439645,0.009,"Significant","synonymous"
"3849G>A","5121C>T",527,526.400384985563,0.000494416983082554,0.769,"Not Significant","synonymous"
"3849G>A","3885C>T",697,693.936477382098,0.00191306093575753,0.039,"Significant","synonymous"
"3849G>A","11245C>T",597,594.802694898941,0.00160140359773031,0.168,"Not Significant","synonymous"
"3849G>A","14521C>T",629,626.525505293552,0.00171189001488883,0.163,"Not Significant","synonymous"
"3849G>A","11587C>T",621,618.594802694899,0.00168533334616106,0.154,"Not Significant","synonymous"
"3849G>A","15430C>T",751,749.451395572666,0.000896464354966853,0.271,"Not Significant","synonymous"
"3849G>A","6572C>T",641,638.42155919153,0.00175048501101026,0.097,"Not Significant","synonymous"
"3849G>A","4919C>T",283,280.548604427334,0.00377832285200385,0.112,"Not Significant","synonymous"
"3849G>A","6485A>T",596,591.828681424447,0.00305025146287199,0.011,"Significant","synonymous"
"3849G>A","4131A>T",552,550.192492781521,0.00142441745852758,0.283,"Not Significant","synonymous"
"3849G>A","15538C>T",614,610.664100096246,0.002365981828747,0.047,"Significant","synonymous"
"3849G>A","14013A>G",310,307.314725697786,0.00377832285200385,0.07,"Not Significant","synonymous"
"3849G>A","15751A>T",258,255.765158806545,0.00377832285200366,0.108,"Not Significant","synonymous"
"3849G>A","4245C>T",379,376.708373435996,0.0026339362032667,0.163,"Not Significant","synonymous"
"3849G>A","10877C>T",570,570.019249278152,-1.4666165133883e-05,1,"Not Significant","synonymous"
"3849G>A","7858C>T",667,666.179018286814,0.000534883714728911,0.739,"Not Significant","synonymous"
"3849G>A","14569G>A",367,364.812319538017,0.00259656843057615,0.169,"Not Significant","synonymous"
"3849G>A","6059C>T",617,613.638113570741,0.00237283786512843,0.029,"Significant","synonymous"
"3849G>A","9347A>T",513,508.556304138595,0.00377832285200452,0.001,"Significant","synonymous"
"3849G>A","6563C>T",700,696.910490856593,0.00192103784643785,0.037,"Significant","synonymous"
"3849G>A","9954C>T",474,473.85948026949,0.000128767913971319,1,"Not Significant","synonymous"
"3849G>A","10202C>T",840,839.663137632339,0.000174198583179929,1,"Not Significant","synonymous"
"3849G>A","3687C>T",620,617.603464870067,0.00168196569108915,0.182,"Not Significant","synonymous"
"3849G>A","4161C>T",602,599.759384023099,0.00161943945736054,0.177,"Not Significant","synonymous"
"3849G>A","7756C>T",581,579.932627526468,0.000798589160155274,0.497,"Not Significant","synonymous"
"3849G>A","12774C>T",572,571.010587102984,0.00075186822181717,0.748,"Not Significant","synonymous"
"3849G>A","15616C>T",612,610.664100096246,0.000949032833140769,0.483,"Not Significant","synonymous"
"3849G>A","7690C>T",523,521.443695861405,0.00129426756554008,0.318,"Not Significant","synonymous"
"3849G>A","7256C>T",473,472.868142444658,0.000121084549702783,1,"Not Significant","synonymous"
"3849G>A","6378T>C",328,325.158806544755,0.00377832285200404,0.067,"Not Significant","synonymous"
"3849G>A","5324C>T",368,364.812319538017,0.00377832285200413,0.023,"Significant","synonymous"
"3849G>A","12555A>T",437,435.197305101059,0.0017952395803053,0.327,"Not Significant","synonymous"
"3849G>A","11761C>T",578,573.984600577478,0.00302759754509756,0.007,"Significant","synonymous"
"3849G>A","12975A>G",538,536.313763233879,0.00136333341182475,0.309,"Not Significant","synonymous"
"3849G>A","10867C>T",599,599.759384023099,-0.000550229411152266,0.744,"Not Significant","synonymous"
"3849G>A","12486C>T",289,287.487969201155,0.00227816770959615,0.315,"Not Significant","synonymous"
"3849G>A","13380C>T",508,506.573628488932,0.00122113500121146,0.524,"Not Significant","synonymous"
"3849G>A","8368G>A",499,497.651588065448,0.00117515133037552,0.51,"Not Significant","synonymous"
"3849G>A","6050T>A",519,516.487006737247,0.00210795740093816,0.094,"Not Significant","synonymous"
"3849G>A","3960C>T",501,496.660250240616,0.00377832285200442,0.003,"Significant","synonymous"
"3849G>A","7888C>G",405,401.491819056785,0.00377832285200423,0.017,"Significant","synonymous"
"3849G>A","7007C>T",497,497.651588065448,-0.000569005559681912,0.738,"Not Significant","synonymous"
"3849G>A","11806A>G",495,491.703561116458,0.00290184529537588,0.037,"Significant","synonymous"
"3849G>A","6617C>T",506,503.599615014437,0.0020651274078847,0.198,"Not Significant","synonymous"
"3849G>A","3543C>T",275,272.617901828681,0.00377832285200375,0.132,"Not Significant","synonymous"
"3849G>A","6173C>T",333,330.115495668912,0.00377832285200404,0.059,"Not Significant","synonymous"
"3849G>A","15514T>C",453,450.067372473532,0.00282067200773251,0.081,"Not Significant","synonymous"
"3849G>A","11134A>T",238,236.929740134745,0.00195737896037866,0.473,"Not Significant","synonymous"
"3849G>A","4086C>T",442,440.153994225217,0.00181762208647687,0.328,"Not Significant","synonymous"
"3849G>A","9575G>A",457,456.015399422522,0.000936691240281157,0.733,"Not Significant","synonymous"
"3849G>A","3795C>T",452,449.076034648701,0.00281855565055478,0.098,"Not Significant","synonymous"
"3849G>A","15736A>T",418,415.370548604427,0.00274058166074443,0.095,"Not Significant","synonymous"
"3849G>A","7130C>T",404,402.483156881617,0.00163365438541568,0.344,"Not Significant","synonymous"
"3849G>A","13902C>T",361,357.872954764196,0.00377832285200413,0.037,"Significant","synonymous"
"3849G>A","4604C>T",381,379.682386910491,0.00150452455900139,0.472,"Not Significant","synonymous"
"3849G>A","9374A>G",266,264.687199230029,0.00214869811849614,0.46,"Not Significant","synonymous"
"3849G>A","8967C>T",452,450.067372473532,0.00186090480628298,0.318,"Not Significant","synonymous"
"3849G>A","4248T>C",448,445.110683349374,0.00280999584682538,0.093,"Not Significant","synonymous"
"3849G>A","10196C>T",432,431.231953801732,0.00077281271227977,0.758,"Not Significant","synonymous"
"12633C>T","7931C>T",1027,1025.04619826756,0.000827004351318426,0.001,"Significant","synonymous"
"12633C>T","11062C>T",1027,1024.05389797883,0.00124762857974638,0,"Significant","synonymous"
"12633C>T","10762G>A",1027,1024.05389797883,0.00124762857974638,0,"Significant","synonymous"
"12633C>T","6587C>T",824,823.609239653513,0.000206001594702728,1,"Not Significant","synonymous"
"12633C>T","9039G>A",934,930.777670837344,0.00150092012468956,0.003,"Significant","synonymous"
"12633C>T","15175C>T",821,818.647738209817,0.00124609084317635,0.05,"Not Significant","synonymous"
"12633C>T","4152C>T",616,614.233878729548,0.00124694541796813,0.289,"Not Significant","synonymous"
"12633C>T","4122A>G",751,748.194417709336,0.00162547340805498,0.031,"Significant","synonymous"
"12633C>T","10951C>T",365,365.166506256015,-0.00019807194338202,1,"Not Significant","synonymous"
"12633C>T","9743A>G",333,332.420596727623,0.000756308743135289,0.734,"Not Significant","synonymous"
"12633C>T","6824C>T",340,339.366698748797,0.000809693259780639,0.731,"Not Significant","synonymous"
"12633C>T","7927C>T",356,355.243503368624,0.000923853602661399,0.693,"Not Significant","synonymous"
"12633C>T","11902G>A",370,369.135707410972,0.001015666458758,0.747,"Not Significant","synonymous"
"12633C>T","13227C>T",328,327.459095283927,0.000716786107452254,0.731,"Not Significant","synonymous"
"12633C>T","12741C>T",317,316.543792107796,0.000625461434230982,1,"Not Significant","synonymous"
"12633C>T","13863C>T",337,336.389797882579,0.00078708494191709,0.726,"Not Significant","synonymous"
"12633C>T","7211G>A",833,831.547641963426,0.000757865050171806,0.371,"Not Significant","synonymous"
"12633C>T","15490C>T",748,743.23291626564,0.00277666243865535,0.001,"Significant","synonymous"
"12633C>T","13500T>C",703,700.564003849856,0.00150750624168092,0.107,"Not Significant","synonymous"
"12633C>T","14944C>T",811,808.724735322425,0.00122012774484012,0.063,"Not Significant","synonymous"
"12633C>T","3360A>G",654,650.948989412897,0.00203079122226755,0.047,"Significant","synonymous"
"12633C>T","6005C>T",705,700.564003849856,0.00274129821325548,0.004,"Significant","synonymous"
"12633C>T","6483C>T",698,694.61020211742,0.0021142648825649,0.014,"Significant","synonymous"
"12633C>T","3798C>T",887,883.147256977863,0.00189049546047427,0.003,"Significant","synonymous"
"12633C>T","13116C>T",725,721.402309913378,0.00216047798561648,0.015,"Significant","synonymous"
"12633C>T","4992C>T",656,651.941289701636,0.0026953520895399,0.007,"Significant","synonymous"
"12633C>T","12978A>T",665,660.871992300289,0.00270429840646397,0.004,"Significant","synonymous"
"12633C>T","9548G>A",803,799.794032723773,0.00173738574725092,0.015,"Significant","synonymous"
"12633C>T","14422T>A",336,335.39749759384,0.000779459385849935,0.737,"Not Significant","synonymous"
"12633C>T","4875C>T",671,666.825794032724,0.00271012938882723,0.002,"Significant","synonymous"
"12633C>T","4020C>T",680,675.756496631376,0.00271868306711159,0.002,"Significant","synonymous"
"12633C>T","13998C>T",660,656.902791145332,0.00204282837582937,0.033,"Significant","synonymous"
"12633C>T","4964C>T",674,669.802694898941,0.00271300597795535,0.003,"Significant","synonymous"
"12633C>T","14767T>C",673,669.802694898941,0.00206817366661247,0.025,"Significant","synonymous"
"12633C>T","11389C>T",692,687.664100096246,0.00272974211861147,0.001,"Significant","synonymous"
"12633C>T","5121C>T",530,526.9114533205,0.00253823079298029,0.031,"Significant","synonymous"
"12633C>T","3885C>T",699,694.61020211742,0.00273601800508512,0,"Significant","synonymous"
"12633C>T","11245C>T",598,595.380173243503,0.00190681587842776,0.059,"Not Significant","synonymous"
"12633C>T","14521C>T",631,627.133782483157,0.00266916323540973,0.012,"Significant","synonymous"
"12633C>T","11587C>T",624,619.195380173244,0.00335688227366035,0,"Significant","synonymous"
"12633C>T","15430C>T",751,750.179018286814,0.000475023776622693,0.703,"Not Significant","synonymous"
"12633C>T","6572C>T",644,639.041385948027,0.00335688227366035,0,"Significant","synonymous"
"12633C>T","4919C>T",282,280.820981713186,0.00181955506873107,0.441,"Not Significant","synonymous"
"12633C>T","6485A>T",597,592.403272377286,0.00335688227366026,0.001,"Significant","synonymous"
"12633C>T","4131A>T",554,550.726660250241,0.00257366387941388,0.021,"Significant","synonymous"
"12633C>T","15538C>T",613,611.25697786333,0.00123664462765014,0.269,"Not Significant","synonymous"
"12633C>T","14013A>G",310,307.613089509143,0.00335688227365978,0.118,"Not Significant","synonymous"
"12633C>T","15751A>T",257,256.013474494706,0.0016702996417246,0.692,"Not Significant","synonymous"
"12633C>T","4245C>T",377,377.074109720885,-8.53641373564151e-05,1,"Not Significant","synonymous"
"12633C>T","10877C>T",572,570.572666025024,0.00108506637705445,0.49,"Not Significant","synonymous"
"12633C>T","7858C>T",670,666.825794032724,0.00206241192066174,0.027,"Significant","synonymous"
"12633C>T","14569G>A",366,365.166506256015,0.00099014899455365,0.711,"Not Significant","synonymous"
"12633C>T","6059C>T",619,614.233878729548,0.00335688227366035,0,"Significant","synonymous"
"12633C>T","9347A>T",512,509.050048123195,0.00250947813767484,0.08,"Not Significant","synonymous"
"12633C>T","6563C>T",700,697.587102983638,0.00149959726809353,0.114,"Not Significant","synonymous"
"12633C>T","9954C>T",477,474.319538017324,0.00244736470165548,0.086,"Not Significant","synonymous"
"12633C>T","10202C>T",842,840.478344562079,0.000785563442603308,0.16,"Not Significant","synonymous"
"12633C>T","3687C>T",620,618.203079884504,0.00126052511274492,0.279,"Not Significant","synonymous"
"12633C>T","4161C>T",604,600.341674687199,0.00263844624232342,0.014,"Significant","synonymous"
"12633C>T","7756C>T",584,580.495668912416,0.00261386330387942,0.007,"Significant","synonymous"
"12633C>T","12774C>T",573,571.564966313763,0.00108902081783864,0.453,"Not Significant","synonymous"
"12633C>T","15616C>T",614,611.25697786333,0.00194454125040265,0.061,"Not Significant","synonymous"
"12633C>T","7690C>T",525,521.949951876805,0.00253044152587817,0.03,"Significant","synonymous"
"12633C>T","7256C>T",475,473.327237728585,0.00153211285841325,0.291,"Not Significant","synonymous"
"12633C>T","6378T>C",328,325.474494706449,0.00335688227365978,0.073,"Not Significant","synonymous"
"12633C>T","5324C>T",367,365.166506256015,0.00217512785223194,0.274,"Not Significant","synonymous"
"12633C>T","12555A>T",439,435.619826756497,0.00335688227366007,0.026,"Significant","synonymous"
"12633C>T","11761C>T",579,574.541867179981,0.00335688227366026,0.001,"Significant","synonymous"
"12633C>T","12975A>G",538,536.834456207892,0.000941892833480385,0.495,"Not Significant","synonymous"
"12633C>T","10867C>T",602,600.341674687199,0.00119799887901639,0.3,"Not Significant","synonymous"
"12633C>T","12486C>T",289,287.76708373436,0.00185672713125201,0.449,"Not Significant","synonymous"
"12633C>T","13380C>T",509,507.065447545717,0.00165376447570654,0.286,"Not Significant","synonymous"
"12633C>T","8368G>A",500,498.134744947064,0.00162316946466004,0.27,"Not Significant","synonymous"
"12633C>T","6050T>A",521,516.988450433109,0.00335688227366016,0.006,"Significant","synonymous"
"12633C>T","3960C>T",501,497.142444658325,0.00335688227366016,0.005,"Significant","synonymous"
"12633C>T","7888C>G",405,401.881616939365,0.00335688227365997,0.028,"Significant","synonymous"
"12633C>T","7007C>T",500,498.134744947064,0.00162316946466004,0.291,"Not Significant","synonymous"
"12633C>T","11806A>G",496,492.18094321463,0.00335688227366016,0.008,"Significant","synonymous"
"12633C>T","6617C>T",507,504.0885466795,0.00250112932307709,0.063,"Not Significant","synonymous"
"12633C>T","3543C>T",274,272.882579403272,0.00177475126378552,0.47,"Not Significant","synonymous"
"12633C>T","6173C>T",332,330.435996150144,0.00205073247137667,0.31,"Not Significant","synonymous"
"12633C>T","15514T>C",454,450.504331087584,0.00335688227366016,0.023,"Significant","synonymous"
"12633C>T","11134A>T",237,237.159769008662,-0.000292672664372795,1,"Not Significant","synonymous"
"12633C>T","4086C>T",443,440.581328200193,0.00237763838211008,0.131,"Not Significant","synonymous"
"12633C>T","9575G>A",459,456.458132820019,0.00241173612934752,0.089,"Not Significant","synonymous"
"12633C>T","3795C>T",451,449.512030798845,0.00143522213878916,0.471,"Not Significant","synonymous"
"12633C>T","15736A>T",419,415.773820981713,0.00335688227365997,0.02,"Significant","synonymous"
"12633C>T","7130C>T",405,402.873917228104,0.00228587191113471,0.157,"Not Significant","synonymous"
"12633C>T","13902C>T",361,358.220404234841,0.00335688227365988,0.052,"Not Significant","synonymous"
"12633C>T","4604C>T",383,380.051010587103,0.00335688227366007,0.061,"Not Significant","synonymous"
"12633C>T","9374A>G",267,264.944177093359,0.00335688227365959,0.11,"Not Significant","synonymous"
"12633C>T","8967C>T",451,450.504331087584,0.000477571294517364,1,"Not Significant","synonymous"
"12633C>T","4248T>C",447,445.542829643888,0.00141806440227379,0.49,"Not Significant","synonymous"
"12633C>T","10196C>T",432,431.65062560154,0.00035137213393556,1,"Not Significant","synonymous"
"7931C>T","11062C>T",1030,1026.04042348412,0.00167275345153626,0,"Significant","synonymous"
"7931C>T","10762G>A",1030,1026.04042348412,0.00167275345153626,0,"Significant","synonymous"
"7931C>T","6587C>T",825,825.206929740135,-0.00010891778859199,1,"Not Significant","synonymous"
"7931C>T","9039G>A",934,932.583253128008,0.000659263888585665,0.113,"Not Significant","synonymous"
"7931C>T","15175C>T",823,820.235803657363,0.00146111269990142,0.014,"Significant","synonymous"
"7931C>T","4152C>T",616,615.425409047161,0.000405289181864198,0.687,"Not Significant","synonymous"
"7931C>T","4122A>G",753,749.645813282002,0.00193885636848302,0.008,"Significant","synonymous"
"7931C>T","10951C>T",367,365.874879692012,0.00133347161612823,0.45,"Not Significant","synonymous"
"7931C>T","9743A>G",334,333.065447545717,0.00121688581227575,0.683,"Not Significant","synonymous"
"7931C>T","6824C>T",340,340.025024061598,-3.1962976323081e-05,1,"Not Significant","synonymous"
"7931C>T","7927C>T",357,355.932627526468,0.0013004155058753,0.436,"Not Significant","synonymous"
"7931C>T","11902G>A",369,369.851780558229,-0.00100134768528009,0.662,"Not Significant","synonymous"
"7931C>T","13227C>T",329,328.094321462945,0.00119718410964321,0.668,"Not Significant","synonymous"
"7931C>T","12741C>T",317,317.157844080847,-0.000216194801872749,1,"Not Significant","synonymous"
"7931C>T","13863C>T",338,337.042348411935,0.001232228112129,0.665,"Not Significant","synonymous"
"7931C>T","7211G>A",835,833.16073147257,0.000957682890882323,0.086,"Not Significant","synonymous"
"7931C>T","15490C>T",748,744.67468719923,0.00193500620255143,0.011,"Significant","synonymous"
"7931C>T","13500T>C",703,701.923002887392,0.000665850005576972,0.401,"Not Significant","synonymous"
"7931C>T","14944C>T",814,810.293551491819,0.00198202218678119,0.005,"Significant","synonymous"
"7931C>T","3360A>G",656,652.211742059673,0.00251522603755644,0.005,"Significant","synonymous"
"7931C>T","6005C>T",705,701.923002887392,0.00189964197715153,0.011,"Significant","synonymous"
"7931C>T","6483C>T",700,695.957651588065,0.00251522603755644,0.001,"Significant","synonymous"
"7931C>T","3798C>T",890,884.860442733398,0.00251522603755654,0,"Significant","synonymous"
"7931C>T","13116C>T",727,722.801732435034,0.00251522603755654,0,"Significant","synonymous"
"7931C>T","4992C>T",657,653.205967276227,0.00251522603755644,0.002,"Significant","synonymous"
"7931C>T","12978A>T",666,662.153994225217,0.00251522603755644,0.001,"Significant","synonymous"
"7931C>T","9548G>A",803,801.34552454283,0.000895729511147012,0.135,"Not Significant","synonymous"
"7931C>T","14422T>A",337,336.04812319538,0.00122842663124041,0.694,"Not Significant","synonymous"
"7931C>T","4875C>T",672,668.119345524543,0.00251522603755644,0.001,"Significant","synonymous"
"7931C>T","4020C>T",681,677.067372473532,0.00251522603755644,0.002,"Significant","synonymous"
"7931C>T","13998C>T",662,658.177093358999,0.00251522603755644,0.006,"Significant","synonymous"
"7931C>T","4964C>T",675,671.102021174206,0.00251522603755654,0.001,"Significant","synonymous"
"7931C>T","14767T>C",674,671.102021174206,0.00187134974185153,0.023,"Significant","synonymous"
"7931C>T","11389C>T",693,688.998075072185,0.00251522603755654,0.003,"Significant","synonymous"
"7931C>T","5121C>T",529,527.933589990375,0.000876376991273362,0.423,"Not Significant","synonymous"
"7931C>T","3885C>T",700,695.957651588065,0.00251522603755644,0.003,"Significant","synonymous"
"7931C>T","11245C>T",599,596.535129932627,0.00179079804322436,0.1,"Not Significant","synonymous"
"7931C>T","14521C>T",631,628.350336862368,0.00182750699930583,0.035,"Significant","synonymous"
"7931C>T","11587C>T",624,620.396535129933,0.00251522603755644,0.007,"Significant","synonymous"
"7931C>T","15430C>T",754,751.634263715111,0.00136477640612422,0.047,"Significant","synonymous"
"7931C>T","6572C>T",643,640.28103946102,0.0018403316019665,0.029,"Significant","synonymous"
"7931C>T","4919C>T",283,281.365736284889,0.00251522603755596,0.196,"Not Significant","synonymous"
"7931C>T","6485A>T",597,593.552454282964,0.00251522603755644,0.005,"Significant","synonymous"
"7931C>T","4131A>T",555,551.794995187681,0.00251522603755625,0.014,"Significant","synonymous"
"7931C>T","15538C>T",616,612.442733397498,0.00251522603755644,0.006,"Significant","synonymous"
"7931C>T","14013A>G",310,308.209817131858,0.00251522603755596,0.2,"Not Significant","synonymous"
"7931C>T","15751A>T",257,256.51010587103,0.000828643405620855,1,"Not Significant","synonymous"
"7931C>T","4245C>T",378,377.805582290664,0.000223429257971974,1,"Not Significant","synonymous"
"7931C>T","10877C>T",572,571.679499518768,0.000243410140950516,1,"Not Significant","synonymous"
"7931C>T","7858C>T",669,668.119345524543,0.000572070751554634,0.649,"Not Significant","synonymous"
"7931C>T","14569G>A",367,365.874879692012,0.00133347161612823,0.419,"Not Significant","synonymous"
"7931C>T","6059C>T",619,615.425409047161,0.00251522603755644,0.01,"Significant","synonymous"
"7931C>T","9347A>T",513,510.037536092397,0.00251522603755634,0.038,"Significant","synonymous"
"7931C>T","6563C>T",701,698.940327237729,0.00127791898439131,0.087,"Not Significant","synonymous"
"7931C>T","9954C>T",475,475.239653512993,-0.000219060949695426,1,"Not Significant","synonymous"
"7931C>T","10202C>T",842,842.108758421559,-5.60927935006088e-05,1,"Not Significant","synonymous"
"7931C>T","3687C>T",621,619.402309913378,0.00111877955496722,0.218,"Not Significant","synonymous"
"7931C>T","4161C>T",603,601.506256015399,0.0010771635252391,0.42,"Not Significant","synonymous"
"7931C>T","7756C>T",584,581.621751684312,0.00177220706777549,0.09,"Not Significant","synonymous"
"7931C>T","12774C>T",575,572.673724735322,0.00176058730397502,0.094,"Not Significant","synonymous"
"7931C>T","15616C>T",614,612.442733397498,0.00110288501429887,0.233,"Not Significant","synonymous"
"7931C>T","7690C>T",523,522.962463907603,3.11707510919838e-05,1,"Not Significant","synonymous"
"7931C>T","7256C>T",474,474.245428296439,-0.000224811328471969,1,"Not Significant","synonymous"
"7931C>T","6378T>C",327,326.105871029836,0.00118913498616347,0.676,"Not Significant","synonymous"
"7931C>T","5324C>T",368,365.874879692012,0.00251522603755615,0.082,"Not Significant","synonymous"
"7931C>T","12555A>T",439,436.464870067372,0.00251522603755625,0.041,"Significant","synonymous"
"7931C>T","11761C>T",579,575.656400384986,0.00251522603755644,0.01,"Significant","synonymous"
"7931C>T","12975A>G",540,537.875842155919,0.00171172075395555,0.102,"Not Significant","synonymous"
"7931C>T","10867C>T",601,601.506256015399,-0.000365676612172403,0.723,"Not Significant","synonymous"
"7931C>T","12486C>T",289,288.32531280077,0.00101507089514828,0.681,"Not Significant","synonymous"
"7931C>T","13380C>T",511,508.049085659288,0.00251522603755634,0.024,"Significant","synonymous"
"7931C>T","8368G>A",500,499.101058710298,0.000781513228556116,0.681,"Not Significant","synonymous"
"7931C>T","6050T>A",521,517.991337824832,0.00251522603755634,0.013,"Significant","synonymous"
"7931C>T","3960C>T",501,498.106833493744,0.00251522603755634,0.028,"Significant","synonymous"
"7931C>T","7888C>G",405,402.661212704524,0.00251522603755625,0.093,"Not Significant","synonymous"
"7931C>T","7007C>T",499,499.101058710298,-8.79454840725756e-05,1,"Not Significant","synonymous"
"7931C>T","11806A>G",496,493.135707410972,0.00251522603755625,0.032,"Significant","synonymous"
"7931C>T","6617C>T",505,505.066410009625,-5.7108127701009e-05,1,"Not Significant","synonymous"
"7931C>T","3543C>T",275,273.411934552454,0.00251522603755596,0.201,"Not Significant","synonymous"
"7931C>T","6173C>T",333,331.076997112608,0.00251522603755606,0.18,"Not Significant","synonymous"
"7931C>T","15514T>C",453,451.378248315688,0.00155757519328445,0.245,"Not Significant","synonymous"
"7931C>T","11134A>T",238,237.619826756497,0.000694282145930844,1,"Not Significant","synonymous"
"7931C>T","4086C>T",444,441.435996150144,0.00251522603755625,0.038,"Significant","synonymous"
"7931C>T","9575G>A",460,457.343599615014,0.00251522603755634,0.049,"Significant","synonymous"
"7931C>T","3795C>T",453,450.384023099134,0.00251522603755625,0.057,"Not Significant","synonymous"
"7931C>T","15736A>T",419,416.580365736285,0.00251522603755625,0.094,"Not Significant","synonymous"
"7931C>T","7130C>T",405,403.655437921078,0.0014442156750309,0.418,"Not Significant","synonymous"
"7931C>T","13902C>T",361,358.915303176131,0.00251522603755615,0.088,"Not Significant","synonymous"
"7931C>T","4604C>T",382,380.788257940327,0.00137981498064241,0.428,"Not Significant","synonymous"
"7931C>T","9374A>G",267,265.458132820019,0.00251522603755587,0.205,"Not Significant","synonymous"
"7931C>T","8967C>T",453,451.378248315688,0.00155757519328445,0.23,"Not Significant","synonymous"
"7931C>T","4248T>C",447,446.407122232916,0.000576408166169964,0.711,"Not Significant","synonymous"
"7931C>T","10196C>T",434,432.487969201155,0.00151569859542983,0.24,"Not Significant","synonymous"
"11062C>T","10762G>A",1030,1025.04716073147,0.00209337767996429,0,"Significant","synonymous"
"11062C>T","6587C>T",825,824.408084696824,0.000311706439835998,0.661,"Not Significant","synonymous"
"11062C>T","9039G>A",933,931.680461982676,0.000614655633420275,0.135,"Not Significant","synonymous"
"11062C>T","15175C>T",822,819.44177093359,0.00135371925611001,0.031,"Significant","synonymous"
"11062C>T","4152C>T",615,614.829643888354,0.000120317021283607,1,"Not Significant","synonymous"
"11062C>T","4122A>G",753,748.920115495669,0.00235948059691104,0.001,"Significant","synonymous"
"11062C>T","10951C>T",366,365.520692974014,0.000569116986877699,1,"Not Significant","synonymous"
"11062C>T","9743A>G",334,332.74302213667,0.00163751004070365,0.426,"Not Significant","synonymous"
"11062C>T","6824C>T",341,339.695861405197,0.00166412320234705,0.454,"Not Significant","synonymous"
"11062C>T","7927C>T",357,355.588065447546,0.00172103973430323,0.415,"Not Significant","synonymous"
"11062C>T","11902G>A",369,369.493743984601,-0.000580723456852123,1,"Not Significant","synonymous"
"11062C>T","13227C>T",329,327.776708373436,0.00161780833807117,0.456,"Not Significant","synonymous"
"11062C>T","12741C>T",318,316.850818094321,0.00157228719323591,0.4,"Not Significant","synonymous"
"11062C>T","13863C>T",339,336.716073147257,0.00293585026598401,0.115,"Not Significant","synonymous"
"11062C>T","7211G>A",833,832.354186717998,0.000336833042495843,0.651,"Not Significant","synonymous"
"11062C>T","15490C>T",747,743.953801732435,0.00177463438191694,0.022,"Significant","synonymous"
"11062C>T","13500T>C",703,701.243503368624,0.00108647423400492,0.229,"Not Significant","synonymous"
"11062C>T","14944C>T",811,809.509143407122,0.000799095737164231,0.358,"Not Significant","synonymous"
"11062C>T","3360A>G",655,651.580365736285,0.00227331088210727,0.015,"Significant","synonymous"
"11062C>T","6005C>T",704,701.243503368624,0.00170380835629306,0.043,"Significant","synonymous"
"11062C>T","6483C>T",699,695.283926852743,0.0023149859974091,0.016,"Significant","synonymous"
"11062C>T","3798C>T",888,884.00384985563,0.00195880939967285,0.002,"Significant","synonymous"
"11062C>T","13116C>T",726,722.102021174206,0.00233806010704042,0.005,"Significant","synonymous"
"11062C>T","4992C>T",656,652.573628488932,0.00227432008186398,0.008,"Significant","synonymous"
"11062C>T","12978A>T",664,661.512993262753,0.00162970046370105,0.113,"Not Significant","synonymous"
"11062C>T","9548G>A",803,800.569778633301,0.00131635373957494,0.059,"Not Significant","synonymous"
"11062C>T","14422T>A",337,335.72281039461,0.00164905085966826,0.43,"Not Significant","synonymous"
"11062C>T","4875C>T",671,667.472569778633,0.00228909738115137,0.009,"Significant","synonymous"
"11062C>T","4020C>T",680,676.411934552454,0.00229765105943561,0.01,"Significant","synonymous"
"11062C>T","13998C>T",660,657.539942252166,0.00162179636815336,0.092,"Not Significant","synonymous"
"11062C>T","4964C>T",673,670.452358036574,0.00164714165893656,0.05,"Not Significant","synonymous"
"11062C>T","14767T>C",673,670.452358036574,0.00164714165893656,0.048,"Significant","synonymous"
"11062C>T","11389C>T",691,688.331087584216,0.00168066302837635,0.055,"Not Significant","synonymous"
"11062C>T","5121C>T",529,527.422521655438,0.00129700121970127,0.264,"Not Significant","synonymous"
"11062C>T","3885C>T",699,695.283926852743,0.0023149859974091,0.003,"Significant","synonymous"
"11062C>T","11245C>T",599,595.957651588065,0.00221142227165223,0.033,"Significant","synonymous"
"11062C>T","14521C>T",629,627.742059672762,0.00086941742886866,0.438,"Not Significant","synonymous"
"11062C>T","11587C>T",622,619.795957651588,0.00154164527437931,0.125,"Not Significant","synonymous"
"11062C>T","15430C>T",753,750.906641000963,0.0012090309654787,0.084,"Not Significant","synonymous"
"11062C>T","6572C>T",642,639.661212704524,0.00158501097502583,0.111,"Not Significant","synonymous"
"11062C>T","4919C>T",283,281.093358999038,0.00293585026598381,0.19,"Not Significant","synonymous"
"11062C>T","6485A>T",595,592.977863330125,0.00147848486516508,0.133,"Not Significant","synonymous"
"11062C>T","4131A>T",554,551.260827718961,0.00215263187173793,0.056,"Not Significant","synonymous"
"11062C>T","15538C>T",613,611.849855630414,0.000815612619974206,0.442,"Not Significant","synonymous"
"11062C>T","14013A>G",310,307.9114533205,0.00293585026598391,0.122,"Not Significant","synonymous"
"11062C>T","15751A>T",258,256.261790182868,0.00293585026598372,0.18,"Not Significant","synonymous"
"11062C>T","4245C>T",378,377.439846005775,0.000644053486399788,0.724,"Not Significant","synonymous"
"11062C>T","10877C>T",573,571.126082771896,0.0014226275437441,0.253,"Not Significant","synonymous"
"11062C>T","7858C>T",668,667.472569778633,0.000343039687705211,0.698,"Not Significant","synonymous"
"11062C>T","14569G>A",367,365.520692974014,0.00175409584455603,0.461,"Not Significant","synonymous"
"11062C>T","6059C>T",618,614.829643888354,0.00223367633468234,0.018,"Significant","synonymous"
"11062C>T","9347A>T",513,509.543792107796,0.00293585026598429,0.019,"Significant","synonymous"
"11062C>T","6563C>T",700,698.263715110683,0.00107856526041759,0.233,"Not Significant","synonymous"
"11062C>T","9954C>T",475,474.779595765159,0.000201563278732528,1,"Not Significant","synonymous"
"11062C>T","10202C>T",842,841.293551491819,0.000364531434927438,0.609,"Not Significant","synonymous"
"11062C>T","3687C>T",620,618.802694898941,0.000839493105068975,0.462,"Not Significant","synonymous"
"11062C>T","4161C>T",604,600.923965351299,0.00221741423464751,0.036,"Significant","synonymous"
"11062C>T","7756C>T",582,581.058710298364,0.000702968833692773,0.73,"Not Significant","synonymous"
"11062C>T","12774C>T",574,572.119345524543,0.00142525924074605,0.237,"Not Significant","synonymous"
"11062C>T","15616C>T",613,611.849855630414,0.000815612619974206,0.448,"Not Significant","synonymous"
"11062C>T","7690C>T",522,522.456207892204,-0.000379390885492054,1,"Not Significant","synonymous"
"11062C>T","7256C>T",475,473.786333012512,0.00111108085073735,0.466,"Not Significant","synonymous"
"11062C>T","6378T>C",328,325.790182868142,0.00293585026598401,0.105,"Not Significant","synonymous"
"11062C>T","5324C>T",368,365.520692974014,0.00293585026598401,0.105,"Not Significant","synonymous"
"11062C>T","12555A>T",438,436.042348411935,0.00194544052796256,0.245,"Not Significant","synonymous"
"11062C>T","11761C>T",579,575.099133782483,0.00293585026598439,0.002,"Significant","synonymous"
"11062C>T","12975A>G",539,537.355149181906,0.00132735034615383,0.253,"Not Significant","synonymous"
"11062C>T","10867C>T",601,600.923965351299,5.4947616255561e-05,1,"Not Significant","synonymous"
"11062C>T","12486C>T",289,288.046198267565,0.00143569512357615,0.682,"Not Significant","synonymous"
"11062C>T","13380C>T",511,507.557266602502,0.00293585026598429,0.014,"Significant","synonymous"
"11062C>T","8368G>A",501,498.617901828681,0.00206985898821077,0.142,"Not Significant","synonymous"
"11062C>T","6050T>A",521,517.48989412897,0.00293585026598429,0.002,"Significant","synonymous"
"11062C>T","3960C>T",500,497.624639076035,0.00206812873475757,0.116,"Not Significant","synonymous"
"11062C>T","7888C>G",404,402.271414821944,0.00186219216192085,0.261,"Not Significant","synonymous"
"11062C>T","7007C>T",497,498.617901828681,-0.0014114781457021,0.28,"Not Significant","synonymous"
"11062C>T","11806A>G",496,492.658325312801,0.0029358502659842,0.011,"Significant","synonymous"
"11062C>T","6617C>T",506,504.577478344562,0.00122265482186454,0.46,"Not Significant","synonymous"
"11062C>T","3543C>T",275,273.147256977863,0.00293585026598381,0.191,"Not Significant","synonymous"
"11062C>T","6173C>T",333,330.756496631376,0.00293585026598401,0.101,"Not Significant","synonymous"
"11062C>T","15514T>C",454,450.941289701636,0.0029358502659842,0.022,"Significant","synonymous"
"11062C>T","11134A>T",238,237.389797882579,0.00111490637435867,0.69,"Not Significant","synonymous"
"11062C>T","4086C>T",444,441.008662175168,0.0029358502659842,0.039,"Significant","synonymous"
"11062C>T","9575G>A",460,456.900866217517,0.00293585026598429,0.022,"Significant","synonymous"
"11062C>T","3795C>T",452,449.948026948989,0.00197608306453462,0.149,"Not Significant","synonymous"
"11062C>T","15736A>T",418,416.177093358999,0.00189810907472429,0.246,"Not Significant","synonymous"
"11062C>T","7130C>T",406,403.264677574591,0.0029358502659841,0.05,"Not Significant","synonymous"
"11062C>T","13902C>T",361,358.567853705486,0.00293585026598401,0.103,"Not Significant","synonymous"
"11062C>T","4604C>T",382,380.419634263715,0.00180043920907037,0.251,"Not Significant","synonymous"
"11062C>T","9374A>G",267,265.201154956689,0.00293585026598381,0.203,"Not Significant","synonymous"
"11062C>T","8967C>T",452,450.941289701636,0.00101843222026285,0.482,"Not Significant","synonymous"
"11062C>T","4248T>C",447,445.974975938402,0.000997032394597922,0.461,"Not Significant","synonymous"
"11062C>T","10196C>T",432,432.069297401347,-6.96598737403435e-05,1,"Not Significant","synonymous"
"10762G>A","6587C>T",826,824.408084696824,0.00083780521029308,0.167,"Not Significant","synonymous"
"10762G>A","9039G>A",932,931.680461982676,0.000148924240901738,1,"Not Significant","synonymous"
"10762G>A","15175C>T",821,819.44177093359,0.00082505883550048,0.149,"Not Significant","synonymous"
"10762G>A","4152C>T",614,614.829643888354,-0.000586427612965359,0.684,"Not Significant","synonymous"
"10762G>A","4122A>G",752,748.920115495669,0.00178234498785284,0.016,"Significant","synonymous"
"10762G>A","10951C>T",365,365.520692974014,-0.000619103951057965,0.707,"Not Significant","synonymous"
"10762G>A","9743A>G",333,332.74302213667,0.000335276735459354,1,"Not Significant","synonymous"
"10762G>A","6824C>T",340,339.695861405197,0.00038866125210481,1,"Not Significant","synonymous"
"10762G>A","7927C>T",356,355.588065447546,0.000502821594985499,1,"Not Significant","synonymous"
"10762G>A","11902G>A",369,369.493743984601,-0.000580723456852123,1,"Not Significant","synonymous"
"10762G>A","13227C>T",328,327.776708373436,0.000295754099776403,1,"Not Significant","synonymous"
"10762G>A","12741C>T",316,316.850818094321,-0.00116775017279209,0.699,"Not Significant","synonymous"
"10762G>A","13863C>T",338,336.716073147257,0.00165285234055693,0.421,"Not Significant","synonymous"
"10762G>A","7211G>A",834,832.354186717998,0.000857882273446911,0.137,"Not Significant","synonymous"
"10762G>A","15490C>T",748,743.953801732435,0.0023556304309794,0.001,"Significant","synonymous"
"10762G>A","13500T>C",703,701.243503368624,0.00108647423400492,0.206,"Not Significant","synonymous"
"10762G>A","14944C>T",812,809.509143407122,0.00133427076718338,0.032,"Significant","synonymous"
"10762G>A","3360A>G",656,651.580365736285,0.00293585026598439,0.003,"Significant","synonymous"
"10762G>A","6005C>T",705,701.243503368624,0.00232026620557945,0.006,"Significant","synonymous"
"10762G>A","6483C>T",700,695.283926852743,0.00293585026598439,0,"Significant","synonymous"
"10762G>A","3798C>T",888,884.00384985563,0.00195880939967285,0.001,"Significant","synonymous"
"10762G>A","13116C>T",727,722.102021174206,0.00293585026598449,0,"Significant","synonymous"
"10762G>A","4992C>T",656,652.573628488932,0.00227432008186398,0.015,"Significant","synonymous"
"10762G>A","12978A>T",665,661.512993262753,0.00228326639878804,0.007,"Significant","synonymous"
"10762G>A","9548G>A",803,800.569778633301,0.00131635373957494,0.038,"Significant","synonymous"
"10762G>A","14422T>A",336,335.72281039461,0.000358427378174055,1,"Not Significant","synonymous"
"10762G>A","4875C>T",671,667.472569778633,0.00228909738115137,0.01,"Significant","synonymous"
"10762G>A","4020C>T",680,676.411934552454,0.00229765105943561,0.002,"Significant","synonymous"
"10762G>A","13998C>T",661,657.539942252166,0.00227932031192476,0.01,"Significant","synonymous"
"10762G>A","4964C>T",674,670.452358036574,0.00229197397027941,0.008,"Significant","synonymous"
"10762G>A","14767T>C",674,670.452358036574,0.00229197397027941,0.011,"Significant","synonymous"
"10762G>A","11389C>T",692,688.331087584216,0.0023087101109356,0.005,"Significant","synonymous"
"10762G>A","5121C>T",529,527.422521655438,0.00129700121970127,0.294,"Not Significant","synonymous"
"10762G>A","3885C>T",699,695.283926852743,0.0023149859974091,0.008,"Significant","synonymous"
"10762G>A","11245C>T",599,595.957651588065,0.00221142227165223,0.021,"Significant","synonymous"
"10762G>A","14521C>T",630,627.742059672762,0.00155932143718132,0.131,"Not Significant","synonymous"
"10762G>A","11587C>T",623,619.795957651588,0.00223930724273007,0.025,"Significant","synonymous"
"10762G>A","15430C>T",752,750.906641000963,0.000631895356420421,0.413,"Not Significant","synonymous"
"10762G>A","6572C>T",642,639.661212704524,0.00158501097502583,0.097,"Not Significant","synonymous"
"10762G>A","4919C>T",282,281.093358999038,0.00139852306105524,0.673,"Not Significant","synonymous"
"10762G>A","6485A>T",596,592.977863330125,0.00220777887685184,0.025,"Significant","synonymous"
"10762G>A","4131A>T",554,551.260827718961,0.00215263187173793,0.054,"Not Significant","synonymous"
"10762G>A","15538C>T",613,611.849855630414,0.000815612619974206,0.423,"Not Significant","synonymous"
"10762G>A","14013A>G",309,307.9114533205,0.00153263585654637,0.424,"Not Significant","synonymous"
"10762G>A","15751A>T",257,256.261790182868,0.00124926763404878,0.695,"Not Significant","synonymous"
"10762G>A","4245C>T",378,377.439846005775,0.000644053486399788,0.718,"Not Significant","synonymous"
"10762G>A","10877C>T",573,571.126082771896,0.0014226275437441,0.239,"Not Significant","synonymous"
"10762G>A","7858C>T",668,667.472569778633,0.000343039687705211,0.727,"Not Significant","synonymous"
"10762G>A","14569G>A",367,365.520692974014,0.00175409584455603,0.449,"Not Significant","synonymous"
"10762G>A","6059C>T",618,614.829643888354,0.00223367633468234,0.025,"Significant","synonymous"
"10762G>A","9347A>T",513,509.543792107796,0.00293585026598429,0.012,"Significant","synonymous"
"10762G>A","6563C>T",700,698.263715110683,0.00107856526041759,0.217,"Not Significant","synonymous"
"10762G>A","9954C>T",474,474.779595765159,-0.000713704672048784,0.708,"Not Significant","synonymous"
"10762G>A","10202C>T",841,841.293551491819,-0.000151564266809855,1,"Not Significant","synonymous"
"10762G>A","3687C>T",619,618.802694898941,0.000138452626933186,1,"Not Significant","synonymous"
"10762G>A","4161C>T",603,600.923965351299,0.00149778775366708,0.14,"Not Significant","synonymous"
"10762G>A","7756C>T",582,581.058710298364,0.000702968833692773,0.701,"Not Significant","synonymous"
"10762G>A","12774C>T",574,572.119345524543,0.00142525924074605,0.252,"Not Significant","synonymous"
"10762G>A","15616C>T",612,611.849855630414,0.000106560247120505,1,"Not Significant","synonymous"
"10762G>A","7690C>T",521,522.456207892204,-0.00121217058822956,0.463,"Not Significant","synonymous"
"10762G>A","7256C>T",474,473.786333012512,0.000195812899956048,1,"Not Significant","synonymous"
"10762G>A","6378T>C",327,325.790182868142,0.00160975921459137,0.435,"Not Significant","synonymous"
"10762G>A","5324C>T",367,365.520692974014,0.00175409584455603,0.426,"Not Significant","synonymous"
"10762G>A","12555A>T",439,436.042348411935,0.0029358502659841,0.051,"Not Significant","synonymous"
"10762G>A","11761C>T",579,575.099133782483,0.00293585026598439,0.002,"Significant","synonymous"
"10762G>A","12975A>G",539,537.355149181906,0.00132735034615383,0.275,"Not Significant","synonymous"
"10762G>A","10867C>T",601,600.923965351299,5.4947616255561e-05,1,"Not Significant","synonymous"
"10762G>A","12486C>T",288,288.046198267565,-6.96598737403917e-05,1,"Not Significant","synonymous"
"10762G>A","13380C>T",511,507.557266602502,0.00293585026598429,0.013,"Significant","synonymous"
"10762G>A","8368G>A",500,498.617901828681,0.00120213745698405,0.446,"Not Significant","synonymous"
"10762G>A","6050T>A",521,517.48989412897,0.00293585026598429,0.012,"Significant","synonymous"
"10762G>A","3960C>T",501,497.624639076035,0.00293585026598429,0.017,"Significant","synonymous"
"10762G>A","7888C>G",405,402.271414821944,0.0029358502659841,0.047,"Significant","synonymous"
"10762G>A","7007C>T",498,498.617901828681,-0.000538524119316876,0.706,"Not Significant","synonymous"
"10762G>A","11806A>G",495,492.658325312801,0.00205937270935572,0.143,"Not Significant","synonymous"
"10762G>A","6617C>T",505,504.577478344562,0.000363516100726905,1,"Not Significant","synonymous"
"10762G>A","3543C>T",274,273.147256977863,0.00135371925610972,0.693,"Not Significant","synonymous"
"10762G>A","6173C>T",333,330.756496631376,0.00293585026598401,0.096,"Not Significant","synonymous"
"10762G>A","15514T>C",453,450.941289701636,0.00197819942171234,0.161,"Not Significant","synonymous"
"10762G>A","11134A>T",237,237.389797882579,-0.000713704672048639,1,"Not Significant","synonymous"
"10762G>A","4086C>T",444,441.008662175168,0.0029358502659842,0.054,"Not Significant","synonymous"
"10762G>A","9575G>A",460,456.900866217517,0.00293585026598429,0.017,"Significant","synonymous"
"10762G>A","3795C>T",452,449.948026948989,0.00197608306453462,0.143,"Not Significant","synonymous"
"10762G>A","15736A>T",418,416.177093358999,0.00189810907472429,0.251,"Not Significant","synonymous"
"10762G>A","7130C>T",405,403.264677574591,0.00186483990345883,0.276,"Not Significant","synonymous"
"10762G>A","13902C>T",361,358.567853705486,0.00293585026598401,0.1,"Not Significant","synonymous"
"10762G>A","4604C>T",383,380.419634263715,0.0029358502659841,0.048,"Significant","synonymous"
"10762G>A","9374A>G",266,265.201154956689,0.00130622553247618,0.686,"Not Significant","synonymous"
"10762G>A","8967C>T",453,450.941289701636,0.00197819942171234,0.132,"Not Significant","synonymous"
"10762G>A","4248T>C",447,445.974975938402,0.000997032394597922,0.469,"Not Significant","synonymous"
"10762G>A","10196C>T",432,432.069297401347,-6.96598737403435e-05,1,"Not Significant","synonymous"
"6587C>T","9039G>A",805,749.316650625602,0.0311304971699035,0,"Significant","synonymous"
"6587C>T","15175C>T",786,659.047160731472,0.0765060526705758,0,"Significant","synonymous"
"6587C>T","4152C>T",426,494.485081809432,-0.0647435947362814,0,"Significant","synonymous"
"6587C>T","4122A>G",722,602.3291626564,0.0787033068809566,0,"Significant","synonymous"
"6587C>T","10951C>T",174,293.974975938402,-0.227761115209713,0,"Significant","synonymous"
"6587C>T","9743A>G",143,267.613089509143,-0.272171314390538,0,"Significant","synonymous"
"6587C>T","6824C>T",147,273.20500481232,-0.269171316126719,0,"Significant","synonymous"
"6587C>T","7927C>T",166,285.986525505294,-0.236237483422606,0,"Significant","synonymous"
"6587C>T","11902G>A",179,297.170356111646,-0.220152453720804,0,"Significant","synonymous"
"6587C>T","13227C>T",137,263.618864292589,-0.284255917540225,0,"Significant","synonymous"
"6587C>T","12741C>T",127,254.831568816169,-0.302449506919949,0,"Significant","synonymous"
"6587C>T","13863C>T",148,270.808469682387,-0.262400527626888,0,"Significant","synonymous"
"6587C>T","7211G>A",761,669.432146294514,0.055678093321392,0,"Significant","synonymous"
"6587C>T","15490C>T",704,598.334937439846,0.0706282966237383,0,"Significant","synonymous"
"6587C>T","13500T>C",683,563.984600577478,0.0831534578108189,0,"Significant","synonymous"
"6587C>T","14944C>T",725,651.058710298364,0.0467178530121138,0,"Significant","synonymous"
"6587C>T","3360A>G",642,524.042348411935,0.0881686438742813,0,"Significant","synonymous"
"6587C>T","6005C>T",672,563.984600577478,0.0761020271831126,0,"Significant","synonymous"
"6587C>T","6483C>T",682,559.191530317613,0.0862237898233117,0,"Significant","synonymous"
"6587C>T","3798C>T",706,710.97208854668,-0.00304785041200511,0.333,"Not Significant","synonymous"
"6587C>T","13116C>T",683,580.760346487007,0.0704237480035871,0,"Significant","synonymous"
"6587C>T","4992C>T",617,524.841193455245,0.0702572496545521,0,"Significant","synonymous"
"6587C>T","12978A>T",653,532.030798845043,0.0889764072858613,0,"Significant","synonymous"
"6587C>T","9548G>A",697,643.869104908566,0.0344351914740172,0,"Significant","synonymous"
"6587C>T","14422T>A",139,270.009624639076,-0.288364444842305,0,"Significant","synonymous"
"6587C>T","4875C>T",658,536.823869104908,0.0883940757412189,0,"Significant","synonymous"
"6587C>T","4020C>T",651,544.013474494706,0.0779713318364972,0,"Significant","synonymous"
"6587C>T","13998C>T",640,528.8354186718,0.0828594397252764,0,"Significant","synonymous"
"6587C>T","4964C>T",641,539.220404234841,0.0750917118688833,0,"Significant","synonymous"
"6587C>T","14767T>C",658,539.220404234841,0.0864595759640196,0,"Significant","synonymous"
"6587C>T","11389C>T",645,553.599615014437,0.0663639352045534,0,"Significant","synonymous"
"6587C>T","5121C>T",516,424.186717998075,0.0850926357268276,0,"Significant","synonymous"
"6587C>T","3885C>T",639,559.191530317613,0.0579402733252372,0,"Significant","synonymous"
"6587C>T","11245C>T",575,479.307025986526,0.0790540494870754,0,"Significant","synonymous"
"6587C>T","14521C>T",595,504.870067372473,0.0713373426272551,0,"Significant","synonymous"
"6587C>T","11587C>T",609,498.479307025987,0.0869701581315391,0,"Significant","synonymous"
"6587C>T","15430C>T",628,603.926852743022,0.0169753034170904,0,"Significant","synonymous"
"6587C>T","6572C>T",603,514.456207892204,0.0689688999614303,0,"Significant","synonymous"
"6587C>T","4919C>T",93,226.073147256978,-0.385766031788977,0,"Significant","synonymous"
"6587C>T","6485A>T",586,476.910490856593,0.0894607400698081,0,"Significant","synonymous"
"6587C>T","4131A>T",550,443.358999037536,0.0936071615526522,0,"Significant","synonymous"
"6587C>T","15538C>T",594,492.0885466795,0.0817431879978565,0,"Significant","synonymous"
"6587C>T","14013A>G",125,247.641963426372,-0.296914225644941,0,"Significant","synonymous"
"6587C>T","15751A>T",71,206.102021174206,-0.46282390206265,0,"Significant","synonymous"
"6587C>T","4245C>T",185,303.561116458133,-0.215074413032601,0,"Significant","synonymous"
"6587C>T","10877C>T",557,459.335899903754,0.0837248056651854,0,"Significant","synonymous"
"6587C>T","7858C>T",481,536.823869104908,-0.0476867414988805,0,"Significant","synonymous"
"6587C>T","14569G>A",182,293.974975938402,-0.208238975507248,0,"Significant","synonymous"
"6587C>T","6059C>T",538,494.485081809432,0.0366290818273677,0,"Significant","synonymous"
"6587C>T","9347A>T",495,409.807507218479,0.0820252890028377,0,"Significant","synonymous"
"6587C>T","6563C>T",537,561.588065447546,-0.0194435841391612,0,"Significant","synonymous"
"6587C>T","9954C>T",451,381.847930702599,0.0722861004469278,0,"Significant","synonymous"
"6587C>T","10202C>T",680,676.621751684312,0.00216295755663259,0.531,"Not Significant","synonymous"
"6587C>T","3687C>T",509,497.680461982676,0.00976719085869067,0.076,"Not Significant","synonymous"
"6587C>T","4161C>T",559,483.30125120308,0.0631938884150459,0,"Significant","synonymous"
"6587C>T","7756C>T",512,467.324350336862,0.0396515500747458,0,"Significant","synonymous"
"6587C>T","12774C>T",522,460.134744947064,0.0547854747601425,0,"Significant","synonymous"
"6587C>T","15616C>T",536,492.0885466795,0.0371215327094409,0,"Significant","synonymous"
"6587C>T","7690C>T",475,420.192492781521,0.053245320652219,0,"Significant","synonymous"
"6587C>T","7256C>T",448,381.049085659288,0.0702970901391166,0,"Significant","synonymous"
"6587C>T","6378T>C",141,262.021174205967,-0.269117275875053,0,"Significant","synonymous"
"6587C>T","5324C>T",193,293.974975938402,-0.182753054484563,0,"Significant","synonymous"
"6587C>T","12555A>T",426,350.692974013474,0.0844825340416791,0,"Significant","synonymous"
"6587C>T","11761C>T",491,462.531280076997,0.0259403835766303,0,"Significant","synonymous"
"6587C>T","12975A>G",530,432.175168431184,0.0886160596753047,0,"Significant","synonymous"
"6587C>T","10867C>T",424,483.30125120308,-0.0568520628786201,0,"Significant","synonymous"
"6587C>T","12486C>T",105,231.665062560154,-0.343671243647688,0,"Significant","synonymous"
"6587C>T","13380C>T",448,408.209817131858,0.0403945690445254,0,"Significant","synonymous"
"6587C>T","8368G>A",474,401.02021174206,0.0726120797101526,0,"Significant","synonymous"
"6587C>T","6050T>A",517,416.198267564966,0.0941902749755012,0,"Significant","synonymous"
"6587C>T","3960C>T",486,400.221366698749,0.0843359985761321,0,"Significant","synonymous"
"6587C>T","7888C>G",401,323.532242540905,0.0932268045865913,0,"Significant","synonymous"
"6587C>T","7007C>T",450,401.02021174206,0.0500462518114161,0,"Significant","synonymous"
"6587C>T","11806A>G",475,396.227141482194,0.0787493883157544,0,"Significant","synonymous"
"6587C>T","6617C>T",427,405.813282001925,0.0221016179222029,0,"Significant","synonymous"
"6587C>T","3543C>T",101,219.682386910491,-0.337473864866284,0,"Significant","synonymous"
"6587C>T","6173C>T",151,266.015399422522,-0.245929831031923,0,"Significant","synonymous"
"6587C>T","15514T>C",437,362.675649663138,0.0809630392944011,0,"Significant","synonymous"
"6587C>T","11134A>T",66,190.923965351299,-0.461316510224735,0,"Significant","synonymous"
"6587C>T","4086C>T",415,354.687199230029,0.0682025817785587,0,"Significant","synonymous"
"6587C>T","9575G>A",428,367.468719923003,0.0662233925126848,0,"Significant","synonymous"
"6587C>T","3795C>T",420,361.876804619827,0.0646885435661555,0,"Significant","synonymous"
"6587C>T","15736A>T",412,334.716073147257,0.0902206482479184,0,"Significant","synonymous"
"6587C>T","7130C>T",234,324.331087584216,-0.141772720985896,0,"Significant","synonymous"
"6587C>T","13902C>T",351,288.383060635226,0.0853373697412428,0,"Significant","synonymous"
"6587C>T","4604C>T",374,305.957651588065,0.0872102834129351,0,"Significant","synonymous"
"6587C>T","9374A>G",104,213.291626564004,-0.311940466884477,0,"Significant","synonymous"
"6587C>T","8967C>T",427,362.675649663138,0.0709094773490054,0,"Significant","synonymous"
"6587C>T","4248T>C",279,358.681424446583,-0.109104682548588,0,"Significant","synonymous"
"6587C>T","10196C>T",354,347.497593840231,0.0080514602522517,0.308,"Not Significant","synonymous"
"9039G>A","15175C>T",800,744.802694898941,0.0310487476201274,0,"Significant","synonymous"
"9039G>A","4152C>T",542,558.827718960539,-0.0132786533036157,0.001,"Significant","synonymous"
"9039G>A","4122A>G",743,680.704523580366,0.0380301770689088,0,"Significant","synonymous"
"9039G>A","10951C>T",286,332.227141482194,-0.0650690763663406,0,"Significant","synonymous"
"9039G>A","9743A>G",255,302.435033686237,-0.0740919174247504,0,"Significant","synonymous"
"9039G>A","6824C>T",258,308.754571703561,-0.0779936909147642,0,"Significant","synonymous"
"9039G>A","7927C>T",276,323.199230028874,-0.0685612354005208,0,"Significant","synonymous"
"9039G>A","11902G>A",289,335.838306063523,-0.0652323879472157,0,"Significant","synonymous"
"9039G>A","13227C>T",247,297.921077959577,-0.0814042774400788,0,"Significant","synonymous"
"9039G>A","12741C>T",237,287.990375360924,-0.0846296278689319,0,"Significant","synonymous"
"9039G>A","13863C>T",262,306.046198267565,-0.0674856977051999,0,"Significant","synonymous"
"9039G>A","7211G>A",793,756.538979788258,0.0204418778654376,0,"Significant","synonymous"
"9039G>A","15490C>T",733,676.190567853705,0.0350348661197694,0,"Significant","synonymous"
"9039G>A","13500T>C",695,637.370548604427,0.0375928127164174,0,"Significant","synonymous"
"9039G>A","14944C>T",779,735.774783445621,0.0247925581106974,0,"Significant","synonymous"
"9039G>A","3360A>G",654,592.230991337825,0.043086618126713,0,"Significant","synonymous"
"9039G>A","6005C>T",693,637.370548604427,0.0363412427381105,0,"Significant","synonymous"
"9039G>A","6483C>T",686,631.953801732435,0.0356387848706023,0,"Significant","synonymous"
"9039G>A","3798C>T",810,803.484119345525,0.0035077214118495,0.067,"Not Significant","synonymous"
"9039G>A","13116C>T",708,656.3291626564,0.0329115560088393,0,"Significant","synonymous"
"9039G>A","4992C>T",637,593.133782483157,0.0309867719536775,0,"Significant","synonymous"
"9039G>A","12978A>T",654,601.258902791145,0.0365162283320734,0,"Significant","synonymous"
"9039G>A","9548G>A",762,727.649663137632,0.0200326387126201,0,"Significant","synonymous"
"9039G>A","14422T>A",256,305.143407122233,-0.0762640257876649,0,"Significant","synonymous"
"9039G>A","4875C>T",663,606.675649663138,0.0385569645290547,0,"Significant","synonymous"
"9039G>A","4020C>T",672,614.800769971126,0.038634870319147,0,"Significant","synonymous"
"9039G>A","13998C>T",653,597.647738209817,0.0384679010134807,0,"Significant","synonymous"
"9039G>A","4964C>T",660,609.384023099134,0.0346528718889513,0,"Significant","synonymous"
"9039G>A","14767T>C",668,609.384023099134,0.0398853988226274,0,"Significant","synonymous"
"9039G>A","11389C>T",660,625.634263715111,0.0232234101081713,0,"Significant","synonymous"
"9039G>A","5121C>T",525,479.382098171319,0.0394774915025929,0,"Significant","synonymous"
"9039G>A","3885C>T",672,631.953801732435,0.0266839422176772,0,"Significant","synonymous"
"9039G>A","11245C>T",586,541.67468719923,0.034159074812554,0,"Significant","synonymous"
"9039G>A","14521C>T",614,570.564003849856,0.0318640020368903,0,"Significant","synonymous"
"9039G>A","11587C>T",620,563.341674687199,0.0416198089939358,0,"Significant","synonymous"
"9039G>A","15430C>T",702,682.51010587103,0.0122280258067099,0,"Significant","synonymous"
"9039G>A","6572C>T",623,581.39749759384,0.0300148884774655,0,"Significant","synonymous"
"9039G>A","4919C>T",207,255.48989412897,-0.0914033808892197,0,"Significant","synonymous"
"9039G>A","6485A>T",592,538.966313763234,0.0407600847716564,0,"Significant","synonymous"
"9039G>A","4131A>T",554,501.049085659288,0.0436294907838582,0,"Significant","synonymous"
"9039G>A","15538C>T",606,556.119345524543,0.0373046211799673,0,"Significant","synonymous"
"9039G>A","14013A>G",237,279.865255052936,-0.0722006386460279,0,"Significant","synonymous"
"9039G>A","15751A>T",186,232.920115495669,-0.0976940525671539,0,"Significant","synonymous"
"9039G>A","4245C>T",292,343.060635226179,-0.0699880359902567,0,"Significant","synonymous"
"9039G>A","10877C>T",564,519.104908565929,0.0360239684718181,0,"Significant","synonymous"
"9039G>A","7858C>T",588,606.675649663138,-0.0135792377995715,0,"Significant","synonymous"
"9039G>A","14569G>A",288,332.227141482194,-0.0620426217361538,0,"Significant","synonymous"
"9039G>A","6059C>T",588,558.827718960539,0.0220993862341296,0,"Significant","synonymous"
"9039G>A","9347A>T",500,463.131857555342,0.0332653484023085,0,"Significant","synonymous"
"9039G>A","6563C>T",632,634.662175168431,-0.0018255375593257,0.565,"Not Significant","synonymous"
"9039G>A","9954C>T",470,431.53416746872,0.0370826705017033,0,"Significant","synonymous"
"9039G>A","10202C>T",766,764.664100096246,0.000758068480009842,0.786,"Not Significant","synonymous"
"9039G>A","3687C>T",578,562.438883541867,0.0118525009394703,0,"Significant","synonymous"
"9039G>A","4161C>T",587,546.18864292589,0.0312954357732531,0,"Significant","synonymous"
"9039G>A","7756C>T",551,528.132820019249,0.0184084419477141,0,"Significant","synonymous"
"9039G>A","12774C>T",552,520.007699711261,0.025929303484095,0,"Significant","synonymous"
"9039G>A","15616C>T",586,556.119345524543,0.0227296130317741,0,"Significant","synonymous"
"9039G>A","7690C>T",509,474.868142444658,0.0301447473611265,0,"Significant","synonymous"
"9039G>A","7256C>T",462,430.631376323388,0.0305363056941177,0,"Significant","synonymous"
"9039G>A","6378T>C",255,296.115495668912,-0.0649209540995874,0,"Significant","synonymous"
"9039G>A","5324C>T",297,332.227141482194,-0.0486786601781769,0,"Significant","synonymous"
"9039G>A","12555A>T",431,396.32531280077,0.0364254590967143,0,"Significant","synonymous"
"9039G>A","11761C>T",543,522.716073147257,0.0165339750395205,0,"Significant","synonymous"
"9039G>A","12975A>G",533,488.410009624639,0.0379426530981084,0,"Significant","synonymous"
"9039G>A","10867C>T",528,546.18864292589,-0.0147087429405409,0,"Significant","synonymous"
"9039G>A","12486C>T",215,261.809432146295,-0.0855468288052017,0,"Significant","synonymous"
"9039G>A","13380C>T",483,461.326275264678,0.0199389397949082,0,"Significant","synonymous"
"9039G>A","8368G>A",493,453.201154956689,0.0365559113103159,0,"Significant","synonymous"
"9039G>A","6050T>A",519,470.354186717998,0.0427423437270377,0,"Significant","synonymous"
"9039G>A","3960C>T",497,452.298363811357,0.0409313720441907,0,"Significant","synonymous"
"9039G>A","7888C>G",402,365.63041385948,0.0411837390479037,0,"Significant","synonymous"
"9039G>A","7007C>T",484,453.201154956689,0.0285543536775,0,"Significant","synonymous"
"9039G>A","11806A>G",489,447.784408084697,0.0382398918115276,0,"Significant","synonymous"
"9039G>A","6617C>T",473,458.617901828681,0.0134101376320023,0.002,"Significant","synonymous"
"9039G>A","3543C>T",205,248.267564966314,-0.0831661235963584,0,"Significant","synonymous"
"9039G>A","6173C>T",261,300.629451395573,-0.061391016989904,0,"Significant","synonymous"
"9039G>A","15514T>C",448,409.867179980751,0.038634870319144,0,"Significant","synonymous"
"9039G>A","11134A>T",171,215.76708373436,-0.100989081377818,0,"Significant","synonymous"
"9039G>A","4086C>T",434,400.83926852743,0.0345194685759955,0,"Significant","synonymous"
"9039G>A","9575G>A",448,415.283926852743,0.0329328914946752,0,"Significant","synonymous"
"9039G>A","3795C>T",438,408.964388835419,0.0297886176693735,0,"Significant","synonymous"
"9039G>A","15736A>T",414,378.269489894129,0.0391990273327067,0,"Significant","synonymous"
"9039G>A","7130C>T",330,366.533205004812,-0.0455993845211806,0,"Significant","synonymous"
"9039G>A","13902C>T",355,325.90760346487,0.0371338603275382,0,"Significant","synonymous"
"9039G>A","4604C>T",380,345.769008662175,0.040997531826289,0,"Significant","synonymous"
"9039G>A","9374A>G",201,241.045235803657,-0.0789024947659375,0,"Significant","synonymous"
"9039G>A","8967C>T",447,409.867179980751,0.0376643794529367,0,"Significant","synonymous"
"9039G>A","4248T>C",381,405.35322425409,-0.0269086561495841,0,"Significant","synonymous"
"9039G>A","10196C>T",401,392.714148219442,0.0090678248436556,0.091,"Not Significant","synonymous"
"15175C>T","4152C>T",434,491.506256015399,-0.0540393205003432,0,"Significant","synonymous"
"15175C>T","4122A>G",709,598.700673724735,0.0734364883205336,0,"Significant","synonymous"
"15175C>T","10951C>T",185,292.204042348412,-0.198514491263165,0,"Significant","synonymous"
"15175C>T","9743A>G",157,266.000962463908,-0.228983555620246,0,"Significant","synonymous"
"15175C>T","6824C>T",158,271.559191530318,-0.235207420094345,0,"Significant","synonymous"
"15175C>T","7927C>T",179,284.263715110683,-0.200868396656639,0,"Significant","synonymous"
"15175C>T","11902G>A",190,295.380173243503,-0.191627739921735,0,"Significant","synonymous"
"15175C>T","13227C>T",150,262.030798845043,-0.24226108181483,0,"Significant","synonymous"
"15175C>T","12741C>T",138,253.296438883542,-0.263749997648549,0,"Significant","synonymous"
"15175C>T","13863C>T",156,269.177093358999,-0.236913500841251,0,"Significant","synonymous"
"15175C>T","7211G>A",744,665.399422521655,0.0484905159228477,0,"Significant","synonymous"
"15175C>T","15490C>T",699,594.730510105871,0.0701569570534563,0,"Significant","synonymous"
"15175C>T","13500T>C",678,560.587102983638,0.0825865918224985,0,"Significant","synonymous"
"15175C>T","14944C>T",728,647.13666987488,0.0511353695803054,0,"Significant","synonymous"
"15175C>T","3360A>G",639,520.885466794995,0.0887586177899768,0,"Significant","synonymous"
"15175C>T","6005C>T",677,560.587102983638,0.0819455666405796,0,"Significant","synonymous"
"15175C>T","6483C>T",677,555.822906641001,0.0856522276781258,0,"Significant","synonymous"
"15175C>T","3798C>T",709,706.689124157844,0.00141782754540593,0.68,"Not Significant","synonymous"
"15175C>T","13116C>T",685,577.261790182868,0.0743177596406282,0,"Significant","synonymous"
"15175C>T","4992C>T",614,521.679499518768,0.0707646005886268,0,"Significant","synonymous"
"15175C>T","12978A>T",653,528.825794032724,0.0916005511120096,0,"Significant","synonymous"
"15175C>T","9548G>A",695,639.990375360924,0.0358113617922702,0,"Significant","synonymous"
"15175C>T","14422T>A",147,268.383060635226,-0.261437766522093,0,"Significant","synonymous"
"15175C>T","4875C>T",648,533.589990375361,0.0843673318240061,0,"Significant","synonymous"
"15175C>T","4020C>T",646,540.736284889317,0.0772470050895382,0,"Significant","synonymous"
"15175C>T","13998C>T",632,525.649663137632,0.0800206878499235,0,"Significant","synonymous"
"15175C>T","4964C>T",639,535.972088546679,0.0763586843346146,0,"Significant","synonymous"
"15175C>T","14767T>C",649,535.972088546679,0.0831025229765826,0,"Significant","synonymous"
"15175C>T","11389C>T",641,550.264677574591,0.0662863939142519,0,"Significant","synonymous"
"15175C>T","5121C>T",514,421.631376323388,0.0860301969210405,0,"Significant","synonymous"
"15175C>T","3885C>T",633,555.822906641001,0.056467269010341,0,"Significant","synonymous"
"15175C>T","11245C>T",571,476.419634263715,0.0786464568694417,0,"Significant","synonymous"
"15175C>T","14521C>T",592,501.828681424447,0.0717662274477739,0,"Significant","synonymous"
"15175C>T","11587C>T",607,495.476419634264,0.0881657004000698,0,"Significant","synonymous"
"15175C>T","15430C>T",636,600.288739172281,0.0250969191544557,0,"Significant","synonymous"
"15175C>T","6572C>T",600,511.357074109721,0.0694269820310714,0,"Significant","synonymous"
"15175C>T","4919C>T",106,224.711260827719,-0.326318971252051,0,"Significant","synonymous"
"15175C>T","6485A>T",582,474.037536092397,0.0891102525277548,0,"Significant","synonymous"
"15175C>T","4131A>T",544,440.688161693936,0.0914675155827373,0,"Significant","synonymous"
"15175C>T","15538C>T",585,489.124157844081,0.0777367529249928,0,"Significant","synonymous"
"15175C>T","14013A>G",138,246.150144369586,-0.251321008425646,0,"Significant","synonymous"
"15175C>T","15751A>T",83,204.860442733397,-0.392380014579593,0,"Significant","synonymous"
"15175C>T","4245C>T",190,301.732435033686,-0.200868396656644,0,"Significant","synonymous"
"15175C>T","10877C>T",554,456.568816169394,0.084003519046035,0,"Significant","synonymous"
"15175C>T","7858C>T",486,533.589990375361,-0.0405714047842715,0,"Significant","synonymous"
"15175C>T","14569G>A",189,292.204042348412,-0.18922441549294,0,"Significant","synonymous"
"15175C>T","6059C>T",537,491.506256015399,0.0384452356866825,0,"Significant","synonymous"
"15175C>T","9347A>T",490,407.338787295476,0.0802403139239317,0,"Significant","synonymous"
"15175C>T","6563C>T",535,558.205004812319,-0.0184399439913397,0,"Significant","synonymous"
"15175C>T","9954C>T",448,379.547641963426,0.07201171639326,0,"Significant","synonymous"
"15175C>T","10202C>T",675,672.545717035611,0.00158196150757013,0.684,"Not Significant","synonymous"
"15175C>T","3687C>T",519,494.682386910491,0.0208409101965364,0.001,"Significant","synonymous"
"15175C>T","4161C>T",562,480.389797882579,0.0681425399238314,0,"Significant","synonymous"
"15175C>T","7756C>T",510,464.509143407122,0.0405759090229998,0,"Significant","synonymous"
"15175C>T","12774C>T",525,457.362848893166,0.059898418989985,0,"Significant","synonymous"
"15175C>T","15616C>T",531,489.124157844081,0.035675407924289,0,"Significant","synonymous"
"15175C>T","7690C>T",472,417.661212704524,0.053117853487589,0,"Significant","synonymous"
"15175C>T","7256C>T",447,378.753609239653,0.0719507430990574,0,"Significant","synonymous"
"15175C>T","6378T>C",156,260.442733397498,-0.222587646349854,0,"Significant","synonymous"
"15175C>T","5324C>T",204,292.204042348412,-0.156056052240302,0,"Significant","synonymous"
"15175C>T","12555A>T",424,348.580365736285,0.0850629353578414,0,"Significant","synonymous"
"15175C>T","11761C>T",489,459.744947064485,0.0267918944034308,0,"Significant","synonymous"
"15175C>T","12975A>G",523,429.571703561116,0.0854660227679391,0,"Significant","synonymous"
"15175C>T","10867C>T",428,480.389797882579,-0.0501500066320334,0,"Significant","synonymous"
"15175C>T","12486C>T",122,230.269489894129,-0.275876568216788,0,"Significant","synonymous"
"15175C>T","13380C>T",444,405.750721847931,0.0391236689871503,0,"Significant","synonymous"
"15175C>T","8368G>A",468,398.604427333975,0.0697037349363409,0,"Significant","synonymous"
"15175C>T","6050T>A",516,413.691049085659,0.0959735773349184,0,"Significant","synonymous"
"15175C>T","3960C>T",484,397.810394610202,0.0851692347843996,0,"Significant","synonymous"
"15175C>T","7888C>G",397,321.583253128008,0.0914970825556732,0,"Significant","synonymous"
"15175C>T","7007C>T",447,398.604427333975,0.0497654049941577,0,"Significant","synonymous"
"15175C>T","11806A>G",467,393.840230991338,0.0739968030831498,0,"Significant","synonymous"
"15175C>T","6617C>T",418,403.368623676612,0.0154741684983645,0.027,"Significant","synonymous"
"15175C>T","3543C>T",112,218.358999037536,-0.28995307215264,0,"Significant","synonymous"
"15175C>T","6173C>T",163,264.412897016362,-0.210095030095007,0,"Significant","synonymous"
"15175C>T","15514T>C",430,360.490856592878,0.0765742017297154,0,"Significant","synonymous"
"15175C>T","11134A>T",76,189.773820981713,-0.397422709659751,0,"Significant","synonymous"
"15175C>T","4086C>T",415,352.550529355149,0.0708267256047067,0,"Significant","synonymous"
"15175C>T","9575G>A",429,365.255052935515,0.0698610595103848,0,"Significant","synonymous"
"15175C>T","3795C>T",415,359.696823869105,0.0621114937064971,0,"Significant","synonymous"
"15175C>T","15736A>T",409,332.699711260828,0.0896708840482744,0,"Significant","synonymous"
"15175C>T","7130C>T",242,322.37728585178,-0.124549068589466,0,"Significant","synonymous"
"15175C>T","13902C>T",349,286.645813282002,0.0854798240607473,0,"Significant","synonymous"
"15175C>T","4604C>T",370,304.114533205005,0.0851645491055992,0,"Significant","synonymous"
"15175C>T","9374A>G",118,212.006737247353,-0.254467655051034,0,"Significant","synonymous"
"15175C>T","8967C>T",425,360.490856592878,0.0714946762004416,0,"Significant","synonymous"
"15175C>T","4248T>C",287,356.520692974013,-0.094202845262049,0,"Significant","synonymous"
"15175C>T","10196C>T",352,345.404234841193,0.00821500553074367,0.29,"Not Significant","synonymous"
"4152C>T","4122A>G",412,449.206929740135,-0.0375492312995714,0,"Significant","synonymous"
"4152C>T","10951C>T",306,219.241578440808,0.144798506345066,0,"Significant","synonymous"
"4152C>T","9743A>G",295,199.581328200193,0.169702107478307,0,"Significant","synonymous"
"4152C>T","6824C>T",291,203.751684311838,0.154791781466768,0,"Significant","synonymous"
"4152C>T","7927C>T",311,213.283926852743,0.163802260919959,0,"Significant","synonymous"
"4152C>T","11902G>A",307,221.624639076035,0.141520334132294,0,"Significant","synonymous"
"4152C>T","13227C>T",280,196.60250240616,0.153568990001325,0,"Significant","synonymous"
"4152C>T","12741C>T",286,190.049085659288,0.177500248608845,0,"Significant","synonymous"
"4152C>T","13863C>T",294,201.964388835419,0.163072530746067,0,"Significant","synonymous"
"4152C>T","7211G>A",460,499.251203079885,-0.0355612884116356,0,"Significant","synonymous"
"4152C>T","15490C>T",419,446.228103946102,-0.0273428961961054,0,"Significant","synonymous"
"4152C>T","13500T>C",385,420.610202117421,-0.0384190730062341,0,"Significant","synonymous"
"4152C>T","14944C>T",477,485.548604427334,-0.00771433116280168,0.199,"Not Significant","synonymous"
"4152C>T","3360A>G",357,390.821944177093,-0.0393107247263972,0,"Significant","synonymous"
"4152C>T","6005C>T",387,420.610202117421,-0.036168837495824,0,"Significant","synonymous"
"4152C>T","6483C>T",383,417.035611164581,-0.0369743675085654,0,"Significant","synonymous"
"4152C>T","3798C>T",570,530.230991337825,0.0314097475646323,0,"Significant","synonymous"
"4152C>T","13116C>T",410,433.121270452358,-0.0238256556022373,0.002,"Significant","synonymous"
"4152C>T","4992C>T",378,391.4177093359,-0.0151486711854921,0.082,"Not Significant","synonymous"
"4152C>T","12978A>T",358,396.779595765159,-0.0446663039893554,0,"Significant","synonymous"
"4152C>T","9548G>A",488,480.186717998075,0.00700967873467791,0.283,"Not Significant","synonymous"
"4152C>T","14422T>A",282,201.368623676612,0.146257306578704,0,"Significant","synonymous"
"4152C>T","4875C>T",369,400.354186717998,-0.0354180083576962,0,"Significant","synonymous"
"4152C>T","4020C>T",372,405.716073147257,-0.0376792734938186,0,"Significant","synonymous"
"4152C>T","13998C>T",370,394.396535129933,-0.0277313668356383,0.004,"Significant","synonymous"
"4152C>T","4964C>T",374,402.141482194418,-0.0315072720934772,0.001,"Significant","synonymous"
"4152C>T","14767T>C",376,402.141482194418,-0.029191029366297,0,"Significant","synonymous"
"4152C>T","11389C>T",398,412.865255052936,-0.0159252640010556,0.057,"Not Significant","synonymous"
"4152C>T","5121C>T",290,316.351299326275,-0.0377716246454411,0,"Significant","synonymous"
"4152C>T","3885C>T",416,417.035611164581,-0.00107981085045438,0.897,"Not Significant","synonymous"
"4152C>T","11245C>T",337,357.459095283927,-0.0255964509752382,0.012,"Significant","synonymous"
"4152C>T","14521C>T",363,376.523580365736,-0.0158855547092088,0.093,"Not Significant","synonymous"
"4152C>T","11587C>T",345,371.757459095284,-0.0324405960720815,0.002,"Significant","synonymous"
"4152C>T","15430C>T",472,450.398460057748,0.0203451016699363,0.001,"Significant","synonymous"
"4152C>T","6572C>T",369,383.672762271415,-0.0169346026636878,0.061,"Not Significant","synonymous"
"4152C>T","4919C>T",259,168.601539942252,0.186438227093931,0,"Significant","synonymous"
"4152C>T","6485A>T",325,355.671799807507,-0.0391660716134238,0,"Significant","synonymous"
"4152C>T","4131A>T",307,330.649663137632,-0.0322297091084203,0.003,"Significant","synonymous"
"4152C>T","15538C>T",343,366.991337824832,-0.0293616935845873,0.006,"Significant","synonymous"
"4152C>T","14013A>G",279,184.687199230029,0.179167407976305,0,"Significant","synonymous"
"4152C>T","15751A>T",251,153.707410972089,0.212978914054758,0,"Significant","synonymous"
"4152C>T","4245C>T",294,226.390760346487,0.113488632332362,0,"Significant","synonymous"
"4152C>T","10877C>T",314,342.564966313763,-0.0378132980793446,0,"Significant","synonymous"
"4152C>T","7858C>T",460,400.354186717998,0.0603134571647942,0,"Significant","synonymous"
"4152C>T","14569G>A",308,219.241578440808,0.147627796363929,0,"Significant","synonymous"
"4152C>T","6059C>T",389,368.778633301251,0.023183850842643,0.007,"Significant","synonymous"
"4152C>T","9347A>T",277,305.627526467757,-0.0427126975102937,0,"Significant","synonymous"
"4152C>T","6563C>T",500,418.822906641001,0.0769395778532374,0,"Significant","synonymous"
"4152C>T","9954C>T",254,284.775745909528,-0.049669281455103,0,"Significant","synonymous"
"4152C>T","10202C>T",534,504.613089509143,0.0245827452349042,0,"Significant","synonymous"
"4152C>T","3687C>T",390,371.161693936477,0.0215014589043833,0.023,"Significant","synonymous"
"4152C>T","4161C>T",349,360.43792107796,-0.0140050491562256,0.169,"Not Significant","synonymous"
"4152C>T","7756C>T",369,348.522617901829,0.0247953986139324,0.01,"Significant","synonymous"
"4152C>T","12774C>T",347,343.16073147257,0.00483188990471969,0.667,"Not Significant","synonymous"
"4152C>T","15616C>T",394,366.991337824832,0.0308404081981999,0.001,"Significant","synonymous"
"4152C>T","7690C>T",324,313.372473532243,0.0144841645899279,0.19,"Not Significant","synonymous"
"4152C>T","7256C>T",256,284.179980750722,-0.0453535151911882,0,"Significant","synonymous"
"4152C>T","6378T>C",287,195.410972088547,0.166932951559302,0,"Significant","synonymous"
"4152C>T","5324C>T",294,219.241578440808,0.127424410275649,0,"Significant","synonymous"
"4152C>T","12555A>T",238,261.540904716073,-0.0409626646485336,0.006,"Significant","synonymous"
"4152C>T","11761C>T",348,344.948026948989,0.00382557875620299,0.703,"Not Significant","synonymous"
"4152C>T","12975A>G",299,322.308950914341,-0.0326011782450698,0.003,"Significant","synonymous"
"4152C>T","10867C>T",425,360.43792107796,0.0715584539348838,0,"Significant","synonymous"
"4152C>T","12486C>T",264,172.771896053898,0.184130827507848,0,"Significant","synonymous"
"4152C>T","13380C>T",304,304.435996150144,-0.000622417988899336,1,"Not Significant","synonymous"
"4152C>T","8368G>A",289,299.074109720885,-0.014880975851407,0.196,"Not Significant","synonymous"
"4152C>T","6050T>A",293,310.39364773821,-0.0250452044083474,0.025,"Significant","synonymous"
"4152C>T","3960C>T",291,298.478344562079,-0.0110198383442753,0.381,"Not Significant","synonymous"
"4152C>T","7888C>G",218,241.284889316651,-0.0440736310729851,0.006,"Significant","synonymous"
"4152C>T","7007C>T",297,299.074109720885,-0.00302236929074652,0.803,"Not Significant","synonymous"
"4152C>T","11806A>G",281,295.499518768046,-0.0218504580480506,0.072,"Not Significant","synonymous"
"4152C>T","6617C>T",317,302.648700673725,0.0201204484708853,0.068,"Not Significant","synonymous"
"4152C>T","3543C>T",251,163.8354186718,0.185265926187743,0,"Significant","synonymous"
"4152C>T","6173C>T",284,198.389797882579,0.155799005077711,0,"Significant","synonymous"
"4152C>T","15514T>C",253,270.477382098171,-0.0290104331442155,0.036,"Significant","synonymous"
"4152C>T","11134A>T",233,142.387872954764,0.213882918614822,0,"Significant","synonymous"
"4152C>T","4086C>T",261,264.519730510106,-0.00581756423927724,0.663,"Not Significant","synonymous"
"4152C>T","9575G>A",274,274.051973051011,-8.23703241267044e-05,1,"Not Significant","synonymous"
"4152C>T","3795C>T",254,269.881616939365,-0.0263395868558244,0.045,"Significant","synonymous"
"4152C>T","15736A>T",230,249.625601539942,-0.0355612884116282,0.018,"Significant","synonymous"
"4152C>T","7130C>T",309,241.880654475457,0.106357344384661,0,"Significant","synonymous"
"4152C>T","13902C>T",208,215.071222329163,-0.0145189684058301,0.331,"Not Significant","synonymous"
"4152C>T","4604C>T",223,228.178055822907,-0.00996901238339824,0.479,"Not Significant","synonymous"
"4152C>T","9374A>G",245,159.069297401347,0.187579721536921,0,"Significant","synonymous"
"4152C>T","8967C>T",260,270.477382098171,-0.0171576063492201,0.229,"Not Significant","synonymous"
"4152C>T","4248T>C",333,267.498556304139,0.0951227910400241,0,"Significant","synonymous"
"4152C>T","10196C>T",251,259.157844080847,-0.0138906369365343,0.31,"Not Significant","synonymous"
"4122A>G","10951C>T",152,267.056785370549,-0.244760029041219,0,"Significant","synonymous"
"4122A>G","9743A>G",127,243.108758421559,-0.281996884393322,0,"Significant","synonymous"
"4122A>G","6824C>T",131,248.18864292589,-0.277510608712811,0,"Significant","synonymous"
"4122A>G","7927C>T",149,259.799807507218,-0.241452556544073,0,"Significant","synonymous"
"4122A>G","11902G>A",159,269.959576515881,-0.22990161387393,0,"Significant","synonymous"
"4122A>G","13227C>T",122,239.480269489894,-0.292909907515561,0,"Significant","synonymous"
"4122A>G","12741C>T",111,231.497593840231,-0.319223502582917,0,"Significant","synonymous"
"4122A>G","13863C>T",143,246.011549566891,-0.23561945905049,0,"Significant","synonymous"
"4122A>G","7211G>A",691,608.134744947065,0.0554782304313167,0,"Significant","synonymous"
"4122A>G","15490C>T",677,543.547641963426,0.0953510526730655,0,"Significant","synonymous"
"4122A>G","13500T>C",663,512.342637151107,0.111953029040353,0,"Significant","synonymous"
"4122A>G","14944C>T",705,591.443695861405,0.0762757099388136,0,"Significant","synonymous"
"4122A>G","3360A>G",626,476.057747834456,0.118914695522151,0,"Significant","synonymous"
"4122A>G","6005C>T",655,512.342637151107,0.106680800627364,0,"Significant","synonymous"
"4122A>G","6483C>T",649,507.988450433109,0.106390858473497,0,"Significant","synonymous"
"4122A>G","3798C>T",686,645.871029836381,0.0261783107492384,0,"Significant","synonymous"
"4122A>G","13116C>T",656,527.5822906641,0.0946136302040096,0,"Significant","synonymous"
"4122A>G","4992C>T",607,476.783445620789,0.104867523202861,0,"Significant","synonymous"
"4122A>G","12978A>T",633,483.314725697786,0.117173682534436,0,"Significant","synonymous"
"4122A>G","9548G>A",671,584.912415784408,0.0596316800512952,0,"Significant","synonymous"
"4122A>G","14422T>A",130,245.285851780558,-0.275729146283258,0,"Significant","synonymous"
"4122A>G","4875C>T",642,487.668912415784,0.11940995670241,0,"Significant","synonymous"
"4122A>G","4020C>T",626,494.200192492782,0.102671422985029,0,"Significant","synonymous"
"4122A>G","13998C>T",630,480.411934552454,0.117726761701264,0,"Significant","synonymous"
"4122A>G","4964C>T",618,489.846005774783,0.100928903945176,0,"Significant","synonymous"
"4122A>G","14767T>C",650,489.846005774783,0.122853785499212,0,"Significant","synonymous"
"4122A>G","11389C>T",631,502.908565928778,0.0985403263197134,0,"Significant","synonymous"
"4122A>G","5121C>T",479,385.34552454283,0.0944851940204754,0,"Significant","synonymous"
"4122A>G","3885C>T",622,507.988450433109,0.0879365463639497,0,"Significant","synonymous"
"4122A>G","11245C>T",564,435.418671799807,0.112372055287079,0,"Significant","synonymous"
"4122A>G","14521C>T",582,458.641000962464,0.103450108054887,0,"Significant","synonymous"
"4122A>G","11587C>T",592,452.8354186718,0.116381318727877,0,"Significant","synonymous"
"4122A>G","15430C>T",595,548.627526467757,0.0352393719147403,0,"Significant","synonymous"
"4122A>G","6572C>T",586,467.34937439846,0.0982559503456632,0,"Significant","synonymous"
"4122A>G","4919C>T",92,205.372473532243,-0.348754406491071,0,"Significant","synonymous"
"4122A>G","6485A>T",576,433.241578440808,0.123692353981222,0,"Significant","synonymous"
"4122A>G","4131A>T",546,402.762271414822,0.132143861269436,0,"Significant","synonymous"
"4122A>G","15538C>T",582,447.029836381136,0.114586474172844,0,"Significant","synonymous"
"4122A>G","14013A>G",119,224.966313763234,-0.276570530754167,0,"Significant","synonymous"
"4122A>G","15751A>T",72,187.230028873917,-0.415043007844187,0,"Significant","synonymous"
"4122A>G","4245C>T",159,275.765158806545,-0.23914227060884,0,"Significant","synonymous"
"4122A>G","10877C>T",541,417.276227141482,0.112773622104319,0,"Significant","synonymous"
"4122A>G","7858C>T",443,487.668912415784,-0.0417213451433433,0,"Significant","synonymous"
"4122A>G","14569G>A",162,267.056785370549,-0.217088602443378,0,"Significant","synonymous"
"4122A>G","6059C>T",530,449.206929740135,0.0718294222680597,0,"Significant","synonymous"
"4122A>G","9347A>T",473,372.282964388835,0.103987977313374,0,"Significant","synonymous"
"4122A>G","6563C>T",504,510.165543792108,-0.00528058688689426,0.361,"Not Significant","synonymous"
"4122A>G","9954C>T",398,346.88354186718,0.0596993771489563,0,"Significant","synonymous"
"4122A>G","10202C>T",614,614.666025024062,-0.00047083750213577,0.933,"Not Significant","synonymous"
"4122A>G","3687C>T",493,452.109720885467,0.0376030743054557,0,"Significant","synonymous"
"4122A>G","4161C>T",546,439.047160731473,0.0946814697396524,0,"Significant","synonymous"
"4122A>G","7756C>T",491,424.533205004812,0.0631698277281775,0,"Significant","synonymous"
"4122A>G","12774C>T",514,418.001924927815,0.0897848372594477,0,"Significant","synonymous"
"4122A>G","15616C>T",482,447.029836381136,0.0327105277618204,0,"Significant","synonymous"
"4122A>G","7690C>T",463,381.717035611165,0.0838394485515974,0,"Significant","synonymous"
"4122A>G","7256C>T",399,346.157844080847,0.061698718334021,0,"Significant","synonymous"
"4122A>G","6378T>C",134,238.028873917228,-0.249524843659326,0,"Significant","synonymous"
"4122A>G","5324C>T",174,267.056785370549,-0.186054368703428,0,"Significant","synonymous"
"4122A>G","12555A>T",419,318.581328200193,0.118993704411545,0,"Significant","synonymous"
"4122A>G","11761C>T",471,420.179018286814,0.0495865450888522,0,"Significant","synonymous"
"4122A>G","12975A>G",517,392.60250240616,0.11953747967475,0,"Significant","synonymous"
"4122A>G","10867C>T",391,439.047160731473,-0.0503344155691866,0,"Significant","synonymous"
"4122A>G","12486C>T",102,210.452358036574,-0.314553624449416,0,"Significant","synonymous"
"4122A>G","13380C>T",439,370.831568816169,0.0732878217947938,0,"Significant","synonymous"
"4122A>G","8368G>A",454,364.300288739172,0.0955963373994644,0,"Significant","synonymous"
"4122A>G","6050T>A",510,378.0885466795,0.129976654485786,0,"Significant","synonymous"
"4122A>G","3960C>T",474,363.574590952839,0.115184817494215,0,"Significant","synonymous"
"4122A>G","7888C>G",396,293.90760346487,0.129484364398209,0,"Significant","synonymous"
"4122A>G","7007C>T",427,364.300288739172,0.0689683595673903,0,"Significant","synonymous"
"4122A>G","11806A>G",462,359.946102021174,0.108404500753305,0,"Significant","synonymous"
"4122A>G","6617C>T",411,368.65447545717,0.0472223112795411,0,"Significant","synonymous"
"4122A>G","3543C>T",93,199.566891241578,-0.331605543588675,0,"Significant","synonymous"
"4122A>G","6173C>T",139,241.657362848893,-0.240185231564689,0,"Significant","synonymous"
"4122A>G","15514T>C",423,329.466794995188,0.108528716205313,0,"Significant","synonymous"
"4122A>G","11134A>T",62,173.44177093359,-0.44676200976203,0,"Significant","synonymous"
"4122A>G","4086C>T",404,322.209817131858,0.0982425966833612,0,"Significant","synonymous"
"4122A>G","9575G>A",425,333.820981713186,0.104875300056113,0,"Significant","synonymous"
"4122A>G","3795C>T",403,328.741097208855,0.0884510458156566,0,"Significant","synonymous"
"4122A>G","15736A>T",405,304.067372473532,0.124485201935741,0,"Significant","synonymous"
"4122A>G","7130C>T",202,294.633301251203,-0.163930462443099,0,"Significant","synonymous"
"4122A>G","13902C>T",347,261.976900866217,0.122066474572579,0,"Significant","synonymous"
"4122A>G","4604C>T",366,277.942252165544,0.119526513113154,0,"Significant","synonymous"
"4122A>G","9374A>G",98,193.761308950914,-0.296040983984458,0,"Significant","synonymous"
"4122A>G","8967C>T",411,329.466794995188,0.0960301707063425,0,"Significant","synonymous"
"4122A>G","4248T>C",265,325.838306063523,-0.0897562653790814,0,"Significant","synonymous"
"4122A>G","10196C>T",315,315.67853705486,-0.000934501477633257,0.937,"Not Significant","synonymous"
"10951C>T","9743A>G",277,118.652550529355,0.368202690911054,0,"Significant","synonymous"
"10951C>T","6824C>T",279,121.131857555342,0.362345826100919,0,"Significant","synonymous"
"10951C>T","7927C>T",283,126.798845043311,0.348671137763887,0,"Significant","synonymous"
"10951C>T","11902G>A",276,131.757459095284,0.321133871066808,0,"Significant","synonymous"
"10951C>T","13227C>T",281,116.881616939365,0.380960108910635,0,"Significant","synonymous"
"10951C>T","12741C>T",276,112.985563041386,0.387886127891469,0,"Significant","synonymous"
"10951C>T","13863C>T",267,120.069297401347,0.347079292044954,0,"Significant","synonymous"
"10951C>T","7211G>A",211,296.808469682387,-0.148193834448865,0,"Significant","synonymous"
"10951C>T","15490C>T",162,265.285851780558,-0.214199074273071,0,"Significant","synonymous"
"10951C>T","13500T>C",132,250.055822906641,-0.277463040962139,0,"Significant","synonymous"
"10951C>T","14944C>T",216,288.662175168431,-0.125936128705335,0,"Significant","synonymous"
"10951C>T","3360A>G",117,232.346487006737,-0.297950248745655,0,"Significant","synonymous"
"10951C>T","6005C>T",145,250.055822906641,-0.236668969933043,0,"Significant","synonymous"
"10951C>T","6483C>T",132,247.930702598653,-0.273756379924593,0,"Significant","synonymous"
"10951C>T","3798C>T",328,315.226179018287,0.0172515659504206,0.023,"Significant","synonymous"
"10951C>T","13116C>T",161,257.493743984601,-0.203940805943427,0,"Significant","synonymous"
"10951C>T","4992C>T",140,232.700673724735,-0.220669604997759,0,"Significant","synonymous"
"10951C>T","12978A>T",119,235.888354186718,-0.29715953889393,0,"Significant","synonymous"
"10951C>T","9548G>A",238,285.474494706449,-0.0789903558648886,0,"Significant","synonymous"
"10951C>T","14422T>A",267,119.715110683349,0.34836228997038,0,"Significant","synonymous"
"10951C>T","4875C>T",128,238.013474494706,-0.26939157452214,0,"Significant","synonymous"
"10951C>T","4020C>T",135,241.201154956689,-0.252045614533978,0,"Significant","synonymous"
"10951C>T","13998C>T",124,234.471607314726,-0.27666857539364,0,"Significant","synonymous"
"10951C>T","4964C>T",137,239.076034648701,-0.241815476790823,0,"Significant","synonymous"
"10951C>T","14767T>C",120,239.076034648701,-0.29935479789956,0,"Significant","synonymous"
"10951C>T","11389C>T",157,245.451395572666,-0.194065853318814,0,"Significant","synonymous"
"10951C>T","5121C>T",100,188.073147256978,-0.274326792197606,0,"Significant","synonymous"
"10951C>T","3885C>T",172,247.930702598653,-0.158801864222971,0,"Significant","synonymous"
"10951C>T","11245C>T",112,212.512030798845,-0.278165498829619,0,"Significant","synonymous"
"10951C>T","14521C>T",139,223.846005774783,-0.206934549144512,0,"Significant","synonymous"
"10951C>T","11587C>T",111,221.012512030799,-0.299093882011912,0,"Significant","synonymous"
"10951C>T","15430C>T",255,267.765158806545,-0.0212138861835834,0.082,"Not Significant","synonymous"
"10951C>T","6572C>T",134,228.09624639076,-0.231013340111211,0,"Significant","synonymous"
"10951C>T","4919C>T",249,100.234841193455,0.395180640454847,0,"Significant","synonymous"
"10951C>T","6485A>T",109,211.449470644851,-0.287780104304893,0,"Significant","synonymous"
"10951C>T","4131A>T",92,196.573628488932,-0.32973742689321,0,"Significant","synonymous"
"10951C>T","15538C>T",123,218.179018286814,-0.248907871841214,0,"Significant","synonymous"
"10951C>T","14013A>G",254,109.797882579403,0.3642397516691,0,"Significant","synonymous"
"10951C>T","15751A>T",248,91.3801732435034,0.433599703746346,0,"Significant","synonymous"
"10951C>T","4245C>T",264,134.590952839269,0.292588059136522,0,"Significant","synonymous"
"10951C>T","10877C>T",110,203.657362848893,-0.267507430647564,0,"Significant","synonymous"
"10951C>T","7858C>T",311,238.013474494706,0.116158844856629,0,"Significant","synonymous"
"10951C>T","14569G>A",275,130.340712223292,0.32425260404023,0,"Significant","synonymous"
"10951C>T","6059C>T",176,219.241578440808,-0.0954102523222597,0,"Significant","synonymous"
"10951C>T","9347A>T",87,181.697786333012,-0.319830383609278,0,"Significant","synonymous"
"10951C>T","6563C>T",280,248.993262752647,0.0509704352060357,0,"Significant","synonymous"
"10951C>T","9954C>T",113,169.30125120308,-0.175581724244912,0,"Significant","synonymous"
"10951C>T","10202C>T",306,299.99615014437,0.00860574503453002,0.318,"Not Significant","synonymous"
"10951C>T","3687C>T",212,220.658325312801,-0.0173844568467504,0.272,"Not Significant","synonymous"
"10951C>T","4161C>T",139,214.282964388835,-0.187972845514604,0,"Significant","synonymous"
"10951C>T","7756C>T",165,207.199230028874,-0.0989041929845609,0,"Significant","synonymous"
"10951C>T","12774C>T",150,204.011549566891,-0.133563495483794,0,"Significant","synonymous"
"10951C>T","15616C>T",194,218.179018286814,-0.0510112533505149,0.004,"Significant","synonymous"
"10951C>T","7690C>T",134,186.302213666987,-0.143113216905181,0,"Significant","synonymous"
"10951C>T","7256C>T",110,168.947064485082,-0.186357964998091,0,"Significant","synonymous"
"10951C>T","6378T>C",249,116.173243503369,0.331093232267518,0,"Significant","synonymous"
"10951C>T","5324C>T",253,130.340712223292,0.288040431385799,0,"Significant","synonymous"
"10951C>T","12555A>T",69,155.487969201155,-0.352847700620856,0,"Significant","synonymous"
"10951C>T","11761C>T",178,205.074109720885,-0.0614908325348502,0,"Significant","synonymous"
"10951C>T","12975A>G",97,191.615014436959,-0.295657801956444,0,"Significant","synonymous"
"10951C>T","10867C>T",287,214.282964388835,0.126894250965132,0,"Significant","synonymous"
"10951C>T","12486C>T",246,102.714148219442,0.379304838087837,0,"Significant","synonymous"
"10951C>T","13380C>T",142,180.989412897016,-0.105364826867931,0,"Significant","synonymous"
"10951C>T","8368G>A",109,177.801732435034,-0.212509490320582,0,"Significant","synonymous"
"10951C>T","6050T>A",84,184.531280076997,-0.341790708353701,0,"Significant","synonymous"
"10951C>T","3960C>T",95,177.447545717036,-0.271346391694526,0,"Significant","synonymous"
"10951C>T","7888C>G",61,143.44562078922,-0.371357459319832,0,"Significant","synonymous"
"10951C>T","7007C>T",133,177.801732435034,-0.126084347294192,0,"Significant","synonymous"
"10951C>T","11806A>G",101,175.676612127045,-0.240392573823712,0,"Significant","synonymous"
"10951C>T","6617C>T",165,179.926852743022,-0.0376120391863313,0.061,"Not Significant","synonymous"
"10951C>T","3543C>T",235,97.4013474494706,0.382502897324872,0,"Significant","synonymous"
"10951C>T","6173C>T",251,117.944177093359,0.327997216858183,0,"Significant","synonymous"
"10951C>T","15514T>C",93,160.800769971126,-0.237805175419312,0,"Significant","synonymous"
"10951C>T","11134A>T",231,84.6506256015399,0.435981807827341,0,"Significant","synonymous"
"10951C>T","4086C>T",92,157.258902791145,-0.232827413885209,0,"Significant","synonymous"
"10951C>T","9575G>A",104,162.925890279115,-0.194956763498983,0,"Significant","synonymous"
"10951C>T","3795C>T",100,160.446583253128,-0.205330473129008,0,"Significant","synonymous"
"10951C>T","15736A>T",75,148.404234841193,-0.296385030690649,0,"Significant","synonymous"
"10951C>T","7130C>T",244,143.799807507218,0.229631521645071,0,"Significant","synonymous"
"10951C>T","13902C>T",61,127.861405197305,-0.321409638010859,0,"Significant","synonymous"
"10951C>T","4604C>T",72,135.653512993263,-0.275098548653411,0,"Significant","synonymous"
"10951C>T","9374A>G",226,94.567853705486,0.378364906666218,0,"Significant","synonymous"
"10951C>T","8967C>T",93,160.800769971126,-0.237805175419312,0,"Significant","synonymous"
"10951C>T","4248T>C",246,159.029836381136,0.189456494983619,0,"Significant","synonymous"
"10951C>T","10196C>T",153,154.071222329163,-0.00303009725337681,0.904,"Not Significant","synonymous"
"9743A>G","6824C>T",269,110.269489894129,0.387296914466373,0,"Significant","synonymous"
"9743A>G","7927C>T",278,115.428296438884,0.381732509794314,0,"Significant","synonymous"
"9743A>G","11902G>A",274,119.942252165544,0.358778363458619,0,"Significant","synonymous"
"9743A>G","13227C>T",275,106.400384985563,0.412389494472457,0,"Significant","synonymous"
"9743A>G","12741C>T",275,102.853705486044,0.427112751293149,0,"Significant","synonymous"
"9743A>G","13863C>T",267,109.302213666987,0.387882303681591,0,"Significant","synonymous"
"9743A>G","7211G>A",180,270.192492781521,-0.176400773006558,0,"Significant","synonymous"
"9743A>G","15490C>T",141,241.496631376323,-0.233691964523626,0,"Significant","synonymous"
"9743A>G","13500T>C",110,227.632338787295,-0.315841275373042,0,"Significant","synonymous"
"9743A>G","14944C>T",195,262.776708373436,-0.129552256857069,0,"Significant","synonymous"
"9743A>G","3360A>G",99,211.511068334937,-0.329697904257545,0,"Significant","synonymous"
"9743A>G","6005C>T",125,227.632338787295,-0.260323947523258,0,"Significant","synonymous"
"9743A>G","6483C>T",110,225.697786333012,-0.312134614335497,0,"Significant","synonymous"
"9743A>G","3798C>T",303,286.958614051973,0.0236233623777164,0.004,"Significant","synonymous"
"9743A>G","13116C>T",145,234.403272377286,-0.208595668103617,0,"Significant","synonymous"
"9743A>G","4992C>T",127,211.833493743985,-0.222190908083355,0,"Significant","synonymous"
"9743A>G","12978A>T",99,214.735322425409,-0.336268294052182,0,"Significant","synonymous"
"9743A>G","9548G>A",219,259.874879692012,-0.0743201864446089,0,"Significant","synonymous"
"9743A>G","14422T>A",258,108.97978825794,0.374273746205677,0,"Significant","synonymous"
"9743A>G","4875C>T",107,216.669874879692,-0.306414754848078,0,"Significant","synonymous"
"9743A>G","4020C>T",123,219.571703561116,-0.2516712599529,0,"Significant","synonymous"
"9743A>G","13998C>T",111,213.44562078922,-0.283964270132523,0,"Significant","synonymous"
"9743A>G","4964C>T",119,217.637151106833,-0.262186070917997,0,"Significant","synonymous"
"9743A>G","14767T>C",100,217.637151106833,-0.337733032310458,0,"Significant","synonymous"
"9743A>G","11389C>T",139,223.440808469682,-0.206147693837261,0,"Significant","synonymous"
"9743A>G","5121C>T",90,171.207892204042,-0.279281271121583,0,"Significant","synonymous"
"9743A>G","3885C>T",154,225.697786333012,-0.166006578657372,0,"Significant","synonymous"
"9743A>G","11245C>T",94,193.455245428296,-0.313452656263375,0,"Significant","synonymous"
"9743A>G","14521C>T",115,203.772858517806,-0.248448497408277,0,"Significant","synonymous"
"9743A>G","11587C>T",88,201.193455245428,-0.359131177011645,0,"Significant","synonymous"
"9743A>G","15430C>T",226,243.753609239654,-0.0328426158334594,0.009,"Significant","synonymous"
"9743A>G","6572C>T",119,207.641963426371,-0.241768165446793,0,"Significant","synonymous"
"9743A>G","4919C>T",246,91.2463907603465,0.430719412099122,0,"Significant","synonymous"
"9743A>G","6485A>T",83,192.487969201155,-0.365325498232665,0,"Significant","synonymous"
"9743A>G","4131A>T",76,178.946102021174,-0.371908650321224,0,"Significant","synonymous"
"9743A>G","15538C>T",97,198.614051973051,-0.311238237377619,0,"Significant","synonymous"
"9743A>G","14013A>G",252,99.9518768046198,0.401609587467341,0,"Significant","synonymous"
"9743A>G","15751A>T",246,83.1857555341675,0.470886141660136,0,"Significant","synonymous"
"9743A>G","4245C>T",260,122.521655437921,0.326760491874153,0,"Significant","synonymous"
"9743A>G","10877C>T",91,185.394610202117,-0.309055711847962,0,"Significant","synonymous"
"9743A>G","7858C>T",292,216.669874879692,0.129584318914874,0,"Significant","synonymous"
"9743A>G","14569G>A",263,118.652550529355,0.345678670336372,0,"Significant","synonymous"
"9743A>G","6059C>T",169,199.581328200193,-0.0722332038860729,0,"Significant","synonymous"
"9743A>G","9347A>T",67,165.404234841193,-0.392471821890272,0,"Significant","synonymous"
"9743A>G","6563C>T",260,226.665062560154,0.0595887634713017,0,"Significant","synonymous"
"9743A>G","9954C>T",94,154.119345524543,-0.214729302491908,0,"Significant","synonymous"
"9743A>G","10202C>T",282,273.094321462945,0.0139364385089814,0.136,"Not Significant","synonymous"
"9743A>G","3687C>T",192,200.871029836381,-0.0196160774352778,0.24,"Not Significant","synonymous"
"9743A>G","4161C>T",124,195.067372473532,-0.196762948969774,0,"Significant","synonymous"
"9743A>G","7756C>T",154,188.618864292589,-0.0880644047253335,0,"Significant","synonymous"
"9743A>G","12774C>T",128,185.717035611165,-0.161641773254906,0,"Significant","synonymous"
"9743A>G","15616C>T",162,198.614051973051,-0.0884949571014129,0,"Significant","synonymous"
"9743A>G","7690C>T",114,169.595765158807,-0.172510152296809,0,"Significant","synonymous"
"9743A>G","7256C>T",87,153.796920115496,-0.247428385900946,0,"Significant","synonymous"
"9743A>G","6378T>C",245,105.755534167469,0.364862981172952,0,"Significant","synonymous"
"9743A>G","5324C>T",250,118.652550529355,0.32366293051866,0,"Significant","synonymous"
"9743A>G","12555A>T",60,141.544754571704,-0.372742529337729,0,"Significant","synonymous"
"9743A>G","11761C>T",164,186.684311838306,-0.0562639751593739,0,"Significant","synonymous"
"9743A>G","12975A>G",79,174.432146294514,-0.343999433295495,0,"Significant","synonymous"
"9743A>G","10867C>T",274,195.067372473532,0.147565928688187,0,"Significant","synonymous"
"9743A>G","12486C>T",247,93.5033686236766,0.421869695880753,0,"Significant","synonymous"
"9743A>G","13380C>T",117,164.759384023099,-0.148664297868111,0,"Significant","synonymous"
"9743A>G","8368G>A",91,161.857555341675,-0.250091584303385,0,"Significant","synonymous"
"9743A>G","6050T>A",71,167.983638113571,-0.374008634059764,0,"Significant","synonymous"
"9743A>G","3960C>T",82,161.535129932628,-0.294453132962936,0,"Significant","synonymous"
"9743A>G","7888C>G",48,130.5822906641,-0.434643045318177,0,"Significant","synonymous"
"9743A>G","7007C>T",120,161.857555341675,-0.129951730576969,0,"Significant","synonymous"
"9743A>G","11806A>G",90,159.923002887392,-0.249668426530329,0,"Significant","synonymous"
"9743A>G","6617C>T",152,163.792107795958,-0.0324493838187939,0.126,"Not Significant","synonymous"
"9743A>G","3543C>T",230,88.6669874879692,0.413965882707361,0,"Significant","synonymous"
"9743A>G","6173C>T",255,107.367661212705,0.375666687447733,0,"Significant","synonymous"
"9743A>G","15514T>C",78,146.381135707411,-0.273390509646031,0,"Significant","synonymous"
"9743A>G","11134A>T",228,77.0596727622714,0.471107686572275,0,"Significant","synonymous"
"9743A>G","4086C>T",88,143.156881616939,-0.211329557443929,0,"Significant","synonymous"
"9743A>G","9575G>A",83,148.315688161694,-0.252108998784937,0,"Significant","synonymous"
"9743A>G","3795C>T",98,146.058710298364,-0.173301385799859,0,"Significant","synonymous"
"9743A>G","15736A>T",61,135.09624639076,-0.345313447434806,0,"Significant","synonymous"
"9743A>G","7130C>T",238,130.904716073147,0.259621663999501,0,"Significant","synonymous"
"9743A>G","13902C>T",48,116.395572666025,-0.384695224009207,0,"Significant","synonymous"
"9743A>G","4604C>T",58,123.488931665063,-0.328200039884956,0,"Significant","synonymous"
"9743A>G","9374A>G",216,86.0875842155919,0.399513230306384,0,"Significant","synonymous"
"9743A>G","8967C>T",76,146.381135707411,-0.284671520055706,0,"Significant","synonymous"
"9743A>G","4248T>C",237,144.769008662175,0.214072745526996,0,"Significant","synonymous"
"9743A>G","10196C>T",142,140.255052935515,0.00536982794874763,0.835,"Not Significant","synonymous"
"6824C>T","7927C>T",278,117.840230991338,0.372751210775032,0,"Significant","synonymous"
"6824C>T","11902G>A",274,122.448508180943,0.349797064439337,0,"Significant","synonymous"
"6824C>T","13227C>T",281,108.623676612127,0.41278182152799,0,"Significant","synonymous"
"6824C>T","12741C>T",266,105.002887391723,0.403680395074678,0,"Significant","synonymous"
"6824C>T","13863C>T",264,111.586140519731,0.373993670167567,0,"Significant","synonymous"
"6824C>T","7211G>A",187,275.838306063523,-0.16881297059266,0,"Significant","synonymous"
"6824C>T","15490C>T",143,246.542829643888,-0.236556338733235,0,"Significant","synonymous"
"6824C>T","13500T>C",111,232.388835418672,-0.3208922807639,0,"Significant","synonymous"
"6824C>T","14944C>T",196,268.267564966314,-0.136312095882399,0,"Significant","synonymous"
"6824C>T","3360A>G",101,215.930702598653,-0.329993024091746,0,"Significant","synonymous"
"6824C>T","6005C>T",130,232.388835418672,-0.252271907243777,0,"Significant","synonymous"
"6824C>T","6483C>T",118,230.41385948027,-0.29062659120691,0,"Significant","synonymous"
"6824C>T","3798C>T",310,292.954764196343,0.0245611286903941,0.001,"Significant","synonymous"
"6824C>T","13116C>T",144,239.30125120308,-0.220582477262626,0,"Significant","synonymous"
"6824C>T","4992C>T",128,216.259865255053,-0.227765958410732,0,"Significant","synonymous"
"6824C>T","12978A>T",101,219.222329162656,-0.336563413886384,0,"Significant","synonymous"
"6824C>T","9548G>A",225,265.30510105871,-0.0715630821926565,0,"Significant","synonymous"
"6824C>T","14422T>A",265,111.25697786333,0.376918615159969,0,"Significant","synonymous"
"6824C>T","4875C>T",110,221.197305101059,-0.303387146394359,0,"Significant","synonymous"
"6824C>T","4020C>T",119,224.159769008662,-0.275010709019041,0,"Significant","synonymous"
"6824C>T","13998C>T",113,217.905678537055,-0.285190104455053,0,"Significant","synonymous"
"6824C>T","4964C>T",121,222.18479307026,-0.263928961013369,0,"Significant","synonymous"
"6824C>T","14767T>C",104,222.18479307026,-0.32968099203098,0,"Significant","synonymous"
"6824C>T","11389C>T",145,228.109720885467,-0.19677579087568,0,"Significant","synonymous"
"6824C>T","5121C>T",92,174.785370548604,-0.278717252234648,0,"Significant","synonymous"
"6824C>T","3885C>T",157,230.41385948027,-0.166608946103893,0,"Significant","synonymous"
"6824C>T","11245C>T",105,197.497593840231,-0.27437250981247,0,"Significant","synonymous"
"6824C>T","14521C>T",122,208.030798845043,-0.231767806106447,0,"Significant","synonymous"
"6824C>T","11587C>T",94,205.39749759384,-0.339467294581432,0,"Significant","synonymous"
"6824C>T","15430C>T",239,248.846968238691,-0.0175344530520193,0.137,"Not Significant","synonymous"
"6824C>T","6572C>T",123,211.980750721848,-0.236391314419224,0,"Significant","synonymous"
"6824C>T","4919C>T",249,93.153031761309,0.427002353072197,0,"Significant","synonymous"
"6824C>T","6485A>T",87,196.51010587103,-0.35386563700943,0,"Significant","synonymous"
"6824C>T","4131A>T",77,182.685274302214,-0.375212816448826,0,"Significant","synonymous"
"6824C>T","15538C>T",107,202.764196342637,-0.277607492977982,0,"Significant","synonymous"
"6824C>T","14013A>G",251,102.040423484119,0.390901469147555,0,"Significant","synonymous"
"6824C>T","15751A>T",247,84.9239653512993,0.463666688797142,0,"Significant","synonymous"
"6824C>T","4245C>T",257,125.081809432146,0.312738968215348,0,"Significant","synonymous"
"6824C>T","10877C>T",97,189.268527430221,-0.290306668922125,0,"Significant","synonymous"
"6824C>T","7858C>T",300,221.197305101059,0.132341423166828,0,"Significant","synonymous"
"6824C>T","14569G>A",262,121.131857555342,0.335042914147077,0,"Significant","synonymous"
"6824C>T","6059C>T",170,203.751684311838,-0.0786522861407594,0,"Significant","synonymous"
"6824C>T","9347A>T",77,168.860442733398,-0.341037198437985,0,"Significant","synonymous"
"6824C>T","6563C>T",259,231.401347449471,0.0489338805624502,0,"Significant","synonymous"
"6824C>T","9954C>T",97,157.339749759384,-0.21006672084466,0,"Significant","synonymous"
"6824C>T","10202C>T",283,278.800769971126,0.00649246669462336,0.504,"Not Significant","synonymous"
"6824C>T","3687C>T",196,205.06833493744,-0.0196425338016414,0.216,"Not Significant","synonymous"
"6824C>T","4161C>T",129,199.143407122233,-0.188576222852059,0,"Significant","synonymous"
"6824C>T","7756C>T",150,192.560153994225,-0.108475165525393,0,"Significant","synonymous"
"6824C>T","12774C>T",128,189.597690086622,-0.170623072274191,0,"Significant","synonymous"
"6824C>T","15616C>T",171,202.764196342637,-0.0739951602711895,0,"Significant","synonymous"
"6824C>T","7690C>T",123,173.139557266603,-0.148491191213197,0,"Significant","synonymous"
"6824C>T","7256C>T",96,157.010587102984,-0.213657704499327,0,"Significant","synonymous"
"6824C>T","6378T>C",254,107.965351299326,0.37154931440907,0,"Significant","synonymous"
"6824C>T","5324C>T",249,121.131857555342,0.312940969923077,0,"Significant","synonymous"
"6824C>T","12555A>T",72,144.502406159769,-0.302542582309508,0,"Significant","synonymous"
"6824C>T","11761C>T",170,190.585178055823,-0.0496402008480923,0.008,"Significant","synonymous"
"6824C>T","12975A>G",79,178.076997112608,-0.35298073231478,0,"Significant","synonymous"
"6824C>T","10867C>T",276,199.143407122233,0.14174314891373,0,"Significant","synonymous"
"6824C>T","12486C>T",245,95.4571703561116,0.409357527966341,0,"Significant","synonymous"
"6824C>T","13380C>T",129,168.202117420597,-0.115241748334343,0,"Significant","synonymous"
"6824C>T","8368G>A",98,165.239653512993,-0.226888199951302,0,"Significant","synonymous"
"6824C>T","6050T>A",73,171.493743984601,-0.370925421677684,0,"Significant","synonymous"
"6824C>T","3960C>T",87,164.910490856593,-0.277729031747349,0,"Significant","synonymous"
"6824C>T","7888C>G",58,133.310875842156,-0.361437588150266,0,"Significant","synonymous"
"6824C>T","7007C>T",115,165.239653512993,-0.15741643529025,0,"Significant","synonymous"
"6824C>T","11806A>G",96,163.264677574591,-0.2306210019494,0,"Significant","synonymous"
"6824C>T","6617C>T",156,167.214629451396,-0.0301496724283966,0.132,"Not Significant","synonymous"
"6824C>T","3543C>T",234,90.5197305101059,0.412472605080628,0,"Significant","synonymous"
"6824C>T","6173C>T",249,109.611164581328,0.356344555090237,0,"Significant","synonymous"
"6824C>T","15514T>C",86,149.439846005775,-0.239967960112279,0,"Significant","synonymous"
"6824C>T","11134A>T",232,78.669874879692,0.469679525443439,0,"Significant","synonymous"
"6824C>T","4086C>T",87,146.148219441771,-0.225274275994757,0,"Significant","synonymous"
"6824C>T","9575G>A",88,151.414821944177,-0.235685718030156,0,"Significant","synonymous"
"6824C>T","3795C>T",91,149.110683349374,-0.21446736819051,0,"Significant","synonymous"
"6824C>T","15736A>T",67,137.919153031761,-0.313549778764093,0,"Significant","synonymous"
"6824C>T","7130C>T",237,133.640038498556,0.24881175393381,0,"Significant","synonymous"
"6824C>T","13902C>T",59,118.827718960539,-0.304065748762101,0,"Significant","synonymous"
"6824C>T","4604C>T",65,126.069297401347,-0.287695975824401,0,"Significant","synonymous"
"6824C>T","9374A>G",217,87.8864292589028,0.392537913984703,0,"Significant","synonymous"
"6824C>T","8967C>T",82,149.439846005775,-0.260652558972106,0,"Significant","synonymous"
"6824C>T","4248T>C",242,147.794032723773,0.214158466478036,0,"Significant","synonymous"
"6824C>T","10196C>T",138,143.185755534167,-0.0160207290523471,0.525,"Not Significant","synonymous"
"7927C>T","11902G>A",282,128.177093358999,0.342438689350582,0,"Significant","synonymous"
"7927C>T","13227C>T",280,113.705486044273,0.391376612377408,0,"Significant","synonymous"
"7927C>T","12741C>T",275,109.915303176131,0.398274531686147,0,"Significant","synonymous"
"7927C>T","13863C>T",265,116.806544754572,0.355778696646821,0,"Significant","synonymous"
"7927C>T","7211G>A",198,288.74302213667,-0.163846307455374,0,"Significant","synonymous"
"7927C>T","15490C>T",161,258.076997112608,-0.204923420754212,0,"Significant","synonymous"
"7927C>T","13500T>C",129,243.260827718961,-0.275482469839094,0,"Significant","synonymous"
"7927C>T","14944C>T",215,280.818094321463,-0.115986627911021,0,"Significant","synonymous"
"7927C>T","3360A>G",117,226.032723772859,-0.285985456716016,0,"Significant","synonymous"
"7927C>T","6005C>T",140,243.260827718961,-0.239944144460131,0,"Significant","synonymous"
"7927C>T","6483C>T",134,241.193455245428,-0.255260720736002,0,"Significant","synonymous"
"7927C>T","3798C>T",327,306.660250240616,0.0278902669286675,0.001,"Significant","synonymous"
"7927C>T","13116C>T",161,250.496631376323,-0.191976013913789,0,"Significant","synonymous"
"7927C>T","4992C>T",139,226.377285851781,-0.211818048392262,0,"Significant","synonymous"
"7927C>T","12978A>T",119,229.478344562079,-0.285194746864292,0,"Significant","synonymous"
"7927C>T","9548G>A",238,277.717035611165,-0.0670255638352495,0,"Significant","synonymous"
"7927C>T","14422T>A",260,116.46198267565,0.34878916860626,0,"Significant","synonymous"
"7927C>T","4875C>T",120,231.545717035611,-0.285455506092723,0,"Significant","synonymous"
"7927C>T","4020C>T",136,234.64677574591,-0.23687568262913,0,"Significant","synonymous"
"7927C>T","13998C>T",128,228.100096246391,-0.25091549887838,0,"Significant","synonymous"
"7927C>T","4964C>T",136,232.579403272377,-0.233032343547372,0,"Significant","synonymous"
"7927C>T","14767T>C",122,232.579403272377,-0.280211421242804,0,"Significant","synonymous"
"7927C>T","11389C>T",153,238.781520692974,-0.193309282880803,0,"Significant","synonymous"
"7927C>T","5121C>T",98,182.962463907603,-0.271135924475465,0,"Significant","synonymous"
"7927C>T","3885C>T",174,241.193455245428,-0.141816270818285,0,"Significant","synonymous"
"7927C>T","11245C>T",113,206.737247353224,-0.262340285986747,0,"Significant","synonymous"
"7927C>T","14521C>T",134,217.76323387873,-0.21087975900415,0,"Significant","synonymous"
"7927C>T","11587C>T",111,215.006737247353,-0.287129089982274,0,"Significant","synonymous"
"7927C>T","15430C>T",248,260.488931665063,-0.0213375937616788,0.091,"Not Significant","synonymous"
"7927C>T","6572C>T",139,221.897978825794,-0.203138546192297,0,"Significant","synonymous"
"7927C>T","4919C>T",251,97.5110683349374,0.410619806869779,0,"Significant","synonymous"
"7927C>T","6485A>T",98,205.703561116458,-0.322015734523339,0,"Significant","synonymous"
"7927C>T","4131A>T",99,191.231953801732,-0.285925267611612,0,"Significant","synonymous"
"7927C>T","15538C>T",120,212.250240615977,-0.24766694520334,0,"Significant","synonymous"
"7927C>T","14013A>G",254,106.814244465833,0.376204543698733,0,"Significant","synonymous"
"7927C>T","15751A>T",248,88.8970163618864,0.445564495775976,0,"Significant","synonymous"
"7927C>T","4245C>T",263,130.933589990375,0.302904672786084,0,"Significant","synonymous"
"7927C>T","10877C>T",110,198.123195380173,-0.255542638617927,0,"Significant","synonymous"
"7927C>T","7858C>T",301,231.545717035611,0.113929743453278,0,"Significant","synonymous"
"7927C>T","14569G>A",268,126.798845043311,0.325019496268394,0,"Significant","synonymous"
"7927C>T","6059C>T",177,213.283926852743,-0.0809848617449666,0,"Significant","synonymous"
"7927C>T","9347A>T",82,176.760346487007,-0.333570991814513,0,"Significant","synonymous"
"7927C>T","6563C>T",268,242.227141482194,0.0439119899222507,0.001,"Significant","synonymous"
"7927C>T","9954C>T",113,164.700673724735,-0.163616932215275,0,"Significant","synonymous"
"7927C>T","10202C>T",300,291.844080846968,0.0119703653022544,0.194,"Not Significant","synonymous"
"7927C>T","3687C>T",210,214.662175168431,-0.00953623101194288,0.559,"Not Significant","synonymous"
"7927C>T","4161C>T",140,208.460057747834,-0.172894818060826,0,"Significant","synonymous"
"7927C>T","7756C>T",170,201.568816169394,-0.0739744237905635,0,"Significant","synonymous"
"7927C>T","12774C>T",140,198.467757459095,-0.15156192683158,0,"Significant","synonymous"
"7927C>T","15616C>T",176,212.250240615977,-0.0813355234369305,0,"Significant","synonymous"
"7927C>T","7690C>T",145,181.239653512993,-0.0968852210054013,0,"Significant","synonymous"
"7927C>T","7256C>T",103,164.356111645813,-0.202948633421481,0,"Significant","synonymous"
"7927C>T","6378T>C",253,113.016361886429,0.349979198377229,0,"Significant","synonymous"
"7927C>T","5324C>T",245,126.798845043311,0.286050786604153,0,"Significant","synonymous"
"7927C>T","12555A>T",70,151.262752646776,-0.334633959314228,0,"Significant","synonymous"
"7927C>T","11761C>T",182,199.501443695861,-0.0398746548290374,0.018,"Significant","synonymous"
"7927C>T","12975A>G",95,186.408084696824,-0.292741138904194,0,"Significant","synonymous"
"7927C>T","10867C>T",280,208.460057747834,0.128135177603,0,"Significant","synonymous"
"7927C>T","12486C>T",242,99.9230028873917,0.384149888994523,0,"Significant","synonymous"
"7927C>T","13380C>T",138,176.071222329163,-0.105809292820105,0,"Significant","synonymous"
"7927C>T","8368G>A",110,172.970163618864,-0.196578511073348,0,"Significant","synonymous"
"7927C>T","6050T>A",82,179.516843118383,-0.340291350002217,0,"Significant","synonymous"
"7927C>T","3960C>T",92,172.625601539942,-0.273317377608167,0,"Significant","synonymous"
"7927C>T","7888C>G",60,139.547641963426,-0.366571251917309,0,"Significant","synonymous"
"7927C>T","7007C>T",126,172.970163618864,-0.13760065111406,0,"Significant","synonymous"
"7927C>T","11806A>G",103,170.902791145332,-0.219911930871555,0,"Significant","synonymous"
"7927C>T","6617C>T",164,175.037536092397,-0.0282873433229017,0.164,"Not Significant","synonymous"
"7927C>T","3543C>T",233,94.7545717035611,0.390755748108787,0,"Significant","synonymous"
"7927C>T","6173C>T",256,114.739172281039,0.348528252718624,0,"Significant","synonymous"
"7927C>T","15514T>C",88,156.431183830606,-0.249840659793416,0,"Significant","synonymous"
"7927C>T","11134A>T",228,82.3503368623677,0.442269466965282,0,"Significant","synonymous"
"7927C>T","4086C>T",95,152.985563041386,-0.206926843912296,0,"Significant","synonymous"
"7927C>T","9575G>A",100,158.498556304139,-0.200025310768111,0,"Significant","synonymous"
"7927C>T","3795C>T",102,156.086621751684,-0.184765509337464,0,"Significant","synonymous"
"7927C>T","15736A>T",71,144.371511068335,-0.308223153333606,0,"Significant","synonymous"
"7927C>T","7130C>T",243,139.892204042348,0.239812760934289,0,"Significant","synonymous"
"7927C>T","13902C>T",63,124.386910490857,-0.295434131538433,0,"Significant","synonymous"
"7927C>T","4604C>T",72,131.967276227141,-0.263133756623777,0,"Significant","synonymous"
"7927C>T","9374A>G",220,91.9980750721848,0.378643940370659,0,"Significant","synonymous"
"7927C>T","8967C>T",95,156.431183830606,-0.216599726654774,0,"Significant","synonymous"
"7927C>T","4248T>C",250,154.708373435996,0.20842618858191,0,"Significant","synonymous"
"7927C>T","10196C>T",142,149.884504331088,-0.0234683916582618,0.316,"Not Significant","synonymous"
"11902G>A","13227C>T",277,118.152069297401,0.37003843686163,0,"Significant","synonymous"
"11902G>A","12741C>T",272,114.213666987488,0.376850828652077,0,"Significant","synonymous"
"11902G>A","13863C>T",266,121.374398460058,0.34075454610307,0,"Significant","synonymous"
"11902G>A","7211G>A",216,300.034648700674,-0.142717659804009,0,"Significant","synonymous"
"11902G>A","15490C>T",174,268.169393647738,-0.187859961741499,0,"Significant","synonymous"
"11902G>A","13500T>C",141,252.773820981713,-0.253512980721008,0,"Significant","synonymous"
"11902G>A","14944C>T",227,291.799807507218,-0.109059143871532,0,"Significant","synonymous"
"11902G>A","3360A>G",124,234.871992300289,-0.27740954653798,0,"Significant","synonymous"
"11902G>A","6005C>T",161,252.773820981713,-0.195906217344576,0,"Significant","synonymous"
"11902G>A","6483C>T",145,250.625601539942,-0.237657430103876,0,"Significant","synonymous"
"11902G>A","3798C>T",337,318.652550529355,0.0243125019016983,0,"Significant","synonymous"
"11902G>A","13116C>T",172,260.292589027912,-0.179933356276123,0,"Significant","synonymous"
"11902G>A","4992C>T",148,235.230028873917,-0.201231046489435,0,"Significant","synonymous"
"11902G>A","12978A>T",131,238.452358036574,-0.260130325839108,0,"Significant","synonymous"
"11902G>A","9548G>A",255,288.577478344562,-0.0537222536958358,0,"Significant","synonymous"
"11902G>A","14422T>A",267,121.016361886429,0.343667168762004,0,"Significant","synonymous"
"11902G>A","4875C>T",138,240.600577478345,-0.241417578977175,0,"Significant","synonymous"
"11902G>A","4020C>T",151,243.822906641001,-0.208097556944226,0,"Significant","synonymous"
"11902G>A","13998C>T",138,237.02021174206,-0.234906295363052,0,"Significant","synonymous"
"11902G>A","4964C>T",151,241.67468719923,-0.204254217862468,0,"Significant","synonymous"
"11902G>A","14767T>C",134,241.67468719923,-0.256126366790793,0,"Significant","synonymous"
"11902G>A","11389C>T",170,248.119345524543,-0.164211705558172,0,"Significant","synonymous"
"11902G>A","5121C>T",110,190.117420596728,-0.237629228247798,0,"Significant","synonymous"
"11902G>A","3885C>T",187,250.625601539942,-0.127183825802419,0,"Significant","synonymous"
"11902G>A","11245C>T",127,214.821944177093,-0.228274921752267,0,"Significant","synonymous"
"11902G>A","14521C>T",143,226.279114533205,-0.199308433141932,0,"Significant","synonymous"
"11902G>A","11587C>T",120,223.414821944177,-0.269930735959352,0,"Significant","synonymous"
"11902G>A","15430C>T",261,270.675649663138,-0.0158086804876398,0.176,"Not Significant","synonymous"
"11902G>A","6572C>T",148,230.575553416747,-0.19255154428947,0,"Significant","synonymous"
"11902G>A","4919C>T",247,101.324350336862,0.386983125410403,0,"Significant","synonymous"
"11902G>A","6485A>T",114,213.747834456208,-0.272996872117439,0,"Significant","synonymous"
"11902G>A","4131A>T",110,198.710298363811,-0.256827690288995,0,"Significant","synonymous"
"11902G>A","15538C>T",135,220.550529355149,-0.213174335994015,0,"Significant","synonymous"
"11902G>A","14013A>G",251,110.991337824832,0.354384635321827,0,"Significant","synonymous"
"11902G>A","15751A>T",246,92.3734359961501,0.425388008815135,0,"Significant","synonymous"
"11902G>A","4245C>T",265,136.053897978826,0.289534884995122,0,"Significant","synonymous"
"11902G>A","10877C>T",122,205.871029836381,-0.227235406339457,0,"Significant","synonymous"
"11902G>A","7858C>T",316,240.600577478345,0.118390417239815,0,"Significant","synonymous"
"11902G>A","14569G>A",272,131.757459095284,0.314793693035791,0,"Significant","synonymous"
"11902G>A","6059C>T",198,221.624639076035,-0.0489528510832836,0.003,"Significant","synonymous"
"11902G>A","9347A>T",95,183.672762271415,-0.286321152147468,0,"Significant","synonymous"
"11902G>A","6563C>T",282,251.699711260828,0.0493663909747985,0,"Significant","synonymous"
"11902G>A","9954C>T",111,171.141482194418,-0.188032310150044,0,"Significant","synonymous"
"11902G>A","10202C>T",308,303.25697786333,0.00673991384501497,0.431,"Not Significant","synonymous"
"11902G>A","3687C>T",220,223.056785370549,-0.00599275816168083,0.683,"Not Significant","synonymous"
"11902G>A","4161C>T",154,216.612127045236,-0.148162046140644,0,"Significant","synonymous"
"11902G>A","7756C>T",185,209.451395572666,-0.0539115300038594,0.001,"Significant","synonymous"
"11902G>A","12774C>T",157,206.22906641001,-0.118450223338632,0,"Significant","synonymous"
"11902G>A","15616C>T",193,220.550529355149,-0.0579507954813438,0,"Significant","synonymous"
"11902G>A","7690C>T",148,188.327237728585,-0.104651421083439,0,"Significant","synonymous"
"11902G>A","7256C>T",108,170.783445620789,-0.199022015877736,0,"Significant","synonymous"
"11902G>A","6378T>C",265,117.435996150144,0.353444637900203,0,"Significant","synonymous"
"11902G>A","5324C>T",251,131.757459095284,0.279898510482644,0,"Significant","synonymous"
"11902G>A","12555A>T",92,157.178055822907,-0.23260408522109,0,"Significant","synonymous"
"11902G>A","11761C>T",187,207.303176130895,-0.0447643495156346,0.011,"Significant","synonymous"
"11902G>A","12975A>G",104,193.697786333013,-0.270091318132316,0,"Significant","synonymous"
"11902G>A","10867C>T",297,216.612127045236,0.137073682339969,0,"Significant","synonymous"
"11902G>A","12486C>T",249,103.830606352262,0.379873956871816,0,"Significant","synonymous"
"11902G>A","13380C>T",144,182.956689124158,-0.103985800364119,0,"Significant","synonymous"
"11902G>A","8368G>A",123,179.734359961501,-0.16472599803023,0,"Significant","synonymous"
"11902G>A","6050T>A",102,186.537054860443,-0.262164943862134,0,"Significant","synonymous"
"11902G>A","3960C>T",108,179.376323387873,-0.220341362704856,0,"Significant","synonymous"
"11902G>A","7888C>G",71,145.004812319538,-0.310124066820001,0,"Significant","synonymous"
"11902G>A","7007C>T",140,179.734359961501,-0.108503073791433,0,"Significant","synonymous"
"11902G>A","11806A>G",118,177.586140519731,-0.177527061508669,0,"Significant","synonymous"
"11902G>A","6617C>T",167,181.882579403272,-0.0370746334610348,0.062,"Not Significant","synonymous"
"11902G>A","3543C>T",237,98.4600577478345,0.381488259854863,0,"Significant","synonymous"
"11902G>A","6173C>T",250,119.226179018287,0.321568382840807,0,"Significant","synonymous"
"11902G>A","15514T>C",99,162.548604427334,-0.215348050584103,0,"Significant","synonymous"
"11902G>A","11134A>T",231,85.5707410972089,0.431286686618967,0,"Significant","synonymous"
"11902G>A","4086C>T",102,158.968238691049,-0.19271019067727,0,"Significant","synonymous"
"11902G>A","9575G>A",109,164.696823869105,-0.179258726065536,0,"Significant","synonymous"
"11902G>A","3795C>T",117,162.190567853706,-0.141839732591287,0,"Significant","synonymous"
"11902G>A","15736A>T",81,150.017324350337,-0.267656396412119,0,"Significant","synonymous"
"11902G>A","7130C>T",237,145.362848893167,0.212294920108074,0,"Significant","synonymous"
"11902G>A","13902C>T",68,129.251203079885,-0.278925681523839,0,"Significant","synonymous"
"11902G>A","4604C>T",79,137.128007699711,-0.239499075002668,0,"Significant","synonymous"
"11902G>A","9374A>G",222,95.5957651588066,0.365914320761085,0,"Significant","synonymous"
"11902G>A","8967C>T",99,162.548604427334,-0.215348050584103,0,"Significant","synonymous"
"11902G>A","4248T>C",257,160.758421559192,0.20375939000315,0,"Significant","synonymous"
"11902G>A","10196C>T",157,155.745909528393,0.00348300312987407,0.888,"Not Significant","synonymous"
"13227C>T","12741C>T",272,101.318575553417,0.428879828656039,0,"Significant","synonymous"
"13227C>T","13863C>T",262,107.6708373436,0.386203200795716,0,"Significant","synonymous"
"13227C>T","7211G>A",176,266.159769008662,-0.179629743136753,0,"Significant","synonymous"
"13227C>T","15490C>T",136,237.892204042348,-0.242841301649822,0,"Significant","synonymous"
"13227C>T","13500T>C",103,224.234841193455,-0.337865868667114,0,"Significant","synonymous"
"13227C>T","14944C>T",190,258.854667949952,-0.134302400107797,0,"Significant","synonymous"
"13227C>T","3360A>G",92,208.354186717998,-0.355014404350551,0,"Significant","synonymous"
"13227C>T","6005C>T",119,224.234841193455,-0.275156131979812,0,"Significant","synonymous"
"13227C>T","6483C>T",110,222.3291626564,-0.305603747176542,0,"Significant","synonymous"
"13227C>T","3798C>T",300,282.675649663138,0.0258328557540308,0,"Significant","synonymous"
"13227C>T","13116C>T",138,230.904716073147,-0.223553716778385,0,"Significant","synonymous"
"13227C>T","4992C>T",120,208.671799807507,-0.240282515832712,0,"Significant","synonymous"
"13227C>T","12978A>T",95,211.53031761309,-0.347649016201911,0,"Significant","synonymous"
"13227C>T","9548G>A",213,255.99615014437,-0.0798538306870288,0,"Significant","synonymous"
"13227C>T","14422T>A",263,107.35322425409,0.389140655891154,0,"Significant","synonymous"
"13227C>T","4875C>T",99,213.435996150144,-0.33363247077675,0,"Significant","synonymous"
"13227C>T","4020C>T",108,216.294513955727,-0.301621748746344,0,"Significant","synonymous"
"13227C>T","13998C>T",104,210.259865255053,-0.305723042461419,0,"Significant","synonymous"
"13227C>T","4964C>T",113,214.388835418672,-0.278123721668133,0,"Significant","synonymous"
"13227C>T","14767T>C",98,214.388835418672,-0.339976089459,0,"Significant","synonymous"
"13227C>T","11389C>T",134,220.105871029836,-0.215526828567582,0,"Significant","synonymous"
"13227C>T","5121C>T",77,168.652550529355,-0.340502188229391,0,"Significant","synonymous"
"13227C>T","3885C>T",147,222.3291626564,-0.179679097586691,0,"Significant","synonymous"
"13227C>T","11245C>T",103,190.567853705486,-0.267212417998988,0,"Significant","synonymous"
"13227C>T","14521C>T",110,200.731472569779,-0.261222785444692,0,"Significant","synonymous"
"13227C>T","11587C>T",86,198.190567853705,-0.36258453075928,0,"Significant","synonymous"
"13227C>T","15430C>T",222,240.115495668912,-0.0340672133712632,0.005,"Significant","synonymous"
"13227C>T","6572C>T",117,204.542829643888,-0.242598397934202,0,"Significant","synonymous"
"13227C>T","4919C>T",248,89.8845043310876,0.440766852980908,0,"Significant","synonymous"
"13227C>T","6485A>T",76,189.615014436959,-0.397059131168945,0,"Significant","synonymous"
"13227C>T","4131A>T",69,176.275264677575,-0.407342284705748,0,"Significant","synonymous"
"13227C>T","15538C>T",98,195.649663137632,-0.30025302879242,0,"Significant","synonymous"
"13227C>T","14013A>G",247,98.4600577478345,0.399436867104418,0,"Significant","synonymous"
"13227C>T","15751A>T",249,81.944177093359,0.48268124881144,0,"Significant","synonymous"
"13227C>T","4245C>T",253,120.692974013474,0.32143853223811,0,"Significant","synonymous"
"13227C>T","10877C>T",88,182.627526467757,-0.317083564859916,0,"Significant","synonymous"
"13227C>T","7858C>T",288,213.435996150144,0.130124822384643,0,"Significant","synonymous"
"13227C>T","14569G>A",257,116.881616939365,0.342186912336864,0,"Significant","synonymous"
"13227C>T","6059C>T",162,196.60250240616,-0.08407402679815,0,"Significant","synonymous"
"13227C>T","9347A>T",62,162.935514918191,-0.419624067933838,0,"Significant","synonymous"
"13227C>T","6563C>T",254,223.282001924928,0.0559799992793806,0,"Significant","synonymous"
"13227C>T","9954C>T",90,151.819056785371,-0.227083779493308,0,"Significant","synonymous"
"13227C>T","10202C>T",271,269.018286814244,0.00318748822298762,0.803,"Not Significant","synonymous"
"13227C>T","3687C>T",186,197.872954764196,-0.0268734947619494,0.121,"Not Significant","synonymous"
"13227C>T","4161C>T",119,192.155919153032,-0.208106805580509,0,"Significant","synonymous"
"13227C>T","7756C>T",148,185.803657362849,-0.0987925430078735,0,"Significant","synonymous"
"13227C>T","12774C>T",123,182.945139557267,-0.172415764304408,0,"Significant","synonymous"
"13227C>T","15616C>T",168,195.649663137632,-0.0661698227592362,0,"Significant","synonymous"
"13227C>T","7690C>T",116,167.064485081809,-0.158426147247416,0,"Significant","synonymous"
"13227C>T","7256C>T",91,151.501443695861,-0.22137537903954,0,"Significant","synonymous"
"13227C>T","6378T>C",253,104.177093358999,0.385348285143184,0,"Significant","synonymous"
"13227C>T","5324C>T",247,116.881616939365,0.324950742265242,0,"Significant","synonymous"
"13227C>T","12555A>T",59,139.432146294514,-0.373510900920263,0,"Significant","synonymous"
"13227C>T","11761C>T",166,183.897978825794,-0.0444688680080656,0.023,"Significant","synonymous"
"13227C>T","12975A>G",71,171.828681424447,-0.383837308707845,0,"Significant","synonymous"
"13227C>T","10867C>T",268,192.155919153032,0.144481027055546,0,"Significant","synonymous"
"13227C>T","12486C>T",242,92.1077959576516,0.419518975760473,0,"Significant","synonymous"
"13227C>T","13380C>T",120,162.300288739172,-0.131138046407704,0,"Significant","synonymous"
"13227C>T","8368G>A",91,159.44177093359,-0.243560717144431,0,"Significant","synonymous"
"13227C>T","6050T>A",67,165.476419634264,-0.392661312919022,0,"Significant","synonymous"
"13227C>T","3960C>T",75,159.124157844081,-0.32667485479595,0,"Significant","synonymous"
"13227C>T","7888C>G",53,128.633301251203,-0.385077545934108,0,"Significant","synonymous"
"13227C>T","7007C>T",112,159.44177093359,-0.153384086795432,0,"Significant","synonymous"
"13227C>T","11806A>G",90,157.536092396535,-0.243137559371376,0,"Significant","synonymous"
"13227C>T","6617C>T",151,161.347449470645,-0.0287851573114414,0.172,"Not Significant","synonymous"
"13227C>T","3543C>T",232,87.3435996150144,0.424256898739617,0,"Significant","synonymous"
"13227C>T","6173C>T",249,105.765158806545,0.37185672126847,0,"Significant","synonymous"
"13227C>T","15514T>C",76,144.196342637151,-0.278140652896752,0,"Significant","synonymous"
"13227C>T","11134A>T",228,75.9095283926853,0.477638553731224,0,"Significant","synonymous"
"13227C>T","4086C>T",81,141.02021174206,-0.240796343556452,0,"Significant","synonymous"
"13227C>T","9575G>A",82,146.102021174206,-0.250842371618335,0,"Significant","synonymous"
"13227C>T","3795C>T",89,143.878729547642,-0.208606587688443,0,"Significant","synonymous"
"13227C>T","15736A>T",61,133.079884504331,-0.338782580275853,0,"Significant","synonymous"
"13227C>T","7130C>T",234,128.950914340712,0.258791431512087,0,"Significant","synonymous"
"13227C>T","13902C>T",50,114.658325312801,-0.360435589889859,0,"Significant","synonymous"
"13227C>T","4604C>T",64,121.645813282002,-0.278917192305124,0,"Significant","synonymous"
"13227C>T","9374A>G",215,84.8026948989413,0.40402880623001,0,"Significant","synonymous"
"13227C>T","8967C>T",79,144.196342637151,-0.261327153887124,0,"Significant","synonymous"
"13227C>T","4248T>C",232,142.608277189605,0.211343251566749,0,"Significant","synonymous"
"13227C>T","10196C>T",132,138.161693936477,-0.0198137180694828,0.399,"Not Significant","synonymous"
"12741C>T","13863C>T",263,104.081809432146,0.40258091478642,0,"Significant","synonymous"
"12741C>T","7211G>A",160,257.287776708373,-0.206299171474253,0,"Significant","synonymous"
"12741C>T","15490C>T",123,229.962463907603,-0.271751841759908,0,"Significant","synonymous"
"12741C>T","13500T>C",97,216.760346487007,-0.349208102285315,0,"Significant","synonymous"
"12741C>T","14944C>T",174,250.226179018287,-0.157783495957305,0,"Significant","synonymous"
"12741C>T","3360A>G",85,201.409047160731,-0.374660049161076,0,"Significant","synonymous"
"12741C>T","6005C>T",109,216.760346487007,-0.298553338610986,0,"Significant","synonymous"
"12741C>T","6483C>T",96,214.918190567854,-0.350001942474442,0,"Significant","synonymous"
"12741C>T","3798C>T",292,273.2531280077,0.0288177093034917,0,"Significant","synonymous"
"12741C>T","13116C>T",127,223.207892204042,-0.244905825402937,0,"Significant","synonymous"
"12741C>T","4992C>T",115,201.716073147257,-0.24404266470601,0,"Significant","synonymous"
"12741C>T","12978A>T",84,204.479307025987,-0.386370078608118,0,"Significant","synonymous"
"12741C>T","9548G>A",205,247.462945139557,-0.0817563162493037,0,"Significant","synonymous"
"12741C>T","14422T>A",257,103.774783445621,0.393841287553387,0,"Significant","synonymous"
"12741C>T","4875C>T",91,206.32146294514,-0.355503016232468,0,"Significant","synonymous"
"12741C>T","4020C>T",102,209.084696823869,-0.311722075650653,0,"Significant","synonymous"
"12741C>T","13998C>T",96,203.251203079884,-0.325761891899896,0,"Significant","synonymous"
"12741C>T","4964C>T",102,207.242540904716,-0.307878736568895,0,"Significant","synonymous"
"12741C>T","14767T>C",86,207.242540904716,-0.381980457087165,0,"Significant","synonymous"
"12741C>T","11389C>T",120,212.769008662175,-0.248727124064028,0,"Significant","synonymous"
"12741C>T","5121C>T",71,163.030798845043,-0.361011307862052,0,"Significant","synonymous"
"12741C>T","3885C>T",137,214.918190567854,-0.195552608357739,0,"Significant","synonymous"
"12741C>T","11245C>T",91,184.215591915303,-0.306284993562312,0,"Significant","synonymous"
"12741C>T","14521C>T",102,194.040423484119,-0.279292042020269,0,"Significant","synonymous"
"12741C>T","11587C>T",75,191.584215591915,-0.407298461790375,0,"Significant","synonymous"
"12741C>T","15430C>T",216,232.111645813282,-0.0312431798502654,0.015,"Significant","synonymous"
"12741C>T","6572C>T",109,197.724735322425,-0.258634504919013,0,"Significant","synonymous"
"12741C>T","4919C>T",249,86.888354186718,0.457237776071117,0,"Significant","synonymous"
"12741C>T","6485A>T",70,183.294513955727,-0.418051426614732,0,"Significant","synonymous"
"12741C>T","4131A>T",66,170.399422521655,-0.411924183080408,0,"Significant","synonymous"
"12741C>T","15538C>T",88,189.128007699711,-0.332273175513997,0,"Significant","synonymous"
"12741C>T","14013A>G",247,95.1780558229066,0.414160123925109,0,"Significant","synonymous"
"12741C>T","15751A>T",246,79.2127045235804,0.492140265639773,0,"Significant","synonymous"
"12741C>T","4245C>T",250,116.669874879692,0.330981276555025,0,"Significant","synonymous"
"12741C>T","10877C>T",84,176.539942252166,-0.322563694127481,0,"Significant","synonymous"
"12741C>T","7858C>T",282,206.32146294514,0.135704699765476,0,"Significant","synonymous"
"12741C>T","14569G>A",261,112.985563041386,0.363617553164542,0,"Significant","synonymous"
"12741C>T","6059C>T",160,190.049085659288,-0.074745801864154,0,"Significant","synonymous"
"12741C>T","9347A>T",62,157.504331087584,-0.404900811113141,0,"Significant","synonymous"
"12741C>T","6563C>T",250,215.83926852743,0.0638095481521825,0,"Significant","synonymous"
"12741C>T","9954C>T",81,146.758421559192,-0.258118013233233,0,"Significant","synonymous"
"12741C>T","10202C>T",266,260.051010587103,0.00982309080035254,0.347,"Not Significant","synonymous"
"12741C>T","3687C>T",184,191.27718960539,-0.0168453591496279,0.343,"Not Significant","synonymous"
"12741C>T","4161C>T",115,185.750721847931,-0.208232669798717,0,"Significant","synonymous"
"12741C>T","7756C>T",141,179.610202117421,-0.105111888926738,0,"Significant","synonymous"
"12741C>T","12774C>T",111,176.846968238691,-0.202274640136413,0,"Significant","synonymous"
"12741C>T","15616C>T",156,189.128007699711,-0.0836312493099189,0,"Significant","synonymous"
"12741C>T","7690C>T",109,161.495668912416,-0.17073438171299,0,"Significant","synonymous"
"12741C>T","7256C>T",80,146.451395572666,-0.262603527547928,0,"Significant","synonymous"
"12741C>T","6378T>C",249,100.704523580366,0.393150367883797,0,"Significant","synonymous"
"12741C>T","5324C>T",245,112.985563041386,0.336143130190804,0,"Significant","synonymous"
"12741C>T","12555A>T",56,134.784408084697,-0.381451628735471,0,"Significant","synonymous"
"12741C>T","11761C>T",157,177.768046198268,-0.0539540468181738,0.006,"Significant","synonymous"
"12741C>T","12975A>G",65,166.101058710298,-0.407459043963311,0,"Significant","synonymous"
"12741C>T","10867C>T",266,185.750721847931,0.155951126478524,0,"Significant","synonymous"
"12741C>T","12486C>T",242,89.0375360923965,0.434242232581163,0,"Significant","synonymous"
"12741C>T","13380C>T",112,156.890279114533,-0.146378012964424,0,"Significant","synonymous"
"12741C>T","8368G>A",83,154.127045235804,-0.268800760268708,0,"Significant","synonymous"
"12741C>T","6050T>A",64,159.960538979788,-0.397832884815234,0,"Significant","synonymous"
"12741C>T","3960C>T",70,153.820019249278,-0.341914821352654,0,"Significant","synonymous"
"12741C>T","7888C>G",43,124.34552454283,-0.461161703134425,0,"Significant","synonymous"
"12741C>T","7007C>T",105,154.127045235804,-0.166689553574953,0,"Significant","synonymous"
"12741C>T","11806A>G",83,152.284889316651,-0.263578719613889,0,"Significant","synonymous"
"12741C>T","6617C>T",142,155.969201154957,-0.040750503400839,0.053,"Not Significant","synonymous"
"12741C>T","3543C>T",236,84.4321462945139,0.44640417363951,0,"Significant","synonymous"
"12741C>T","6173C>T",246,102.239653512993,0.381315738096807,0,"Significant","synonymous"
"12741C>T","15514T>C",68,139.389797882579,-0.311722075650544,0,"Significant","synonymous"
"12741C>T","11134A>T",226,73.3792107795958,0.48853540269886,0,"Significant","synonymous"
"12741C>T","4086C>T",76,136.319538017324,-0.253744513333579,0,"Significant","synonymous"
"12741C>T","9575G>A",75,141.231953801732,-0.274871703789606,0,"Significant","synonymous"
"12741C>T","3795C>T",86,139.082771896054,-0.208774886269075,0,"Significant","synonymous"
"12741C>T","15736A>T",53,128.643888354187,-0.385113288865028,0,"Significant","synonymous"
"12741C>T","7130C>T",231,124.652550529355,0.267910810814786,0,"Significant","synonymous"
"12741C>T","13902C>T",44,110.836381135707,-0.401229660918879,0,"Significant","synonymous"
"12741C>T","4604C>T",52,117.590952839269,-0.354370565833361,0,"Significant","synonymous"
"12741C>T","9374A>G",217,81.9759384023099,0.422773336983621,0,"Significant","synonymous"
"12741C>T","8967C>T",71,139.389797882579,-0.292972639637732,0,"Significant","synonymous"
"12741C>T","4248T>C",234,137.854667949952,0.229794380906687,0,"Significant","synonymous"
"12741C>T","10196C>T",131,133.556304138595,-0.00839309679887046,0.728,"Not Significant","synonymous"
"13863C>T","7211G>A",180,273.418671799808,-0.181555664172793,0,"Significant","synonymous"
"13863C>T","15490C>T",150,244.380173243503,-0.211974709289578,0,"Significant","synonymous"
"13863C>T","13500T>C",120,230.350336862368,-0.28320760564991,0,"Significant","synonymous"
"13863C>T","14944C>T",199,265.914340712223,-0.12588868297612,0,"Significant","synonymous"
"13863C>T","3360A>G",106,214.036573628489,-0.305182124756588,0,"Significant","synonymous"
"13863C>T","6005C>T",135,230.350336862368,-0.232055083202569,0,"Significant","synonymous"
"13863C>T","6483C>T",122,228.392685274302,-0.272322359985248,0,"Significant","synonymous"
"13863C>T","3798C>T",316,290.384985563041,0.0367129253275742,0,"Significant","synonymous"
"13863C>T","13116C>T",150,237.202117420597,-0.199027302449155,0,"Significant","synonymous"
"13863C>T","4992C>T",137,214.362848893167,-0.194428953049164,0,"Significant","synonymous"
"13863C>T","12978A>T",107,217.299326275265,-0.30767460213079,0,"Significant","synonymous"
"13863C>T","9548G>A",228,262.977863330125,-0.0619843454505164,0,"Significant","synonymous"
"13863C>T","14422T>A",259,110.28103946102,0.370798913157466,0,"Significant","synonymous"
"13863C>T","4875C>T",112,219.25697786333,-0.291735401029359,0,"Significant","synonymous"
"13863C>T","4020C>T",126,222.193455245428,-0.246360717440978,0,"Significant","synonymous"
"13863C>T","13998C>T",120,215.994225216554,-0.255260894037819,0,"Significant","synonymous"
"13863C>T","4964C>T",123,220.235803657363,-0.252982812037376,0,"Significant","synonymous"
"13863C>T","14767T>C",114,220.235803657363,-0.285983072140273,0,"Significant","synonymous"
"13863C>T","11389C>T",148,226.108758421559,-0.184055669862653,0,"Significant","synonymous"
"13863C>T","5121C>T",94,173.252165543792,-0.265550818127464,0,"Significant","synonymous"
"13863C>T","3885C>T",162,228.392685274302,-0.149167176117453,0,"Significant","synonymous"
"13863C>T","11245C>T",110,195.765158806545,-0.25034271587115,0,"Significant","synonymous"
"13863C>T","14521C>T",129,206.205967276227,-0.203711518628915,0,"Significant","synonymous"
"13863C>T","11587C>T",97,203.595765158807,-0.32199700606185,0,"Significant","synonymous"
"13863C>T","15430C>T",225,246.664100096246,-0.0399234280357319,0.004,"Significant","synonymous"
"13863C>T","6572C>T",129,210.121270452358,-0.211880307706338,0,"Significant","synonymous"
"13863C>T","4919C>T",249,92.3358999037536,0.430828760925245,0,"Significant","synonymous"
"13863C>T","6485A>T",96,194.786333012512,-0.307287248735476,0,"Significant","synonymous"
"13863C>T","4131A>T",86,181.082771896054,-0.323378682524748,0,"Significant","synonymous"
"13863C>T","15538C>T",111,200.985563041386,-0.257841884023498,0,"Significant","synonymous"
"13863C>T","14013A>G",256,101.145332050048,0.403294120831412,0,"Significant","synonymous"
"13863C>T","15751A>T",250,84.1790182868142,0.47273615206256,0,"Significant","synonymous"
"13863C>T","4245C>T",248,123.984600577478,0.301083933563326,0,"Significant","synonymous"
"13863C>T","10877C>T",103,187.608277189605,-0.260414770630173,0,"Significant","synonymous"
"13863C>T","7858C>T",297,219.25697786333,0.13180302561743,0,"Significant","synonymous"
"13863C>T","14569G>A",260,120.069297401347,0.335541378651201,0,"Significant","synonymous"
"13863C>T","6059C>T",172,201.964388835419,-0.0697463527584364,0,"Significant","synonymous"
"13863C>T","9347A>T",79,167.379210779596,-0.326074424466989,0,"Significant","synonymous"
"13863C>T","6563C>T",271,229.371511068335,0.072429815208648,0,"Significant","synonymous"
"13863C>T","9954C>T",104,155.959576515881,-0.175978707959104,0,"Significant","synonymous"
"13863C>T","10202C>T",287,276.355149181906,0.0164143357573748,0.08,"Not Significant","synonymous"
"13863C>T","3687C>T",204,203.269489894129,0.00155797012082351,0.963,"Not Significant","synonymous"
"13863C>T","4161C>T",130,197.396535129933,-0.181396172991423,0,"Significant","synonymous"
"13863C>T","7756C>T",153,190.871029836381,-0.0960485859104302,0,"Significant","synonymous"
"13863C>T","12774C>T",133,187.934552454283,-0.150154993101936,0,"Significant","synonymous"
"13863C>T","15616C>T",172,200.985563041386,-0.0676364159027449,0,"Significant","synonymous"
"13863C>T","7690C>T",130,171.620789220404,-0.120626542492726,0,"Significant","synonymous"
"13863C>T","7256C>T",100,155.633301251203,-0.192102529685863,0,"Significant","synonymous"
"13863C>T","6378T>C",250,107.018286814244,0.368482014314222,0,"Significant","synonymous"
"13863C>T","5324C>T",250,120.069297401347,0.318508039352427,0,"Significant","synonymous"
"13863C>T","12555A>T",76,143.234841193455,-0.275235078606967,0,"Significant","synonymous"
"13863C>T","11761C>T",181,188.913378248316,-0.0185841395041464,0.332,"Not Significant","synonymous"
"13863C>T","12975A>G",86,176.514918190568,-0.312282964508648,0,"Significant","synonymous"
"13863C>T","10867C>T",278,197.396535129933,0.148705270619639,0,"Significant","synonymous"
"13863C>T","12486C>T",245,94.6198267564966,0.41318393581939,0,"Significant","synonymous"
"13863C>T","13380C>T",134,166.726660250241,-0.0949002524157462,0,"Significant","synonymous"
"13863C>T","8368G>A",97,163.790182868142,-0.227516133524497,0,"Significant","synonymous"
"13863C>T","6050T>A",79,169.989412897016,-0.332794782654694,0,"Significant","synonymous"
"13863C>T","3960C>T",84,163.463907603465,-0.289142590451017,0,"Significant","synonymous"
"13863C>T","7888C>G",64,132.141482194418,-0.314859199876336,0,"Significant","synonymous"
"13863C>T","7007C>T",121,163.790182868142,-0.13150249747438,0,"Significant","synonymous"
"13863C>T","11806A>G",99,161.832531280077,-0.213430632538382,0,"Significant","synonymous"
"13863C>T","6617C>T",155,165.747834456208,-0.0291161647595144,0.17,"Not Significant","synonymous"
"13863C>T","3543C>T",232,89.725697786333,0.412571140414435,0,"Significant","synonymous"
"13863C>T","6173C>T",244,108.649663137632,0.351361442186283,0,"Significant","synonymous"
"13863C>T","15514T>C",95,148.128970163619,-0.192916398213997,0,"Significant","synonymous"
"13863C>T","11134A>T",226,77.9797882579403,0.462126387552994,0,"Significant","synonymous"
"13863C>T","4086C>T",87,144.866217516843,-0.221447868141707,0,"Significant","synonymous"
"13863C>T","9575G>A",91,150.086621751684,-0.217300590006197,0,"Significant","synonymous"
"13863C>T","3795C>T",106,147.802694898941,-0.144376487393851,0,"Significant","synonymous"
"13863C>T","15736A>T",72,136.709335899904,-0.278465677180646,0,"Significant","synonymous"
"13863C>T","7130C>T",231,132.467757459095,0.241501795668906,0,"Significant","synonymous"
"13863C>T","13902C>T",60,117.785370548604,-0.292940102167564,0,"Significant","synonymous"
"13863C>T","4604C>T",71,124.963426371511,-0.245524575895188,0,"Significant","synonymous"
"13863C>T","9374A>G",217,87.1154956689124,0.396364321837751,0,"Significant","synonymous"
"13863C>T","8967C>T",85,148.128970163619,-0.241221077788498,0,"Significant","synonymous"
"13863C>T","4248T>C",247,146.497593840231,0.226866461610317,0,"Significant","synonymous"
"13863C>T","10196C>T",137,141.929740134745,-0.0153528404441244,0.568,"Not Significant","synonymous"
"7211G>A","15490C>T",683,604.102021174206,0.0533104149089587,0,"Significant","synonymous"
"7211G>A","13500T>C",659,569.420596727623,0.0634522424690967,0,"Significant","synonymous"
"7211G>A","14944C>T",728,657.333974975938,0.044345299499955,0,"Significant","synonymous"
"7211G>A","3360A>G",614,529.093358999037,0.064636060692397,0,"Significant","synonymous"
"7211G>A","6005C>T",651,569.420596727623,0.0581478164432796,0,"Significant","synonymous"
"7211G>A","6483C>T",652,564.581328200193,0.0625210846445539,0,"Significant","synonymous"
"7211G>A","3798C>T",717,717.824831568816,-0.000499322050211714,0.906,"Not Significant","synonymous"
"7211G>A","13116C>T",657,586.358036573629,0.0494024876276359,0,"Significant","synonymous"
"7211G>A","4992C>T",598,529.899903753609,0.0525073433555215,0,"Significant","synonymous"
"7211G>A","12978A>T",629,537.158806544755,0.0685479452018569,0,"Significant","synonymous"
"7211G>A","9548G>A",702,650.075072184793,0.0333735992516106,0,"Significant","synonymous"
"7211G>A","14422T>A",186,272.612127045236,-0.166032227132763,0,"Significant","synonymous"
"7211G>A","4875C>T",644,541.998075072185,0.0748881232328751,0,"Significant","synonymous"
"7211G>A","4020C>T",644,549.25697786333,0.0691102843739161,0,"Significant","synonymous"
"7211G>A","13998C>T",625,533.932627526468,0.0683935568312642,0,"Significant","synonymous"
"7211G>A","4964C>T",636,544.4177093359,0.0675248717442784,0,"Significant","synonymous"
"7211G>A","14767T>C",636,544.4177093359,0.0675248717442784,0,"Significant","synonymous"
"7211G>A","11389C>T",632,558.935514918191,0.0533553725974701,0,"Significant","synonymous"
"7211G>A","5121C>T",492,428.275264677575,0.060242110612779,0,"Significant","synonymous"
"7211G>A","3885C>T",626,564.581328200193,0.0448478221230662,0,"Significant","synonymous"
"7211G>A","11245C>T",560,483.926852743022,0.0634083055494455,0,"Significant","synonymous"
"7211G>A","14521C>T",580,509.736284889317,0.0560824442074429,0,"Significant","synonymous"
"7211G>A","11587C>T",585,503.283926852743,0.0653428053266453,0,"Significant","synonymous"
"7211G>A","15430C>T",633,609.747834456208,0.0162534434430468,0,"Significant","synonymous"
"7211G>A","6572C>T",588,519.414821944177,0.0538629876432175,0,"Significant","synonymous"
"7211G>A","4919C>T",138,228.252165543792,-0.218535820196028,0,"Significant","synonymous"
"7211G>A","6485A>T",560,481.507218479307,0.0655852248037196,0,"Significant","synonymous"
"7211G>A","4131A>T",533,447.632338787296,0.0758057548307814,0,"Significant","synonymous"
"7211G>A","15538C>T",567,496.831568816169,0.0573738756553712,0,"Significant","synonymous"
"7211G>A","14013A>G",165,250.028873917228,-0.180506220693376,0,"Significant","synonymous"
"7211G>A","15751A>T",110,208.0885466795,-0.276855491877918,0,"Significant","synonymous"
"7211G>A","4245C>T",227,306.487006737247,-0.130386210496737,0,"Significant","synonymous"
"7211G>A","10877C>T",536,463.76323387873,0.0628684739300279,0,"Significant","synonymous"
"7211G>A","7858C>T",501,541.998075072185,-0.0341600182596721,0,"Significant","synonymous"
"7211G>A","14569G>A",213,296.808469682387,-0.144096686307821,0,"Significant","synonymous"
"7211G>A","6059C>T",536,499.251203079885,0.0308456695995469,0,"Significant","synonymous"
"7211G>A","9347A>T",492,413.757459095284,0.0752192665824282,0,"Significant","synonymous"
"7211G>A","6563C>T",557,567.000962463908,-0.00772860091919271,0.086,"Not Significant","synonymous"
"7211G>A","9954C>T",432,385.528392685274,0.049427379129682,0,"Significant","synonymous"
"7211G>A","10202C>T",690,683.143407122233,0.00433720933344864,0.211,"Not Significant","synonymous"
"7211G>A","3687C>T",521,502.477382098171,0.0157212055672526,0.003,"Significant","synonymous"
"7211G>A","4161C>T",550,487.959576515881,0.0519788437686658,0,"Significant","synonymous"
"7211G>A","7756C>T",512,471.828681424447,0.035485623820544,0,"Significant","synonymous"
"7211G>A","12774C>T",518,464.569778633301,0.0472788052489122,0,"Significant","synonymous"
"7211G>A","15616C>T",530,496.831568816169,0.028066686363259,0,"Significant","synonymous"
"7211G>A","7690C>T",465,424.242540904716,0.0398387376631068,0,"Significant","synonymous"
"7211G>A","7256C>T",430,384.721847930703,0.0483216054663616,0,"Significant","synonymous"
"7211G>A","6378T>C",181,264.546679499519,-0.164823739915518,0,"Significant","synonymous"
"7211G>A","5324C>T",222,296.808469682387,-0.126123315295929,0,"Significant","synonymous"
"7211G>A","12555A>T",414,354.073147256978,0.0679073498056607,0,"Significant","synonymous"
"7211G>A","11761C>T",492,466.989412897016,0.0226580679668202,0,"Significant","synonymous"
"7211G>A","12975A>G",513,436.340712223292,0.0702916289321329,0,"Significant","synonymous"
"7211G>A","10867C>T",452,487.959576515881,-0.0332454109141788,0,"Significant","synonymous"
"7211G>A","12486C>T",144,233.897978825794,-0.21066397687669,0,"Significant","synonymous"
"7211G>A","13380C>T",446,412.144369586141,0.034285487504322,0,"Significant","synonymous"
"7211G>A","8368G>A",462,404.885466794995,0.0573097873379938,0,"Significant","synonymous"
"7211G>A","6050T>A",500,420.209817131858,0.0755038099633787,0,"Significant","synonymous"
"7211G>A","3960C>T",475,404.078922040424,0.0702274126845056,0,"Significant","synonymous"
"7211G>A","7888C>G",391,326.65062560154,0.0780932631080772,0,"Significant","synonymous"
"7211G>A","7007C>T",444,404.885466794995,0.0400507818964919,0,"Significant","synonymous"
"7211G>A","11806A>G",460,400.046198267565,0.0606476841182634,0,"Significant","synonymous"
"7211G>A","6617C>T",430,409.724735322425,0.0209762722225631,0.002,"Significant","synonymous"
"7211G>A","3543C>T",138,221.799807507218,-0.206082078502006,0,"Significant","synonymous"
"7211G>A","6173C>T",185,268.579403272377,-0.161900976176332,0,"Significant","synonymous"
"7211G>A","15514T>C",422,366.171318575553,0.0616281270314551,0,"Significant","synonymous"
"7211G>A","11134A>T",103,192.764196342637,-0.272189147315868,0,"Significant","synonymous"
"7211G>A","4086C>T",409,358.105871029836,0.0577118668196077,0,"Significant","synonymous"
"7211G>A","9575G>A",417,371.010587102984,0.0507497522190714,0,"Significant","synonymous"
"7211G>A","3795C>T",416,365.364773820982,0.0563666575407973,0,"Significant","synonymous"
"7211G>A","15736A>T",402,337.942252165544,0.0753835590450551,0,"Significant","synonymous"
"7211G>A","7130C>T",269,327.457170356112,-0.0854022246478564,0,"Significant","synonymous"
"7211G>A","13902C>T",339,291.162656400385,0.0660640252243041,0,"Significant","synonymous"
"7211G>A","4604C>T",362,308.906641000962,0.0688813254914232,0,"Significant","synonymous"
"7211G>A","9374A>G",136,215.347449470645,-0.199600824067339,0,"Significant","synonymous"
"7211G>A","8967C>T",404,366.171318575553,0.0426970411803908,0,"Significant","synonymous"
"7211G>A","4248T>C",310,362.138594802695,-0.0675131182421295,0,"Significant","synonymous"
"7211G>A","10196C>T",356,350.846968238691,0.00633226994513687,0.443,"Not Significant","synonymous"
"15490C>T","13500T>C",658,508.945139557267,0.111554922419843,0,"Significant","synonymous"
"15490C>T","14944C>T",685,587.521655437921,0.0666666926101493,0,"Significant","synonymous"
"15490C>T","3360A>G",618,472.900866217517,0.116218365570845,0,"Significant","synonymous"
"15490C>T","6005C>T",651,508.945139557267,0.106910017374081,0,"Significant","synonymous"
"15490C>T","6483C>T",655,504.619826756497,0.113276989835217,0,"Significant","synonymous"
"15490C>T","3798C>T",676,641.588065447546,0.0226904191544307,0,"Significant","synonymous"
"15490C>T","13116C>T",657,524.083734359961,0.0981646885584371,0,"Significant","synonymous"
"15490C>T","4992C>T",591,473.621751684312,0.0961558411791674,0,"Significant","synonymous"
"15490C>T","12978A>T",630,480.109720885467,0.11800005014097,0,"Significant","synonymous"
"15490C>T","9548G>A",673,581.033686236766,0.0638137522765869,0,"Significant","synonymous"
"15490C>T","14422T>A",141,243.659287776708,-0.237563857764434,0,"Significant","synonymous"
"15490C>T","4875C>T",621,484.435033686237,0.107856056980446,0,"Significant","synonymous"
"15490C>T","4020C>T",613,490.923002887392,0.0964470924633232,0,"Significant","synonymous"
"15490C>T","13998C>T",611,477.226179018287,0.107316950660545,0,"Significant","synonymous"
"15490C>T","4964C>T",607,486.597690086622,0.096018648101926,0,"Significant","synonymous"
"15490C>T","14767T>C",619,486.597690086622,0.104520606046785,0,"Significant","synonymous"
"15490C>T","11389C>T",610,499.573628488932,0.0867303302566556,0,"Significant","synonymous"
"15490C>T","5121C>T",482,382.790182868142,0.100086247015068,0,"Significant","synonymous"
"15490C>T","3885C>T",609,504.619826756497,0.0816529824763147,0,"Significant","synonymous"
"15490C>T","11245C>T",547,432.531280076997,0.101969805807477,0,"Significant","synonymous"
"15490C>T","14521C>T",565,455.599615014437,0.0934650993947461,0,"Significant","synonymous"
"15490C>T","11587C>T",588,449.832531280077,0.116326466251403,0,"Significant","synonymous"
"15490C>T","15430C>T",593,544.989412897016,0.0366666277207606,0,"Significant","synonymous"
"15490C>T","6572C>T",574,464.250240615977,0.0921597548958546,0,"Significant","synonymous"
"15490C>T","4919C>T",105,204.010587102984,-0.28846340659644,0,"Significant","synonymous"
"15490C>T","6485A>T",558,430.368623676612,0.112793597665898,0,"Significant","synonymous"
"15490C>T","4131A>T",519,400.091434071222,0.113008104583468,0,"Significant","synonymous"
"15490C>T","15538C>T",564,444.065447545717,0.103832121676607,0,"Significant","synonymous"
"15490C>T","14013A>G",130,223.474494706449,-0.235284611669585,0,"Significant","synonymous"
"15490C>T","15751A>T",84,185.988450433109,-0.345206690043354,0,"Significant","synonymous"
"15490C>T","4245C>T",174,273.936477382098,-0.197100618476408,0,"Significant","synonymous"
"15490C>T","10877C>T",519,414.509143407122,0.0976332430165173,0,"Significant","synonymous"
"15490C>T","7858C>T",455,484.435033686237,-0.0272241465389961,0,"Significant","synonymous"
"15490C>T","14569G>A",180,265.285851780558,-0.168441583712423,0,"Significant","synonymous"
"15490C>T","6059C>T",514,446.228103946102,0.0614061998328558,0,"Significant","synonymous"
"15490C>T","9347A>T",462,369.814244465833,0.0966583403019968,0,"Significant","synonymous"
"15490C>T","6563C>T",506,506.782483156882,-0.000671078322313749,0.953,"Not Significant","synonymous"
"15490C>T","9954C>T",392,344.583253128008,0.0559919002660341,0,"Significant","synonymous"
"15490C>T","10202C>T",614,610.589990375361,0.00241869066817127,0.606,"Not Significant","synonymous"
"15490C>T","3687C>T",493,449.111645813282,0.0404926024757627,0,"Significant","synonymous"
"15490C>T","4161C>T",526,436.135707410972,0.0813640993589641,0,"Significant","synonymous"
"15490C>T","7756C>T",486,421.717998075072,0.0616141330378102,0,"Significant","synonymous"
"15490C>T","12774C>T",499,415.230028873917,0.0798117920578712,0,"Significant","synonymous"
"15490C>T","15616C>T",474,444.065447545717,0.0283313593673644,0,"Significant","synonymous"
"15490C>T","7690C>T",449,379.185755534167,0.0733943267072773,0,"Significant","synonymous"
"15490C>T","7256C>T",393,343.862367661213,0.058007901193008,0,"Significant","synonymous"
"15490C>T","6378T>C",147,236.450433108758,-0.20642277910568,0,"Significant","synonymous"
"15490C>T","5324C>T",184,265.285851780558,-0.158896265806198,0,"Significant","synonymous"
"15490C>T","12555A>T",421,316.468719923003,0.123951305451224,0,"Significant","synonymous"
"15490C>T","11761C>T",464,417.392685274302,0.0459731466851452,0,"Significant","synonymous"
"15490C>T","12975A>G",501,389.999037536092,0.108774190618363,0,"Significant","synonymous"
"15490C>T","10867C>T",397,436.135707410972,-0.0408311380316331,0,"Significant","synonymous"
"15490C>T","12486C>T",114,209.056785370549,-0.263359416704599,0,"Significant","synonymous"
"15490C>T","13380C>T",423,368.372473532243,0.0600531970980254,0,"Significant","synonymous"
"15490C>T","8368G>A",442,361.884504331088,0.0868522820617618,0,"Significant","synonymous"
"15490C>T","6050T>A",493,375.581328200193,0.118142925835389,0,"Significant","synonymous"
"15490C>T","3960C>T",465,361.163618864293,0.109748956880392,0,"Significant","synonymous"
"15490C>T","7888C>G",394,291.958614051973,0.130174928468578,0,"Significant","synonymous"
"15490C>T","7007C>T",424,361.884504331088,0.0687958693054067,0,"Significant","synonymous"
"15490C>T","11806A>G",448,357.559191530318,0.0979300673656329,0,"Significant","synonymous"
"15490C>T","6617C>T",411,366.209817131858,0.050111839449848,0,"Significant","synonymous"
"15490C>T","3543C>T",106,198.243503368624,-0.271893098707591,0,"Significant","synonymous"
"15490C>T","6173C>T",154,240.054860442733,-0.192789782812045,0,"Significant","synonymous"
"15490C>T","15514T>C",415,327.282001924928,0.103125973712672,0,"Significant","synonymous"
"15490C>T","11134A>T",76,172.291626564004,-0.355450578809316,0,"Significant","synonymous"
"15490C>T","4086C>T",395,320.073147256978,0.0913478553695257,0,"Significant","synonymous"
"15490C>T","9575G>A",411,331.607314725698,0.0932177200521808,0,"Significant","synonymous"
"15490C>T","3795C>T",394,326.561116458133,0.0815317496704304,0,"Significant","synonymous"
"15490C>T","15736A>T",397,302.051010587103,0.118710213654496,0,"Significant","synonymous"
"15490C>T","7130C>T",218,292.679499518768,-0.127935810114828,0,"Significant","synonymous"
"15490C>T","13902C>T",345,260.239653512993,0.122445623025286,0,"Significant","synonymous"
"15490C>T","4604C>T",361,276.099133782483,0.116442157794709,0,"Significant","synonymous"
"15490C>T","9374A>G",107,192.476419634264,-0.254993753821474,0,"Significant","synonymous"
"15490C>T","8967C>T",406,327.282001924928,0.0936039105777754,0,"Significant","synonymous"
"15490C>T","4248T>C",274,323.677574590953,-0.0723620483252,0,"Significant","synonymous"
"15490C>T","10196C>T",314,313.585178055823,0.000574120976288375,1,"Not Significant","synonymous"
"13500T>C","14944C>T",662,553.792107795958,0.0775112272050842,0,"Significant","synonymous"
"13500T>C","3360A>G",618,445.751684311838,0.141895482218502,0,"Significant","synonymous"
"13500T>C","6005C>T",648,479.726660250241,0.13058115132414,0,"Significant","synonymous"
"13500T>C","6483C>T",648,475.649663137632,0.134287812361686,0,"Significant","synonymous"
"13500T>C","3798C>T",636,604.754571703561,0.0218779555088712,0,"Significant","synonymous"
"13500T>C","13116C>T",656,493.99615014437,0.123180275021974,0,"Significant","synonymous"
"13500T>C","4992C>T",576,446.431183830606,0.110667960368783,0,"Significant","synonymous"
"13500T>C","12978A>T",633,452.546679499519,0.1457403273524,0,"Significant","synonymous"
"13500T>C","9548G>A",641,547.676612127045,0.0683338342190889,0,"Significant","synonymous"
"13500T>C","14422T>A",110,229.6708373436,-0.31971316861385,0,"Significant","synonymous"
"13500T>C","4875C>T",618,456.623676612127,0.13143004854034,0,"Significant","synonymous"
"13500T>C","4020C>T",604,462.739172281039,0.115700673213698,0,"Significant","synonymous"
"13500T>C","13998C>T",595,449.828681424447,0.1214698227942,0,"Significant","synonymous"
"13500T>C","4964C>T",597,458.662175168431,0.114481404803696,0,"Significant","synonymous"
"13500T>C","14767T>C",610,458.662175168431,0.123836908685092,0,"Significant","synonymous"
"13500T>C","11389C>T",603,470.893166506256,0.107394924033698,0,"Significant","synonymous"
"13500T>C","5121C>T",482,360.814244465833,0.125763363662724,0,"Significant","synonymous"
"13500T>C","3885C>T",597,475.649663137632,0.0986871376204674,0,"Significant","synonymous"
"13500T>C","11245C>T",540,407.699711260828,0.122053355944672,0,"Significant","synonymous"
"13500T>C","14521C>T",559,429.443695861405,0.114505576109389,0,"Significant","synonymous"
"13500T>C","11587C>T",576,424.007699711261,0.133048740246135,0,"Significant","synonymous"
"13500T>C","15430C>T",558,513.701636188643,0.0359232499417391,0,"Significant","synonymous"
"13500T>C","6572C>T",555,437.597690086622,0.103217962268217,0,"Significant","synonymous"
"13500T>C","4919C>T",81,192.298363811357,-0.375490570139956,0,"Significant","synonymous"
"13500T>C","6485A>T",549,405.661212704524,0.131408859826069,0,"Significant","synonymous"
"13500T>C","4131A>T",514,377.122232916266,0.134480982377943,0,"Significant","synonymous"
"13500T>C","15538C>T",551,418.571703561116,0.119381733192708,0,"Significant","synonymous"
"13500T>C","14013A>G",100,210.644850818094,-0.323550847328671,0,"Significant","synonymous"
"13500T>C","15751A>T",56,175.310875842156,-0.495620832451128,0,"Significant","synonymous"
"13500T>C","4245C>T",147,258.209817131858,-0.244655415363133,0,"Significant","synonymous"
"13500T>C","10877C>T",516,390.712223291627,0.120792703442928,0,"Significant","synonymous"
"13500T>C","7858C>T",415,456.623676612127,-0.0415103298363493,0,"Significant","synonymous"
"13500T>C","14569G>A",145,250.055822906641,-0.236668969933043,0,"Significant","synonymous"
"13500T>C","6059C>T",506,420.610202117421,0.0802707143250374,0,"Significant","synonymous"
"13500T>C","9347A>T",454,348.583253128008,0.114749334250632,0,"Significant","synonymous"
"13500T>C","6563C>T",475,477.688161693936,-0.00245086888958315,0.719,"Not Significant","synonymous"
"13500T>C","9954C>T",373,324.800769971126,0.0600917817019252,0,"Significant","synonymous"
"13500T>C","10202C>T",584,575.536092396535,0.00634028328706508,0.176,"Not Significant","synonymous"
"13500T>C","3687C>T",462,423.328200192493,0.037964775402321,0,"Significant","synonymous"
"13500T>C","4161C>T",517,411.097208854668,0.0995460149468257,0,"Significant","synonymous"
"13500T>C","7756C>T",465,397.507218479307,0.0681079333131312,0,"Significant","synonymous"
"13500T>C","12774C>T",474,391.391722810395,0.0831667047562274,0,"Significant","synonymous"
"13500T>C","15616C>T",455,418.571703561116,0.0362415309980523,0,"Significant","synonymous"
"13500T>C","7690C>T",440,357.416746871992,0.0902777788377992,0,"Significant","synonymous"
"13500T>C","7256C>T",375,324.121270452358,0.0633237351929605,0,"Significant","synonymous"
"13500T>C","6378T>C",119,222.875842155919,-0.272516035813605,0,"Significant","synonymous"
"13500T>C","5324C>T",158,250.055822906641,-0.19937988521362,0,"Significant","synonymous"
"13500T>C","12555A>T",405,298.300288739172,0.132801349477883,0,"Significant","synonymous"
"13500T>C","11761C>T",447,393.430221366699,0.0554398059098607,0,"Significant","synonymous"
"13500T>C","12975A>G",496,367.609239653513,0.130095257888971,0,"Significant","synonymous"
"13500T>C","10867C>T",362,411.097208854668,-0.0552359576139151,0,"Significant","synonymous"
"13500T>C","12486C>T",88,197.054860442733,-0.350104479243141,0,"Significant","synonymous"
"13500T>C","13380C>T",408,347.224254090472,0.0700501094605223,0,"Significant","synonymous"
"13500T>C","8368G>A",432,341.108758421559,0.10259087617524,0,"Significant","synonymous"
"13500T>C","6050T>A",491,354.019249278152,0.142054615328783,0,"Significant","synonymous"
"13500T>C","3960C>T",460,340.429258902791,0.130730952319669,0,"Significant","synonymous"
"13500T>C","7888C>G",382,275.197305101059,0.14241918620237,0,"Significant","synonymous"
"13500T>C","7007C>T",411,341.108758421559,0.0809489512364019,0,"Significant","synonymous"
"13500T>C","11806A>G",434,337.031761308951,0.109818899527658,0,"Significant","synonymous"
"13500T>C","6617C>T",389,345.185755534167,0.051896735547148,0,"Significant","synonymous"
"13500T>C","3543C>T",80,186.862367661213,-0.368431860332635,0,"Significant","synonymous"
"13500T>C","6173C>T",123,226.273339749759,-0.264728275561387,0,"Significant","synonymous"
"13500T>C","15514T>C",406,308.492781520693,0.11928102722543,0,"Significant","synonymous"
"13500T>C","11134A>T",49,162.400384985563,-0.520390974413631,0,"Significant","synonymous"
"13500T>C","4086C>T",386,301.697786333012,0.107015181062477,0,"Significant","synonymous"
"13500T>C","9575G>A",401,312.569778633301,0.108197387443951,0,"Significant","synonymous"
"13500T>C","3795C>T",378,307.813282001925,0.089204444329741,0,"Significant","synonymous"
"13500T>C","15736A>T",387,284.710298363811,0.133307788557949,0,"Significant","synonymous"
"13500T>C","7130C>T",192,275.876804619827,-0.157413958368202,0,"Significant","synonymous"
"13500T>C","13902C>T",328,245.299326275265,0.12617748831135,0,"Significant","synonymous"
"13500T>C","4604C>T",351,260.248315688162,0.129919189002532,0,"Significant","synonymous"
"13500T>C","9374A>G",86,181.426371511068,-0.324201963615368,0,"Significant","synonymous"
"13500T>C","8967C>T",394,308.492781520693,0.106251215473813,0,"Significant","synonymous"
"13500T>C","4248T>C",237,305.095283926853,-0.109687148487805,0,"Significant","synonymous"
"13500T>C","10196C>T",291,295.5822906641,-0.00678542146335411,0.557,"Not Significant","synonymous"
"14944C>T","3360A>G",625,514.571703561116,0.0844341167856008,0,"Significant","synonymous"
"14944C>T","6005C>T",662,553.792107795958,0.0775112272050842,0,"Significant","synonymous"
"14944C>T","6483C>T",648,549.085659287777,0.0719349046735252,0,"Significant","synonymous"
"14944C>T","3798C>T",740,698.123195380173,0.0252996519032607,0,"Significant","synonymous"
"14944C>T","13116C>T",662,570.264677574591,0.0647815173978523,0,"Significant","synonymous"
"14944C>T","4992C>T",615,515.356111645813,0.0767676850328231,0,"Significant","synonymous"
"14944C>T","12978A>T",631,522.415784408085,0.0820130688910197,0,"Significant","synonymous"
"14944C>T","9548G>A",711,632.23291626564,0.0509924977418688,0,"Significant","synonymous"
"14944C>T","14422T>A",196,265.129932627526,-0.13120269010392,0,"Significant","synonymous"
"14944C>T","4875C>T",647,527.122232916266,0.0889929464320606,0,"Significant","synonymous"
"14944C>T","4020C>T",637,534.181905678537,0.0764502592397529,0,"Significant","synonymous"
"14944C>T","13998C>T",626,519.278152069297,0.0811742825879163,0,"Significant","synonymous"
"14944C>T","4964C>T",636,529.475457170356,0.079611281634576,0,"Significant","synonymous"
"14944C>T","14767T>C",641,529.475457170356,0.083012195504979,0,"Significant","synonymous"
"14944C>T","11389C>T",634,543.594802694899,0.0668139620871154,0,"Significant","synonymous"
"14944C>T","5121C>T",478,416.520692974013,0.0597913143478373,0,"Significant","synonymous"
"14944C>T","3885C>T",643,549.085659287777,0.0685708717271545,0,"Significant","synonymous"
"14944C>T","11245C>T",559,470.644850818094,0.074718496319966,0,"Significant","synonymous"
"14944C>T","14521C>T",583,495.745909528393,0.0704094152938168,0,"Significant","synonymous"
"14944C>T","11587C>T",593,489.470644850818,0.083328042499024,0,"Significant","synonymous"
"14944C>T","15430C>T",635,593.012512030799,0.029709868607965,0,"Significant","synonymous"
"14944C>T","6572C>T",593,505.158806544755,0.0696267648216387,0,"Significant","synonymous"
"14944C>T","4919C>T",153,221.987487969201,-0.161637065889402,0,"Significant","synonymous"
"14944C>T","6485A>T",573,468.291626564004,0.0876382296552048,0,"Significant","synonymous"
"14944C>T","4131A>T",540,435.346487006737,0.0935587155174737,0,"Significant","synonymous"
"14944C>T","15538C>T",584,483.195380173244,0.0822900737651594,0,"Significant","synonymous"
"14944C>T","14013A>G",182,243.166506256015,-0.125832367031937,0,"Significant","synonymous"
"14944C>T","15751A>T",133,202.377285851781,-0.182310126178832,0,"Significant","synonymous"
"14944C>T","4245C>T",231,298.075072184793,-0.110713677907423,0,"Significant","synonymous"
"14944C>T","10877C>T",540,451.034648700674,0.078183853950523,0,"Significant","synonymous"
"14944C>T","7858C>T",500,527.122232916266,-0.0229413299006013,0,"Significant","synonymous"
"14944C>T","14569G>A",228,288.662175168431,-0.102455032855823,0,"Significant","synonymous"
"14944C>T","6059C>T",544,485.548604427334,0.0493661894952531,0,"Significant","synonymous"
"14944C>T","9347A>T",480,402.401347449471,0.0765818110809543,0,"Significant","synonymous"
"14944C>T","6563C>T",554,551.438883541867,0.00201237852580632,0.691,"Not Significant","synonymous"
"14944C>T","9954C>T",410,374.947064485082,0.0388138989248075,0,"Significant","synonymous"
"14944C>T","10202C>T",674,664.39364773821,0.00623442502181275,0.058,"Not Significant","synonymous"
"14944C>T","3687C>T",531,488.686236766121,0.0360644132394932,0,"Significant","synonymous"
"14944C>T","4161C>T",559,474.566891241578,0.0711143720511415,0,"Significant","synonymous"
"14944C>T","7756C>T",523,458.878729547642,0.056803761602283,0,"Significant","synonymous"
"14944C>T","12774C>T",520,451.81905678537,0.0610387990287754,0,"Significant","synonymous"
"14944C>T","15616C>T",510,483.195380173244,0.023447402750707,0,"Significant","synonymous"
"14944C>T","7690C>T",468,412.598652550529,0.0547180477375733,0,"Significant","synonymous"
"14944C>T","7256C>T",410,374.162656400385,0.0397234164968122,0,"Significant","synonymous"
"14944C>T","6378T>C",199,257.285851780558,-0.111562828484722,0,"Significant","synonymous"
"14944C>T","5324C>T",234,288.662175168431,-0.0911740224461389,0,"Significant","synonymous"
"14944C>T","12555A>T",420,344.355149181906,0.0862427089729571,0,"Significant","synonymous"
"14944C>T","11761C>T",502,454.172281039461,0.0434830922347749,0,"Significant","synonymous"
"14944C>T","12975A>G",518,424.364773820982,0.0865904334558459,0,"Significant","synonymous"
"14944C>T","10867C>T",449,474.566891241578,-0.0240510948319397,0,"Significant","synonymous"
"14944C>T","12486C>T",166,227.478344562079,-0.13683197104163,0,"Significant","synonymous"
"14944C>T","13380C>T",446,400.832531280077,0.046371897394619,0,"Significant","synonymous"
"14944C>T","8368G>A",463,393.772858517806,0.0703352126901181,0,"Significant","synonymous"
"14944C>T","6050T>A",504,408.676612127045,0.0910507519631815,0,"Significant","synonymous"
"14944C>T","3960C>T",479,392.988450433109,0.0859557263644984,0,"Significant","synonymous"
"14944C>T","7888C>G",395,317.685274302214,0.0946000112289657,0,"Significant","synonymous"
"14944C>T","7007C>T",439,393.772858517806,0.0472187419142915,0,"Significant","synonymous"
"14944C>T","11806A>G",467,389.066410009625,0.0792931428930969,0,"Significant","synonymous"
"14944C>T","6617C>T",437,398.479307025987,0.0400756635036938,0,"Significant","synonymous"
"14944C>T","3543C>T",154,215.712223291627,-0.146354034176518,0,"Significant","synonymous"
"14944C>T","6173C>T",204,261.207892204042,-0.107356127263174,0,"Significant","synonymous"
"14944C>T","15514T>C",427,356.121270452358,0.0788299609851005,0,"Significant","synonymous"
"14944C>T","11134A>T",118,187.473532242541,-0.201057954824675,0,"Significant","synonymous"
"14944C>T","4086C>T",407,348.27718960539,0.067669377927783,0,"Significant","synonymous"
"14944C>T","9575G>A",421,360.827718960539,0.0669822029712778,0,"Significant","synonymous"
"14944C>T","3795C>T",408,355.336862367661,0.0600198998942331,0,"Significant","synonymous"
"14944C>T","15736A>T",399,328.666987487969,0.0842168115376304,0,"Significant","synonymous"
"14944C>T","7130C>T",257,318.46968238691,-0.0931349714286662,0,"Significant","synonymous"
"14944C>T","13902C>T",346,283.171318575553,0.0870268357042916,0,"Significant","synonymous"
"14944C>T","4604C>T",362,300.428296438884,0.0809677353817192,0,"Significant","synonymous"
"14944C>T","9374A>G",156,209.436958614052,-0.127928724192842,0,"Significant","synonymous"
"14944C>T","8967C>T",415,356.121270452358,0.0664501826721723,0,"Significant","synonymous"
"14944C>T","4248T>C",322,352.199230028874,-0.03893253049028,0,"Significant","synonymous"
"14944C>T","10196C>T",341,341.217516843118,-0.000276939144938763,1,"Not Significant","synonymous"
"3360A>G","6005C>T",617,445.751684311838,0.141192171162928,0,"Significant","synonymous"
"3360A>G","6483C>T",620,441.963426371511,0.147005357665486,0,"Significant","synonymous"
"3360A>G","3798C>T",600,561.924927815207,0.028472951920243,0,"Significant","synonymous"
"3360A>G","13116C>T",627,459.010587102984,0.13544483815317,0,"Significant","synonymous"
"3360A>G","4992C>T",544,414.814244465833,0.117745238319891,0,"Significant","synonymous"
"3360A>G","12978A>T",611,420.496631376323,0.162278689253738,0,"Significant","synonymous"
"3360A>G","9548G>A",600,508.889316650626,0.0715279167600572,0,"Significant","synonymous"
"3360A>G","14422T>A",98,213.405197305101,-0.337978916403403,0,"Significant","synonymous"
"3360A>G","4875C>T",584,424.284889316651,0.138755282240063,0,"Significant","synonymous"
"3360A>G","4020C>T",568,429.967276227141,0.120912931979726,0,"Significant","synonymous"
"3360A>G","13998C>T",566,417.971126082772,0.131670149930062,0,"Significant","synonymous"
"3360A>G","4964C>T",564,426.179018286814,0.12168703933381,0,"Significant","synonymous"
"3360A>G","14767T>C",581,426.179018286814,0.134584067740796,0,"Significant","synonymous"
"3360A>G","11389C>T",567,437.543792107796,0.112561532462594,0,"Significant","synonymous"
"3360A>G","5121C>T",459,335.260827718961,0.136429872637274,0,"Significant","synonymous"
"3360A>G","3885C>T",566,441.963426371511,0.10743009935551,0,"Significant","synonymous"
"3360A>G","11245C>T",511,378.825794032724,0.129981357932557,0,"Significant","synonymous"
"3360A>G","14521C>T",528,399.029836381136,0.121628552432918,0,"Significant","synonymous"
"3360A>G","11587C>T",548,393.978825794033,0.143307676983431,0,"Significant","synonymous"
"3360A>G","15430C>T",514,477.320500481232,0.0321530316755799,0,"Significant","synonymous"
"3360A>G","6572C>T",529,406.60635226179,0.114281512856866,0,"Significant","synonymous"
"3360A>G","4919C>T",69,178.679499518768,-0.413225636605131,0,"Significant","synonymous"
"3360A>G","6485A>T",523,376.93166506256,0.14223906591939,0,"Significant","synonymous"
"3360A>G","4131A>T",491,350.41385948027,0.146500217181774,0,"Significant","synonymous"
"3360A>G","15538C>T",524,388.92781520693,0.12946228300079,0,"Significant","synonymous"
"3360A>G","14013A>G",94,195.726660250241,-0.318522132052817,0,"Significant","synonymous"
"3360A>G","15751A>T",49,162.895091434071,-0.52171191775258,0,"Significant","synonymous"
"3360A>G","4245C>T",131,239.923002887392,-0.262800592779378,0,"Significant","synonymous"
"3360A>G","10877C>T",487,363.041385948027,0.127572824706491,0,"Significant","synonymous"
"3360A>G","7858C>T",387,424.284889316651,-0.0399465998533868,0,"Significant","synonymous"
"3360A>G","14569G>A",137,232.346487006737,-0.229415543335464,0,"Significant","synonymous"
"3360A>G","6059C>T",471,390.821944177093,0.0810419662902764,0,"Significant","synonymous"
"3360A>G","9347A>T",427,323.896053897979,0.120022218094692,0,"Significant","synonymous"
"3360A>G","6563C>T",446,443.857555341675,0.00209124187383457,0.787,"Not Significant","synonymous"
"3360A>G","9954C>T",352,301.797882579403,0.0668264750475088,0,"Significant","synonymous"
"3360A>G","10202C>T",539,534.775745909528,0.00341706303754832,0.481,"Not Significant","synonymous"
"3360A>G","3687C>T",433,393.347449470645,0.0417115578757028,0,"Significant","synonymous"
"3360A>G","4161C>T",489,381.982675649663,0.107265192652644,0,"Significant","synonymous"
"3360A>G","7756C>T",437,369.355149181906,0.0730372790697403,0,"Significant","synonymous"
"3360A>G","12774C>T",444,363.672762271415,0.0866721948729034,0,"Significant","synonymous"
"3360A>G","15616C>T",427,388.92781520693,0.0405588710421055,0,"Significant","synonymous"
"3360A>G","7690C>T",416,332.103946102021,0.0978192946544944,0,"Significant","synonymous"
"3360A>G","7256C>T",346,301.166506256015,0.0602694279341611,0,"Significant","synonymous"
"3360A>G","6378T>C",109,207.091434071222,-0.27873563758935,0,"Significant","synonymous"
"3360A>G","5324C>T",145,232.346487006737,-0.204768108256913,0,"Significant","synonymous"
"3360A>G","12555A>T",383,277.174205967276,0.140445961907975,0,"Significant","synonymous"
"3360A>G","11761C>T",419,365.566891241578,0.0592471674203612,0,"Significant","synonymous"
"3360A>G","12975A>G",471,341.574590952839,0.139535350203809,0,"Significant","synonymous"
"3360A>G","10867C>T",331,381.982675649663,-0.0622156726952155,0,"Significant","synonymous"
"3360A>G","12486C>T",79,183.099133782483,-0.365059198426685,0,"Significant","synonymous"
"3360A>G","13380C>T",386,322.633301251203,0.0778781127185373,0,"Significant","synonymous"
"3360A>G","8368G>A",406,316.950914340712,0.107534024613662,0,"Significant","synonymous"
"3360A>G","6050T>A",462,328.947064485082,0.14751596043808,0,"Significant","synonymous"
"3360A>G","3960C>T",434,316.319538017324,0.137363711826745,0,"Significant","synonymous"
"3360A>G","7888C>G",363,255.707410972089,0.152163310002911,0,"Significant","synonymous"
"3360A>G","7007C>T",388,316.950914340712,0.08783971663068,0,"Significant","synonymous"
"3360A>G","11806A>G",413,313.162656400385,0.120180083347687,0,"Significant","synonymous"
"3360A>G","6617C>T",359,320.739172281039,0.0489424444759026,0,"Significant","synonymous"
"3360A>G","3543C>T",76,173.628488931665,-0.358807393367633,0,"Significant","synonymous"
"3360A>G","6173C>T",110,210.248315688162,-0.281339840166389,0,"Significant","synonymous"
"3360A>G","15514T>C",382,286.644850818094,0.124719218236084,0,"Significant","synonymous"
"3360A>G","11134A>T",42,150.898941289702,-0.555436902367974,0,"Significant","synonymous"
"3360A>G","4086C>T",366,280.331087584216,0.115809823461272,0,"Significant","synonymous"
"3360A>G","9575G>A",381,290.433108758422,0.117878852175527,0,"Significant","synonymous"
"3360A>G","3795C>T",363,286.013474494706,0.103520131204766,0,"Significant","synonymous"
"3360A>G","15736A>T",367,264.546679499519,0.142163749467265,0,"Significant","synonymous"
"3360A>G","7130C>T",177,256.338787295476,-0.160841059033794,0,"Significant","synonymous"
"3360A>G","13902C>T",312,227.926852743022,0.136359100294251,0,"Significant","synonymous"
"3360A>G","4604C>T",333,241.817131857555,0.138957167719165,0,"Significant","synonymous"
"3360A>G","9374A>G",78,168.577478344562,-0.334704950492278,0,"Significant","synonymous"
"3360A>G","8967C>T",371,286.644850818094,0.112029764939425,0,"Significant","synonymous"
"3360A>G","4248T>C",221,283.487969201155,-0.108142359136652,0,"Significant","synonymous"
"3360A>G","10196C>T",265,274.648700673725,-0.0155316748363066,0.24,"Not Significant","synonymous"
"6005C>T","6483C>T",646,475.649663137632,0.132945324486177,0,"Significant","synonymous"
"6005C>T","3798C>T",642,604.754571703561,0.02595586792931,0,"Significant","synonymous"
"6005C>T","13116C>T",656,493.99615014437,0.123180275021974,0,"Significant","synonymous"
"6005C>T","4992C>T",570,446.431183830606,0.106120332618063,0,"Significant","synonymous"
"6005C>T","12978A>T",633,452.546679499519,0.1457403273524,0,"Significant","synonymous"
"6005C>T","9548G>A",638,547.676612127045,0.0662964834214341,0,"Significant","synonymous"
"6005C>T","14422T>A",127,229.6708373436,-0.257302132816171,0,"Significant","synonymous"
"6005C>T","4875C>T",610,456.623676612127,0.125771408462292,0,"Significant","synonymous"
"6005C>T","4020C>T",593,462.739172281039,0.107718427956831,0,"Significant","synonymous"
"6005C>T","13998C>T",587,449.828681424447,0.115590958313266,0,"Significant","synonymous"
"6005C>T","4964C>T",592,458.662175168431,0.110828780397247,0,"Significant","synonymous"
"6005C>T","14767T>C",603,458.662175168431,0.118824385814477,0,"Significant","synonymous"
"6005C>T","11389C>T",589,470.893166506256,0.0971929066806501,0,"Significant","synonymous"
"6005C>T","5121C>T",477,360.814244465833,0.121234704463989,0,"Significant","synonymous"
"6005C>T","3885C>T",588,475.649663137632,0.092090132567238,0,"Significant","synonymous"
"6005C>T","11245C>T",530,407.699711260828,0.113935465722495,0,"Significant","synonymous"
"6005C>T","14521C>T",555,429.443695861405,0.111386751345642,0,"Significant","synonymous"
"6005C>T","11587C>T",563,424.007699711261,0.123134651674271,0,"Significant","synonymous"
"6005C>T","15430C>T",559,513.701636188643,0.0367008588905835,0,"Significant","synonymous"
"6005C>T","6572C>T",547,437.597690086622,0.0969123054789726,0,"Significant","synonymous"
"6005C>T","4919C>T",94,192.298363811357,-0.310847735418982,0,"Significant","synonymous"
"6005C>T","6485A>T",545,405.661212704524,0.12823301765262,0,"Significant","synonymous"
"6005C>T","4131A>T",504,377.122232916266,0.125948399828194,0,"Significant","synonymous"
"6005C>T","15538C>T",542,418.571703561116,0.112229420879312,0,"Significant","synonymous"
"6005C>T","14013A>G",117,210.644850818094,-0.255364985582572,0,"Significant","synonymous"
"6005C>T","15751A>T",75,175.310875842156,-0.368747596065825,0,"Significant","synonymous"
"6005C>T","4245C>T",159,258.209817131858,-0.21057562579088,0,"Significant","synonymous"
"6005C>T","10877C>T",503,390.712223291627,0.109710986871646,0,"Significant","synonymous"
"6005C>T","7858C>T",420,456.623676612127,-0.0363091361505428,0,"Significant","synonymous"
"6005C>T","14569G>A",163,250.055822906641,-0.185849367764093,0,"Significant","synonymous"
"6005C>T","6059C>T",498,420.610202117421,0.0733495402449571,0,"Significant","synonymous"
"6005C>T","9347A>T",447,348.583253128008,0.108001004525466,0,"Significant","synonymous"
"6005C>T","6563C>T",470,477.688161693936,-0.00704662057873129,0.266,"Not Significant","synonymous"
"6005C>T","9954C>T",370,324.800769971126,0.0565846739602335,0,"Significant","synonymous"
"6005C>T","10202C>T",580,575.536092396535,0.00335542973760341,0.479,"Not Significant","synonymous"
"6005C>T","3687C>T",464,423.328200192493,0.039840780401076,0,"Significant","synonymous"
"6005C>T","4161C>T",516,411.097208854668,0.0987051734800947,0,"Significant","synonymous"
"6005C>T","7756C>T",460,397.507218479307,0.0634128121047524,0,"Significant","synonymous"
"6005C>T","12774C>T",469,391.391722810395,0.0785612057972266,0,"Significant","synonymous"
"6005C>T","15616C>T",449,418.571703561116,0.0304764753442644,0,"Significant","synonymous"
"6005C>T","7690C>T",436,357.416746871992,0.0863115916201987,0,"Significant","synonymous"
"6005C>T","7256C>T",370,324.121270452358,0.0574941915322382,0,"Significant","synonymous"
"6005C>T","6378T>C",135,222.875842155919,-0.217729228711172,0,"Significant","synonymous"
"6005C>T","5324C>T",171,250.055822906641,-0.16504086177591,0,"Significant","synonymous"
"6005C>T","12555A>T",400,298.300288739172,0.127406317591178,0,"Significant","synonymous"
"6005C>T","11761C>T",443,393.430221366699,0.0515360090009947,0,"Significant","synonymous"
"6005C>T","12975A>G",490,367.609239653513,0.124809661427288,0,"Significant","synonymous"
"6005C>T","10867C>T",368,411.097208854668,-0.0480967094735652,0,"Significant","synonymous"
"6005C>T","12486C>T",103,197.054860442733,-0.281749926688209,0,"Significant","synonymous"
"6005C>T","13380C>T",408,347.224254090472,0.0700501094605223,0,"Significant","synonymous"
"6005C>T","8368G>A",420,341.108758421559,0.0903564197582309,0,"Significant","synonymous"
"6005C>T","6050T>A",485,354.019249278152,0.13671486180808,0,"Significant","synonymous"
"6005C>T","3960C>T",454,340.429258902791,0.1250289734952,0,"Significant","synonymous"
"6005C>T","7888C>G",375,275.197305101059,0.134387091018382,0,"Significant","synonymous"
"6005C>T","7007C>T",399,341.108758421559,0.0680800250470841,0,"Significant","synonymous"
"6005C>T","11806A>G",428,337.031761308951,0.103772939028321,0,"Significant","synonymous"
"6005C>T","6617C>T",397,345.185755534167,0.0607376409845531,0,"Significant","synonymous"
"6005C>T","3543C>T",93,186.862367661213,-0.303038898770719,0,"Significant","synonymous"
"6005C>T","6173C>T",133,226.273339749759,-0.230781746033726,0,"Significant","synonymous"
"6005C>T","15514T>C",402,308.492781520693,0.114981046732707,0,"Significant","synonymous"
"6005C>T","11134A>T",60,162.400384985563,-0.432435804058664,0,"Significant","synonymous"
"6005C>T","4086C>T",376,301.697786333012,0.0956157213183865,0,"Significant","synonymous"
"6005C>T","9575G>A",394,312.569778633301,0.100549236649345,0,"Significant","synonymous"
"6005C>T","3795C>T",376,307.813282001925,0.0869004894201772,0,"Significant","synonymous"
"6005C>T","15736A>T",387,284.710298363811,0.133307788557949,0,"Significant","synonymous"
"6005C>T","7130C>T",201,275.876804619827,-0.137519129651273,0,"Significant","synonymous"
"6005C>T","13902C>T",323,245.299326275265,0.119506166930776,0,"Significant","synonymous"
"6005C>T","4604C>T",346,260.248315688162,0.123688171329486,0,"Significant","synonymous"
"6005C>T","9374A>G",102,181.426371511068,-0.250100243097098,0,"Significant","synonymous"
"6005C>T","8967C>T",386,308.492781520693,0.0973422983199964,0,"Significant","synonymous"
"6005C>T","4248T>C",245,305.095283926853,-0.0952694101333822,0,"Significant","synonymous"
"6005C>T","10196C>T",294,295.5822906641,-0.00233108003710566,0.836,"Not Significant","synonymous"
"6483C>T","3798C>T",629,599.615014436959,0.0207781463432733,0,"Significant","synonymous"
"6483C>T","13116C>T",644,489.797882579403,0.118868964043674,0,"Significant","synonymous"
"6483C>T","4992C>T",560,442.637151106833,0.10214016498932,0,"Significant","synonymous"
"6483C>T","12978A>T",630,448.700673724735,0.147383827826173,0,"Significant","synonymous"
"6483C>T","9548G>A",628,543.022136669875,0.0631421094750152,0,"Significant","synonymous"
"6483C>T","14422T>A",113,227.71896053898,-0.304320749251121,0,"Significant","synonymous"
"6483C>T","4875C>T",604,452.74302213667,0.125185173110203,0,"Significant","synonymous"
"6483C>T","4020C>T",588,458.806544754572,0.107747721706253,0,"Significant","synonymous"
"6483C>T","13998C>T",586,446.005774783446,0.118557134121288,0,"Significant","synonymous"
"6483C>T","4964C>T",588,454.764196342637,0.111591060788013,0,"Significant","synonymous"
"6483C>T","14767T>C",605,454.764196342637,0.123969109364341,0,"Significant","synonymous"
"6483C>T","11389C>T",591,466.891241578441,0.10237175381235,0,"Significant","synonymous"
"6483C>T","5121C>T",472,357.747834456208,0.12036498509551,0,"Significant","synonymous"
"6483C>T","3885C>T",590,471.607314725698,0.0972714791707896,0,"Significant","synonymous"
"6483C>T","11245C>T",533,404.234841193455,0.120093466185823,0,"Significant","synonymous"
"6483C>T","14521C>T",553,425.794032723773,0.11352556056521,0,"Significant","synonymous"
"6483C>T","11587C>T",564,420.404234841193,0.127612021843813,0,"Significant","synonymous"
"6483C>T","15430C>T",553,509.335899903754,0.0357208433464057,0,"Significant","synonymous"
"6483C>T","6572C>T",547,433.878729547642,0.100618966516519,0,"Significant","synonymous"
"6483C>T","4919C>T",81,190.664100096246,-0.371783909102411,0,"Significant","synonymous"
"6483C>T","6485A>T",540,402.213666987488,0.127936936236492,0,"Significant","synonymous"
"6483C>T","4131A>T",504,373.917228103946,0.12965506086574,0,"Significant","synonymous"
"6483C>T","15538C>T",543,415.014436958614,0.116736624967317,0,"Significant","synonymous"
"6483C>T","14013A>G",105,208.854667949952,-0.298654887221208,0,"Significant","synonymous"
"6483C>T","15751A>T",61,173.820981713186,-0.45477236340908,0,"Significant","synonymous"
"6483C>T","4245C>T",145,256.015399422522,-0.246898086838785,0,"Significant","synonymous"
"6483C>T","10877C>T",505,387.391722810395,0.115141040971925,0,"Significant","synonymous"
"6483C>T","7858C>T",414,452.74302213667,-0.0388514243899967,0,"Significant","synonymous"
"6483C>T","14569G>A",149,247.930702598653,-0.221144042718207,0,"Significant","synonymous"
"6483C>T","6059C>T",490,417.035611164581,0.0700229385513008,0,"Significant","synonymous"
"6483C>T","9347A>T",445,345.620789220404,0.109760153412008,0,"Significant","synonymous"
"6483C>T","6563C>T",467,473.628488931665,-0.00612093691078986,0.355,"Not Significant","synonymous"
"6483C>T","9954C>T",380,322.040423484119,0.0718732075475914,0,"Significant","synonymous"
"6483C>T","10202C>T",575,570.644850818094,0.00330194190184365,0.502,"Not Significant","synonymous"
"6483C>T","3687C>T",451,419.730510105871,0.0312060027617043,0,"Significant","synonymous"
"6483C>T","4161C>T",508,407.603464870067,0.09562584517435,0,"Significant","synonymous"
"6483C>T","7756C>T",455,394.128970163619,0.0623730381178378,0,"Significant","synonymous"
"6483C>T","12774C>T",461,388.065447545717,0.074795949509339,0,"Significant","synonymous"
"6483C>T","15616C>T",448,415.014436958614,0.0332148093766314,0,"Significant","synonymous"
"6483C>T","7690C>T",437,354.379210779596,0.0910132003595802,0,"Significant","synonymous"
"6483C>T","7256C>T",377,321.366698748797,0.0693404787085796,0,"Significant","synonymous"
"6483C>T","6378T>C",122,220.981713185756,-0.257996505493851,0,"Significant","synonymous"
"6483C>T","5324C>T",165,247.930702598653,-0.176846366916603,0,"Significant","synonymous"
"6483C>T","12555A>T",396,295.765158806545,0.126748173226274,0,"Significant","synonymous"
"6483C>T","11761C>T",438,390.086621751684,0.0503130543195718,0,"Significant","synonymous"
"6483C>T","12975A>G",488,364.485081809432,0.126740064439032,0,"Significant","synonymous"
"6483C>T","10867C>T",359,407.603464870067,-0.0551434185312147,0,"Significant","synonymous"
"6483C>T","12486C>T",89,195.380173243503,-0.341490483710857,0,"Significant","synonymous"
"6483C>T","13380C>T",406,344.273339749759,0.0716226409853828,0,"Significant","synonymous"
"6483C>T","8368G>A",421,338.209817131858,0.0950958862335443,0,"Significant","synonymous"
"6483C>T","6050T>A",480,351.010587102984,0.13592102161895,0,"Significant","synonymous"
"6483C>T","3960C>T",452,337.536092396535,0.126818216487024,0,"Significant","synonymous"
"6483C>T","7888C>G",374,272.858517805582,0.136934086528689,0,"Significant","synonymous"
"6483C>T","7007C>T",404,338.209817131858,0.0771951555084853,0,"Significant","synonymous"
"6483C>T","11806A>G",427,334.167468719923,0.106463706077719,0,"Significant","synonymous"
"6483C>T","6617C>T",394,342.252165543792,0.0611500170845588,0,"Significant","synonymous"
"6483C>T","3543C>T",82,185.274302213667,-0.35400133390333,0,"Significant","synonymous"
"6483C>T","6173C>T",123,224.350336862368,-0.261021614523842,0,"Significant","synonymous"
"6483C>T","15514T>C",397,305.871029836381,0.113252161448899,0,"Significant","synonymous"
"6483C>T","11134A>T",49,161.02021174206,-0.516684313376087,0,"Significant","synonymous"
"6483C>T","4086C>T",380,299.133782483157,0.10391813404508,0,"Significant","synonymous"
"6483C>T","9575G>A",397,309.913378248316,0.107550182624431,0,"Significant","synonymous"
"6483C>T","3795C>T",375,305.197305101059,0.0894505732577811,0,"Significant","synonymous"
"6483C>T","15736A>T",385,282.290664100096,0.134764214085085,0,"Significant","synonymous"
"6483C>T","7130C>T",196,273.532242540905,-0.144752454677735,0,"Significant","synonymous"
"6483C>T","13902C>T",323,243.214629451396,0.123212827968321,0,"Significant","synonymous"
"6483C>T","4604C>T",347,258.036573628489,0.128648208365128,0,"Significant","synonymous"
"6483C>T","9374A>G",95,179.884504331088,-0.277270148532591,0,"Significant","synonymous"
"6483C>T","8967C>T",388,305.871029836381,0.103293380279994,0,"Significant","synonymous"
"6483C>T","4248T>C",241,302.502406159769,-0.0987117908854976,0,"Significant","synonymous"
"6483C>T","10196C>T",292,293.070259865255,-0.00158889796329797,0.899,"Not Significant","synonymous"
"3798C>T","13116C>T",653,622.74302213667,0.0206043113282975,0,"Significant","synonymous"
"3798C>T","4992C>T",601,562.781520692974,0.0285346433552185,0,"Significant","synonymous"
"3798C>T","12978A>T",608,570.490856592878,0.0276548910146939,0,"Significant","synonymous"
"3798C>T","9548G>A",735,690.41385948027,0.027177838191365,0,"Significant","synonymous"
"3798C>T","14422T>A",305,289.528392685274,0.0226086799813882,0.005,"Significant","synonymous"
"3798C>T","4875C>T",616,575.63041385948,0.02943698002286,0,"Significant","synonymous"
"3798C>T","4020C>T",616,583.339749759384,0.023659141163901,0,"Significant","synonymous"
"3798C>T","13998C>T",607,567.064485081809,0.0295562425478173,0,"Significant","synonymous"
"3798C>T","4964C>T",613,578.200192492781,0.0253822425996505,0,"Significant","synonymous"
"3798C>T","14767T>C",616,578.200192492781,0.0275024802456607,0,"Significant","synonymous"
"3798C>T","11389C>T",633,593.618864292589,0.0278960163178085,0,"Significant","synonymous"
"3798C>T","5121C>T",452,454.850818094321,-0.00273054535782176,0.648,"Not Significant","synonymous"
"3798C>T","3885C>T",642,599.615014436959,0.0296625289668563,0,"Significant","synonymous"
"3798C>T","11245C>T",545,513.95572666025,0.0254707928052587,0,"Significant","synonymous"
"3798C>T","14521C>T",580,541.366698748797,0.0299364561928115,0,"Significant","synonymous"
"3798C>T","11587C>T",567,534.51395572666,0.0256240101227425,0,"Significant","synonymous"
"3798C>T","15430C>T",680,647.584215591915,0.0212126581172912,0,"Significant","synonymous"
"3798C>T","6572C>T",595,551.645813282002,0.0328566392809964,0,"Significant","synonymous"
"3798C>T","4919C>T",261,242.415784408085,0.0320796127262426,0,"Significant","synonymous"
"3798C>T","6485A>T",542,511.385948026949,0.0252504963212777,0,"Significant","synonymous"
"3798C>T","4131A>T",506,475.409047160731,0.027083074629382,0,"Significant","synonymous"
"3798C>T","15538C>T",563,527.661212704524,0.0281532235991801,0,"Significant","synonymous"
"3798C>T","14013A>G",289,265.543792107796,0.0367616898345265,0,"Significant","synonymous"
"3798C>T","15751A>T",244,221.000962463908,0.0429956612877454,0,"Significant","synonymous"
"3798C>T","4245C>T",331,325.505293551492,0.00726993807117105,0.355,"Not Significant","synonymous"
"3798C>T","10877C>T",532,492.540904716073,0.0334693285176759,0,"Significant","synonymous"
"3798C>T","7858C>T",586,575.63041385948,0.00775388387652873,0.073,"Not Significant","synonymous"
"3798C>T","14569G>A",334,315.226179018287,0.0251241890503037,0,"Significant","synonymous"
"3798C>T","6059C>T",572,530.230991337825,0.0329309206851648,0,"Significant","synonymous"
"3798C>T","9347A>T",466,439.432146294514,0.0254940924904429,0,"Significant","synonymous"
"3798C>T","6563C>T",627,602.18479307026,0.0175377567231543,0,"Significant","synonymous"
"3798C>T","9954C>T",401,409.451395572666,-0.00905798307966967,0.15,"Not Significant","synonymous"
"3798C>T","10202C>T",734,725.53416746872,0.00503819049762759,0.066,"Not Significant","synonymous"
"3798C>T","3687C>T",569,533.657362848893,0.0278497606481611,0,"Significant","synonymous"
"3798C>T","4161C>T",551,518.238691049086,0.0266217651115758,0,"Significant","synonymous"
"3798C>T","7756C>T",544,501.106833493744,0.0356685745282572,0,"Significant","synonymous"
"3798C>T","12774C>T",536,493.39749759384,0.0359678471818157,0,"Significant","synonymous"
"3798C>T","15616C>T",526,527.661212704524,-0.00136942709842156,0.796,"Not Significant","synonymous"
"3798C>T","7690C>T",476,450.567853705486,0.0238467494790136,0,"Significant","synonymous"
"3798C>T","7256C>T",399,408.594802694899,-0.0103199424410985,0.091,"Not Significant","synonymous"
"3798C>T","6378T>C",305,280.962463907603,0.0356515365473592,0,"Significant","synonymous"
"3798C>T","5324C>T",335,315.226179018287,0.026422529275584,0.001,"Significant","synonymous"
"3798C>T","12555A>T",400,376.04427333975,0.0268210119980987,0,"Significant","synonymous"
"3798C>T","11761C>T",521,495.967276227141,0.0213847004843488,0,"Significant","synonymous"
"3798C>T","12975A>G",496,463.416746871992,0.0295099522958865,0,"Significant","synonymous"
"3798C>T","10867C>T",539,518.238691049086,0.0170589314465312,0,"Significant","synonymous"
"3798C>T","12486C>T",273,248.411934552454,0.0409901900540489,0,"Significant","synonymous"
"3798C>T","13380C>T",454,437.71896053898,0.0158604936346522,0.004,"Significant","synonymous"
"3798C>T","8368G>A",473,430.009624639076,0.0413829645050477,0,"Significant","synonymous"
"3798C>T","6050T>A",483,446.284889316651,0.0343349483642448,0,"Significant","synonymous"
"3798C>T","3960C>T",477,429.153031761309,0.0459061940851227,0,"Significant","synonymous"
"3798C>T","7888C>G",370,346.920115495669,0.0279722417645832,0,"Significant","synonymous"
"3798C>T","7007C>T",447,430.009624639076,0.016829346899178,0.001,"Significant","synonymous"
"3798C>T","11806A>G",473,424.870067372473,0.0466050051598684,0,"Significant","synonymous"
"3798C>T","6617C>T",461,435.149181905679,0.025062754017988,0,"Significant","synonymous"
"3798C>T","3543C>T",256,235.563041385948,0.0361328123938369,0,"Significant","synonymous"
"3798C>T","6173C>T",305,285.245428296439,0.0290811467527208,0,"Significant","synonymous"
"3798C>T","15514T>C",415,388.893166506256,0.0282177847672464,0,"Significant","synonymous"
"3798C>T","11134A>T",223,204.725697786333,0.0371325030122702,0,"Significant","synonymous"
"3798C>T","4086C>T",416,380.327237728585,0.0389359014243778,0,"Significant","synonymous"
"3798C>T","9575G>A",412,394.032723772859,0.0193649252638204,0.004,"Significant","synonymous"
"3798C>T","3795C>T",408,388.036573628489,0.0217875019893073,0,"Significant","synonymous"
"3798C>T","15736A>T",385,358.912415784408,0.0304722474544618,0,"Significant","synonymous"
"3798C>T","7130C>T",351,347.776708373436,0.00400662380089347,0.593,"Not Significant","synonymous"
"3798C>T","13902C>T",333,309.230028873917,0.0321625725129166,0,"Significant","synonymous"
"3798C>T","4604C>T",354,328.075072184793,0.0330300289694201,0,"Significant","synonymous"
"3798C>T","9374A>G",251,228.710298363811,0.0403880010287107,0,"Significant","synonymous"
"3798C>T","8967C>T",404,388.893166506256,0.0165510531657615,0.007,"Significant","synonymous"
"3798C>T","4248T>C",413,384.610202117421,0.0309292515653347,0,"Significant","synonymous"
"3798C>T","10196C>T",355,372.617901828681,-0.0210353629872728,0.003,"Significant","synonymous"
"13116C>T","4992C>T",572,459.710298363811,0.0949117959313646,0,"Significant","synonymous"
"13116C>T","12978A>T",636,466.007699711261,0.135064023176228,0,"Significant","synonymous"
"13116C>T","9548G>A",649,563.967276227141,0.060990791693408,0,"Significant","synonymous"
"13116C>T","14422T>A",145,236.502406159769,-0.212467561344424,0,"Significant","synonymous"
"13116C>T","4875C>T",612,470.205967276227,0.114463285789854,0,"Significant","synonymous"
"13116C>T","4020C>T",594,476.503368623677,0.0957204697665299,0,"Significant","synonymous"
"13116C>T","13998C>T",585,463.20885466795,0.101379013340601,0,"Significant","synonymous"
"13116C>T","4964C>T",594,472.30510105871,0.0995638088482895,0,"Significant","synonymous"
"13116C>T","14767T>C",604,472.30510105871,0.106814302488227,0,"Significant","synonymous"
"13116C>T","11389C>T",601,484.899903753609,0.0932223740890551,0,"Significant","synonymous"
"13116C>T","5121C>T",481,371.546679499519,0.112131691990476,0,"Significant","synonymous"
"13116C>T","3885C>T",598,489.797882579403,0.0866842806722776,0,"Significant","synonymous"
"13116C>T","11245C>T",531,419.826756496631,0.102024407395943,0,"Significant","synonymous"
"13116C>T","14521C>T",554,442.217516843118,0.0978738231441646,0,"Significant","synonymous"
"13116C>T","11587C>T",565,436.619826756497,0.111944994835132,0,"Significant","synonymous"
"13116C>T","15430C>T",570,528.981713185756,0.0324341968694186,0,"Significant","synonymous"
"13116C>T","6572C>T",553,450.614051973051,0.0889204006430079,0,"Significant","synonymous"
"13116C>T","4919C>T",107,198.018286814244,-0.267321521140754,0,"Significant","synonymous"
"13116C>T","6485A>T",541,417.727622714148,0.112304070675316,0,"Significant","synonymous"
"13116C>T","4131A>T",503,388.339749759384,0.112356138631365,0,"Significant","synonymous"
"13116C>T","15538C>T",540,431.022136669875,0.0978941843566623,0,"Significant","synonymous"
"13116C>T","14013A>G",135,216.910490856593,-0.205946788641006,0,"Significant","synonymous"
"13116C>T","15751A>T",87,180.525505293551,-0.317019316646213,0,"Significant","synonymous"
"13116C>T","4245C>T",172,265.890279114533,-0.189174013011033,0,"Significant","synonymous"
"13116C>T","10877C>T",512,402.333974975938,0.104683252984317,0,"Significant","synonymous"
"13116C>T","7858C>T",441,470.205967276227,-0.027849546887841,0,"Significant","synonymous"
"13116C>T","14569G>A",178,257.493743984601,-0.160346679666409,0,"Significant","synonymous"
"13116C>T","6059C>T",512,433.121270452358,0.072660448653837,0,"Significant","synonymous"
"13116C>T","9347A>T",446,358.95187680462,0.0942986302984415,0,"Significant","synonymous"
"13116C>T","6563C>T",489,491.897016361886,-0.00256532919806357,0.704,"Not Significant","synonymous"
"13116C>T","9954C>T",374,334.46198267565,0.0485248422864872,0,"Significant","synonymous"
"13116C>T","10202C>T",599,592.655437921078,0.00462454875674332,0.283,"Not Significant","synonymous"
"13116C>T","3687C>T",475,435.920115495669,0.0372866996638284,0,"Significant","synonymous"
"13116C>T","4161C>T",514,423.32531280077,0.0842888810409284,0,"Significant","synonymous"
"13116C>T","7756C>T",469,409.331087584216,0.0590981133310289,0,"Significant","synonymous"
"13116C>T","12774C>T",476,403.033686236766,0.0722656059954042,0,"Significant","synonymous"
"13116C>T","15616C>T",462,431.022136669875,0.0301424000898328,0,"Significant","synonymous"
"13116C>T","7690C>T",436,368.04812319538,0.0735818818129681,0,"Significant","synonymous"
"13116C>T","7256C>T",370,333.762271414822,0.044764481725008,0,"Significant","synonymous"
"13116C>T","6378T>C",149,229.505293551492,-0.187606438601163,0,"Significant","synonymous"
"13116C>T","5324C>T",190,257.493743984601,-0.132013081022489,0,"Significant","synonymous"
"13116C>T","12555A>T",402,307.173243503369,0.116842669540455,0,"Significant","synonymous"
"13116C>T","11761C>T",458,405.132820019249,0.0532680509745602,0,"Significant","synonymous"
"13116C>T","12975A>G",485,378.543792107796,0.107625610193809,0,"Significant","synonymous"
"13116C>T","10867C>T",388,423.32531280077,-0.0378425123601127,0,"Significant","synonymous"
"13116C>T","12486C>T",119,202.916265640038,-0.231769899808135,0,"Significant","synonymous"
"13116C>T","13380C>T",409,357.552454282964,0.0583835445707533,0,"Significant","synonymous"
"13116C>T","8368G>A",430,351.255052935515,0.0878458751326841,0,"Significant","synonymous"
"13116C>T","6050T>A",486,364.549566891242,0.124879682660879,0,"Significant","synonymous"
"13116C>T","3960C>T",455,350.555341674687,0.113254807487978,0,"Significant","synonymous"
"13116C>T","7888C>G",377,283.383060635226,0.123967463689226,0,"Significant","synonymous"
"13116C>T","7007C>T",408,351.255052935515,0.065037582642983,0,"Significant","synonymous"
"13116C>T","11806A>G",434,347.056785370549,0.0970891897204278,0,"Significant","synonymous"
"13116C>T","6617C>T",397,355.453320500481,0.0480079311773227,0,"Significant","synonymous"
"13116C>T","3543C>T",111,192.420596727623,-0.2389285783453,0,"Significant","synonymous"
"13116C>T","6173C>T",152,233.00384985563,-0.185519508863308,0,"Significant","synonymous"
"13116C>T","15514T>C",403,317.668912415784,0.103330329982116,0,"Significant","synonymous"
"13116C>T","11134A>T",78,167.230991337825,-0.33122216155922,0,"Significant","synonymous"
"13116C>T","4086C>T",390,310.671799807507,0.0987627736099905,0,"Significant","synonymous"
"13116C>T","9575G>A",395,321.867179980751,0.0889204006430008,0,"Significant","synonymous"
"13116C>T","3795C>T",386,316.969201154957,0.0855702393570381,0,"Significant","synonymous"
"13116C>T","15736A>T",382,293.179018286814,0.114930476643519,0,"Significant","synonymous"
"13116C>T","7130C>T",220,284.082771896054,-0.111022216056804,0,"Significant","synonymous"
"13116C>T","13902C>T",327,252.595765158807,0.112121687452729,0,"Significant","synonymous"
"13116C>T","4604C>T",343,267.989412897016,0.107176482772252,0,"Significant","synonymous"
"13116C>T","9374A>G",114,186.822906641001,-0.214525273329814,0,"Significant","synonymous"
"13116C>T","8967C>T",388,317.668912415784,0.0868570094352181,0,"Significant","synonymous"
"13116C>T","4248T>C",264,314.170356111646,-0.0755612774353263,0,"Significant","synonymous"
"13116C>T","10196C>T",308,304.374398460058,0.00514259624394477,0.62,"Not Significant","synonymous"
"4992C>T","12978A>T",549,421.137632338787,0.115148293277164,0,"Significant","synonymous"
"4992C>T","9548G>A",589,509.665062560154,0.0628304309793962,0,"Significant","synonymous"
"4992C>T","14422T>A",123,213.730510105871,-0.23996141084071,0,"Significant","synonymous"
"4992C>T","4875C>T",556,424.93166506256,0.116755696525605,0,"Significant","synonymous"
"4992C>T","4020C>T",542,430.62271414822,0.0999023526229777,0,"Significant","synonymous"
"4992C>T","13998C>T",582,418.608277189605,0.143115173207556,0,"Significant","synonymous"
"4992C>T","4964C>T",535,426.828681424447,0.0981001871875796,0,"Significant","synonymous"
"4992C>T","14767T>C",558,426.828681424447,0.116380604103927,0,"Significant","synonymous"
"4992C>T","11389C>T",548,438.210779595765,0.0970975018699392,0,"Significant","synonymous"
"4992C>T","5121C>T",413,335.771896053898,0.0899057085723044,0,"Significant","synonymous"
"4992C>T","3885C>T",541,442.637151106833,0.0871494030896915,0,"Significant","synonymous"
"4992C>T","11245C>T",485,379.403272377286,0.106640666215992,0,"Significant","synonymous"
"4992C>T","14521C>T",511,399.638113570741,0.106753999849701,0,"Significant","synonymous"
"4992C>T","11587C>T",517,394.579403272377,0.117356131408889,0,"Significant","synonymous"
"4992C>T","15430C>T",524,478.04812319538,0.0398596694799089,0,"Significant","synonymous"
"4992C>T","6572C>T",515,407.226179018287,0.101971539678753,0,"Significant","synonymous"
"4992C>T","4919C>T",94,178.95187680462,-0.279608403926976,0,"Significant","synonymous"
"4992C>T","6485A>T",497,377.506256015399,0.119432235601332,0,"Significant","synonymous"
"4992C>T","4131A>T",476,350.94802694899,0.132364147595181,0,"Significant","synonymous"
"4992C>T","15538C>T",503,389.520692974014,0.111037450888873,0,"Significant","synonymous"
"4992C>T","14013A>G",114,196.025024061598,-0.235406664500244,0,"Significant","synonymous"
"4992C>T","15751A>T",74,163.143407122233,-0.343337808234537,0,"Significant","synonymous"
"4992C>T","4245C>T",158,240.288739172281,-0.182076331664897,0,"Significant","synonymous"
"4992C>T","10877C>T",475,363.594802694899,0.116075942932605,0,"Significant","synonymous"
"4992C>T","7858C>T",408,424.93166506256,-0.0176589319665444,0.02,"Significant","synonymous"
"4992C>T","14569G>A",159,232.700673724735,-0.165400516355583,0,"Significant","synonymous"
"4992C>T","6059C>T",477,391.4177093359,0.0858779080173726,0,"Significant","synonymous"
"4992C>T","9347A>T",421,324.389797882579,0.113214908721218,0,"Significant","synonymous"
"4992C>T","6563C>T",453,444.53416746872,0.00819305499040275,0.266,"Not Significant","synonymous"
"4992C>T","9954C>T",355,302.257940327238,0.0698506344403505,0,"Significant","synonymous"
"4992C>T","10202C>T",548,535.590952839269,0.00994732615105708,0.049,"Significant","synonymous"
"4992C>T","3687C>T",443,393.947064485082,0.0509658575612843,0,"Significant","synonymous"
"4992C>T","4161C>T",486,382.564966313763,0.103931072607197,0,"Significant","synonymous"
"4992C>T","7756C>T",430,369.918190567854,0.0653627674947862,0,"Significant","synonymous"
"4992C>T","12774C>T",453,364.227141482194,0.094725896586993,0,"Significant","synonymous"
"4992C>T","15616C>T",428,389.520692974014,0.0409132348461331,0,"Significant","synonymous"
"4992C>T","7690C>T",408,332.610202117421,0.0887245969335133,0,"Significant","synonymous"
"4992C>T","7256C>T",350,301.625601539942,0.0645998433075384,0,"Significant","synonymous"
"4992C>T","6378T>C",128,207.407122232916,-0.209613696066284,0,"Significant","synonymous"
"4992C>T","5324C>T",171,232.700673724735,-0.1338015302839,0,"Significant","synonymous"
"4992C>T","12555A>T",368,277.596727622714,0.122433476428754,0,"Significant","synonymous"
"4992C>T","11761C>T",420,366.124157844081,0.0596209046678457,0,"Significant","synonymous"
"4992C>T","12975A>G",454,342.095283926853,0.1229087657479,0,"Significant","synonymous"
"4992C>T","10867C>T",349,382.564966313763,-0.0398797696958815,0,"Significant","synonymous"
"4992C>T","12486C>T",102,183.378248315688,-0.254747648139453,0,"Significant","synonymous"
"4992C>T","13380C>T",375,323.125120307988,0.0646605455903842,0,"Significant","synonymous"
"4992C>T","8368G>A",399,317.434071222329,0.0993193565390975,0,"Significant","synonymous"
"4992C>T","6050T>A",446,329.448508180943,0.13154731340998,0,"Significant","synonymous"
"4992C>T","3960C>T",414,316.801732435034,0.116212793251018,0,"Significant","synonymous"
"4992C>T","7888C>G",345,256.097208854668,0.129414249855959,0,"Significant","synonymous"
"4992C>T","7007C>T",378,317.434071222329,0.0758382606895807,0,"Significant","synonymous"
"4992C>T","11806A>G",402,313.640038498556,0.107794554591639,0,"Significant","synonymous"
"4992C>T","6617C>T",374,321.228103946102,0.0660580679139385,0,"Significant","synonymous"
"4992C>T","3543C>T",95,173.893166506256,-0.262558910543811,0,"Significant","synonymous"
"4992C>T","6173C>T",141,210.568816169394,-0.174174942853442,0,"Significant","synonymous"
"4992C>T","15514T>C",381,287.081809432146,0.122919300815875,0,"Significant","synonymous"
"4992C>T","11134A>T",63,151.128970163619,-0.380007173496757,0,"Significant","synonymous"
"4992C>T","4086C>T",353,280.758421559192,0.0994419132705678,0,"Significant","synonymous"
"4992C>T","9575G>A",367,290.875842155919,0.100958410567881,0,"Significant","synonymous"
"4992C>T","3795C>T",350,286.449470644851,0.0870200203348129,0,"Significant","synonymous"
"4992C>T","15736A>T",359,264.949951876805,0.131930603609377,0,"Significant","synonymous"
"4992C>T","7130C>T",188,256.729547641963,-0.135318006316056,0,"Significant","synonymous"
"4992C>T","13902C>T",302,228.274302213667,0.121549919048843,0,"Significant","synonymous"
"4992C>T","4604C>T",326,242.185755534167,0.129069004096667,0,"Significant","synonymous"
"4992C>T","9374A>G",95,168.834456207892,-0.249737478078131,0,"Significant","synonymous"
"4992C>T","8967C>T",356,287.081809432146,0.0934443231131386,0,"Significant","synonymous"
"4992C>T","4248T>C",233,283.920115495669,-0.0858402419798742,0,"Significant","synonymous"
"4992C>T","10196C>T",289,275.067372473532,0.0214587637992995,0.073,"Not Significant","synonymous"
"12978A>T","9548G>A",607,516.64677574591,0.0699949676570308,0,"Significant","synonymous"
"12978A>T","14422T>A",97,216.658325312801,-0.349003647624286,0,"Significant","synonymous"
"12978A>T","4875C>T",590,430.752646775746,0.136624056975168,0,"Significant","synonymous"
"12978A>T","4020C>T",568,436.521655437921,0.114342542185087,0,"Significant","synonymous"
"12978A>T","13998C>T",571,424.342637151107,0.128919437192998,0,"Significant","synonymous"
"12978A>T","4964C>T",570,432.675649663138,0.119712401228319,0,"Significant","synonymous"
"12978A>T","14767T>C",587,432.675649663138,0.13247564680344,0,"Significant","synonymous"
"12978A>T","11389C>T",575,444.213666987488,0.112075928464678,0,"Significant","synonymous"
"12978A>T","5121C>T",470,340.371511068335,0.14014465524109,0,"Significant","synonymous"
"12978A>T","3885C>T",569,448.700673724735,0.10315554476767,0,"Significant","synonymous"
"12978A>T","11245C>T",515,384.600577478345,0.126797297044395,0,"Significant","synonymous"
"12978A>T","14521C>T",532,405.11260827719,0.118335872399514,0,"Significant","synonymous"
"12978A>T","11587C>T",551,399.984600577478,0.139108327556208,0,"Significant","synonymous"
"12978A>T","15430C>T",532,484.596727622714,0.04053115518071,0,"Significant","synonymous"
"12978A>T","6572C>T",534,412.804619826756,0.111796708055597,0,"Significant","synonymous"
"12978A>T","4919C>T",64,181.403272377286,-0.452465143153088,0,"Significant","synonymous"
"12978A>T","6485A>T",526,382.677574590953,0.138152731411215,0,"Significant","synonymous"
"12978A>T","4131A>T",495,355.755534167469,0.143453534197734,0,"Significant","synonymous"
"12978A>T","15538C>T",527,394.856592877767,0.12537122143497,0,"Significant","synonymous"
"12978A>T","14013A>G",94,198.710298363811,-0.325092521847454,0,"Significant","synonymous"
"12978A>T","15751A>T",46,165.378248315688,-0.555720555894098,0,"Significant","synonymous"
"12978A>T","4245C>T",132,243.580365736285,-0.266068347023933,0,"Significant","synonymous"
"12978A>T","10877C>T",488,368.575553416747,0.121893295699928,0,"Significant","synonymous"
"12978A>T","7858C>T",387,430.752646775746,-0.0465169896480261,0,"Significant","synonymous"
"12978A>T","14569G>A",137,235.888354186718,-0.235985933130102,0,"Significant","synonymous"
"12978A>T","6059C>T",480,396.779595765159,0.0826919067423266,0,"Significant","synonymous"
"12978A>T","9347A>T",430,328.833493743985,0.116492408854615,0,"Significant","synonymous"
"12978A>T","6563C>T",443,450.623676612127,-0.00741028040987635,0.276,"Not Significant","synonymous"
"12978A>T","9954C>T",356,306.398460057748,0.0651634197476128,0,"Significant","synonymous"
"12978A>T","10202C>T",543,542.92781520693,5.77376450163865e-05,1,"Not Significant","synonymous"
"12978A>T","3687C>T",433,399.343599615014,0.0351411680810637,0,"Significant","synonymous"
"12978A>T","4161C>T",496,387.805582290664,0.106867620224581,0,"Significant","synonymous"
"12978A>T","7756C>T",447,374.985563041386,0.0762929754366137,0,"Significant","synonymous"
"12978A>T","12774C>T",458,369.216554379211,0.0935843129675107,0,"Significant","synonymous"
"12978A>T","15616C>T",428,394.856592877767,0.0350043752356143,0,"Significant","synonymous"
"12978A>T","7690C>T",420,337.166506256015,0.0954048646310123,0,"Significant","synonymous"
"12978A>T","7256C>T",356,305.757459095284,0.0660729373196175,0,"Significant","synonymous"
"12978A>T","6378T>C",111,210.248315688162,-0.277409546537961,0,"Significant","synonymous"
"12978A>T","5324C>T",147,235.888354186718,-0.205389165538354,0,"Significant","synonymous"
"12978A>T","12555A>T",392,281.399422521655,0.143962865165169,0,"Significant","synonymous"
"12978A>T","11761C>T",421,371.139557266602,0.0547448504950946,0,"Significant","synonymous"
"12978A>T","12975A>G",480,346.781520692974,0.141185290655859,0,"Significant","synonymous"
"12978A>T","10867C>T",339,387.805582290664,-0.0584143580624942,0,"Significant","synonymous"
"12978A>T","12486C>T",79,185.890279114533,-0.371629588221322,0,"Significant","synonymous"
"12978A>T","13380C>T",392,327.551491819057,0.0780064852725991,0,"Significant","synonymous"
"12978A>T","8368G>A",408,321.782483156882,0.103097764331708,0,"Significant","synonymous"
"12978A>T","6050T>A",474,333.961501443696,0.152081936761398,0,"Significant","synonymous"
"12978A>T","3960C>T",439,321.141482194418,0.135768112761716,0,"Significant","synonymous"
"12978A>T","7888C>G",365,259.605389797883,0.147979159628634,0,"Significant","synonymous"
"12978A>T","7007C>T",386,321.782483156882,0.0790249059135895,0,"Significant","synonymous"
"12978A>T","11806A>G",415,317.936477382098,0.11570773860874,0,"Significant","synonymous"
"12978A>T","6617C>T",374,325.628488931665,0.06014920830342,0,"Significant","synonymous"
"12978A>T","3543C>T",73,176.275264677575,-0.382868515322582,0,"Significant","synonymous"
"12978A>T","6173C>T",110,213.453320500481,-0.287910229961027,0,"Significant","synonymous"
"12978A>T","15514T>C",388,291.014436958614,0.124917191123942,0,"Significant","synonymous"
"12978A>T","11134A>T",40,153.199230028874,-0.583196591232497,0,"Significant","synonymous"
"12978A>T","4086C>T",369,284.604427333975,0.112784714431282,0,"Significant","synonymous"
"12978A>T","9575G>A",384,294.860442733398,0.114714711072799,0,"Significant","synonymous"
"12978A>T","3795C>T",360,290.37343599615,0.0933456171413028,0,"Significant","synonymous"
"12978A>T","15736A>T",373,268.579403272377,0.142636127229223,0,"Significant","synonymous"
"12978A>T","7130C>T",173,260.246390760347,-0.177338612061438,0,"Significant","synonymous"
"12978A>T","13902C>T",314,231.401347449471,0.132563764554384,0,"Significant","synonymous"
"12978A>T","4604C>T",337,245.503368623677,0.137572445289544,0,"Significant","synonymous"
"12978A>T","9374A>G",81,171.147256977863,-0.324884924098767,0,"Significant","synonymous"
"12978A>T","8967C>T",370,291.014436958614,0.104287189596736,0,"Significant","synonymous"
"12978A>T","4248T>C",220,287.809432146295,-0.116682341794194,0,"Significant","synonymous"
"12978A>T","10196C>T",277,278.8354186718,-0.00286816950331136,0.848,"Not Significant","synonymous"
"9548G>A","14422T>A",217,262.202117420597,-0.082176460677004,0,"Significant","synonymous"
"9548G>A","4875C>T",636,521.30125120308,0.0863683483466603,0,"Significant","synonymous"
"9548G>A","4020C>T",633,528.282964388835,0.0785371038566431,0,"Significant","synonymous"
"9548G>A","13998C>T",603,513.543792107796,0.0697398284525255,0,"Significant","synonymous"
"9548G>A","4964C>T",629,523.628488931665,0.0796273783663168,0,"Significant","synonymous"
"9548G>A","14767T>C",621,523.628488931665,0.074068333097629,0,"Significant","synonymous"
"9548G>A","11389C>T",626,537.591915303176,0.0661216043506983,0,"Significant","synonymous"
"9548G>A","5121C>T",465,411.921077959577,0.0526389375605596,0,"Significant","synonymous"
"9548G>A","3885C>T",626,543.022136669875,0.0617567989482489,0,"Significant","synonymous"
"9548G>A","11245C>T",541,465.447545717036,0.0653265204749996,0,"Significant","synonymous"
"9548G>A","14521C>T",576,490.271414821944,0.0699859108929006,0,"Significant","synonymous"
"9548G>A","11587C>T",575,484.065447545717,0.0747637607592791,0,"Significant","synonymous"
"9548G>A","15430C>T",621,586.463907603465,0.0248503104274563,0,"Significant","synonymous"
"9548G>A","6572C>T",575,499.580365736285,0.0610624830818938,0,"Significant","synonymous"
"9548G>A","4919C>T",181,219.536092396535,-0.0838273549029769,0,"Significant","synonymous"
"9548G>A","6485A>T",549,463.12030798845,0.0738785190727949,0,"Significant","synonymous"
"9548G>A","4131A>T",520,430.538979788258,0.0819908662641923,0,"Significant","synonymous"
"9548G>A","15538C>T",564,477.85948026949,0.0719788975709897,0,"Significant","synonymous"
"9548G>A","14013A>G",207,240.481231953802,-0.065110842625239,0,"Significant","synonymous"
"9548G>A","15751A>T",160,200.142444658325,-0.0972192175551642,0,"Significant","synonymous"
"9548G>A","4245C>T",245,294.783445620789,-0.080337006500161,0,"Significant","synonymous"
"9548G>A","10877C>T",518,446.053897978826,0.0649424208076759,0,"Significant","synonymous"
"9548G>A","7858C>T",504,521.30125120308,-0.0146582308562104,0.004,"Significant","synonymous"
"9548G>A","14569G>A",254,285.474494706449,-0.050733596301474,0,"Significant","synonymous"
"9548G>A","6059C>T",541,480.186717998075,0.051787121838528,0,"Significant","synonymous"
"9548G>A","9347A>T",460,397.957651588065,0.0629209723218298,0,"Significant","synonymous"
"9548G>A","6563C>T",562,545.34937439846,0.0130614963013215,0.011,"Significant","synonymous"
"9548G>A","9954C>T",397,370.806544754572,0.0296431159030752,0,"Significant","synonymous"
"9548G>A","10202C>T",668,657.056785370549,0.0071735578969244,0.043,"Significant","synonymous"
"9548G>A","3687C>T",526,483.289701636189,0.0367782032466489,0,"Significant","synonymous"
"9548G>A","4161C>T",537,469.326275264678,0.0584994167991619,0,"Significant","synonymous"
"9548G>A","7756C>T",503,453.81135707411,0.0446926247258243,0,"Significant","synonymous"
"9548G>A","12774C>T",507,446.829643888354,0.0548659816621992,0,"Significant","synonymous"
"9548G>A","15616C>T",504,477.85948026949,0.0231303300331819,0,"Significant","synonymous"
"9548G>A","7690C>T",465,408.042348411935,0.0567477144882886,0,"Significant","synonymous"
"9548G>A","7256C>T",392,370.030798845043,0.0250481937324235,0.001,"Significant","synonymous"
"9548G>A","6378T>C",223,254.444658325313,-0.0572884749114076,0,"Significant","synonymous"
"9548G>A","5324C>T",249,285.474494706449,-0.0593679658256723,0,"Significant","synonymous"
"9548G>A","12555A>T",407,340.552454282964,0.0774103947351646,0,"Significant","synonymous"
"9548G>A","11761C>T",495,449.156881616939,0.0422071409582104,0,"Significant","synonymous"
"9548G>A","12975A>G",493,419.67853705486,0.0699301599227319,0,"Significant","synonymous"
"9548G>A","10867C>T",466,469.326275264678,-0.0030889522103813,0.649,"Not Significant","synonymous"
"9548G>A","12486C>T",188,224.966313763234,-0.0779596428831515,0,"Significant","synonymous"
"9548G>A","13380C>T",428,396.406159769009,0.033303374630538,0,"Significant","synonymous"
"9548G>A","8368G>A",451,389.424446583253,0.0637533304850127,0,"Significant","synonymous"
"9548G>A","6050T>A",480,404.163618864293,0.0746840198281324,0,"Significant","synonymous"
"9548G>A","3960C>T",459,388.648700673725,0.0722554654220851,0,"Significant","synonymous"
"9548G>A","7888C>G",381,314.177093358999,0.0837504582130132,0,"Significant","synonymous"
"9548G>A","7007C>T",435,389.424446583253,0.048066045561693,0,"Significant","synonymous"
"9548G>A","11806A>G",453,384.769971126083,0.0708970312747042,0,"Significant","synonymous"
"9548G>A","6617C>T",432,394.078922040423,0.0399005402830699,0,"Significant","synonymous"
"9548G>A","3543C>T",180,213.330125120308,-0.0737796829748321,0,"Significant","synonymous"
"9548G>A","6173C>T",225,258.323387872955,-0.0599812096428457,0,"Significant","synonymous"
"9548G>A","15514T>C",414,352.18864292589,0.0702249940158633,0,"Significant","synonymous"
"9548G>A","11134A>T",149,185.403272377286,-0.0949311267837196,0,"Significant","synonymous"
"9548G>A","4086C>T",395,344.431183830606,0.0594946312639111,0,"Significant","synonymous"
"9548G>A","9575G>A",408,356.843118383061,0.0581828371603774,0,"Significant","synonymous"
"9548G>A","3795C>T",404,351.412897016362,0.0605636688498437,0,"Significant","synonymous"
"9548G>A","15736A>T",392,325.037536092397,0.0813525498062259,0,"Significant","synonymous"
"9548G>A","7130C>T",276,314.952839268527,-0.0573364457598702,0,"Significant","synonymous"
"9548G>A","13902C>T",340,280.04427333975,0.0842522208886567,0,"Significant","synonymous"
"9548G>A","4604C>T",357,297.110683349374,0.0797499478956327,0,"Significant","synonymous"
"9548G>A","9374A>G",179,207.124157844081,-0.0633777246325624,0,"Significant","synonymous"
"9548G>A","8967C>T",401,352.18864292589,0.0563690255151501,0,"Significant","synonymous"
"9548G>A","4248T>C",340,348.309913378248,-0.0104869182089783,0.234,"Not Significant","synonymous"
"9548G>A","10196C>T",332,337.449470644851,-0.00707066749851219,0.454,"Not Significant","synonymous"
"14422T>A","4875C>T",108,218.610202117421,-0.306246670287149,0,"Significant","synonymous"
"14422T>A","4020C>T",122,221.53801732435,-0.259088433958354,0,"Significant","synonymous"
"14422T>A","13998C>T",104,215.357074109721,-0.316125802861181,0,"Significant","synonymous"
"14422T>A","4964C>T",116,219.58614051973,-0.277146936324407,0,"Significant","synonymous"
"14422T>A","14767T>C",101,219.58614051973,-0.337283551768627,0,"Significant","synonymous"
"14422T>A","11389C>T",145,225.44177093359,-0.191666385097202,0,"Significant","synonymous"
"14422T>A","5121C>T",84,172.741097208855,-0.313116387739799,0,"Significant","synonymous"
"14422T>A","3885C>T",152,227.71896053898,-0.175555604789867,0,"Significant","synonymous"
"14422T>A","11245C>T",95,195.187680461983,-0.312728797815038,0,"Significant","synonymous"
"14422T>A","14521C>T",114,205.597690086622,-0.25611337966622,0,"Significant","synonymous"
"14422T>A","11587C>T",89,202.995187680462,-0.358095735757714,0,"Significant","synonymous"
"14422T>A","15430C>T",227,245.936477382098,-0.0347970910285464,0.007,"Significant","synonymous"
"14422T>A","6572C>T",121,209.501443695861,-0.238401649763688,0,"Significant","synonymous"
"14422T>A","4919C>T",247,92.0635226179018,0.428609365014602,0,"Significant","synonymous"
"14422T>A","6485A>T",83,194.211742059673,-0.369197391473473,0,"Significant","synonymous"
"14422T>A","4131A>T",71,180.548604427334,-0.405335787123707,0,"Significant","synonymous"
"14422T>A","15538C>T",101,200.392685274302,-0.297560491102047,0,"Significant","synonymous"
"14422T>A","14013A>G",245,100.846968238691,0.385503237809529,0,"Significant","synonymous"
"14422T>A","15751A>T",243,83.9307025986526,0.461685414914266,0,"Significant","synonymous"
"14422T>A","4245C>T",261,123.618864292589,0.324555758000809,0,"Significant","synonymous"
"14422T>A","10877C>T",94,187.054860442733,-0.298841143810179,0,"Significant","synonymous"
"14422T>A","7858C>T",291,218.610202117421,0.124222563211555,0,"Significant","synonymous"
"14422T>A","14569G>A",256,119.715110683349,0.330090993917662,0,"Significant","synonymous"
"14422T>A","6059C>T",170,201.368623676612,-0.0735428803622815,0,"Significant","synonymous"
"14422T>A","9347A>T",87,166.885466794995,-0.282899265213436,0,"Significant","synonymous"
"14422T>A","6563C>T",269,228.69489894129,0.0704958022620783,0,"Significant","synonymous"
"14422T>A","9954C>T",99,155.499518768046,-0.196093854734887,0,"Significant","synonymous"
"14422T>A","10202C>T",279,275.539942252166,0.00541964022241139,0.566,"Not Significant","synonymous"
"14422T>A","3687C>T",195,202.669874879692,-0.0167545880171205,0.321,"Not Significant","synonymous"
"14422T>A","4161C>T",124,196.814244465833,-0.200634842210581,0,"Significant","synonymous"
"14422T>A","7756C>T",147,190.307988450433,-0.112139684054414,0,"Significant","synonymous"
"14422T>A","12774C>T",129,187.380173243503,-0.162133925844335,0,"Significant","synonymous"
"14422T>A","15616C>T",163,200.392685274302,-0.0896942604808953,0,"Significant","synonymous"
"14422T>A","7690C>T",119,171.114533205005,-0.157739935481574,0,"Significant","synonymous"
"14422T>A","7256C>T",100,155.174205967276,-0.190819531760437,0,"Significant","synonymous"
"14422T>A","6378T>C",247,106.702598652551,0.364521956827278,0,"Significant","synonymous"
"14422T>A","5324C>T",242,119.715110683349,0.305666394586253,0,"Significant","synonymous"
"14422T>A","12555A>T",64,142.812319538017,-0.348585698978337,0,"Significant","synonymous"
"14422T>A","11761C>T",169,188.356111645813,-0.0470930118342134,0.01,"Significant","synonymous"
"14422T>A","12975A>G",80,175.994225216554,-0.342408430834807,0,"Significant","synonymous"
"14422T>A","10867C>T",273,196.814244465833,0.142106119667748,0,"Significant","synonymous"
"14422T>A","12486C>T",245,94.3407122232916,0.414466933744816,0,"Significant","synonymous"
"14422T>A","13380C>T",125,166.234841193455,-0.123812039847047,0,"Significant","synonymous"
"14422T>A","8368G>A",101,163.307025986526,-0.20868349608269,0,"Significant","synonymous"
"14422T>A","6050T>A",76,169.487969201155,-0.348325283738895,0,"Significant","synonymous"
"14422T>A","3960C>T",79,162.981713185756,-0.314511787296998,0,"Significant","synonymous"
"14422T>A","7888C>G",49,131.751684311838,-0.429560095906075,0,"Significant","synonymous"
"14422T>A","7007C>T",110,163.307025986526,-0.171612184707143,0,"Significant","synonymous"
"14422T>A","11806A>G",93,161.355149181906,-0.239299880656542,0,"Significant","synonymous"
"14422T>A","6617C>T",159,165.258902791145,-0.0167677406839347,0.418,"Not Significant","synonymous"
"14422T>A","3543C>T",234,89.461020211742,0.417582010859103,0,"Significant","synonymous"
"14422T>A","6173C>T",245,108.3291626564,0.354420698137512,0,"Significant","synonymous"
"14422T>A","15514T>C",85,147.692011549567,-0.239938079863072,0,"Significant","synonymous"
"14422T>A","11134A>T",228,77.7497593840231,0.467235793331471,0,"Significant","synonymous"
"14422T>A","4086C>T",82,144.438883541867,-0.245870270451151,0,"Significant","synonymous"
"14422T>A","9575G>A",92,149.643888354187,-0.211271157056314,0,"Significant","synonymous"
"14422T>A","3795C>T",87,147.366698748797,-0.228880102114486,0,"Significant","synonymous"
"14422T>A","15736A>T",64,136.306063522618,-0.328335201702525,0,"Significant","synonymous"
"14422T>A","7130C>T",242,132.076997112608,0.26298817968261,0,"Significant","synonymous"
"14422T>A","13902C>T",53,117.43792107796,-0.345532485024897,0,"Significant","synonymous"
"14422T>A","4604C>T",60,124.594802694899,-0.317348676305081,0,"Significant","synonymous"
"14422T>A","9374A>G",219,86.8585178055823,0.401631700754764,0,"Significant","synonymous"
"14422T>A","8967C>T",84,147.692011549567,-0.245077719515477,0,"Significant","synonymous"
"14422T>A","4248T>C",252,146.065447545717,0.236853047057619,0,"Significant","synonymous"
"14422T>A","10196C>T",146,141.511068334937,0.0135624461093131,0.586,"Not Significant","synonymous"
"4875C>T","4020C>T",598,440.454282964389,0.132800346578952,0,"Significant","synonymous"
"4875C>T","13998C>T",575,428.165543792108,0.128056129753257,0,"Significant","synonymous"
"4875C>T","4964C>T",607,436.573628488932,0.143131192747557,0,"Significant","synonymous"
"4875C>T","14767T>C",594,436.573628488932,0.133728946653495,0,"Significant","synonymous"
"4875C>T","11389C>T",583,448.215591915303,0.114181594650537,0,"Significant","synonymous"
"4875C>T","5121C>T",440,343.43792107796,0.107604429908043,0,"Significant","synonymous"
"4875C>T","3885C>T",581,452.74302213667,0.108324366879405,0,"Significant","synonymous"
"4875C>T","11245C>T",522,388.065447545717,0.128765527121942,0,"Significant","synonymous"
"4875C>T","14521C>T",543,408.762271414822,0.123329025809788,0,"Significant","synonymous"
"4875C>T","11587C>T",553,403.588065447546,0.136786816125597,0,"Significant","synonymous"
"4875C>T","15430C>T",536,488.962463907603,0.039889268694908,0,"Significant","synonymous"
"4875C>T","6572C>T",540,416.523580365736,0.112754166966485,0,"Significant","synonymous"
"4875C>T","4919C>T",75,183.037536092397,-0.387478897628896,0,"Significant","synonymous"
"4875C>T","6485A>T",529,386.125120307988,0.136727615409139,0,"Significant","synonymous"
"4875C>T","4131A>T",504,358.960538979788,0.147383827826166,0,"Significant","synonymous"
"4875C>T","15538C>T",536,398.41385948027,0.128830352031669,0,"Significant","synonymous"
"4875C>T","14013A>G",99,200.500481231954,-0.306480224733148,0,"Significant","synonymous"
"4875C>T","15751A>T",53,166.868142444658,-0.49809756185853,0,"Significant","synonymous"
"4875C>T","4245C>T",135,245.774783445621,-0.260203553618307,0,"Significant","synonymous"
"4875C>T","10877C>T",502,371.896053897979,0.130282146958711,0,"Significant","synonymous"
"4875C>T","7858C>T",391,434.633301251203,-0.0459462411545951,0,"Significant","synonymous"
"4875C>T","14569G>A",138,238.013474494706,-0.236722457768797,0,"Significant","synonymous"
"4875C>T","6059C>T",477,400.354186717998,0.0760740045233307,0,"Significant","synonymous"
"4875C>T","9347A>T",436,331.795957651588,0.118615398660091,0,"Significant","synonymous"
"4875C>T","6563C>T",446,454.683349374398,-0.008374191804328,0.232,"Not Significant","synonymous"
"4875C>T","9954C>T",349,309.158806544755,0.0526438048503972,0,"Significant","synonymous"
"4875C>T","10202C>T",550,547.819056785371,0.00172555366688876,0.756,"Not Significant","synonymous"
"4875C>T","3687C>T",447,402.941289701636,0.0450657509761085,0,"Significant","synonymous"
"4875C>T","4161C>T",497,391.299326275265,0.103847288584192,0,"Significant","synonymous"
"4875C>T","7756C>T",453,378.363811357074,0.0781886104339846,0,"Significant","synonymous"
"4875C>T","12774C>T",467,372.542829643888,0.0981406716462288,0,"Significant","synonymous"
"4875C>T","15616C>T",437,398.41385948027,0.0401469993093389,0,"Significant","synonymous"
"4875C>T","7690C>T",426,340.204042348412,0.0976701294523063,0,"Significant","synonymous"
"4875C>T","7256C>T",347,308.512030798845,0.0510573702540964,0,"Significant","synonymous"
"4875C>T","6378T>C",113,212.142444658325,-0.273549125724728,0,"Significant","synonymous"
"4875C>T","5324C>T",144,238.013474494706,-0.218239052074797,0,"Significant","synonymous"
"4875C>T","12555A>T",395,283.934552454283,0.143378849887648,0,"Significant","synonymous"
"4875C>T","11761C>T",431,374.483156881617,0.0610449809366325,0,"Significant","synonymous"
"4875C>T","12975A>G",483,349.905678537055,0.139996140148261,0,"Significant","synonymous"
"4875C>T","10867C>T",350,391.299326275265,-0.0484410557988279,0,"Significant","synonymous"
"4875C>T","12486C>T",83,187.564966313763,-0.354073631019238,0,"Significant","synonymous"
"4875C>T","13380C>T",396,330.502406159769,0.0785205602941301,0,"Significant","synonymous"
"4875C>T","8368G>A",417,324.681424446583,0.108678612332061,0,"Significant","synonymous"
"4875C>T","6050T>A",469,336.970163618864,0.143581393918875,0,"Significant","synonymous"
"4875C>T","3960C>T",447,324.034648700674,0.139716071768006,0,"Significant","synonymous"
"4875C>T","7888C>G",376,261.944177093359,0.156979096216294,0,"Significant","synonymous"
"4875C>T","7007C>T",386,324.681424446583,0.0751298620300665,0,"Significant","synonymous"
"4875C>T","11806A>G",427,320.800769971126,0.124192473038145,0,"Significant","synonymous"
"4875C>T","6617C>T",374,328.56207892204,0.0562541644198971,0,"Significant","synonymous"
"4875C>T","3543C>T",77,177.86333012512,-0.363595694154109,0,"Significant","synonymous"
"4875C>T","6173C>T",117,215.376323387873,-0.265012097256637,0,"Significant","synonymous"
"4875C>T","15514T>C",393,293.636188642926,0.126582972021638,0,"Significant","synonymous"
"4875C>T","11134A>T",46,154.579403272377,-0.526393794762548,0,"Significant","synonymous"
"4875C>T","4086C>T",372,287.168431183831,0.112406244270595,0,"Significant","synonymous"
"4875C>T","9575G>A",387,297.516843118383,0.114199407840656,0,"Significant","synonymous"
"4875C>T","3795C>T",378,292.989412897016,0.110639872327712,0,"Significant","synonymous"
"4875C>T","15736A>T",378,270.999037536092,0.144524051374237,0,"Significant","synonymous"
"4875C>T","7130C>T",174,262.590952839269,-0.178730510791158,0,"Significant","synonymous"
"4875C>T","13902C>T",324,233.48604427334,0.142284082804255,0,"Significant","synonymous"
"4875C>T","4604C>T",335,247.715110683349,0.131092307571529,0,"Significant","synonymous"
"4875C>T","9374A>G",82,172.689124157844,-0.323451134477228,0,"Significant","synonymous"
"4875C>T","8967C>T",373,293.636188642926,0.103899253454904,0,"Significant","synonymous"
"4875C>T","4248T>C",233,290.402309913378,-0.0956441454739152,0,"Significant","synonymous"
"4875C>T","10196C>T",283,281.347449470645,0.00254345307300416,0.847,"Not Significant","synonymous"
"4020C>T","13998C>T",562,433.899903753609,0.112346761773731,0,"Significant","synonymous"
"4020C>T","4964C>T",595,442.420596727623,0.128681628541892,0,"Significant","synonymous"
"4020C>T","14767T>C",576,442.420596727623,0.114587146236557,0,"Significant","synonymous"
"4020C>T","11389C>T",570,454.218479307026,0.0986100567050575,0,"Significant","synonymous"
"4020C>T","5121C>T",440,348.037536092397,0.101826591049085,0,"Significant","synonymous"
"4020C>T","3885C>T",571,458.806544754572,0.0950065038759649,0,"Significant","synonymous"
"4020C>T","11245C>T",511,393.262752646776,0.113738085395436,0,"Significant","synonymous"
"4020C>T","14521C>T",535,414.23676612127,0.111105139383212,0,"Significant","synonymous"
"4020C>T","11587C>T",542,408.993262752647,0.122283132500329,0,"Significant","synonymous"
"4020C>T","15430C>T",534,495.511068334937,0.0324878971717358,0,"Significant","synonymous"
"4020C>T","6572C>T",526,422.102021174206,0.095568312438299,0,"Significant","synonymous"
"4020C>T","4919C>T",86,185.488931665063,-0.333819548636059,0,"Significant","synonymous"
"4020C>T","6485A>T",523,391.296438883542,0.12599579338227,0,"Significant","synonymous"
"4020C>T","4131A>T",494,363.768046198268,0.132902401445331,0,"Significant","synonymous"
"4020C>T","15538C>T",529,403.749759384023,0.117343395515127,0,"Significant","synonymous"
"4020C>T","14013A>G",110,203.185755534167,-0.266500573031474,0,"Significant","synonymous"
"4020C>T","15751A>T",65,169.102983638114,-0.415237913675571,0,"Significant","synonymous"
"4020C>T","4245C>T",146,249.066410009625,-0.231962305187858,0,"Significant","synonymous"
"4020C>T","10877C>T",486,376.876804619827,0.110436860217029,0,"Significant","synonymous"
"4020C>T","7858C>T",400,440.454282964389,-0.0418408460814607,0,"Significant","synonymous"
"4020C>T","14569G>A",151,241.201154956689,-0.203402435735848,0,"Significant","synonymous"
"4020C>T","6059C>T",481,405.716073147257,0.0739228629980893,0,"Significant","synonymous"
"4020C>T","9347A>T",442,336.239653512993,0.118773339881637,0,"Significant","synonymous"
"4020C>T","6563C>T",453,460.772858517806,-0.00738868736259824,0.29,"Not Significant","synonymous"
"4020C>T","9954C>T",359,313.299326275265,0.0591349876105749,0,"Significant","synonymous"
"4020C>T","10202C>T",563,555.155919153032,0.00609342016503041,0.207,"Not Significant","synonymous"
"4020C>T","3687C>T",445,408.337824831569,0.0373403999661454,0,"Significant","synonymous"
"4020C>T","4161C>T",489,396.539942252166,0.0910219201155229,0,"Significant","synonymous"
"4020C>T","7756C>T",444,383.431183830606,0.0636955396768161,0,"Significant","synonymous"
"4020C>T","12774C>T",449,377.532242540905,0.0752922932244851,0,"Significant","synonymous"
"4020C>T","15616C>T",445,403.749759384023,0.0422477344608883,0,"Significant","synonymous"
"4020C>T","7690C>T",412,344.760346487007,0.0773799075237672,0,"Significant","synonymous"
"4020C>T","7256C>T",363,312.643888354187,0.0648566816403715,0,"Significant","synonymous"
"4020C>T","6378T>C",119,214.983638113571,-0.256858446674593,0,"Significant","synonymous"
"4020C>T","5324C>T",151,241.201154956689,-0.203402435735848,0,"Significant","synonymous"
"4020C>T","12555A>T",385,287.737247353224,0.126464644910733,0,"Significant","synonymous"
"4020C>T","11761C>T",428,379.498556304139,0.0522336409301151,0,"Significant","synonymous"
"4020C>T","12975A>G",466,354.591915303176,0.118657087227794,0,"Significant","synonymous"
"4020C>T","10867C>T",358,396.539942252166,-0.0444039123641905,0,"Significant","synonymous"
"4020C>T","12486C>T",93,190.076997112608,-0.31044661370039,0,"Significant","synonymous"
"4020C>T","13380C>T",393,334.928777670837,0.069440085885087,0,"Significant","synonymous"
"4020C>T","8368G>A",414,329.029836381136,0.0997650596202448,0,"Significant","synonymous"
"4020C>T","6050T>A",460,341.483156881617,0.129388544026409,0,"Significant","synonymous"
"4020C>T","3960C>T",438,328.374398460058,0.125104820281213,0,"Significant","synonymous"
"4020C>T","7888C>G",365,265.452358036574,0.138306276886154,0,"Significant","synonymous"
"4020C>T","7007C>T",384,329.029836381136,0.0670959428668848,0,"Significant","synonymous"
"4020C>T","11806A>G",420,325.097208854668,0.111236049552065,0,"Significant","synonymous"
"4020C>T","6617C>T",383,332.962463907603,0.0608034973290787,0,"Significant","synonymous"
"4020C>T","3543C>T",83,180.245428296439,-0.336786165809514,0,"Significant","synonymous"
"4020C>T","6173C>T",131,218.260827718961,-0.221704502206031,0,"Significant","synonymous"
"4020C>T","15514T>C",380,297.568816169394,0.106196179404067,0,"Significant","synonymous"
"4020C>T","11134A>T",56,156.649663137632,-0.446741438297047,0,"Significant","synonymous"
"4020C>T","4086C>T",362,291.014436958614,0.0947940360629088,0,"Significant","synonymous"
"4020C>T","9575G>A",379,301.501443695861,0.0993498139308611,0,"Significant","synonymous"
"4020C>T","3795C>T",374,296.913378248316,0.10024183583201,0,"Significant","synonymous"
"4020C>T","15736A>T",371,274.628488931665,0.130628322293102,0,"Significant","synonymous"
"4020C>T","7130C>T",185,266.107795957652,-0.157885869529717,0,"Significant","synonymous"
"4020C>T","13902C>T",318,236.613089509143,0.12838835372312,0,"Significant","synonymous"
"4020C>T","4604C>T",337,251.032723772859,0.127899562547064,0,"Significant","synonymous"
"4020C>T","9374A>G",96,175.001924927815,-0.26077159268041,0,"Significant","synonymous"
"4020C>T","8967C>T",373,297.568816169394,0.0981214145959464,0,"Significant","synonymous"
"4020C>T","4248T>C",243,294.291626564004,-0.0831716317605877,0,"Significant","synonymous"
"4020C>T","10196C>T",289,285.115495668913,0.00587702144630064,0.652,"Not Significant","synonymous"
"13998C>T","4964C>T",561,430.076997112608,0.115416646542591,0,"Significant","synonymous"
"13998C>T","14767T>C",584,430.076997112608,0.132866632398826,0,"Significant","synonymous"
"13998C>T","11389C>T",569,441.545717035611,0.11013658990072,0,"Significant","synonymous"
"13998C>T","5121C>T",430,338.327237728585,0.104131492615568,0,"Significant","synonymous"
"13998C>T","3885C>T",566,446.005774783446,0.103475949291472,0,"Significant","synonymous"
"13998C>T","11245C>T",508,382.290664100096,0.123470020017725,0,"Significant","synonymous"
"13998C>T","14521C>T",530,402.679499518768,0.119316349435856,0,"Significant","synonymous"
"13998C>T","11587C>T",542,397.5822906641,0.134572254973411,0,"Significant","synonymous"
"13998C>T","15430C>T",541,481.686236766121,0.0504330277228306,0,"Significant","synonymous"
"13998C>T","6572C>T",534,410.32531280077,0.114412947786197,0,"Significant","synonymous"
"13998C>T","4919C>T",75,180.313763233879,-0.380967614014774,0,"Significant","synonymous"
"13998C>T","6485A>T",525,380.379210779596,0.139942530394034,0,"Significant","synonymous"
"13998C>T","4131A>T",502,353.618864292589,0.152168292139784,0,"Significant","synonymous"
"13998C>T","15538C>T",527,392.485081809432,0.12798746116557,0,"Significant","synonymous"
"13998C>T","14013A>G",100,197.516843118383,-0.295604135716581,0,"Significant","synonymous"
"13998C>T","15751A>T",54,164.384985563041,-0.483468388022244,0,"Significant","synonymous"
"13998C>T","4245C>T",140,242.117420596728,-0.237898002820964,0,"Significant","synonymous"
"13998C>T","10877C>T",494,366.361886429259,0.129816662351463,0,"Significant","synonymous"
"13998C>T","7858C>T",401,428.165543792108,-0.0284673423161586,0,"Significant","synonymous"
"13998C>T","14569G>A",143,234.471607314726,-0.21475422309086,0,"Significant","synonymous"
"13998C>T","6059C>T",478,394.396535129933,0.0834948057094591,0,"Significant","synonymous"
"13998C>T","9347A>T",438,326.858517805582,0.127114303509727,0,"Significant","synonymous"
"13998C>T","6563C>T",458,447.917228103946,0.0096677111015206,0.188,"Not Significant","synonymous"
"13998C>T","9954C>T",359,304.55822906641,0.0714241100836562,0,"Significant","synonymous"
"13998C>T","10202C>T",550,539.666987487969,0.00823683728101286,0.076,"Not Significant","synonymous"
"13998C>T","3687C>T",449,396.945139557267,0.0535158524616183,0,"Significant","synonymous"
"13998C>T","4161C>T",492,385.476419634264,0.105967286232345,0,"Significant","synonymous"
"13998C>T","7756C>T",440,372.733397497594,0.0720543685214666,0,"Significant","synonymous"
"13998C>T","12774C>T",449,366.999037536092,0.087581415697567,0,"Significant","synonymous"
"13998C>T","15616C>T",431,392.485081809432,0.0406541161137737,0,"Significant","synonymous"
"13998C>T","7690C>T",422,335.141482194418,0.100084264925386,0,"Significant","synonymous"
"13998C>T","7256C>T",358,303.921077959577,0.0711222057212163,0,"Significant","synonymous"
"13998C>T","6378T>C",115,208.985563041386,-0.25941844524042,0,"Significant","synonymous"
"13998C>T","5324C>T",155,234.471607314726,-0.179758562385654,0,"Significant","synonymous"
"13998C>T","12555A>T",377,279.709335899904,0.129634388081109,0,"Significant","synonymous"
"13998C>T","11761C>T",420,368.910490856593,0.0563282847879275,0,"Significant","synonymous"
"13998C>T","12975A>G",469,344.69874879692,0.133733135725958,0,"Significant","synonymous"
"13998C>T","10867C>T",344,385.476419634264,-0.0494393739634477,0,"Significant","synonymous"
"13998C>T","12486C>T",83,184.773820981713,-0.347562347405116,0,"Significant","synonymous"
"13998C>T","13380C>T",385,325.584215591915,0.0727973874912448,0,"Significant","synonymous"
"13998C>T","8368G>A",415,319.849855630414,0.11310193768452,0,"Significant","synonymous"
"13998C>T","6050T>A",469,331.95572666025,0.150092677532998,0,"Significant","synonymous"
"13998C>T","3960C>T",432,319.21270452358,0.131403579065108,0,"Significant","synonymous"
"13998C>T","7888C>G",358,258.046198267565,0.142185561546636,0,"Significant","synonymous"
"13998C>T","7007C>T",397,319.849855630414,0.0938443477355468,0,"Significant","synonymous"
"13998C>T","11806A>G",422,316.026948989413,0.125588332588919,0,"Significant","synonymous"
"13998C>T","6617C>T",380,323.672762271415,0.0696774424503485,0,"Significant","synonymous"
"13998C>T","3543C>T",77,175.216554379211,-0.357084410539987,0,"Significant","synonymous"
"13998C>T","6173C>T",121,212.171318575553,-0.243901305072238,0,"Significant","synonymous"
"13998C>T","15514T>C",389,289.266602502406,0.128651306586043,0,"Significant","synonymous"
"13998C>T","11134A>T",46,152.279114533205,-0.519882511148427,0,"Significant","synonymous"
"13998C>T","4086C>T",361,282.895091434071,0.105881789908482,0,"Significant","synonymous"
"13998C>T","9575G>A",381,293.089509143407,0.113924702111489,0,"Significant","synonymous"
"13998C>T","3795C>T",356,288.629451395573,0.0911093540774922,0,"Significant","synonymous"
"13998C>T","15736A>T",369,266.966313763234,0.140569901310198,0,"Significant","synonymous"
"13998C>T","7130C>T",174,258.683349374398,-0.172219227177035,0,"Significant","synonymous"
"13998C>T","13902C>T",315,230.011549566891,0.136560910001369,0,"Significant","synonymous"
"13998C>T","4604C>T",338,244.028873917228,0.14147548442646,0,"Significant","synonymous"
"13998C>T","9374A>G",83,170.119345524543,-0.311675610870756,0,"Significant","synonymous"
"13998C>T","8967C>T",373,289.266602502406,0.110410537069027,0,"Significant","synonymous"
"13998C>T","4248T>C",230,286.080846968239,-0.0947609468682158,0,"Significant","synonymous"
"13998C>T","10196C>T",286,277.16073147257,0.0136343342918783,0.271,"Not Significant","synonymous"
"4964C>T","14767T>C",577,438.522617901829,0.119183815050835,0,"Significant","synonymous"
"4964C>T","11389C>T",567,450.216554379211,0.100161599007233,0,"Significant","synonymous"
"4964C>T","5121C>T",435,344.971126082772,0.100706510599295,0,"Significant","synonymous"
"4964C>T","3885C>T",572,454.764196342637,0.0996097635049004,0,"Significant","synonymous"
"4964C>T","11245C>T",510,389.797882579403,0.116730700440419,0,"Significant","synonymous"
"4964C>T","14521C>T",527,410.587102983638,0.108405311656291,0,"Significant","synonymous"
"4964C>T","11587C>T",543,405.389797882579,0.126927014632548,0,"Significant","synonymous"
"4964C>T","15430C>T",534,491.145332050048,0.0363312362534954,0,"Significant","synonymous"
"4964C>T","6572C>T",527,418.383060635226,0.100236522578866,0,"Significant","synonymous"
"4964C>T","4919C>T",85,183.854667949952,-0.33505573508357,0,"Significant","synonymous"
"4964C>T","6485A>T",518,387.848893166506,0.125667203341988,0,"Significant","synonymous"
"4964C>T","4131A>T",488,360.563041385948,0.131438613606155,0,"Significant","synonymous"
"4964C>T","15538C>T",522,400.192492781521,0.115401565563964,0,"Significant","synonymous"
"4964C>T","14013A>G",110,201.395572666025,-0.262657233949716,0,"Significant","synonymous"
"4964C>T","15751A>T",65,167.613089509143,-0.411394574593813,0,"Significant","synonymous"
"4964C>T","4245C>T",153,246.871992300289,-0.207780391072951,0,"Significant","synonymous"
"4964C>T","10877C>T",486,373.556304138595,0.114280199298789,0,"Significant","synonymous"
"4964C>T","7858C>T",407,436.573628488932,-0.0304630891024454,0,"Significant","synonymous"
"4964C>T","14569G>A",149,239.076034648701,-0.205349775534981,0,"Significant","synonymous"
"4964C>T","6059C>T",466,402.141482194418,0.0640070423960198,0,"Significant","synonymous"
"4964C>T","9347A>T",426,333.27718960539,0.106604008717027,0,"Significant","synonymous"
"4964C>T","6563C>T",451,456.713185755534,-0.00546700841570964,0.482,"Not Significant","synonymous"
"4964C>T","9954C>T",352,310.538979788258,0.0544265415921482,0,"Significant","synonymous"
"4964C>T","10202C>T",562,550.264677574591,0.00916467996450508,0.055,"Not Significant","synonymous"
"4964C>T","3687C>T",456,404.740134744947,0.0517885707314058,0,"Significant","synonymous"
"4964C>T","4161C>T",489,393.046198267565,0.0948652591972822,0,"Significant","synonymous"
"4964C>T","7756C>T",451,380.052935514918,0.0743324505219146,0,"Significant","synonymous"
"4964C>T","12774C>T",454,374.205967276227,0.083945144160024,0,"Significant","synonymous"
"4964C>T","15616C>T",436,400.192492781521,0.0372175518303041,0,"Significant","synonymous"
"4964C>T","7690C>T",411,341.72281039461,0.0801678524484612,0,"Significant","synonymous"
"4964C>T","7256C>T",345,309.889316650626,0.0466124907592985,0,"Significant","synonymous"
"4964C>T","6378T>C",125,213.089509143407,-0.231652055977326,0,"Significant","synonymous"
"4964C>T","5324C>T",152,239.076034648701,-0.196692456002488,0,"Significant","synonymous"
"4964C>T","12555A>T",388,285.202117420597,0.133678980078198,0,"Significant","synonymous"
"4964C>T","11761C>T",427,376.154956689124,0.0550610860237265,0,"Significant","synonymous"
"4964C>T","12975A>G",465,351.467757459095,0.121567462509507,0,"Significant","synonymous"
"4964C>T","10867C>T",362,393.046198267565,-0.0357350293931412,0,"Significant","synonymous"
"4964C>T","12486C>T",90,188.402309913378,-0.320843713733227,0,"Significant","synonymous"
"4964C>T","13380C>T",386,331.977863330125,0.0654781792631764,0,"Significant","synonymous"
"4964C>T","8368G>A",407,326.130895091434,0.0962024668063267,0,"Significant","synonymous"
"4964C>T","6050T>A",456,338.474494706448,0.12943889409103,0,"Significant","synonymous"
"4964C>T","3960C>T",439,325.481231953802,0.129938569100994,0,"Significant","synonymous"
"4964C>T","7888C>G",361,263.113570741097,0.137363953417097,0,"Significant","synonymous"
"4964C>T","7007C>T",388,326.130895091434,0.0754397831753191,0,"Significant","synonymous"
"4964C>T","11806A>G",414,322.23291626564,0.108830439356824,0,"Significant","synonymous"
"4964C>T","6617C>T",366,330.028873917228,0.044929147836631,0,"Significant","synonymous"
"4964C>T","3543C>T",85,178.657362848893,-0.322601993389549,0,"Significant","synonymous"
"4964C>T","6173C>T",129,216.337824831569,-0.224542748480782,0,"Significant","synonymous"
"4964C>T","15514T>C",377,294.947064485082,0.106597272074809,0,"Significant","synonymous"
"4964C>T","11134A>T",53,155.269489894129,-0.466810256620656,0,"Significant","synonymous"
"4964C>T","4086C>T",366,288.450433108758,0.103409890005911,0,"Significant","synonymous"
"4964C>T","9575G>A",380,298.845043310876,0.104337539661358,0,"Significant","synonymous"
"4964C>T","3795C>T",370,294.297401347449,0.0994152967802854,0,"Significant","synonymous"
"4964C>T","15736A>T",370,272.20885466795,0.13329947582681,0,"Significant","synonymous"
"4964C>T","7130C>T",192,263.76323387873,-0.137913030147431,0,"Significant","synonymous"
"4964C>T","13902C>T",317,234.528392685274,0.130863835038198,0,"Significant","synonymous"
"4964C>T","4604C>T",331,248.820981713186,0.123940994533205,0,"Significant","synonymous"
"4964C>T","9374A>G",92,173.460057747834,-0.275411659292646,0,"Significant","synonymous"
"4964C>T","8967C>T",366,294.947064485082,0.0937370072634307,0,"Significant","synonymous"
"4964C>T","4248T>C",242,291.69874879692,-0.0811192002967089,0,"Significant","synonymous"
"4964C>T","10196C>T",288,282.603464870067,0.0082150055307431,0.525,"Not Significant","synonymous"
"14767T>C","11389C>T",587,450.216554379211,0.115216641361938,0,"Significant","synonymous"
"14767T>C","5121C>T",450,344.971126082772,0.115429767419998,0,"Significant","synonymous"
"14767T>C","3885C>T",579,454.764196342637,0.104892298439311,0,"Significant","synonymous"
"14767T>C","11245C>T",519,389.797882579403,0.124327882190939,0,"Significant","synonymous"
"14767T>C","14521C>T",539,410.587102983638,0.118183461630481,0,"Significant","synonymous"
"14767T>C","11587C>T",553,405.389797882579,0.134852316348398,0,"Significant","synonymous"
"14767T>C","15430C>T",543,491.145332050048,0.0435898088137845,0,"Significant","synonymous"
"14767T>C","6572C>T",543,418.383060635226,0.113225736955164,0,"Significant","synonymous"
"14767T>C","4919C>T",71,183.854667949952,-0.413216312078687,0,"Significant","synonymous"
"14767T>C","6485A>T",538,387.848893166506,0.142119719263141,0,"Significant","synonymous"
"14767T>C","4131A>T",519,360.563041385948,0.158186149451897,0,"Significant","synonymous"
"14767T>C","15538C>T",532,400.192492781521,0.123642694856748,0,"Significant","synonymous"
"14767T>C","14013A>G",92,201.395572666025,-0.340262091762308,0,"Significant","synonymous"
"14767T>C","15751A>T",51,167.613089509143,-0.516737755138549,0,"Significant","synonymous"
"14767T>C","4245C>T",135,246.871992300289,-0.262138053395506,0,"Significant","synonymous"
"14767T>C","10877C>T",506,373.556304138595,0.131794446876291,0,"Significant","synonymous"
"14767T>C","7858C>T",394,436.573628488932,-0.0445612765020878,0,"Significant","synonymous"
"14767T>C","14569G>A",132,239.076034648701,-0.257962112741368,0,"Significant","synonymous"
"14767T>C","6059C>T",484,402.141482194418,0.0804664873504287,0,"Significant","synonymous"
"14767T>C","9347A>T",444,333.27718960539,0.124577379728924,0,"Significant","synonymous"
"14767T>C","6563C>T",454,456.713185755534,-0.00258769743656693,0.742,"Not Significant","synonymous"
"14767T>C","9954C>T",366,310.538979788258,0.0713649635084231,0,"Significant","synonymous"
"14767T>C","10202C>T",565,550.264677574591,0.0114768122148821,0.014,"Significant","synonymous"
"14767T>C","3687C>T",462,404.740134744947,0.0574657036230951,0,"Significant","synonymous"
"14767T>C","4161C>T",498,393.046198267565,0.102785742833378,0,"Significant","synonymous"
"14767T>C","7756C>T",459,380.052935514918,0.0819685941812136,0,"Significant","synonymous"
"14767T>C","12774C>T",479,374.205967276227,0.107224804717478,0,"Significant","synonymous"
"14767T>C","15616C>T",427,400.192492781521,0.0281589375867441,0,"Significant","synonymous"
"14767T>C","7690C>T",444,341.72281039461,0.113709000687004,0,"Significant","synonymous"
"14767T>C","7256C>T",370,309.889316650626,0.0769951197530108,0,"Significant","synonymous"
"14767T>C","6378T>C",113,213.089509143407,-0.275483625501926,0,"Significant","synonymous"
"14767T>C","5324C>T",149,239.076034648701,-0.205349775534981,0,"Significant","synonymous"
"14767T>C","12555A>T",388,285.202117420597,0.133678980078198,0,"Significant","synonymous"
"14767T>C","11761C>T",431,376.154956689124,0.0591104811594333,0,"Significant","synonymous"
"14767T>C","12975A>G",480,351.467757459095,0.135355746995137,0,"Significant","synonymous"
"14767T>C","10867C>T",353,393.046198267565,-0.0466688945384813,0,"Significant","synonymous"
"14767T>C","12486C>T",77,188.402309913378,-0.388595497999988,0,"Significant","synonymous"
"14767T>C","13380C>T",404,331.977863330125,0.0852722397020214,0,"Significant","synonymous"
"14767T>C","8368G>A",428,326.130895091434,0.118051826594273,0,"Significant","synonymous"
"14767T>C","6050T>A",477,338.474494706448,0.148992430466705,0,"Significant","synonymous"
"14767T>C","3960C>T",448,325.481231953802,0.138752062857014,0,"Significant","synonymous"
"14767T>C","7888C>G",367,263.113570741097,0.144522815763527,0,"Significant","synonymous"
"14767T>C","7007C>T",405,326.130895091434,0.0940630807957757,0,"Significant","synonymous"
"14767T>C","11806A>G",434,322.23291626564,0.129319827748431,0,"Significant","synonymous"
"14767T>C","6617C>T",374,330.028873917228,0.054319664642698,0,"Significant","synonymous"
"14767T>C","3543C>T",73,178.657362848893,-0.388698058983302,0,"Significant","synonymous"
"14767T>C","6173C>T",116,216.337824831569,-0.270674469553075,0,"Significant","synonymous"
"14767T>C","15514T>C",397,294.947064485082,0.129046428632126,0,"Significant","synonymous"
"14767T>C","11134A>T",40,155.269489894129,-0.589026134893217,0,"Significant","synonymous"
"14767T>C","4086C>T",376,288.450433108758,0.115116649539159,0,"Significant","synonymous"
"14767T>C","9575G>A",389,298.845043310876,0.114503544370252,0,"Significant","synonymous"
"14767T>C","3795C>T",376,294.297401347449,0.10640141764095,0,"Significant","synonymous"
"14767T>C","15736A>T",381,272.20885466795,0.146022727435431,0,"Significant","synonymous"
"14767T>C","7130C>T",178,263.76323387873,-0.170794256542068,0,"Significant","synonymous"
"14767T>C","13902C>T",325,234.528392685274,0.141687933799317,0,"Significant","synonymous"
"14767T>C","4604C>T",346,248.820981713186,0.143189099550257,0,"Significant","synonymous"
"14767T>C","9374A>G",75,173.460057747834,-0.364138223246394,0,"Significant","synonymous"
"14767T>C","8967C>T",376,294.947064485082,0.105443766796678,0,"Significant","synonymous"
"14767T>C","4248T>C",227,291.69874879692,-0.108908709084006,0,"Significant","synonymous"
"14767T>C","10196C>T",282,282.603464870067,-0.00092837390912347,0.946,"Not Significant","synonymous"
"11389C>T","5121C>T",438,354.170356111646,0.0922619023679776,0,"Significant","synonymous"
"11389C>T","3885C>T",577,466.891241578441,0.0919600860868275,0,"Significant","synonymous"
"11389C>T","11245C>T",511,400.192492781521,0.106151962696416,0,"Significant","synonymous"
"11389C>T","14521C>T",568,421.536092396535,0.129513570373978,0,"Significant","synonymous"
"11389C>T","11587C>T",543,416.200192492782,0.115497552851769,0,"Significant","synonymous"
"11389C>T","15430C>T",545,504.242540904716,0.0337570197208002,0,"Significant","synonymous"
"11389C>T","6572C>T",535,429.539942252166,0.0953502276067672,0,"Significant","synonymous"
"11389C>T","4919C>T",108,188.757459095284,-0.242480367091798,0,"Significant","synonymous"
"11389C>T","6485A>T",550,398.191530317613,0.140270671310215,0,"Significant","synonymous"
"11389C>T","4131A>T",505,370.178055822907,0.134880707941324,0,"Significant","synonymous"
"11389C>T","15538C>T",555,410.864292589028,0.130594583903594,0,"Significant","synonymous"
"11389C>T","14013A>G",125,206.766121270452,-0.218569367880708,0,"Significant","synonymous"
"11389C>T","15751A>T",86,172.082771896054,-0.301238941774039,0,"Significant","synonymous"
"11389C>T","4245C>T",173,253.455245428296,-0.165855180542564,0,"Significant","synonymous"
"11389C>T","10877C>T",492,383.517805582291,0.108179571023076,0,"Significant","synonymous"
"11389C>T","7858C>T",424,448.215591915303,-0.0241211035157164,0,"Significant","synonymous"
"11389C>T","14569G>A",168,245.451395572666,-0.164656224002203,0,"Significant","synonymous"
"11389C>T","6059C>T",494,412.865255052936,0.0779186128488823,0,"Significant","synonymous"
"11389C>T","9347A>T",435,342.1645813282,0.104254204788165,0,"Significant","synonymous"
"11389C>T","6563C>T",484,468.892204042348,0.0137723495699563,0.035,"Significant","synonymous"
"11389C>T","9954C>T",361,318.820019249278,0.0539616182388937,0,"Significant","synonymous"
"11389C>T","10202C>T",577,564.938402309913,0.0091747157703936,0.035,"Significant","synonymous"
"11389C>T","3687C>T",457,415.533205004812,0.0413104663560418,0,"Significant","synonymous"
"11389C>T","4161C>T",498,403.527430221367,0.091356281052599,0,"Significant","synonymous"
"11389C>T","7756C>T",451,390.187680461983,0.0629029887411358,0,"Significant","synonymous"
"11389C>T","12774C>T",464,384.18479307026,0.08197781007702,0,"Significant","synonymous"
"11389C>T","15616C>T",446,410.864292589028,0.0356364594930787,0,"Significant","synonymous"
"11389C>T","7690C>T",437,350.8354186718,0.0953780057620289,0,"Significant","synonymous"
"11389C>T","7256C>T",356,318.153031761309,0.0488139318781175,0,"Significant","synonymous"
"11389C>T","6378T>C",144,218.771896053898,-0.181629038670956,0,"Significant","synonymous"
"11389C>T","5324C>T",183,245.451395572666,-0.127514415997657,0,"Significant","synonymous"
"11389C>T","12555A>T",383,292.807507218479,0.116616566671837,0,"Significant","synonymous"
"11389C>T","11761C>T",440,386.185755534167,0.0566564257041081,0,"Significant","synonymous"
"11389C>T","12975A>G",477,360.840230991338,0.121203426878886,0,"Significant","synonymous"
"11389C>T","10867C>T",377,403.527430221367,-0.0295317115012978,0.001,"Significant","synonymous"
"11389C>T","12486C>T",115,193.426371511068,-0.225817844599821,0,"Significant","synonymous"
"11389C>T","13380C>T",400,340.830606352262,0.0695214041386015,0,"Significant","synonymous"
"11389C>T","8368G>A",412,334.827718960539,0.0900758118334616,0,"Significant","synonymous"
"11389C>T","6050T>A",465,347.500481231954,0.126497542535769,0,"Significant","synonymous"
"11389C>T","3960C>T",438,334.16073147257,0.117518697582194,0,"Significant","synonymous"
"11389C>T","7888C>G",354,270.129932627527,0.117430551756452,0,"Significant","synonymous"
"11389C>T","7007C>T",393,334.827718960539,0.0695711461757588,0,"Significant","synonymous"
"11389C>T","11806A>G",421,330.825794032724,0.104682732290813,0,"Significant","synonymous"
"11389C>T","6617C>T",388,338.829643888354,0.0588503262556425,0,"Significant","synonymous"
"11389C>T","3543C>T",105,183.42155919153,-0.242261081814777,0,"Significant","synonymous"
"11389C>T","6173C>T",149,222.106833493744,-0.173375652148579,0,"Significant","synonymous"
"11389C>T","15514T>C",389,302.812319538017,0.108776061413943,0,"Significant","synonymous"
"11389C>T","11134A>T",80,159.410009624639,-0.299425601010553,0,"Significant","synonymous"
"11389C>T","4086C>T",368,296.142444658325,0.0943471615042399,0,"Significant","synonymous"
"11389C>T","9575G>A",398,306.814244465833,0.113007553337452,0,"Significant","synonymous"
"11389C>T","3795C>T",379,302.145332050048,0.098423320900582,0,"Significant","synonymous"
"11389C>T","15736A>T",369,279.467757459095,0.120694656138098,0,"Significant","synonymous"
"11389C>T","7130C>T",206,270.796920115496,-0.11877650026262,0,"Significant","synonymous"
"11389C>T","13902C>T",316,240.782483156882,0.118062193658074,0,"Significant","synonymous"
"11389C>T","4604C>T",339,255.456207892204,0.122883237179788,0,"Significant","synonymous"
"11389C>T","9374A>G",116,178.085659287777,-0.186170959192155,0,"Significant","synonymous"
"11389C>T","8967C>T",392,302.812319538017,0.112112527108691,0,"Significant","synonymous"
"11389C>T","4248T>C",262,299.477382098171,-0.0580627367381863,0,"Significant","synonymous"
"11389C>T","10196C>T",293,290.139557266603,0.0042606763448413,0.757,"Not Significant","synonymous"
"5121C>T","3885C>T",427,357.747834456208,0.0768508614864557,0,"Significant","synonymous"
"5121C>T","11245C>T",401,306.641000962464,0.116514148712214,0,"Significant","synonymous"
"5121C>T","14521C>T",406,322.995187680462,0.09932998177049,0,"Significant","synonymous"
"5121C>T","11587C>T",424,318.906641000962,0.123702293385983,0,"Significant","synonymous"
"5121C>T","15430C>T",401,386.367661212705,0.01614360359468,0.035,"Significant","synonymous"
"5121C>T","6572C>T",406,329.128007699711,0.0911611926930654,0,"Significant","synonymous"
"5121C>T","4919C>T",59,144.632338787295,-0.389413397406002,0,"Significant","synonymous"
"5121C>T","6485A>T",408,305.107795957652,0.126206858436183,0,"Significant","synonymous"
"5121C>T","4131A>T",368,283.642925890279,0.113075862026515,0,"Significant","synonymous"
"5121C>T","15538C>T",398,314.818094321463,0.101823386384942,0,"Significant","synonymous"
"5121C>T","14013A>G",79,158.431183830606,-0.302213576067847,0,"Significant","synonymous"
"5121C>T","15751A>T",40,131.85563041386,-0.518038688158803,0,"Significant","synonymous"
"5121C>T","4245C>T",112,194.205967276227,-0.239044547470756,0,"Significant","synonymous"
"5121C>T","10877C>T",374,293.864292589028,0.104724783986526,0,"Significant","synonymous"
"5121C>T","7858C>T",324,343.43792107796,-0.0253032363714971,0.016,"Significant","synonymous"
"5121C>T","14569G>A",120,188.073147256978,-0.195145546150053,0,"Significant","synonymous"
"5121C>T","6059C>T",370,316.351299326275,0.0680321015225654,0,"Significant","synonymous"
"5121C>T","9347A>T",336,262.178055822907,0.1077429387537,0,"Significant","synonymous"
"5121C>T","6563C>T",354,359.28103946102,-0.006431036518326,0.491,"Not Significant","synonymous"
"5121C>T","9954C>T",289,244.290664100096,0.0729909726201098,0,"Significant","synonymous"
"5121C>T","10202C>T",442,432.874879692012,0.00905988549409124,0.146,"Not Significant","synonymous"
"5121C>T","3687C>T",336,318.395572666025,0.0233722572063756,0.024,"Significant","synonymous"
"5121C>T","4161C>T",367,309.196342637151,0.0744317160753067,0,"Significant","synonymous"
"5121C>T","7756C>T",351,298.974975938402,0.0696722768593304,0,"Significant","synonymous"
"5121C>T","12774C>T",344,294.375360923965,0.0676569856240052,0,"Significant","synonymous"
"5121C>T","15616C>T",355,314.818094321463,0.0521686673663613,0,"Significant","synonymous"
"5121C>T","7690C>T",327,268.821944177093,0.0850830349822265,0,"Significant","synonymous"
"5121C>T","7256C>T",289,243.779595765159,0.0739004901921144,0,"Significant","synonymous"
"5121C>T","6378T>C",94,167.63041385948,-0.251224963636069,0,"Significant","synonymous"
"5121C>T","5324C>T",124,188.073147256978,-0.180905107035455,0,"Significant","synonymous"
"5121C>T","12555A>T",316,224.358999037536,0.148743588851935,0,"Significant","synonymous"
"5121C>T","11761C>T",320,295.908565928778,0.0339924410681671,0.003,"Significant","synonymous"
"5121C>T","12975A>G",361,276.487969201155,0.11583096327476,0,"Significant","synonymous"
"5121C>T","10867C>T",277,309.196342637151,-0.0477545791122956,0,"Significant","synonymous"
"5121C>T","12486C>T",62,148.209817131858,-0.378485281924586,0,"Significant","synonymous"
"5121C>T","13380C>T",314,261.155919153032,0.0800297744141825,0,"Significant","synonymous"
"5121C>T","8368G>A",300,256.556304138595,0.0679385640503269,0,"Significant","synonymous"
"5121C>T","6050T>A",355,266.266602502406,0.124911656231237,0,"Significant","synonymous"
"5121C>T","3960C>T",329,256.045235803657,0.108879198558399,0,"Significant","synonymous"
"5121C>T","7888C>G",285,206.982675649663,0.138910863269493,0,"Significant","synonymous"
"5121C>T","7007C>T",327,256.556304138595,0.105365061990939,0,"Significant","synonymous"
"5121C>T","11806A>G",316,253.48989412897,0.0957264326038808,0,"Significant","synonymous"
"5121C>T","6617C>T",297,259.622714148219,0.0584137635089803,0,"Significant","synonymous"
"5121C>T","3543C>T",63,140.543792107796,-0.348471117900592,0,"Significant","synonymous"
"5121C>T","6173C>T",90,170.185755534167,-0.276680697591059,0,"Significant","synonymous"
"5121C>T","15514T>C",295,232.025024061598,0.104287189596727,0,"Significant","synonymous"
"5121C>T","11134A>T",40,122.145332050048,-0.484816883143737,0,"Significant","synonymous"
"5121C>T","4086C>T",290,226.914340712223,0.106536054260003,0,"Significant","synonymous"
"5121C>T","9575G>A",314,235.091434071222,0.125692842867303,0,"Significant","synonymous"
"5121C>T","3795C>T",288,231.51395572666,0.0948153122220705,0,"Significant","synonymous"
"5121C>T","15736A>T",272,214.137632338787,0.103875907543569,0,"Significant","synonymous"
"5121C>T","7130C>T",149,207.493743984601,-0.14381873868913,0,"Significant","synonymous"
"5121C>T","13902C>T",257,184.495668912416,0.143946947901279,0,"Significant","synonymous"
"5121C>T","4604C>T",246,195.739172281039,0.0992573596104194,0,"Significant","synonymous"
"5121C>T","9374A>G",71,136.455245428296,-0.283731886169498,0,"Significant","synonymous"
"5121C>T","8967C>T",302,232.025024061598,0.114472116575712,0,"Significant","synonymous"
"5121C>T","4248T>C",179,229.46968238691,-0.107872283547668,0,"Significant","synonymous"
"5121C>T","10196C>T",221,222.314725697786,-0.00257595679381715,0.892,"Not Significant","synonymous"
"3885C>T","11245C>T",512,404.234841193455,0.102636218135085,0,"Significant","synonymous"
"3885C>T","14521C>T",536,425.794032723773,0.0999652189532847,0,"Significant","synonymous"
"3885C>T","11587C>T",556,420.404234841193,0.121407709442529,0,"Significant","synonymous"
"3885C>T","15430C>T",555,509.335899903754,0.0372886951643833,0,"Significant","synonymous"
"3885C>T","6572C>T",543,433.878729547642,0.0974314697719354,0,"Significant","synonymous"
"3885C>T","4919C>T",124,190.664100096246,-0.186847242819012,0,"Significant","synonymous"
"3885C>T","6485A>T",527,402.213666987488,0.117353791626073,0,"Significant","synonymous"
"3885C>T","4131A>T",489,373.917228103946,0.116533383543837,0,"Significant","synonymous"
"3885C>T","15538C>T",528,415.014436958614,0.104570717912285,0,"Significant","synonymous"
"3885C>T","14013A>G",146,208.854667949952,-0.155491330506826,0,"Significant","synonymous"
"3885C>T","15751A>T",103,173.820981713186,-0.227264973714966,0,"Significant","synonymous"
"3885C>T","4245C>T",185,256.015399422522,-0.141094360670811,0,"Significant","synonymous"
"3885C>T","10877C>T",488,387.391722810395,0.100269484855978,0,"Significant","synonymous"
"3885C>T","7858C>T",434,452.74302213667,-0.0183620359983898,0.007,"Significant","synonymous"
"3885C>T","14569G>A",185,247.930702598653,-0.127158582727524,0,"Significant","synonymous"
"3885C>T","6059C>T",482,417.035611164581,0.0628738967616382,0,"Significant","synonymous"
"3885C>T","9347A>T",432,345.620789220404,0.0968838892459913,0,"Significant","synonymous"
"3885C>T","6563C>T",486,473.628488931665,0.0111984517853877,0.08,"Not Significant","synonymous"
"3885C>T","9954C>T",347,322.040423484119,0.0324190857216658,0.001,"Significant","synonymous"
"3885C>T","10202C>T",590,570.644850818094,0.0144861088543555,0.002,"Significant","synonymous"
"3885C>T","3687C>T",457,419.730510105871,0.0369456609535928,0,"Significant","synonymous"
"3885C>T","4161C>T",498,407.603464870067,0.08699147565015,0,"Significant","synonymous"
"3885C>T","7756C>T",463,394.128970163619,0.0699426324786769,0,"Significant","synonymous"
"3885C>T","12774C>T",461,388.065447545717,0.074795949509339,0,"Significant","synonymous"
"3885C>T","15616C>T",434,415.014436958614,0.0194265248910012,0.012,"Significant","synonymous"
"3885C>T","7690C>T",422,354.379210779596,0.0758442143508357,0,"Significant","synonymous"
"3885C>T","7256C>T",354,321.366698748797,0.042002390528582,0,"Significant","synonymous"
"3885C>T","6378T>C",165,220.981713185756,-0.126872391954786,0,"Significant","synonymous"
"3885C>T","5324C>T",198,247.930702598653,-0.0976651208690217,0,"Significant","synonymous"
"3885C>T","12555A>T",386,295.765158806545,0.11564029197252,0,"Significant","synonymous"
"3885C>T","11761C>T",433,390.086621751684,0.0453268401688388,0,"Significant","synonymous"
"3885C>T","12975A>G",465,364.485081809432,0.105773195326279,0,"Significant","synonymous"
"3885C>T","10867C>T",385,407.603464870067,-0.0247771376010413,0.003,"Significant","synonymous"
"3885C>T","12486C>T",132,195.380173243503,-0.170306559150079,0,"Significant","synonymous"
"3885C>T","13380C>T",404,344.273339749759,0.0694779725187942,0,"Significant","synonymous"
"3885C>T","8368G>A",418,338.209817131858,0.0919900721729119,0,"Significant","synonymous"
"3885C>T","6050T>A",459,351.010587102984,0.116492469780628,0,"Significant","synonymous"
"3885C>T","3960C>T",445,337.536092396535,0.120039792656575,0,"Significant","synonymous"
"3885C>T","7888C>G",358,272.858517805582,0.117945510972089,0,"Significant","synonymous"
"3885C>T","7007C>T",397,338.209817131858,0.0696042971609973,0,"Significant","synonymous"
"3885C>T","11806A>G",424,334.167468719923,0.103401687645428,0,"Significant","synonymous"
"3885C>T","6617C>T",383,342.252165543792,0.0488525692276106,0,"Significant","synonymous"
"3885C>T","3543C>T",124,185.274302213667,-0.174393501124991,0,"Significant","synonymous"
"3885C>T","6173C>T",162,224.350336862368,-0.141411711420694,0,"Significant","synonymous"
"3885C>T","15514T>C",383,305.871029836381,0.0976604286544108,0,"Significant","synonymous"
"3885C>T","11134A>T",96,161.02021174206,-0.224609160365466,0,"Significant","synonymous"
"3885C>T","4086C>T",361,299.133782483157,0.0816417393339338,0,"Significant","synonymous"
"3885C>T","9575G>A",379,309.913378248316,0.0873988858293934,0,"Significant","synonymous"
"3885C>T","3795C>T",373,305.197305101059,0.0871281373387504,0,"Significant","synonymous"
"3885C>T","15736A>T",366,282.290664100096,0.112784569971001,0,"Significant","synonymous"
"3885C>T","7130C>T",220,273.532242540905,-0.0945858452120287,0,"Significant","synonymous"
"3885C>T","13902C>T",317,243.214629451396,0.115069567854973,0,"Significant","synonymous"
"3885C>T","4604C>T",335,258.036573628489,0.113363540611104,0,"Significant","synonymous"
"3885C>T","9374A>G",125,179.884504331088,-0.158083740813492,0,"Significant","synonymous"
"3885C>T","8967C>T",372,305.871029836381,0.085004594567689,0,"Significant","synonymous"
"3885C>T","4248T>C",269,302.502406159769,-0.0509765534579767,0,"Significant","synonymous"
"3885C>T","10196C>T",288,293.070259865255,-0.00757926165248334,0.513,"Not Significant","synonymous"
"11245C>T","14521C>T",477,364.966313763234,0.116265597931235,0,"Significant","synonymous"
"11245C>T","11587C>T",488,360.346487006737,0.131699529493789,0,"Significant","synonymous"
"11245C>T","15430C>T",474,436.573628488932,0.0357208433464044,0,"Significant","synonymous"
"11245C>T","6572C>T",478,371.896053897979,0.109006326425815,0,"Significant","synonymous"
"11245C>T","4919C>T",73,163.426371511068,-0.349999278229971,0,"Significant","synonymous"
"11245C>T","6485A>T",469,344.754571703561,0.133662808759215,0,"Significant","synonymous"
"11245C>T","4131A>T",442,320.500481231954,0.139593583399912,0,"Significant","synonymous"
"11245C>T","15538C>T",474,355.726660250241,0.124661926683163,0,"Significant","synonymous"
"11245C>T","14013A>G",92,179.018286814244,-0.289109569314954,0,"Significant","synonymous"
"11245C>T","15751A>T",52,148.989412897016,-0.457152065154353,0,"Significant","synonymous"
"11245C>T","4245C>T",127,219.44177093359,-0.237515578487175,0,"Significant","synonymous"
"11245C>T","10877C>T",438,332.050048123195,0.120270562987971,0,"Significant","synonymous"
"11245C>T","7858C>T",359,388.065447545717,-0.0338105273019632,0,"Significant","synonymous"
"11245C>T","14569G>A",132,212.512030798845,-0.206809590294009,0,"Significant","synonymous"
"11245C>T","6059C>T",422,357.459095283927,0.0720860991150711,0,"Significant","synonymous"
"11245C>T","9347A>T",389,296.246390760346,0.11829653338739,0,"Significant","synonymous"
"11245C>T","6563C>T",410,405.967276227141,0.00429282887344427,0.618,"Not Significant","synonymous"
"11245C>T","9954C>T",322,276.034648700674,0.0668922722572234,0,"Significant","synonymous"
"11245C>T","10202C>T",494,489.124157844081,0.00430783576647297,0.458,"Not Significant","synonymous"
"11245C>T","3687C>T",396,359.769008662175,0.0416714364398654,0,"Significant","synonymous"
"11245C>T","4161C>T",444,349.374398460058,0.104091892635658,0,"Significant","synonymous"
"11245C>T","7756C>T",393,337.824831568816,0.0657009814667619,0,"Significant","synonymous"
"11245C>T","12774C>T",411,332.627526467757,0.0918836356263661,0,"Significant","synonymous"
"11245C>T","15616C>T",389,355.726660250241,0.0388331863348056,0,"Significant","synonymous"
"11245C>T","7690C>T",370,303.753609239653,0.0856802770867642,0,"Significant","synonymous"
"11245C>T","7256C>T",334,275.457170356112,0.0836923849449567,0,"Significant","synonymous"
"11245C>T","6378T>C",107,189.412897016362,-0.248025768852759,0,"Significant","synonymous"
"11245C>T","5324C>T",148,212.512030798845,-0.157121806104937,0,"Significant","synonymous"
"11245C>T","12555A>T",396,253.512993262753,0.193694962856863,0,"Significant","synonymous"
"11245C>T","11761C>T",385,334.359961501444,0.0612464629545812,0,"Significant","synonymous"
"11245C>T","12975A>G",418,312.415784408085,0.126443313841964,0,"Significant","synonymous"
"11245C>T","10867C>T",329,349.374398460058,-0.0260951795289531,0.014,"Significant","synonymous"
"11245C>T","12486C>T",77,167.468719923003,-0.337442975552636,0,"Significant","synonymous"
"11245C>T","13380C>T",384,295.091434071222,0.114374621406318,0,"Significant","synonymous"
"11245C>T","8368G>A",361,289.894128970164,0.0952677819341428,0,"Significant","synonymous"
"11245C>T","6050T>A",412,300.866217516843,0.136523789907105,0,"Significant","synonymous"
"11245C>T","3960C>T",397,289.316650625602,0.137417078069362,0,"Significant","synonymous"
"11245C>T","7888C>G",374,233.878729547642,0.203880876159276,0,"Significant","synonymous"
"11245C>T","7007C>T",351,289.894128970164,0.0830676964943124,0,"Significant","synonymous"
"11245C>T","11806A>G",380,286.429258902791,0.122766217300109,0,"Significant","synonymous"
"11245C>T","6617C>T",339,293.358999037536,0.0628002830926768,0,"Significant","synonymous"
"11245C>T","3543C>T",80,158.806544754572,-0.297778409664516,0,"Significant","synonymous"
"11245C>T","6173C>T",109,192.300288739172,-0.24655343839199,0,"Significant","synonymous"
"11245C>T","15514T>C",348,262.175168431184,0.12298768826297,0,"Significant","synonymous"
"11245C>T","11134A>T",50,138.017324350337,-0.440963599438031,0,"Significant","synonymous"
"11245C>T","4086C>T",323,256.400384985563,0.100283849389982,0,"Significant","synonymous"
"11245C>T","9575G>A",349,265.640038498556,0.118531892451101,0,"Significant","synonymous"
"11245C>T","3795C>T",331,261.597690086622,0.102194088936386,0,"Significant","synonymous"
"11245C>T","15736A>T",336,241.963426371511,0.142589551597032,0,"Significant","synonymous"
"11245C>T","7130C>T",164,234.456207892204,-0.155217888355883,0,"Significant","synonymous"
"11245C>T","13902C>T",330,208.46968238691,0.199471035145687,0,"Significant","synonymous"
"11245C>T","4604C>T",306,221.174205967276,0.140986949686437,0,"Significant","synonymous"
"11245C>T","9374A>G",81,154.186717998075,-0.279561945312137,0,"Significant","synonymous"
"11245C>T","8967C>T",341,262.175168431184,0.114162823308889,0,"Significant","synonymous"
"11245C>T","4248T>C",223,259.287776708373,-0.0654771807816015,0,"Significant","synonymous"
"11245C>T","10196C>T",249,251.203079884504,-0.00382561268536572,0.795,"Not Significant","synonymous"
"14521C>T","11587C>T",498,379.564966313763,0.117943222352059,0,"Significant","synonymous"
"14521C>T","15430C>T",498,459.857555341675,0.0346060165332962,0,"Significant","synonymous"
"14521C>T","6572C>T",494,391.730510105871,0.100739550838604,0,"Significant","synonymous"
"14521C>T","4919C>T",82,172.142444658325,-0.322074113865504,0,"Significant","synonymous"
"14521C>T","6485A>T",524,363.141482194418,0.159255425129113,0,"Significant","synonymous"
"14521C>T","4131A>T",462,337.593840230991,0.136247461708207,0,"Significant","synonymous"
"14521C>T","15538C>T",527,374.69874879692,0.14812837232288,0,"Significant","synonymous"
"14521C>T","14013A>G",104,188.565928777671,-0.258429885260513,0,"Significant","synonymous"
"14521C>T","15751A>T",66,156.935514918191,-0.376177301146188,0,"Significant","synonymous"
"14521C>T","4245C>T",144,231.145332050048,-0.205522635246654,0,"Significant","synonymous"
"14521C>T","10877C>T",457,349.759384023099,0.116146824654983,0,"Significant","synonymous"
"14521C>T","7858C>T",374,408.762271414822,-0.0385992015785428,0,"Significant","synonymous"
"14521C>T","14569G>A",143,223.846005774783,-0.194613311933554,0,"Significant","synonymous"
"14521C>T","6059C>T",444,376.523580365736,0.0715907903692768,0,"Significant","synonymous"
"14521C>T","9347A>T",410,312.046198267565,0.118564960882678,0,"Significant","synonymous"
"14521C>T","6563C>T",437,427.618864292589,0.00942458122538811,0.185,"Not Significant","synonymous"
"14521C>T","9954C>T",339,290.756496631376,0.0666702708657344,0,"Significant","synonymous"
"14521C>T","10202C>T",528,515.210779595765,0.0106489814778957,0.045,"Significant","synonymous"
"14521C>T","3687C>T",428,378.956689124158,0.0528541916287816,0,"Significant","synonymous"
"14521C>T","4161C>T",460,368.007699711261,0.096900926303874,0,"Significant","synonymous"
"14521C>T","7756C>T",417,355.842155919153,0.0688786581663516,0,"Significant","synonymous"
"14521C>T","12774C>T",435,350.367661212704,0.0939652428061936,0,"Significant","synonymous"
"14521C>T","15616C>T",411,374.69874879692,0.0401595789864258,0,"Significant","synonymous"
"14521C>T","7690C>T",391,319.953801732435,0.0870894825168954,0,"Significant","synonymous"
"14521C>T","7256C>T",338,290.148219441771,0.066296790512312,0,"Significant","synonymous"
"14521C>T","6378T>C",121,199.514918190568,-0.217190004120295,0,"Significant","synonymous"
"14521C>T","5324C>T",154,223.846005774783,-0.162428628562174,0,"Significant","synonymous"
"14521C>T","12555A>T",352,267.033686236766,0.119976612510763,0,"Significant","synonymous"
"14521C>T","11761C>T",398,352.192492781521,0.0531029776210299,0,"Significant","synonymous"
"14521C>T","12975A>G",436,329.077959576516,0.122187693436777,0,"Significant","synonymous"
"14521C>T","10867C>T",344,368.007699711261,-0.0292984628061381,0.002,"Significant","synonymous"
"14521C>T","12486C>T",94,176.400384985563,-0.273371675024249,0,"Significant","synonymous"
"14521C>T","13380C>T",364,310.829643888354,0.0685789527891153,0,"Significant","synonymous"
"14521C>T","8368G>A",389,305.355149181906,0.10514435345545,0,"Significant","synonymous"
"14521C>T","6050T>A",426,316.912415784408,0.128470345077952,0,"Significant","synonymous"
"14521C>T","3960C>T",414,304.7468719923,0.133061084528408,0,"Significant","synonymous"
"14521C>T","7888C>G",334,246.352261790183,0.132189912871642,0,"Significant","synonymous"
"14521C>T","7007C>T",374,305.355149181906,0.0880663543302272,0,"Significant","synonymous"
"14521C>T","11806A>G",397,301.705486044273,0.119207299547675,0,"Significant","synonymous"
"14521C>T","6617C>T",357,309.004812319538,0.0627029731030475,0,"Significant","synonymous"
"14521C>T","3543C>T",81,167.276227141482,-0.314949205676544,0,"Significant","synonymous"
"14521C>T","6173C>T",127,202.556304138595,-0.202742043275443,0,"Significant","synonymous"
"14521C>T","15514T>C",358,276.157844080847,0.112725643061527,0,"Significant","synonymous"
"14521C>T","11134A>T",58,145.378248315688,-0.399071438109958,0,"Significant","synonymous"
"14521C>T","4086C>T",341,270.075072184793,0.101269878152637,0,"Significant","synonymous"
"14521C>T","9575G>A",387,279.807507218479,0.140851602612087,0,"Significant","synonymous"
"14521C>T","3795C>T",357,275.549566891242,0.112468483374118,0,"Significant","synonymous"
"14521C>T","15736A>T",342,254.868142444658,0.127710552364589,0,"Significant","synonymous"
"14521C>T","7130C>T",170,246.960538979788,-0.162178642924048,0,"Significant","synonymous"
"14521C>T","13902C>T",293,219.588065447546,0.125258887723194,0,"Significant","synonymous"
"14521C>T","4604C>T",312,232.970163618864,0.126854289324565,0,"Significant","synonymous"
"14521C>T","9374A>G",95,162.410009624639,-0.232889186800745,0,"Significant","synonymous"
"14521C>T","8967C>T",374,276.157844080847,0.131714218618128,0,"Significant","synonymous"
"14521C>T","4248T>C",232,273.11645813282,-0.0708598868376029,0,"Significant","synonymous"
"14521C>T","10196C>T",259,264.600577478345,-0.0092910235985896,0.495,"Not Significant","synonymous"
"11587C>T","15430C>T",499,454.036573628489,0.0410097079969281,0,"Significant","synonymous"
"11587C>T","6572C>T",513,386.771896053898,0.12266245562673,0,"Significant","synonymous"
"11587C>T","4919C>T",60,169.963426371511,-0.452204227265425,0,"Significant","synonymous"
"11587C>T","6485A>T",497,358.544754571704,0.141813015478683,0,"Significant","synonymous"
"11587C>T","4131A>T",463,333.320500481232,0.142718965769994,0,"Significant","synonymous"
"11587C>T","15538C>T",502,369.95572666025,0.132553962855316,0,"Significant","synonymous"
"11587C>T","14013A>G",80,186.179018286814,-0.366840748967266,0,"Significant","synonymous"
"11587C>T","15751A>T",40,154.948989412897,-0.588128756759709,0,"Significant","synonymous"
"11587C>T","4245C>T",124,228.219441770934,-0.264930953579662,0,"Significant","synonymous"
"11587C>T","10877C>T",466,345.332050048123,0.130149029875091,0,"Significant","synonymous"
"11587C>T","7858C>T",374,403.588065447546,-0.0330667129785832,0,"Significant","synonymous"
"11587C>T","14569G>A",122,221.012512030799,-0.258057030123857,0,"Significant","synonymous"
"11587C>T","6059C>T",458,371.757459095284,0.0906057868584825,0,"Significant","synonymous"
"11587C>T","9347A>T",413,308.09624639076,0.127263644419302,0,"Significant","synonymous"
"11587C>T","6563C>T",427,422.205967276227,0.00490350787995217,0.527,"Not Significant","synonymous"
"11587C>T","9954C>T",338,287.076034648701,0.0709197615402665,0,"Significant","synonymous"
"11587C>T","10202C>T",512,508.689124157844,0.00281750851987675,0.618,"Not Significant","synonymous"
"11587C>T","3687C>T",422,374.159769008662,0.0522553621772445,0,"Significant","synonymous"
"11587C>T","4161C>T",469,363.34937439846,0.110848425937341,0,"Significant","synonymous"
"11587C>T","7756C>T",426,351.337824831569,0.0836846908952701,0,"Significant","synonymous"
"11587C>T","12774C>T",437,345.932627526468,0.101489911421937,0,"Significant","synonymous"
"11587C>T","15616C>T",405,369.95572666025,0.0393052689249863,0,"Significant","synonymous"
"11587C>T","7690C>T",399,315.90375360924,0.101418109407734,0,"Significant","synonymous"
"11587C>T","7256C>T",344,286.475457170356,0.0794710214061442,0,"Significant","synonymous"
"11587C>T","6378T>C",100,196.989412897016,-0.294442885836712,0,"Significant","synonymous"
"11587C>T","5324C>T",134,221.012512030799,-0.217312062433829,0,"Significant","synonymous"
"11587C>T","12555A>T",370,263.653512993263,0.14716816169958,0,"Significant","synonymous"
"11587C>T","11761C>T",399,347.734359961501,0.0597252898340495,0,"Significant","synonymous"
"11587C>T","12975A>G",451,324.912415784408,0.142410234646107,0,"Significant","synonymous"
"11587C>T","10867C>T",321,363.34937439846,-0.0538193843728276,0,"Significant","synonymous"
"11587C>T","12486C>T",67,174.167468719923,-0.414892237322977,0,"Significant","synonymous"
"11587C>T","13380C>T",377,306.895091434071,0.0893514079458072,0,"Significant","synonymous"
"11587C>T","8368G>A",396,301.48989412897,0.118422426655212,0,"Significant","synonymous"
"11587C>T","6050T>A",451,312.900866217517,0.158769776453147,0,"Significant","synonymous"
"11587C>T","3960C>T",426,300.889316650626,0.151002831110184,0,"Significant","synonymous"
"11587C>T","7888C>G",349,243.233878729548,0.156801361619211,0,"Significant","synonymous"
"11587C>T","7007C>T",371,301.48989412897,0.0901011503447529,0,"Significant","synonymous"
"11587C>T","11806A>G",399,297.886429258903,0.126922177071267,0,"Significant","synonymous"
"11587C>T","6617C>T",353,305.093358999038,0.0633419509786374,0,"Significant","synonymous"
"11587C>T","3543C>T",59,165.158806544755,-0.447049724312892,0,"Significant","synonymous"
"11587C>T","6173C>T",100,199.992300288739,-0.301013275631349,0,"Significant","synonymous"
"11587C>T","15514T>C",363,272.662175168431,0.124281730053722,0,"Significant","synonymous"
"11587C>T","11134A>T",34,143.53801732435,-0.625488026030154,0,"Significant","synonymous"
"11587C>T","4086C>T",347,266.656400384986,0.11437746255097,0,"Significant","synonymous"
"11587C>T","9575G>A",364,276.265640038499,0.119774509842197,0,"Significant","synonymous"
"11587C>T","3795C>T",355,272.061597690087,0.115561108916978,0,"Significant","synonymous"
"11587C>T","15736A>T",352,251.641963426372,0.14575959838654,0,"Significant","synonymous"
"11587C>T","7130C>T",159,243.834456207892,-0.185697951381894,0,"Significant","synonymous"
"11587C>T","13902C>T",303,216.808469682387,0.145366384471344,0,"Significant","synonymous"
"11587C>T","4604C>T",321,230.021174205967,0.144737216310949,0,"Significant","synonymous"
"11587C>T","9374A>G",67,160.354186717998,-0.379005500788618,0,"Significant","synonymous"
"11587C>T","8967C>T",354,272.662175168431,0.113378367043401,0,"Significant","synonymous"
"11587C>T","4248T>C",211,269.659287776708,-0.106532927830832,0,"Significant","synonymous"
"11587C>T","10196C>T",254,261.251203079885,-0.0122245824599412,0.351,"Not Significant","synonymous"
"15430C>T","6572C>T",545,468.589027911453,0.0656043869727883,0,"Significant","synonymous"
"15430C>T","4919C>T",194,205.917228103946,-0.0258909535380804,0.08,"Not Significant","synonymous"
"15430C>T","6485A>T",484,434.390760346487,0.0469647825710041,0,"Significant","synonymous"
"15430C>T","4131A>T",453,403.830606352262,0.0498989709461148,0,"Significant","synonymous"
"15430C>T","15538C>T",503,448.215591915303,0.0500810249474622,0,"Significant","synonymous"
"15430C>T","14013A>G",217,225.563041385948,-0.0168082079297647,0.195,"Not Significant","synonymous"
"15430C>T","15751A>T",172,187.726660250241,-0.0379975069996892,0.008,"Significant","synonymous"
"15430C>T","4245C>T",267,276.496631376323,-0.0151785831962584,0.199,"Not Significant","synonymous"
"15430C>T","10877C>T",466,418.383060635226,0.04681182405633,0,"Significant","synonymous"
"15430C>T","7858C>T",496,488.962463907603,0.00620615549234183,0.293,"Not Significant","synonymous"
"15430C>T","14569G>A",254,267.765158806545,-0.0229203499975999,0.039,"Significant","synonymous"
"15430C>T","6059C>T",528,450.398460057748,0.069037025569651,0,"Significant","synonymous"
"15430C>T","9347A>T",406,373.270452358037,0.0365024205213393,0,"Significant","synonymous"
"15430C>T","6563C>T",524,511.518768046198,0.0104697140198716,0.078,"Not Significant","synonymous"
"15430C>T","9954C>T",368,347.803657362849,0.0245136741173628,0.006,"Significant","synonymous"
"15430C>T","10202C>T",631,616.296438883542,0.0102397009693966,0.008,"Significant","synonymous"
"15430C>T","3687C>T",486,453.308950914341,0.0302419746590883,0,"Significant","synonymous"
"15430C>T","4161C>T",525,440.211742059673,0.076497680809443,0,"Significant","synonymous"
"15430C>T","7756C>T",460,425.659287776708,0.0336957176553569,0,"Significant","synonymous"
"15430C>T","12774C>T",453,419.110683349374,0.033769470645583,0,"Significant","synonymous"
"15430C>T","15616C>T",461,448.215591915303,0.0122139652811908,0.068,"Not Significant","synonymous"
"15430C>T","7690C>T",417,382.729547641963,0.03724406287598,0,"Significant","synonymous"
"15430C>T","7256C>T",356,347.076034648701,0.011025370988729,0.222,"Not Significant","synonymous"
"15430C>T","6378T>C",230,238.660250240616,-0.0160522556381085,0.198,"Not Significant","synonymous"
"15430C>T","5324C>T",265,267.765158806545,-0.00450819268073717,0.732,"Not Significant","synonymous"
"15430C>T","12555A>T",349,319.426371511068,0.0384546587730179,0,"Significant","synonymous"
"15430C>T","11761C>T",450,421.293551491819,0.0286277021038719,0,"Significant","synonymous"
"15430C>T","12975A>G",441,393.643888354187,0.0493350764172282,0,"Significant","synonymous"
"15430C>T","10867C>T",452,440.211742059673,0.0114768122148815,0.099,"Not Significant","synonymous"
"15430C>T","12486C>T",202,211.010587102984,-0.0189528763963522,0.163,"Not Significant","synonymous"
"15430C>T","13380C>T",397,371.81520692974,0.0284633586843658,0,"Significant","synonymous"
"15430C>T","8368G>A",403,365.266602502406,0.0426950810520499,0,"Significant","synonymous"
"15430C>T","6050T>A",472,379.091434071222,0.0951980273905116,0,"Significant","synonymous"
"15430C>T","3960C>T",402,364.538979788258,0.0424820792731841,0,"Significant","synonymous"
"15430C>T","7888C>G",324,294.687199230029,0.0411837390479011,0,"Significant","synonymous"
"15430C>T","7007C>T",393,365.266602502406,0.0317825852863699,0,"Significant","synonymous"
"15430C>T","11806A>G",397,360.900866217517,0.0414025823288775,0,"Significant","synonymous"
"15430C>T","6617C>T",387,369.632338787295,0.0199410047909578,0.014,"Significant","synonymous"
"15430C>T","3543C>T",194,200.09624639076,-0.0134372118440588,0.329,"Not Significant","synonymous"
"15430C>T","6173C>T",235,242.298363811357,-0.0132826191786072,0.276,"Not Significant","synonymous"
"15430C>T","15514T>C",366,330.340712223292,0.0445189845932648,0,"Significant","synonymous"
"15430C>T","11134A>T",162,173.901828681424,-0.0307891343495175,0.043,"Significant","synonymous"
"15430C>T","4086C>T",354,323.064485081809,0.0397140439671271,0,"Significant","synonymous"
"15430C>T","9575G>A",364,334.706448508181,0.0364373040234423,0.001,"Significant","synonymous"
"15430C>T","3795C>T",356,329.613089509143,0.0334455480160044,0,"Significant","synonymous"
"15430C>T","15736A>T",336,304.873917228104,0.0422190064795064,0,"Significant","synonymous"
"15430C>T","7130C>T",285,295.414821944177,-0.0155874215127077,0.131,"Not Significant","synonymous"
"15430C>T","13902C>T",288,262.671799807507,0.0399790379095293,0,"Significant","synonymous"
"15430C>T","4604C>T",308,278.679499518768,0.0434456945877776,0,"Significant","synonymous"
"15430C>T","9374A>G",194,194.275264677575,-0.000615779378378008,1,"Not Significant","synonymous"
"15430C>T","8967C>T",355,330.340712223292,0.0312662522539519,0,"Significant","synonymous"
"15430C>T","4248T>C",326,326.702598652551,-0.000934988879412992,0.956,"Not Significant","synonymous"
"15430C>T","10196C>T",322,316.515880654475,0.00746036679716211,0.459,"Not Significant","synonymous"
"6572C>T","4919C>T",92,175.410972088547,-0.280268927981145,0,"Significant","synonymous"
"6572C>T","6485A>T",486,370.036573628489,0.118391618330262,0,"Significant","synonymous"
"6572C>T","4131A>T",459,344.00384985563,0.125249382611919,0,"Significant","synonymous"
"6572C>T","15538C>T",487,381.813282001925,0.10567792924755,0,"Significant","synonymous"
"6572C>T","14013A>G",112,192.146294513956,-0.234413990966564,0,"Significant","synonymous"
"6572C>T","15751A>T",70,159.915303176131,-0.358791985751259,0,"Significant","synonymous"
"6572C>T","4245C>T",152,235.53416746872,-0.190210328474571,0,"Significant","synonymous"
"6572C>T","10877C>T",463,356.400384985563,0.11364282652566,0,"Significant","synonymous"
"6572C>T","7858C>T",390,416.523580365736,-0.0285749858299536,0.001,"Significant","synonymous"
"6572C>T","14569G>A",150,228.09624639076,-0.182026879420372,0,"Significant","synonymous"
"6572C>T","6059C>T",502,383.672762271415,0.11674274832224,0,"Significant","synonymous"
"6572C>T","9347A>T",419,317.971126082772,0.119826338051811,0,"Significant","synonymous"
"6572C>T","6563C>T",445,435.738209817132,0.00913436615847095,0.203,"Not Significant","synonymous"
"6572C>T","9954C>T",339,296.27718960539,0.0585014817883101,0,"Significant","synonymous"
"6572C>T","10202C>T",539,524.993262752647,0.011435035053395,0.016,"Significant","synonymous"
"6572C>T","3687C>T",426,386.152069297401,0.0426512326409041,0,"Significant","synonymous"
"6572C>T","4161C>T",493,374.995187680462,0.118821224822099,0,"Significant","synonymous"
"6572C>T","7756C>T",418,362.598652550529,0.0617500958902042,0,"Significant","synonymous"
"6572C>T","12774C>T",440,357.02021174206,0.0907598732603178,0,"Significant","synonymous"
"6572C>T","15616C>T",407,381.813282001925,0.0277433772581528,0.002,"Significant","synonymous"
"6572C>T","7690C>T",396,326.028873917228,0.0844391219691151,0,"Significant","synonymous"
"6572C>T","7256C>T",336,295.657362848893,0.0555505785470778,0,"Significant","synonymous"
"6572C>T","6378T>C",125,203.303176130895,-0.211234150506123,0,"Significant","synonymous"
"6572C>T","5324C>T",161,228.09624639076,-0.151292262444223,0,"Significant","synonymous"
"6572C>T","12555A>T",354,272.103946102021,0.114268421980995,0,"Significant","synonymous"
"6572C>T","11761C>T",414,358.87969201155,0.062051457590812,0,"Significant","synonymous"
"6572C>T","12975A>G",451,335.326275264678,0.128708956968723,0,"Significant","synonymous"
"6572C>T","10867C>T",348,374.995187680462,-0.0324464505085136,0.001,"Significant","synonymous"
"6572C>T","12486C>T",102,179.749759384023,-0.246068145939489,0,"Significant","synonymous"
"6572C>T","13380C>T",357,316.731472569779,0.0519769961748304,0,"Significant","synonymous"
"6572C>T","8368G>A",402,311.153031761309,0.111252016136785,0,"Significant","synonymous"
"6572C>T","6050T>A",480,322.929740134745,0.172133194273384,0,"Significant","synonymous"
"6572C>T","3960C>T",415,310.533205004812,0.125940051042177,0,"Significant","synonymous"
"6572C>T","7888C>G",333,251.029836381136,0.122718890488974,0,"Significant","synonymous"
"6572C>T","7007C>T",359,311.153031761309,0.0621204116306466,0,"Significant","synonymous"
"6572C>T","11806A>G",404,307.434071222329,0.118629368817739,0,"Significant","synonymous"
"6572C>T","6617C>T",345,314.871992300289,0.0396850629867082,0,"Significant","synonymous"
"6572C>T","3543C>T",95,170.452358036574,-0.253879408343847,0,"Significant","synonymous"
"6572C>T","6173C>T",128,206.402309913378,-0.207504583660957,0,"Significant","synonymous"
"6572C>T","15514T>C",358,281.401347449471,0.104556853984103,0,"Significant","synonymous"
"6572C>T","11134A>T",65,148.138594802695,-0.357754864107542,0,"Significant","synonymous"
"6572C>T","4086C>T",342,275.203079884504,0.0943728161388497,0,"Significant","synonymous"
"6572C>T","9575G>A",344,285.12030798845,0.0815302910872953,0,"Significant","synonymous"
"6572C>T","3795C>T",348,280.781520692974,0.0932107221310845,0,"Significant","synonymous"
"6572C>T","15736A>T",342,259.707410972089,0.119541763287165,0,"Significant","synonymous"
"6572C>T","7130C>T",194,251.649663137632,-0.112994623449551,0,"Significant","synonymous"
"6572C>T","13902C>T",296,223.757459095284,0.121514189350599,0,"Significant","synonymous"
"6572C>T","4604C>T",310,237.39364773821,0.115892600062972,0,"Significant","synonymous"
"6572C>T","9374A>G",99,165.493743984601,-0.223146386569484,0,"Significant","synonymous"
"6572C>T","8967C>T",344,281.401347449471,0.0872322699117635,0,"Significant","synonymous"
"6572C>T","4248T>C",233,278.302213666987,-0.0771607397799086,0,"Significant","synonymous"
"6572C>T","10196C>T",278,269.624639076035,0.0132852191607994,0.283,"Not Significant","synonymous"
"4919C>T","6485A>T",52,162.609239653513,-0.495141875461115,0,"Significant","synonymous"
"4919C>T","4131A>T",53,151.169393647738,-0.455188001488468,0,"Significant","synonymous"
"4919C>T","15538C>T",68,167.784408084697,-0.392242687424922,0,"Significant","synonymous"
"4919C>T","14013A>G",236,84.436958614052,0.446379421168391,0,"Significant","synonymous"
"4919C>T","15751A>T",243,70.2733397497594,0.53881567966753,0,"Significant","synonymous"
"4919C>T","4245C>T",239,103.503368623677,0.363443416363977,0,"Significant","synonymous"
"4919C>T","10877C>T",63,156.616939364774,-0.39549818320275,0,"Significant","synonymous"
"4919C>T","7858C>T",255,183.037536092397,0.14400001941295,0,"Significant","synonymous"
"4919C>T","14569G>A",238,100.234841193455,0.375558250415631,0,"Significant","synonymous"
"4919C>T","6059C>T",140,168.601539942252,-0.0807335013089402,0,"Significant","synonymous"
"4919C>T","9347A>T",46,139.729547641963,-0.482530421396722,0,"Significant","synonymous"
"4919C>T","6563C>T",231,191.481231953802,0.0814857669051687,0,"Significant","synonymous"
"4919C>T","9954C>T",73,130.196342637151,-0.251275924458514,0,"Significant","synonymous"
"4919C>T","10202C>T",238,230.703561116458,0.0135226587586864,0.201,"Not Significant","synonymous"
"4919C>T","3687C>T",157,169.691049085659,-0.033759282217028,0.072,"Not Significant","synonymous"
"4919C>T","4161C>T",96,164.788257940327,-0.234655029579824,0,"Significant","synonymous"
"4919C>T","7756C>T",121,159.340712223292,-0.119541383732757,0,"Significant","synonymous"
"4919C>T","12774C>T",91,156.889316650626,-0.236551979069031,0,"Significant","synonymous"
"4919C>T","15616C>T",133,167.784408084697,-0.100899959164385,0,"Significant","synonymous"
"4919C>T","7690C>T",100,143.270452358037,-0.156156632120721,0,"Significant","synonymous"
"4919C>T","7256C>T",73,129.923965351299,-0.25036640688651,0,"Significant","synonymous"
"4919C>T","6378T>C",240,89.339749759384,0.429166510032509,0,"Significant","synonymous"
"4919C>T","5324C>T",229,100.234841193455,0.358816775699014,0,"Significant","synonymous"
"4919C>T","12555A>T",43,119.573628488932,-0.444166952629001,0,"Significant","synonymous"
"4919C>T","11761C>T",144,157.706448508181,-0.0394869595992731,0.065,"Not Significant","synonymous"
"4919C>T","12975A>G",51,147.356111645813,-0.460797976975189,0,"Significant","synonymous"
"4919C>T","10867C>T",237,164.788257940327,0.157822083390442,0,"Significant","synonymous"
"4919C>T","12486C>T",234,78.9894128970164,0.47164697154371,0,"Significant","synonymous"
"4919C>T","13380C>T",97,139.18479307026,-0.156820053835445,0,"Significant","synonymous"
"4919C>T","8368G>A",64,136.733397497594,-0.329694631127884,0,"Significant","synonymous"
"4919C>T","6050T>A",47,141.908565928778,-0.479910753330302,0,"Significant","synonymous"
"4919C>T","3960C>T",55,136.461020211742,-0.394645924339643,0,"Significant","synonymous"
"4919C>T","7888C>G",31,110.312800769971,-0.551264217346501,0,"Significant","synonymous"
"4919C>T","7007C>T",91,136.733397497594,-0.176833212790879,0,"Significant","synonymous"
"4919C>T","11806A>G",61,135.099133782483,-0.345322729446153,0,"Significant","synonymous"
"4919C>T","6617C>T",128,138.367661212705,-0.0338246306031383,0.167,"Not Significant","synonymous"
"4919C>T","3543C>T",227,74.9037536092396,0.481522275395359,0,"Significant","synonymous"
"4919C>T","6173C>T",234,90.7016361886429,0.411600735936417,0,"Significant","synonymous"
"4919C>T","15514T>C",59,123.659287776708,-0.321374729181688,0,"Significant","synonymous"
"4919C>T","11134A>T",222,65.0981713185756,0.532784185534917,0,"Significant","synonymous"
"4919C>T","4086C>T",65,120.935514918191,-0.269640501438568,0,"Significant","synonymous"
"4919C>T","9575G>A",63,125.293551491819,-0.298588170194762,0,"Significant","synonymous"
"4919C>T","3795C>T",66,123.386910490857,-0.27172515443777,0,"Significant","synonymous"
"4919C>T","15736A>T",46,114.126082771896,-0.394627079251271,0,"Significant","synonymous"
"4919C>T","7130C>T",227,110.585178055823,0.312328935648614,0,"Significant","synonymous"
"4919C>T","13902C>T",38,98.3282001924928,-0.412894493255259,0,"Significant","synonymous"
"4919C>T","4604C>T",46,104.320500481232,-0.355611830253634,0,"Significant","synonymous"
"4919C>T","9374A>G",209,72.7247353224254,0.458464136778976,0,"Significant","synonymous"
"4919C>T","8967C>T",59,123.659287776708,-0.321374729181688,0,"Significant","synonymous"
"4919C>T","4248T>C",227,122.297401347449,0.268608628222523,0,"Significant","synonymous"
"4919C>T","10196C>T",107,118.484119345525,-0.0442763672365012,0.124,"Not Significant","synonymous"
"6485A>T","4131A>T",462,318.897978825794,0.160990208861215,0,"Significant","synonymous"
"6485A>T","15538C>T",517,353.948026948989,0.164551047357287,0,"Significant","synonymous"
"6485A>T","14013A>G",76,178.123195380173,-0.369906885125345,0,"Significant","synonymous"
"6485A>T","15751A>T",36,148.244465832531,-0.614675988767221,0,"Significant","synonymous"
"6485A>T","4245C>T",111,218.344562078922,-0.293819401402152,0,"Significant","synonymous"
"6485A>T","10877C>T",451,330.389797882579,0.135149913616103,0,"Significant","synonymous"
"6485A>T","7858C>T",353,386.125120307988,-0.0389533512381838,0,"Significant","synonymous"
"6485A>T","14569G>A",112,211.449470644851,-0.275988579575345,0,"Significant","synonymous"
"6485A>T","6059C>T",429,355.671799807507,0.0814078595923937,0,"Significant","synonymous"
"6485A>T","9347A>T",397,294.765158806545,0.129314358079069,0,"Significant","synonymous"
"6485A>T","6563C>T",415,403.937439846006,0.0117339881200743,0.146,"Not Significant","synonymous"
"6485A>T","9954C>T",323,274.65447545717,0.0704158421467688,0,"Significant","synonymous"
"6485A>T","10202C>T",492,486.67853705486,0.00472290886446074,0.422,"Not Significant","synonymous"
"6485A>T","3687C>T",408,357.970163618864,0.0568133328585037,0,"Significant","synonymous"
"6485A>T","4161C>T",453,347.627526467757,0.114984043788142,0,"Significant","synonymous"
"6485A>T","7756C>T",393,336.135707410972,0.0678779007210358,0,"Significant","synonymous"
"6485A>T","12774C>T",422,330.964388835419,0.105531183966242,0,"Significant","synonymous"
"6485A>T","15616C>T",389,353.948026948989,0.0410101055890796,0,"Significant","synonymous"
"6485A>T","7690C>T",382,302.234841193455,0.101718835185748,0,"Significant","synonymous"
"6485A>T","7256C>T",329,274.079884504331,0.0793187353376423,0,"Significant","synonymous"
"6485A>T","6378T>C",90,188.46583253128,-0.320990117844294,0,"Significant","synonymous"
"6485A>T","5324C>T",131,211.449470644851,-0.207935306589819,0,"Significant","synonymous"
"6485A>T","12555A>T",357,252.245428296439,0.15084491229783,0,"Significant","synonymous"
"6485A>T","11761C>T",378,332.688161693936,0.0554544525375819,0,"Significant","synonymous"
"6485A>T","12975A>G",425,310.853705486044,0.135832881371513,0,"Significant","synonymous"
"6485A>T","10867C>T",310,347.627526467757,-0.0497524643903727,0,"Significant","synonymous"
"6485A>T","12486C>T",64,166.631376323388,-0.415576807486843,0,"Significant","synonymous"
"6485A>T","13380C>T",357,293.615976900866,0.0848885324052625,0,"Significant","synonymous"
"6485A>T","8368G>A",373,288.444658325313,0.111646331091442,0,"Significant","synonymous"
"6485A>T","6050T>A",428,299.361886429259,0.155247262141412,0,"Significant","synonymous"
"6485A>T","3960C>T",404,287.870067372474,0.147184855671124,0,"Significant","synonymous"
"6485A>T","7888C>G",336,232.709335899904,0.159525470602926,0,"Significant","synonymous"
"6485A>T","7007C>T",363,288.444658325313,0.0998441243188705,0,"Significant","synonymous"
"6485A>T","11806A>G",381,284.997112608277,0.126084515613192,0,"Significant","synonymous"
"6485A>T","6617C>T",338,291.892204042348,0.0636942044215235,0,"Significant","synonymous"
"6485A>T","3543C>T",57,158.012512030799,-0.442816621729476,0,"Significant","synonymous"
"6485A>T","6173C>T",94,191.338787295476,-0.308675163478578,0,"Significant","synonymous"
"6485A>T","15514T>C",350,260.864292589028,0.127653407920938,0,"Significant","synonymous"
"6485A>T","11134A>T",34,137.327237728585,-0.606277767477113,0,"Significant","synonymous"
"6485A>T","4086C>T",334,255.118383060635,0.117004713124713,0,"Significant","synonymous"
"6485A>T","9575G>A",381,264.311838306064,0.158808360421803,0,"Significant","synonymous"
"6485A>T","3795C>T",347,260.289701636189,0.124872489205808,0,"Significant","synonymous"
"6485A>T","15736A>T",342,240.753609239654,0.152453299517595,0,"Significant","synonymous"
"6485A>T","7130C>T",144,233.283926852743,-0.209522325054021,0,"Significant","synonymous"
"6485A>T","13902C>T",295,207.427333974976,0.152956030500251,0,"Significant","synonymous"
"6485A>T","4604C>T",305,220.06833493744,0.141742281805917,0,"Significant","synonymous"
"6485A>T","9374A>G",68,153.415784408085,-0.353361132230175,0,"Significant","synonymous"
"6485A>T","8967C>T",372,260.864292589028,0.154128303452552,0,"Significant","synonymous"
"6485A>T","4248T>C",202,257.991337824832,-0.106253755128844,0,"Significant","synonymous"
"6485A>T","10196C>T",248,249.947064485082,-0.0033963597006114,0.846,"Not Significant","synonymous"
"4131A>T","15538C>T",463,329.047160731473,0.148322843287991,0,"Significant","synonymous"
"4131A>T","14013A>G",69,165.591915303176,-0.380190038662149,0,"Significant","synonymous"
"4131A>T","15751A>T",33,137.81520692974,-0.620783201649841,0,"Significant","synonymous"
"4131A>T","4245C>T",116,202.983638113571,-0.24300304295523,0,"Significant","synonymous"
"4131A>T","10877C>T",433,307.146294513956,0.149142616098195,0,"Significant","synonymous"
"4131A>T","7858C>T",325,358.960538979788,-0.043163347640437,0,"Significant","synonymous"
"4131A>T","14569G>A",106,196.573628488932,-0.268219388974057,0,"Significant","synonymous"
"4131A>T","6059C>T",407,330.649663137632,0.0902263246395785,0,"Significant","synonymous"
"4131A>T","9347A>T",371,274.027911453321,0.131579108937689,0,"Significant","synonymous"
"4131A>T","6563C>T",381,375.519730510106,0.00629221509029484,0.528,"Not Significant","synonymous"
"4131A>T","9954C>T",312,255.332050048123,0.0870492618407942,0,"Significant","synonymous"
"4131A>T","10202C>T",459,452.439846005775,0.00625183964105409,0.279,"Not Significant","synonymous"
"4131A>T","3687C>T",382,332.786333012512,0.0598978806870235,0,"Significant","synonymous"
"4131A>T","4161C>T",425,323.171318575553,0.118956119832312,0,"Significant","synonymous"
"4131A>T","7756C>T",387,312.487969201155,0.0928776633712053,0,"Significant","synonymous"
"4131A>T","12774C>T",400,307.680461982676,0.113960072339219,0,"Significant","synonymous"
"4131A>T","15616C>T",373,329.047160731473,0.0544506840787477,0,"Significant","synonymous"
"4131A>T","7690C>T",416,280.97208854668,0.170430150907455,0,"Significant","synonymous"
"4131A>T","7256C>T",310,254.797882579403,0.0851658792286296,0,"Significant","synonymous"
"4131A>T","6378T>C",87,175.206929740135,-0.304032026658308,0,"Significant","synonymous"
"4131A>T","5324C>T",113,196.573628488932,-0.240446810755433,0,"Significant","synonymous"
"4131A>T","12555A>T",321,234.499518768046,0.136363076597202,0,"Significant","synonymous"
"4131A>T","11761C>T",360,309.282964388835,0.0659465014743325,0,"Significant","synonymous"
"4131A>T","12975A>G",413,288.984600577478,0.155075350984288,0,"Significant","synonymous"
"4131A>T","10867C>T",287,323.171318575553,-0.0515509134839585,0,"Significant","synonymous"
"4131A>T","12486C>T",56,154.908565928778,-0.441887406457759,0,"Significant","synonymous"
"4131A>T","13380C>T",339,272.959576515881,0.0941013625028396,0,"Significant","synonymous"
"4131A>T","8368G>A",356,268.152069297401,0.123068845262317,0,"Significant","synonymous"
"4131A>T","6050T>A",402,278.30125120308,0.159710894219399,0,"Significant","synonymous"
"4131A>T","3960C>T",377,267.617901828681,0.148826188773001,0,"Significant","synonymous"
"4131A>T","7888C>G",306,216.337824831569,0.150588967701354,0,"Significant","synonymous"
"4131A>T","7007C>T",328,268.152069297401,0.0874926910011313,0,"Significant","synonymous"
"4131A>T","11806A>G",358,264.947064485082,0.130723914588135,0,"Significant","synonymous"
"4131A>T","6617C>T",303,271.357074109721,0.0479014806528702,0,"Significant","synonymous"
"4131A>T","3543C>T",58,146.896053897979,-0.403582135832371,0,"Significant","synonymous"
"4131A>T","6173C>T",96,177.877767083734,-0.267850436032042,0,"Significant","synonymous"
"4131A>T","15514T>C",343,242.512030798845,0.150560831620115,0,"Significant","synonymous"
"4131A>T","11134A>T",24,127.666025024062,-0.725864094800561,0,"Significant","synonymous"
"4131A>T","4086C>T",308,237.170356111646,0.113490310820283,0,"Significant","synonymous"
"4131A>T","9575G>A",325,245.717035611165,0.121448093731758,0,"Significant","synonymous"
"4131A>T","3795C>T",324,241.977863330125,0.126769372628236,0,"Significant","synonymous"
"4131A>T","15736A>T",332,223.816169393648,0.171246625172179,0,"Significant","synonymous"
"4131A>T","7130C>T",137,216.871992300289,-0.19948290198617,0,"Significant","synonymous"
"4131A>T","13902C>T",266,192.834456207892,0.139696999159848,0,"Significant","synonymous"
"4131A>T","4604C>T",297,204.586140519731,0.161880239783025,0,"Significant","synonymous"
"4131A>T","9374A>G",60,142.622714148219,-0.376037446546011,0,"Significant","synonymous"
"4131A>T","8967C>T",322,242.512030798845,0.123122583273184,0,"Significant","synonymous"
"4131A>T","4248T>C",182,239.841193455245,-0.11985238858369,0,"Significant","synonymous"
"4131A>T","10196C>T",234,232.362848893167,0.00304916489000536,0.849,"Not Significant","synonymous"
"15538C>T","14013A>G",92,183.792107795958,-0.30053903109573,0,"Significant","synonymous"
"15538C>T","15751A>T",50,152.962463907604,-0.485614866233875,0,"Significant","synonymous"
"15538C>T","4245C>T",134,225.293551491819,-0.225643962859119,0,"Significant","synonymous"
"15538C>T","10877C>T",457,340.904716073147,0.127283190772939,0,"Significant","synonymous"
"15538C>T","7858C>T",365,398.41385948027,-0.0380415732045887,0,"Significant","synonymous"
"15538C>T","14569G>A",132,218.179018286814,-0.218239052074786,0,"Significant","synonymous"
"15538C>T","6059C>T",441,366.991337824832,0.0797827758404526,0,"Significant","synonymous"
"15538C>T","9347A>T",400,304.146294513956,0.118977461608864,0,"Significant","synonymous"
"15538C>T","6563C>T",419,416.793070259865,0.0022935333392228,0.776,"Not Significant","synonymous"
"15538C>T","9954C>T",325,283.395572666025,0.0594902997594878,0,"Significant","synonymous"
"15538C>T","10202C>T",510,502.167468719923,0.00672160115998,0.206,"Not Significant","synonymous"
"15538C>T","3687C>T",410,369.362848893167,0.0453306454533062,0,"Significant","synonymous"
"15538C>T","4161C>T",464,358.691049085659,0.111797441295136,0,"Significant","synonymous"
"15538C>T","7756C>T",415,346.833493743985,0.0779270660226436,0,"Significant","synonymous"
"15538C>T","12774C>T",428,341.497593840231,0.0980561209826862,0,"Significant","synonymous"
"15538C>T","15616C>T",399,365.21270452358,0.0384270189150646,0,"Significant","synonymous"
"15538C>T","7690C>T",393,311.853705486044,0.100441641614411,0,"Significant","synonymous"
"15538C>T","7256C>T",329,282.802694898941,0.0657123543025908,0,"Significant","synonymous"
"15538C>T","6378T>C",105,194.463907603465,-0.267649709248799,0,"Significant","synonymous"
"15538C>T","5324C>T",144,218.179018286814,-0.180450491185414,0,"Significant","synonymous"
"15538C>T","12555A>T",353,260.273339749759,0.132345020538409,0,"Significant","synonymous"
"15538C>T","11761C>T",398,343.276227141482,0.0642393437389862,0,"Significant","synonymous"
"15538C>T","12975A>G",430,320.7468719923,0.127306025865735,0,"Significant","synonymous"
"15538C>T","10867C>T",318,358.691049085659,-0.0522934192752688,0,"Significant","synonymous"
"15538C>T","12486C>T",75,171.934552454283,-0.360301899114178,0,"Significant","synonymous"
"15538C>T","13380C>T",360,302.960538979788,0.0749164360253037,0,"Significant","synonymous"
"15538C>T","8368G>A",379,297.624639076035,0.104970328215774,0,"Significant","synonymous"
"15538C>T","6050T>A",431,308.889316650626,0.144674382253919,0,"Significant","synonymous"
"15538C>T","3960C>T",402,297.031761308951,0.131423162609938,0,"Significant","synonymous"
"15538C>T","7888C>G",339,240.115495668912,0.149779510381113,0,"Significant","synonymous"
"15538C>T","7007C>T",361,297.624639076035,0.0838383201533649,0,"Significant","synonymous"
"15538C>T","11806A>G",398,294.067372473532,0.131436230976204,0,"Significant","synonymous"
"15538C>T","6617C>T",343,301.181905678537,0.0564652431515856,0,"Significant","synonymous"
"15538C>T","3543C>T",69,163.041385948027,-0.373448767699892,0,"Significant","synonymous"
"15538C>T","6173C>T",106,197.428296438884,-0.270103532848608,0,"Significant","synonymous"
"15538C>T","15514T>C",362,269.166506256015,0.128687553068772,0,"Significant","synonymous"
"15538C>T","11134A>T",45,141.697786333013,-0.498150551779383,0,"Significant","synonymous"
"15538C>T","4086C>T",338,263.237728585178,0.10856856555575,0,"Significant","synonymous"
"15538C>T","9575G>A",395,272.723772858518,0.160874099337589,0,"Significant","synonymous"
"15538C>T","3795C>T",336,268.573628488932,0.0972759107697316,0,"Significant","synonymous"
"15538C>T","15736A>T",348,248.415784408085,0.146400056372987,0,"Significant","synonymous"
"15538C>T","7130C>T",152,240.708373435996,-0.199647610239564,0,"Significant","synonymous"
"15538C>T","13902C>T",295,214.028873917228,0.139349649465201,0,"Significant","synonymous"
"15538C>T","4604C>T",313,227.07218479307,0.139380398970525,0,"Significant","synonymous"
"15538C>T","9374A>G",77,158.298363811357,-0.312985700799052,0,"Significant","synonymous"
"15538C>T","8967C>T",381,269.166506256015,0.15090395821122,0,"Significant","synonymous"
"15538C>T","4248T>C",215,266.202117420597,-0.0927730456949271,0,"Significant","synonymous"
"15538C>T","10196C>T",259,257.901828681424,0.00184534251936563,0.913,"Not Significant","synonymous"
"14013A>G","15751A>T",234,76.9778633301251,0.482850005169439,0,"Significant","synonymous"
"14013A>G","4245C>T",236,113.378248315688,0.318382260076002,0,"Significant","synonymous"
"14013A>G","10877C>T",86,171.559191530318,-0.299915539722906,0,"Significant","synonymous"
"14013A>G","7858C>T",274,200.500481231954,0.135635143489409,0,"Significant","synonymous"
"14013A>G","14569G>A",241,109.797882579403,0.34142307762404,0,"Significant","synonymous"
"14013A>G","6059C>T",152,184.687199230029,-0.0845932073523902,0,"Significant","synonymous"
"14013A>G","9347A>T",60,153.060635226179,-0.406712261004828,0,"Significant","synonymous"
"14013A>G","6563C>T",245,209.749759384023,0.0674646130675835,0,"Significant","synonymous"
"14013A>G","9954C>T",90,142.617901828681,-0.199931533449711,0,"Significant","synonymous"
"14013A>G","10202C>T",265,252.714148219442,0.0206163173289977,0.043,"Significant","synonymous"
"14013A>G","3687C>T",186,185.880654475457,0.000278751281651235,1,"Not Significant","synonymous"
"14013A>G","4161C>T",117,180.51010587103,-0.188315659183272,0,"Significant","synonymous"
"14013A>G","7756C>T",135,174.542829643888,-0.111568243864197,0,"Significant","synonymous"
"14013A>G","12774C>T",113,171.857555341675,-0.182090186216756,0,"Significant","synonymous"
"14013A>G","15616C>T",158,183.792107795958,-0.0656697714870596,0.002,"Significant","synonymous"
"14013A>G","7690C>T",109,156.939364773821,-0.158305392490089,0,"Significant","synonymous"
"14013A>G","7256C>T",85,142.319538017324,-0.223845599602711,0,"Significant","synonymous"
"14013A>G","6378T>C",242,97.8633301251203,0.393195375991393,0,"Significant","synonymous"
"14013A>G","5324C>T",233,109.797882579403,0.326761956075197,0,"Significant","synonymous"
"14013A>G","12555A>T",67,130.981713185756,-0.291135863818073,0,"Significant","synonymous"
"14013A>G","11761C>T",159,172.752646775746,-0.0360275856840582,0.061,"Not Significant","synonymous"
"14013A>G","12975A>G",70,161.414821944177,-0.362845371369056,0,"Significant","synonymous"
"14013A>G","10867C>T",255,180.51010587103,0.150038659504321,0,"Significant","synonymous"
"14013A>G","12486C>T",233,86.5255052935515,0.430211776849652,0,"Significant","synonymous"
"14013A>G","13380C>T",116,152.463907603465,-0.1187090571848,0,"Significant","synonymous"
"14013A>G","8368G>A",83,149.778633301251,-0.256371771045807,0,"Significant","synonymous"
"14013A>G","6050T>A",59,155.447545717036,-0.420731857934019,0,"Significant","synonymous"
"14013A>G","3960C>T",69,149.480269489894,-0.335734781406747,0,"Significant","synonymous"
"14013A>G","7888C>G",53,120.837343599615,-0.357925299890515,0,"Significant","synonymous"
"14013A>G","7007C>T",113,149.778633301251,-0.1223714199386,0,"Significant","synonymous"
"14013A>G","11806A>G",82,147.988450433109,-0.25641397038334,0,"Significant","synonymous"
"14013A>G","6617C>T",143,151.568816169394,-0.0252738210959355,0.252,"Not Significant","synonymous"
"14013A>G","3543C>T",227,82.0500481231954,0.441947017085427,0,"Significant","synonymous"
"14013A>G","6173C>T",233,99.3551491819057,0.370165541242353,0,"Significant","synonymous"
"14013A>G","15514T>C",72,135.457170356112,-0.274469502702648,0,"Significant","synonymous"
"14013A>G","11134A>T",221,71.3089509143407,0.491248226459465,0,"Significant","synonymous"
"14013A>G","4086C>T",78,132.473532242541,-0.230034513701006,0,"Significant","synonymous"
"14013A>G","9575G>A",79,137.247353224254,-0.239876886667995,0,"Significant","synonymous"
"14013A>G","3795C>T",90,135.158806544755,-0.176601838850441,0,"Significant","synonymous"
"14013A>G","15736A>T",52,125.014436958614,-0.380956825608104,0,"Significant","synonymous"
"14013A>G","7130C>T",231,121.135707410972,0.280339800037684,0,"Significant","synonymous"
"14013A>G","13902C>T",50,107.709335899904,-0.333283343846269,0,"Significant","synonymous"
"14013A>G","4604C>T",54,114.273339749759,-0.325551160422325,0,"Significant","synonymous"
"14013A>G","9374A>G",215,79.6631376323388,0.431181052273592,0,"Significant","synonymous"
"14013A>G","8967C>T",77,135.457170356112,-0.245311273961474,0,"Significant","synonymous"
"14013A>G","4248T>C",239,133.965351299326,0.251405413667577,0,"Significant","synonymous"
"14013A>G","10196C>T",126,129.788257940327,-0.0128648581141596,0.655,"Not Significant","synonymous"
"15751A>T","4245C>T",233,94.3599615014437,0.392568166002882,0,"Significant","synonymous"
"15751A>T","10877C>T",44,142.781520692974,-0.511219326608813,0,"Significant","synonymous"
"15751A>T","7858C>T",241,166.868142444658,0.15964361111491,0,"Significant","synonymous"
"15751A>T","14569G>A",236,91.3801732435034,0.412060025890245,0,"Significant","synonymous"
"15751A>T","6059C>T",121,153.707410972089,-0.103909437109644,0,"Significant","synonymous"
"15751A>T","9347A>T",24,127.385948026949,-0.724910281804794,0,"Significant","synonymous"
"15751A>T","6563C>T",210,174.565928777671,0.0802598113080006,0,"Significant","synonymous"
"15751A>T","9954C>T",58,118.69489894129,-0.311004061454851,0,"Significant","synonymous"
"15751A>T","10202C>T",213,210.323387872955,0.00549203470197552,0.674,"Not Significant","synonymous"
"15751A>T","3687C>T",148,154.700673724735,-0.0192304896702523,0.356,"Not Significant","synonymous"
"15751A>T","4161C>T",75,150.230991337825,-0.301698269666532,0,"Significant","synonymous"
"15751A>T","7756C>T",110,145.264677574591,-0.120767339329912,0,"Significant","synonymous"
"15751A>T","12774C>T",75,143.029836381136,-0.280365378437289,0,"Significant","synonymous"
"15751A>T","15616C>T",120,152.962463907604,-0.105403624522775,0,"Significant","synonymous"
"15751A>T","7690C>T",82,130.614051973051,-0.202176050175878,0,"Significant","synonymous"
"15751A>T","7256C>T",54,118.446583253128,-0.34112877762276,0,"Significant","synonymous"
"15751A>T","6378T>C",238,81.4475457170356,0.465698954938429,0,"Significant","synonymous"
"15751A>T","5324C>T",226,91.3801732435034,0.393256462067547,0,"Significant","synonymous"
"15751A>T","12555A>T",28,109.010587102984,-0.590310647304802,0,"Significant","synonymous"
"15751A>T","11761C>T",128,143.774783445621,-0.0504727524855833,0.03,"Significant","synonymous"
"15751A>T","12975A>G",36,134.338787295476,-0.571898922744452,0,"Significant","synonymous"
"15751A>T","10867C>T",232,150.230991337825,0.188728451832276,0,"Significant","synonymous"
"15751A>T","12486C>T",234,72.0115495668912,0.511813701104716,0,"Significant","synonymous"
"15751A>T","13380C>T",77,126.889316650626,-0.216934333368062,0,"Significant","synonymous"
"15751A>T","8368G>A",51,124.65447545717,-0.388137699452633,0,"Significant","synonymous"
"15751A>T","6050T>A",27,129.372473532243,-0.680478117545317,0,"Significant","synonymous"
"15751A>T","3960C>T",38,124.406159769009,-0.515058287655695,0,"Significant","synonymous"
"15751A>T","7888C>G",23,100.567853705486,-0.640731345601672,0,"Significant","synonymous"
"15751A>T","7007C>T",78,124.65447545717,-0.203613272860383,0,"Significant","synonymous"
"15751A>T","11806A>G",46,123.1645813282,-0.427728003214085,0,"Significant","synonymous"
"15751A>T","6617C>T",114,126.144369586141,-0.0439630193534627,0.09,"Not Significant","synonymous"
"15751A>T","3543C>T",223,68.2868142444658,0.513968010811404,0,"Significant","synonymous"
"15751A>T","6173C>T",231,82.6891241578441,0.446163587979434,0,"Significant","synonymous"
"15751A>T","15514T>C",44,112.735322425409,-0.408607334776367,0,"Significant","synonymous"
"15751A>T","11134A>T",221,59.3474494706448,0.570990214330385,0,"Significant","synonymous"
"15751A>T","4086C>T",51,110.252165543792,-0.334816952422279,0,"Significant","synonymous"
"15751A>T","9575G>A",48,114.225216554379,-0.376520752711515,0,"Significant","synonymous"
"15751A>T","3795C>T",56,112.487006737247,-0.302914333412295,0,"Significant","synonymous"
"15751A>T","15736A>T",29,104.04427333975,-0.554820183472312,0,"Significant","synonymous"
"15751A>T","7130C>T",214,100.816169393648,0.326883581365716,0,"Significant","synonymous"
"15751A>T","13902C>T",26,89.6419634263715,-0.537538012339707,0,"Significant","synonymous"
"15751A>T","4604C>T",33,95.1049085659288,-0.459688992495929,0,"Significant","synonymous"
"15751A>T","9374A>G",206,66.3002887391723,0.492351800598081,0,"Significant","synonymous"
"15751A>T","8967C>T",44,112.735322425409,-0.408607334776367,0,"Significant","synonymous"
"15751A>T","4248T>C",212,111.493743984601,0.279085361519191,0,"Significant","synonymous"
"15751A>T","10196C>T",103,108.017324350337,-0.0206561906554983,0.477,"Not Significant","synonymous"
"4245C>T","10877C>T",117,210.298363811357,-0.254650032002937,0,"Significant","synonymous"
"4245C>T","7858C>T",314,245.774783445621,0.106392325959719,0,"Significant","synonymous"
"4245C>T","14569G>A",257,134.590952839269,0.28091725559799,0,"Significant","synonymous"
"4245C>T","6059C>T",192,226.390760346487,-0.0715574693761668,0,"Significant","synonymous"
"4245C>T","9347A>T",108,187.622714148219,-0.239861658684329,0,"Significant","synonymous"
"4245C>T","6563C>T",287,257.11260827719,0.0477585226545181,0,"Significant","synonymous"
"4245C>T","9954C>T",116,174.821944177093,-0.178137956444707,0,"Significant","synonymous"
"4245C>T","10202C>T",327,309.778633301251,0.0234962932699391,0.005,"Significant","synonymous"
"4245C>T","3687C>T",224,227.853705486044,-0.00740807738463626,0.627,"Not Significant","synonymous"
"4245C>T","4161C>T",158,221.270452358037,-0.1462663367576,0,"Significant","synonymous"
"4245C>T","7756C>T",185,213.95572666025,-0.0631521867387677,0,"Significant","synonymous"
"4245C>T","12774C>T",147,210.664100096246,-0.156273197734579,0,"Significant","synonymous"
"4245C>T","15616C>T",191,225.293551491819,-0.0717153939762961,0,"Significant","synonymous"
"4245C>T","7690C>T",149,192.377285851781,-0.110967524801032,0,"Significant","synonymous"
"4245C>T","7256C>T",113,174.456207892204,-0.188607984616191,0,"Significant","synonymous"
"4245C>T","6378T>C",248,119.961501443696,0.315409788054718,0,"Significant","synonymous"
"4245C>T","5324C>T",247,134.590952839269,0.263681085526368,0,"Significant","synonymous"
"4245C>T","12555A>T",76,160.55822906641,-0.324818977020662,0,"Significant","synonymous"
"4245C>T","11761C>T",195,211.761308950914,-0.0358120014245333,0.028,"Significant","synonymous"
"4245C>T","12975A>G",104,197.86333012512,-0.279331974867224,0,"Significant","synonymous"
"4245C>T","10867C>T",296,221.270452358037,0.126368287346787,0,"Significant","synonymous"
"4245C>T","12486C>T",242,106.063522617902,0.358249319021612,0,"Significant","synonymous"
"4245C>T","13380C>T",149,186.891241578441,-0.0984026807820123,0,"Significant","synonymous"
"4245C>T","8368G>A",120,183.599615014437,-0.184690520156902,0,"Significant","synonymous"
"4245C>T","6050T>A",100,190.548604427334,-0.280005772358951,0,"Significant","synonymous"
"4245C>T","3960C>T",99,183.233878729548,-0.267370580329127,0,"Significant","synonymous"
"4245C>T","7888C>G",65,148.123195380173,-0.357709715631071,0,"Significant","synonymous"
"4245C>T","7007C>T",147,183.599615014437,-0.096554431456417,0,"Significant","synonymous"
"4245C>T","11806A>G",112,181.405197305101,-0.2094317028795,0,"Significant","synonymous"
"4245C>T","6617C>T",167,185.794032723773,-0.0463152901959424,0.02,"Significant","synonymous"
"4245C>T","3543C>T",232,100.577478344562,0.36298724200076,0,"Significant","synonymous"
"4245C>T","6173C>T",247,121.790182868142,0.307084670693532,0,"Significant","synonymous"
"4245C>T","15514T>C",100,166.04427333975,-0.220223901916564,0,"Significant","synonymous"
"4245C>T","11134A>T",219,87.4109720885467,0.398878164832049,0,"Significant","synonymous"
"4245C>T","4086C>T",107,162.386910490857,-0.181167241488904,0,"Significant","synonymous"
"4245C>T","9575G>A",111,168.238691049086,-0.180602901954416,0,"Significant","synonymous"
"4245C>T","3795C>T",113,165.67853705486,-0.166187807588923,0,"Significant","synonymous"
"4245C>T","15736A>T",81,153.243503368624,-0.276897053147026,0,"Significant","synonymous"
"4245C>T","7130C>T",255,148.488931665063,0.234846097797006,0,"Significant","synonymous"
"4245C>T","13902C>T",65,132.030798845043,-0.307761894322096,0,"Significant","synonymous"
"4245C>T","4604C>T",72,140.076997112608,-0.289034326596694,0,"Significant","synonymous"
"4245C>T","9374A>G",220,97.6515880654476,0.352743370397751,0,"Significant","synonymous"
"4245C>T","8967C>T",107,166.04427333975,-0.190840124231383,0,"Significant","synonymous"
"4245C>T","4248T>C",248,164.215591915303,0.179037290763171,0,"Significant","synonymous"
"4245C>T","10196C>T",172,159.095283926853,0.0338711408932583,0.109,"Not Significant","synonymous"
"10877C>T","7858C>T",344,371.896053897979,-0.0338631276147387,0,"Significant","synonymous"
"10877C>T","14569G>A",117,203.657362848893,-0.240714254059651,0,"Significant","synonymous"
"10877C>T","6059C>T",420,342.564966313763,0.088506344245306,0,"Significant","synonymous"
"10877C>T","9347A>T",418,283.902791145332,0.168006619530717,0,"Significant","synonymous"
"10877C>T","6563C>T",389,389.05197305101,-5.80208265692056e-05,1,"Not Significant","synonymous"
"10877C>T","9954C>T",306,264.533205004812,0.0632412327369859,0,"Significant","synonymous"
"10877C>T","10202C>T",481,468.743984600577,0.0112093689106694,0.049,"Significant","synonymous"
"10877C>T","3687C>T",390,344.778633301251,0.0535242632348619,0,"Significant","synonymous"
"10877C>T","4161C>T",436,334.817131857555,0.114678817483634,0,"Significant","synonymous"
"10877C>T","7756C>T",369,323.748796920116,0.0568182029444103,0,"Significant","synonymous"
"10877C>T","12774C>T",430,318.768046198268,0.129993675023886,0,"Significant","synonymous"
"10877C>T","15616C>T",374,340.904716073147,0.0402385929035904,0,"Significant","synonymous"
"10877C>T","7690C>T",360,291.097208854668,0.0922644594810665,0,"Significant","synonymous"
"10877C>T","7256C>T",310,263.97978825794,0.0697910176616813,0,"Significant","synonymous"
"10877C>T","6378T>C",101,181.520692974013,-0.254604767061299,0,"Significant","synonymous"
"10877C>T","5324C>T",129,203.657362848893,-0.198310405506598,0,"Significant","synonymous"
"10877C>T","12555A>T",325,242.949951876805,0.126366543604255,0,"Significant","synonymous"
"10877C>T","11761C>T",362,320.428296438884,0.0529777096732609,0,"Significant","synonymous"
"10877C>T","12975A>G",415,299.398460057748,0.14179853447303,0,"Significant","synonymous"
"10877C>T","10867C>T",308,334.817131857555,-0.0362569552844663,0.002,"Significant","synonymous"
"10877C>T","12486C>T",71,160.490856592878,-0.354191946311993,0,"Significant","synonymous"
"10877C>T","13380C>T",334,282.795957651588,0.0722732695443752,0,"Significant","synonymous"
"10877C>T","8368G>A",405,277.81520692974,0.163699008937147,0,"Significant","synonymous"
"10877C>T","6050T>A",407,288.330125120308,0.149704388793199,0,"Significant","synonymous"
"10877C>T","3960C>T",375,277.261790182868,0.131141244727979,0,"Significant","synonymous"
"10877C>T","7888C>G",313,224.133782483157,0.145037017199272,0,"Significant","synonymous"
"10877C>T","7007C>T",326,277.81520692974,0.0694615857904435,0,"Significant","synonymous"
"10877C>T","11806A>G",408,274.494706448508,0.172126189467178,0,"Significant","synonymous"
"10877C>T","6617C>T",317,281.135707410972,0.0521432528013617,0,"Significant","synonymous"
"10877C>T","3543C>T",69,152.189605389798,-0.343535900225116,0,"Significant","synonymous"
"10877C>T","6173C>T",99,184.287776708373,-0.26986133604102,0,"Significant","synonymous"
"10877C>T","15514T>C",336,251.251203079884,0.126231127400244,0,"Significant","synonymous"
"10877C>T","11134A>T",43,132.266602502406,-0.487981742500322,0,"Significant","synonymous"
"10877C>T","4086C>T",314,245.717035611165,0.106494380826104,0,"Significant","synonymous"
"10877C>T","9575G>A",329,254.571703561116,0.111385769135909,0,"Significant","synonymous"
"10877C>T","3795C>T",324,250.697786333013,0.111394511061288,0,"Significant","synonymous"
"10877C>T","15736A>T",323,231.881616939365,0.143936202232302,0,"Significant","synonymous"
"10877C>T","7130C>T",150,224.687199230029,-0.17548707165387,0,"Significant","synonymous"
"10877C>T","13902C>T",268,199.783445620789,0.127575294990623,0,"Significant","synonymous"
"10877C>T","4604C>T",295,211.958614051973,0.14357094487703,0,"Significant","synonymous"
"10877C>T","9374A>G",72,147.762271414822,-0.31223106206545,0,"Significant","synonymous"
"10877C>T","8967C>T",320,251.251203079884,0.105041828330312,0,"Significant","synonymous"
"10877C>T","4248T>C",205,248.484119345525,-0.0835447770799849,0,"Significant","synonymous"
"10877C>T","10196C>T",242,240.736284889317,0.00227381189333986,0.889,"Not Significant","synonymous"
"7858C>T","14569G>A",307,238.013474494706,0.11053683130698,0,"Significant","synonymous"
"7858C>T","6059C>T",407,400.354186717998,0.00715003470845249,0.389,"Not Significant","synonymous"
"7858C>T","9347A>T",304,331.795957651588,-0.0379975069996984,0,"Significant","synonymous"
"7858C>T","6563C>T",499,454.683349374398,0.0403914951069097,0,"Significant","synonymous"
"7858C>T","9954C>T",277,309.158806544755,-0.0477018530443018,0,"Significant","synonymous"
"7858C>T","10202C>T",576,547.819056785371,0.0217853475958534,0,"Significant","synonymous"
"7858C>T","3687C>T",415,402.941289701636,0.0128063245562722,0.116,"Not Significant","synonymous"
"7858C>T","4161C>T",369,391.299326275265,-0.0254827339900496,0.006,"Significant","synonymous"
"7858C>T","7756C>T",394,378.363811357074,0.0175866302467413,0.039,"Significant","synonymous"
"7858C>T","12774C>T",362,372.542829643888,-0.0124676383866907,0.177,"Not Significant","synonymous"
"7858C>T","15616C>T",399,398.41385948027,0.000638458025674691,0.951,"Not Significant","synonymous"
"7858C>T","7690C>T",335,340.204042348412,-0.00669466261353967,0.536,"Not Significant","synonymous"
"7858C>T","7256C>T",284,308.512030798845,-0.0359537644897119,0.003,"Significant","synonymous"
"7858C>T","6378T>C",275,212.142444658325,0.112705124621889,0,"Significant","synonymous"
"7858C>T","5324C>T",309,238.013474494706,0.113356935254627,0,"Significant","synonymous"
"7858C>T","12555A>T",248,283.934552454283,-0.0587665649125308,0,"Significant","synonymous"
"7858C>T","11761C>T",376,374.483156881617,0.00175555570357662,0.833,"Not Significant","synonymous"
"7858C>T","12975A>G",330,349.905678537055,-0.0254370507253223,0.017,"Significant","synonymous"
"7858C>T","10867C>T",448,391.299326275265,0.0587689138490133,0,"Significant","synonymous"
"7858C>T","12486C>T",254,187.564966313763,0.131681993224274,0,"Significant","synonymous"
"7858C>T","13380C>T",327,330.502406159769,-0.00462687297107302,0.685,"Not Significant","synonymous"
"7858C>T","8368G>A",307,324.681424446583,-0.024319067164473,0.024,"Significant","synonymous"
"7858C>T","6050T>A",310,336.970163618864,-0.0362297549618884,0,"Significant","synonymous"
"7858C>T","3960C>T",296,324.034648700674,-0.0392997403049422,0,"Significant","synonymous"
"7858C>T","7888C>G",223,261.944177093359,-0.0699038856631268,0,"Significant","synonymous"
"7858C>T","7007C>T",332,324.681424446583,0.00968064106236619,0.357,"Not Significant","synonymous"
"7858C>T","11806A>G",301,320.800769971126,-0.0276689063929931,0.011,"Significant","synonymous"
"7858C>T","6617C>T",343,328.56207892204,0.018676682262198,0.059,"Not Significant","synonymous"
"7858C>T","3543C>T",243,177.86333012512,0.135519854271336,0,"Significant","synonymous"
"7858C>T","6173C>T",285,215.376323387873,0.121646901005493,0,"Significant","synonymous"
"7858C>T","15514T>C",273,293.636188642926,-0.0316469313129846,0.008,"Significant","synonymous"
"7858C>T","11134A>T",223,154.579403272377,0.159153236603289,0,"Significant","synonymous"
"7858C>T","4086C>T",283,287.168431183831,-0.00635026008697509,0.587,"Not Significant","synonymous"
"7858C>T","9575G>A",291,297.516843118383,-0.00961856819231127,0.415,"Not Significant","synonymous"
"7858C>T","3795C>T",275,292.989412897016,-0.0275192336792073,0.019,"Significant","synonymous"
"7858C>T","15736A>T",244,270.999037536092,-0.0455779221241959,0.002,"Significant","synonymous"
"7858C>T","7130C>T",321,262.590952839269,0.087225273331,0,"Significant","synonymous"
"7858C>T","13902C>T",201,233.48604427334,-0.0650648699817868,0,"Significant","synonymous"
"7858C>T","4604C>T",227,247.715110683349,-0.0379266422721318,0.01,"Significant","synonymous"
"7858C>T","9374A>G",232,172.689124157844,0.128222998029612,0,"Significant","synonymous"
"7858C>T","8967C>T",290,293.636188642926,-0.00541158045479384,0.667,"Not Significant","synonymous"
"7858C>T","4248T>C",348,290.402309913378,0.0785791774465852,0,"Significant","synonymous"
"7858C>T","10196C>T",289,281.347449470645,0.0116548603052586,0.325,"Not Significant","synonymous"
"14569G>A","6059C>T",192,219.241578440808,-0.0576216914328805,0,"Significant","synonymous"
"14569G>A","9347A>T",97,181.697786333012,-0.272577901961703,0,"Significant","synonymous"
"14569G>A","6563C>T",289,248.993262752647,0.0647102466203595,0,"Significant","synonymous"
"14569G>A","9954C>T",112,169.30125120308,-0.179442145058146,0,"Significant","synonymous"
"14569G>A","10202C>T",309,299.99615014437,0.0128427979777833,0.137,"Not Significant","synonymous"
"14569G>A","3687C>T",220,220.658325312801,-0.00129763695330303,0.95,"Not Significant","synonymous"
"14569G>A","4161C>T",153,214.282964388835,-0.146296214951129,0,"Significant","synonymous"
"14569G>A","7756C>T",180,207.199230028874,-0.061115632095183,0.002,"Significant","synonymous"
"14569G>A","12774C>T",158,204.011549566891,-0.110997667585068,0,"Significant","synonymous"
"14569G>A","15616C>T",192,218.179018286814,-0.055511754577189,0,"Significant","synonymous"
"14569G>A","7690C>T",146,186.302213666987,-0.105865159485578,0,"Significant","synonymous"
"14569G>A","7256C>T",111,168.947064485082,-0.182427671369662,0,"Significant","synonymous"
"14569G>A","6378T>C",257,116.173243503369,0.34482700850307,0,"Significant","synonymous"
"14569G>A","5324C>T",242,130.340712223292,0.26873527619042,0,"Significant","synonymous"
"14569G>A","12555A>T",89,155.487969201155,-0.24230678471334,0,"Significant","synonymous"
"14569G>A","11761C>T",184,205.074109720885,-0.0470930118342157,0.008,"Significant","synonymous"
"14569G>A","12975A>G",108,191.615014436959,-0.249005780735784,0,"Significant","synonymous"
"14569G>A","10867C>T",287,214.282964388835,0.126894250965132,0,"Significant","synonymous"
"14569G>A","12486C>T",243,102.714148219442,0.373976004582772,0,"Significant","synonymous"
"14569G>A","13380C>T",145,180.989412897016,-0.0962851690160185,0,"Significant","synonymous"
"14569G>A","8368G>A",119,177.801732435034,-0.174389026868708,0,"Significant","synonymous"
"14569G>A","6050T>A",101,184.531280076997,-0.261748620633027,0,"Significant","synonymous"
"14569G>A","3960C>T",105,177.447545717036,-0.227880697913479,0,"Significant","synonymous"
"14569G>A","7888C>G",78,143.44562078922,-0.264592691640274,0,"Significant","synonymous"
"14569G>A","7007C>T",141,177.801732435034,-0.100716875605916,0,"Significant","synonymous"
"14569G>A","11806A>G",115,175.676612127045,-0.184016107252796,0,"Significant","synonymous"
"14569G>A","6617C>T",170,179.926852743022,-0.0246470620219714,0.229,"Not Significant","synonymous"
"14569G>A","3543C>T",229,97.4013474494706,0.371270517393029,0,"Significant","synonymous"
"14569G>A","6173C>T",244,117.944177093359,0.315713321715879,0,"Significant","synonymous"
"14569G>A","15514T>C",97,160.800769971126,-0.219516389707022,0,"Significant","synonymous"
"14569G>A","11134A>T",221,84.6506256015399,0.416762101620316,0,"Significant","synonymous"
"14569G>A","4086C>T",112,157.258902791145,-0.147397218560667,0,"Significant","synonymous"
"14569G>A","9575G>A",106,162.925890279115,-0.186684237533001,0,"Significant","synonymous"
"14569G>A","3795C>T",110,160.446583253128,-0.163937787970823,0,"Significant","synonymous"
"14569G>A","15736A>T",80,148.404234841193,-0.268356307090442,0,"Significant","synonymous"
"14569G>A","7130C>T",240,143.799807507218,0.222452937017951,0,"Significant","synonymous"
"14569G>A","13902C>T",72,127.861405197305,-0.249406976590466,0,"Significant","synonymous"
"14569G>A","4604C>T",77,135.653512993263,-0.245940319912237,0,"Significant","synonymous"
"14569G>A","9374A>G",216,94.567853705486,0.358710218669757,0,"Significant","synonymous"
"14569G>A","8967C>T",106,160.800769971126,-0.180982258708534,0,"Significant","synonymous"
"14569G>A","4248T>C",253,159.029836381136,0.201641909056053,0,"Significant","synonymous"
"14569G>A","10196C>T",150,154.071222329163,-0.0116302690152887,0.597,"Not Significant","synonymous"
"6059C>T","9347A>T",374,305.627526467757,0.0876791356256973,0,"Significant","synonymous"
"6059C>T","6563C>T",443,418.822906641001,0.0243732997402994,0.002,"Significant","synonymous"
"6059C>T","9954C>T",314,284.775745909528,0.0424266499981413,0,"Significant","synonymous"
"6059C>T","10202C>T",520,504.613089509143,0.0130448318411492,0.017,"Significant","synonymous"
"6059C>T","3687C>T",404,371.161693936477,0.0368182169884852,0,"Significant","synonymous"
"6059C>T","4161C>T",476,360.43792107796,0.120776476605054,0,"Significant","synonymous"
"6059C>T","7756C>T",398,348.522617901829,0.0576521045285513,0,"Significant","synonymous"
"6059C>T","12774C>T",404,343.16073147257,0.0708837802244333,0,"Significant","synonymous"
"6059C>T","15616C>T",399,366.991337824832,0.0363170820593726,0,"Significant","synonymous"
"6059C>T","7690C>T",368,313.372473532243,0.0697869730568173,0,"Significant","synonymous"
"6059C>T","7256C>T",300,284.179980750722,0.0235277742165998,0.047,"Significant","synonymous"
"6059C>T","6378T>C",171,195.410972088547,-0.0579528347824341,0,"Significant","synonymous"
"6059C>T","5324C>T",197,219.241578440808,-0.0464566939748429,0.001,"Significant","synonymous"
"6059C>T","12555A>T",317,261.540904716073,0.0835196405126605,0,"Significant","synonymous"
"6059C>T","11761C>T",387,344.948026948989,0.0499572998285209,0,"Significant","synonymous"
"6059C>T","12975A>G",391,322.308950914341,0.0839043908263331,0,"Significant","synonymous"
"6059C>T","10867C>T",360,360.43792107796,-0.000527975348122026,1,"Not Significant","synonymous"
"6059C>T","12486C>T",147,172.771896053898,-0.0701557646136765,0,"Significant","synonymous"
"6059C>T","13380C>T",339,304.435996150144,0.0467036966054143,0,"Significant","synonymous"
"6059C>T","8368G>A",370,299.074109720885,0.0924229054590073,0,"Significant","synonymous"
"6059C>T","6050T>A",506,310.39364773821,0.21223769207728,0,"Significant","synonymous"
"6059C>T","3960C>T",369,298.478344562079,0.0921135388288463,0,"Significant","synonymous"
"6059C>T","7888C>G",290,241.284889316651,0.0798678732213167,0,"Significant","synonymous"
"6059C>T","7007C>T",346,299.074109720885,0.063297280184797,0,"Significant","synonymous"
"6059C>T","11806A>G",373,295.499518768046,0.101152053855519,0,"Significant","synonymous"
"6059C>T","6617C>T",336,302.648700673725,0.0454004636429701,0,"Significant","synonymous"
"6059C>T","3543C>T",140,163.8354186718,-0.06827975961492,0.002,"Significant","synonymous"
"6059C>T","6173C>T",176,198.389797882579,-0.0520066671550828,0.001,"Significant","synonymous"
"6059C>T","15514T>C",324,270.477382098171,0.0784140558865411,0,"Significant","synonymous"
"6059C>T","11134A>T",108,142.387872954764,-0.120049246924031,0,"Significant","synonymous"
"6059C>T","4086C>T",308,264.519730510106,0.0660926449228607,0,"Significant","synonymous"
"6059C>T","9575G>A",320,274.051973051011,0.0673170451753685,0,"Significant","synonymous"
"6059C>T","3795C>T",313,269.881616939365,0.0643710340706538,0,"Significant","synonymous"
"6059C>T","15736A>T",306,249.625601539942,0.088432302052312,0,"Significant","synonymous"
"6059C>T","7130C>T",216,241.880654475457,-0.0491473838891823,0.001,"Significant","synonymous"
"6059C>T","13902C>T",254,215.071222329163,0.0722514132513086,0,"Significant","synonymous"
"6059C>T","4604C>T",281,228.178055822907,0.0904324444734808,0,"Significant","synonymous"
"6059C>T","9374A>G",136,159.069297401347,-0.068047454457252,0.001,"Significant","synonymous"
"6059C>T","8967C>T",321,270.477382098171,0.0743740780848023,0,"Significant","synonymous"
"6059C>T","4248T>C",259,267.498556304139,-0.0140216783850066,0.296,"Not Significant","synonymous"
"6059C>T","10196C>T",266,259.157844080847,0.0113172782134848,0.4,"Not Significant","synonymous"
"9347A>T","6563C>T",351,347.102021174206,0.00484997389135991,0.623,"Not Significant","synonymous"
"9347A>T","9954C>T",281,236.009624639076,0.0757766057382927,0,"Significant","synonymous"
"9347A>T","10202C>T",439,418.201154956689,0.0210792923567707,0.001,"Significant","synonymous"
"9347A>T","3687C>T",354,307.60250240616,0.0610133978119609,0,"Significant","synonymous"
"9347A>T","4161C>T",384,298.715110683349,0.109074032160391,0,"Significant","synonymous"
"9347A>T","7756C>T",331,288.840230991338,0.0591703101388802,0,"Significant","synonymous"
"9347A>T","12774C>T",408,284.396535129933,0.156735862111983,0,"Significant","synonymous"
"9347A>T","15616C>T",341,304.146294513956,0.0496718492734179,0,"Significant","synonymous"
"9347A>T","7690C>T",315,259.709335899904,0.0838229920811931,0,"Significant","synonymous"
"9347A>T","7256C>T",289,235.515880654475,0.088877646161761,0,"Significant","synonymous"
"9347A>T","6378T>C",78,161.948026948989,-0.317281058575549,0,"Significant","synonymous"
"9347A>T","5324C>T",99,181.697786333012,-0.263714441630407,0,"Significant","synonymous"
"9347A>T","12555A>T",294,216.753609239654,0.132380992615344,0,"Significant","synonymous"
"9347A>T","11761C>T",324,285.877767083734,0.0543646289245192,0,"Significant","synonymous"
"9347A>T","12975A>G",360,267.115495668912,0.129603418106037,0,"Significant","synonymous"
"9347A>T","10867C>T",273,298.715110683349,-0.039094545166338,0.001,"Significant","synonymous"
"9347A>T","12486C>T",51,143.185755534167,-0.44832963935511,0,"Significant","synonymous"
"9347A>T","13380C>T",291,252.303176130895,0.0619702712965328,0,"Significant","synonymous"
"9347A>T","8368G>A",390,247.85948026949,0.196859072326777,0,"Significant","synonymous"
"9347A>T","6050T>A",367,257.240615976901,0.154326523397875,0,"Significant","synonymous"
"9347A>T","3960C>T",348,247.365736284889,0.148239700524646,0,"Significant","synonymous"
"9347A>T","7888C>G",286,199.966313763234,0.15540919235967,0,"Significant","synonymous"
"9347A>T","7007C>T",288,247.85948026949,0.0651869530595482,0,"Significant","synonymous"
"9347A>T","11806A>G",397,244.897016361886,0.209807012718211,0,"Significant","synonymous"
"9347A>T","6617C>T",288,250.821944177093,0.0600269579206504,0,"Significant","synonymous"
"9347A>T","3543C>T",46,135.779595765159,-0.470076679702703,0,"Significant","synonymous"
"9347A>T","6173C>T",76,164.416746871992,-0.33513245877986,0,"Significant","synonymous"
"9347A>T","15514T>C",297,224.159769008662,0.122198778905422,0,"Significant","synonymous"
"9347A>T","11134A>T",23,118.004812319538,-0.710171882483663,0,"Significant","synonymous"
"9347A>T","4086C>T",276,219.222329162656,0.100024294395918,0,"Significant","synonymous"
"9347A>T","9575G>A",282,227.122232916266,0.0939894590831109,0,"Significant","synonymous"
"9347A>T","3795C>T",297,223.666025024062,0.123156429749694,0,"Significant","synonymous"
"9347A>T","15736A>T",279,206.878729547642,0.129888362752609,0,"Significant","synonymous"
"9347A>T","7130C>T",143,200.460057747834,-0.146691813666684,0,"Significant","synonymous"
"9347A>T","13902C>T",243,178.241578440808,0.134597254137951,0,"Significant","synonymous"
"9347A>T","4604C>T",260,189.103946102021,0.138272756447494,0,"Significant","synonymous"
"9347A>T","9374A>G",57,131.829643888354,-0.36413822324629,0,"Significant","synonymous"
"9347A>T","8967C>T",281,224.159769008662,0.0981486494932979,0,"Significant","synonymous"
"9347A>T","4248T>C",183,221.691049085659,-0.0832970688274912,0,"Significant","synonymous"
"9347A>T","10196C>T",236,214.778633301251,0.0409209284608121,0.014,"Significant","synonymous"
"6563C>T","9954C>T",331,323.420596727623,0.0100603197009502,0.314,"Not Significant","synonymous"
"6563C>T","10202C>T",597,573.090471607315,0.0177511433360126,0,"Significant","synonymous"
"6563C>T","3687C>T",439,421.529355149182,0.0176366961203011,0.02,"Significant","synonymous"
"6563C>T","4161C>T",415,409.350336862368,0.00595294459697591,0.45,"Not Significant","synonymous"
"6563C>T","7756C>T",412,395.818094321463,0.0174015724883032,0.026,"Significant","synonymous"
"6563C>T","12774C>T",404,389.728585178056,0.0156191042247425,0.055,"Not Significant","synonymous"
"6563C>T","15616C>T",466,416.793070259865,0.0484654270629172,0,"Significant","synonymous"
"6563C>T","7690C>T",373,355.897978825794,0.0203833101922964,0.03,"Significant","synonymous"
"6563C>T","7256C>T",321,322.743984600577,-0.00235312409788762,0.84,"Not Significant","synonymous"
"6563C>T","6378T>C",257,221.928777670837,0.0637195021569422,0,"Significant","synonymous"
"6563C>T","5324C>T",284,248.993262752647,0.057130743910852,0,"Significant","synonymous"
"6563C>T","12555A>T",292,297.032723772859,-0.0074214462563471,0.5,"Not Significant","synonymous"
"6563C>T","11761C>T",407,391.758421559191,0.0165760680351332,0.048,"Significant","synonymous"
"6563C>T","12975A>G",380,366.047160731473,0.0162465540475899,0.064,"Not Significant","synonymous"
"6563C>T","10867C>T",458,409.350336862368,0.0487703258887425,0,"Significant","synonymous"
"6563C>T","12486C>T",233,196.217516843118,0.0746181456643815,0,"Significant","synonymous"
"6563C>T","13380C>T",360,345.748796920115,0.0175418231699231,0.066,"Not Significant","synonymous"
"6563C>T","8368G>A",346,339.659287776708,0.00803260418510842,0.452,"Not Significant","synonymous"
"6563C>T","6050T>A",355,352.514918190568,0.00305085229292214,0.792,"Not Significant","synonymous"
"6563C>T","3960C>T",334,338.982675649663,-0.00643103651832585,0.582,"Not Significant","synonymous"
"6563C>T","7888C>G",265,274.02791145332,-0.0145489267405018,0.245,"Not Significant","synonymous"
"6563C>T","7007C>T",362,339.659287776708,0.0276650759254919,0.004,"Significant","synonymous"
"6563C>T","11806A>G",335,335.599615014437,-0.000776646915998501,0.957,"Not Significant","synonymous"
"6563C>T","6617C>T",359,343.71896053898,0.018890958831748,0.042,"Significant","synonymous"
"6563C>T","3543C>T",223,186.06833493744,0.078632391755213,0,"Significant","synonymous"
"6563C>T","6173C>T",258,225.311838306063,0.0588356949942394,0,"Significant","synonymous"
"6563C>T","15514T>C",313,307.181905678537,0.0081487072266954,0.449,"Not Significant","synonymous"
"6563C>T","11134A>T",193,161.710298363811,0.076819630596946,0,"Significant","synonymous"
"6563C>T","4086C>T",322,300.415784408085,0.0301331241185548,0.005,"Significant","synonymous"
"6563C>T","9575G>A",326,311.241578440808,0.0201199909237121,0.041,"Significant","synonymous"
"6563C>T","3795C>T",317,306.505293551492,0.0146212827422684,0.205,"Not Significant","synonymous"
"6563C>T","15736A>T",281,283.500481231954,-0.00384748052386054,0.736,"Not Significant","synonymous"
"6563C>T","7130C>T",306,274.704523580366,0.0468556154417232,0,"Significant","synonymous"
"6563C>T","13902C>T",252,244.25697786333,0.0135535614132341,0.285,"Not Significant","synonymous"
"6563C>T","4604C>T",265,259.142444658325,0.00970732250553483,0.457,"Not Significant","synonymous"
"6563C>T","9374A>G",221,180.655437921078,0.087541234857845,0,"Significant","synonymous"
"6563C>T","8967C>T",323,307.181905678537,0.0218068920113456,0.043,"Significant","synonymous"
"6563C>T","4248T>C",338,303.798845043311,0.0463305818116706,0,"Significant","synonymous"
"6563C>T","10196C>T",296,294.326275264678,0.00246267664165391,0.836,"Not Significant","synonymous"
"9954C>T","10202C>T",405,389.668912415784,0.0167592638290159,0.014,"Significant","synonymous"
"9954C>T","3687C>T",294,286.615976900866,0.0110469346980424,0.373,"Not Significant","synonymous"
"9954C>T","4161C>T",324,278.334937439846,0.0659772864991798,0,"Significant","synonymous"
"9954C>T","7756C>T",288,269.133782483157,0.0294242726220984,0.025,"Significant","synonymous"
"9954C>T","12774C>T",300,264.993262752647,0.0538864222414899,0,"Significant","synonymous"
"9954C>T","15616C>T",329,283.395572666025,0.0648028367305861,0,"Significant","synonymous"
"9954C>T","7690C>T",272,241.990375360924,0.0507708108254984,0,"Significant","synonymous"
"9954C>T","7256C>T",373,219.447545717036,0.230378103713551,0,"Significant","synonymous"
"9954C>T","6378T>C",104,150.898941289702,-0.16165285346771,0,"Significant","synonymous"
"9954C>T","5324C>T",123,169.30125120308,-0.138755056288965,0,"Significant","synonymous"
"9954C>T","12555A>T",249,201.965351299326,0.0909224777986329,0,"Significant","synonymous"
"9954C>T","11761C>T",357,266.37343599615,0.127177303329774,0,"Significant","synonymous"
"9954C>T","12975A>G",292,248.891241578441,0.0693732372868817,0,"Significant","synonymous"
"9954C>T","10867C>T",270,278.334937439846,-0.0132039595484182,0.317,"Not Significant","synonymous"
"9954C>T","12486C>T",75,133.416746871992,-0.250149083561944,0,"Significant","synonymous"
"9954C>T","13380C>T",251,235.089509143407,0.0284404722913722,0.056,"Not Significant","synonymous"
"9954C>T","8368G>A",268,230.948989412897,0.0646187278288021,0,"Significant","synonymous"
"9954C>T","6050T>A",291,239.690086621752,0.0842429166314094,0,"Significant","synonymous"
"9954C>T","3960C>T",273,230.488931665063,0.0735125721185396,0,"Significant","synonymous"
"9954C>T","7888C>G",229,186.323387872955,0.0895681100702346,0,"Significant","synonymous"
"9954C>T","7007C>T",264,230.948989412897,0.0580878606698468,0,"Significant","synonymous"
"9954C>T","11806A>G",264,228.18864292589,0.0633099013246663,0,"Significant","synonymous"
"9954C>T","6617C>T",256,233.709335899904,0.0395639039729727,0.006,"Significant","synonymous"
"9954C>T","3543C>T",71,126.515880654475,-0.25088669416586,0,"Significant","synonymous"
"9954C>T","6173C>T",100,153.199230028874,-0.18525658256111,0,"Significant","synonymous"
"9954C>T","15514T>C",329,208.866217516843,0.197327696037853,0,"Significant","synonymous"
"9954C>T","11134A>T",50,109.953801732435,-0.342240245666587,0,"Significant","synonymous"
"9954C>T","4086C>T",240,204.265640038499,0.0700159225420131,0,"Significant","synonymous"
"9954C>T","9575G>A",233,211.62656400385,0.0417857402894846,0.007,"Significant","synonymous"
"9954C>T","3795C>T",243,208.406159769009,0.0666957225305093,0,"Significant","synonymous"
"9954C>T","15736A>T",323,192.764196342637,0.224176150309775,0,"Significant","synonymous"
"9954C>T","7130C>T",156,186.783445620789,-0.0782137842776281,0,"Significant","synonymous"
"9954C>T","13902C>T",207,166.080846968239,0.0956507944962667,0,"Significant","synonymous"
"9954C>T","4604C>T",302,176.202117420597,0.233995819933484,0,"Significant","synonymous"
"9954C>T","9374A>G",70,122.8354186718,-0.244225570404993,0,"Significant","synonymous"
"9954C>T","8967C>T",238,208.866217516843,0.0567087551444411,0,"Significant","synonymous"
"9954C>T","4248T>C",186,206.565928777671,-0.0455457458403251,0.009,"Significant","synonymous"
"9954C>T","10196C>T",213,200.125120307988,0.0270779974291458,0.109,"Not Significant","synonymous"
"10202C>T","3687C>T",533,507.873917228104,0.0209712995938691,0,"Significant","synonymous"
"10202C>T","4161C>T",511,493.200192492782,0.0153976627087112,0.006,"Significant","synonymous"
"10202C>T","7756C>T",498,476.896053897979,0.0188056139040036,0.001,"Significant","synonymous"
"10202C>T","12774C>T",492,469.559191530318,0.0202747565706146,0.001,"Significant","synonymous"
"10202C>T","15616C>T",533,502.167468719923,0.0258786340886123,0,"Significant","synonymous"
"10202C>T","7690C>T",450,428.798845043311,0.0209589068480703,0.001,"Significant","synonymous"
"10202C>T","7256C>T",399,388.853705486044,0.011186653873102,0.103,"Not Significant","synonymous"
"10202C>T","6378T>C",273,267.387872954764,0.00902094055554416,0.358,"Not Significant","synonymous"
"10202C>T","5324C>T",318,299.99615014437,0.0253114385373774,0.003,"Significant","synonymous"
"10202C>T","12555A>T",355,357.875842155919,-0.00350402996055585,0.686,"Not Significant","synonymous"
"10202C>T","11761C>T",491,472.004812319538,0.0171350656219993,0.005,"Significant","synonymous"
"10202C>T","12975A>G",452,441.026948989413,0.0106733069312808,0.091,"Not Significant","synonymous"
"10202C>T","10867C>T",526,493.200192492782,0.0279625067277353,0,"Significant","synonymous"
"10202C>T","12486C>T",249,236.410009624639,0.0225334864232415,0.031,"Significant","synonymous"
"10202C>T","13380C>T",420,416.570741097209,0.00356052748965738,0.636,"Not Significant","synonymous"
"10202C>T","8368G>A",430,409.233878729548,0.0214968756610325,0.002,"Significant","synonymous"
"10202C>T","6050T>A",439,424.72281039461,0.014358934169064,0.021,"Significant","synonymous"
"10202C>T","3960C>T",423,408.418671799807,0.0152347787342634,0.024,"Significant","synonymous"
"10202C>T","7888C>G",342,330.158806544755,0.0153032200679323,0.073,"Not Significant","synonymous"
"10202C>T","7007C>T",428,409.233878729548,0.0194721890946185,0,"Significant","synonymous"
"10202C>T","11806A>G",420,404.342637151107,0.0164997511341695,0.018,"Significant","synonymous"
"10202C>T","6617C>T",432,414.125120307988,0.018352171757459,0.009,"Significant","synonymous"
"10202C>T","3543C>T",234,224.181905678537,0.0186153008063427,0.071,"Not Significant","synonymous"
"10202C>T","6173C>T",284,271.463907603465,0.0196062437671813,0.037,"Significant","synonymous"
"10202C>T","15514T>C",377,370.103946102021,0.00801763457515726,0.321,"Not Significant","synonymous"
"10202C>T","11134A>T",202,194.834456207892,0.0156856057249487,0.184,"Not Significant","synonymous"
"10202C>T","4086C>T",379,361.95187680462,0.0199883770799177,0.007,"Significant","synonymous"
"10202C>T","9575G>A",386,374.995187680462,0.0125616102166481,0.104,"Not Significant","synonymous"
"10202C>T","3795C>T",389,369.288739172281,0.0225835365393403,0.003,"Significant","synonymous"
"10202C>T","15736A>T",346,341.571703561116,0.00559421305295014,0.501,"Not Significant","synonymous"
"10202C>T","7130C>T",345,330.974013474495,0.0180251987225452,0.025,"Significant","synonymous"
"10202C>T","13902C>T",309,294.289701636189,0.0211834147456401,0.013,"Significant","synonymous"
"10202C>T","4604C>T",322,312.224254090472,0.0133892349536745,0.115,"Not Significant","synonymous"
"10202C>T","9374A>G",227,217.660250240616,0.0182467330550097,0.108,"Not Significant","synonymous"
"10202C>T","8967C>T",378,370.103946102021,0.00916808420658943,0.242,"Not Significant","synonymous"
"10202C>T","4248T>C",388,366.027911453321,0.0253175218173478,0,"Significant","synonymous"
"10202C>T","10196C>T",359,354.615014436959,0.00533732885015077,0.528,"Not Significant","synonymous"
"3687C>T","4161C>T",403,362.76708373436,0.0456771723866364,0,"Significant","synonymous"
"3687C>T","7756C>T",378,350.774783445621,0.0324634346530437,0,"Significant","synonymous"
"3687C>T","12774C>T",397,345.378248315688,0.0604955242378945,0,"Significant","synonymous"
"3687C>T","15616C>T",383,369.362848893167,0.0157455627022008,0.071,"Not Significant","synonymous"
"3687C>T","7690C>T",347,315.39749759384,0.0414712315351298,0,"Significant","synonymous"
"3687C>T","7256C>T",294,286.016361886429,0.0119564522700471,0.355,"Not Significant","synonymous"
"3687C>T","6378T>C",193,196.673724735322,-0.00818903380589336,0.637,"Not Significant","synonymous"
"3687C>T","5324C>T",222,220.658325312801,0.00263265667512754,0.886,"Not Significant","synonymous"
"3687C>T","12555A>T",291,263.230991337825,0.0435559696417779,0,"Significant","synonymous"
"3687C>T","11761C>T",381,347.177093358999,0.0403739128461798,0,"Significant","synonymous"
"3687C>T","12975A>G",367,324.391722810395,0.0535963000435122,0,"Significant","synonymous"
"3687C>T","10867C>T",388,362.76708373436,0.0292038518397384,0.003,"Significant","synonymous"
"3687C>T","12486C>T",169,173.888354186718,-0.0123837923872675,0.534,"Not Significant","synonymous"
"3687C>T","13380C>T",330,306.403272377286,0.0322205406411724,0.004,"Significant","synonymous"
"3687C>T","8368G>A",348,301.006737247353,0.0630030276995499,0,"Significant","synonymous"
"3687C>T","6050T>A",353,312.399422521655,0.0530644829862898,0,"Significant","synonymous"
"3687C>T","3960C>T",356,300.407122232916,0.0737397730036146,0,"Significant","synonymous"
"3687C>T","7888C>G",277,242.844080846968,0.0571522467477657,0,"Significant","synonymous"
"3687C>T","7007C>T",347,301.006737247353,0.0617532585438431,0,"Significant","synonymous"
"3687C>T","11806A>G",347,297.409047160732,0.0669752991986631,0,"Significant","synonymous"
"3687C>T","6617C>T",326,304.604427333975,0.0294813886820182,0.009,"Significant","synonymous"
"3687C>T","3543C>T",165,164.894128970164,0.000278751281651331,1,"Not Significant","synonymous"
"3687C>T","6173C>T",194,199.671799807507,-0.0125150026780797,0.449,"Not Significant","synonymous"
"3687C>T","15514T>C",298,272.225216554379,0.0392879121171452,0.002,"Significant","synonymous"
"3687C>T","11134A>T",134,143.307988450433,-0.0291656016853012,0.176,"Not Significant","synonymous"
"3687C>T","4086C>T",288,266.22906641001,0.0341370185426065,0.004,"Significant","synonymous"
"3687C>T","9575G>A",303,275.822906641001,0.0408122977187246,0.001,"Significant","synonymous"
"3687C>T","3795C>T",312,271.625601539942,0.060183892903598,0,"Significant","synonymous"
"3687C>T","15736A>T",273,251.238691049086,0.0360761249724546,0.007,"Significant","synonymous"
"3687C>T","7130C>T",236,243.443695861405,-0.0134865297090741,0.367,"Not Significant","synonymous"
"3687C>T","13902C>T",247,216.461020211742,0.0573172522519908,0,"Significant","synonymous"
"3687C>T","4604C>T",251,229.652550529355,0.0386024484104071,0.004,"Significant","synonymous"
"3687C>T","9374A>G",148,160.097208854668,-0.0341220450715879,0.087,"Not Significant","synonymous"
"3687C>T","8967C>T",303,272.225216554379,0.0465142765431926,0,"Significant","synonymous"
"3687C>T","4248T>C",278,269.227141482194,0.0139259558127558,0.274,"Not Significant","synonymous"
"3687C>T","10196C>T",285,260.832531280077,0.0384831039518665,0.004,"Significant","synonymous"
"4161C>T","7756C>T",397,340.640038498556,0.0664948135856251,0,"Significant","synonymous"
"4161C>T","12774C>T",418,335.399422521655,0.0956139712565061,0,"Significant","synonymous"
"4161C>T","15616C>T",390,358.691049085659,0.0363440677667726,0,"Significant","synonymous"
"4161C>T","7690C>T",368,306.284889316651,0.0797222474244633,0,"Significant","synonymous"
"4161C>T","7256C>T",320,277.752646775746,0.06149177218448,0,"Significant","synonymous"
"4161C>T","6378T>C",130,190.991337824832,-0.167070318500027,0,"Significant","synonymous"
"4161C>T","5324C>T",156,214.282964388835,-0.137863047414272,0,"Significant","synonymous"
"4161C>T","12555A>T",332,255.625601539942,0.113533736366584,0,"Significant","synonymous"
"4161C>T","11761C>T",387,337.146294513956,0.0598925741961672,0,"Significant","synonymous"
"4161C>T","12975A>G",406,315.019249278152,0.110188941375302,0,"Significant","synonymous"
"4161C>T","10867C>T",327,352.285851780558,-0.0323474490874648,0.003,"Significant","synonymous"
"4161C>T","12486C>T",105,168.864292589028,-0.206348525924153,0,"Significant","synonymous"
"4161C>T","13380C>T",351,297.550529355149,0.0717463892357977,0,"Significant","synonymous"
"4161C>T","8368G>A",373,292.309913378248,0.105865287568345,0,"Significant","synonymous"
"4161C>T","6050T>A",456,303.37343599615,0.176987292269571,0,"Significant","synonymous"
"4161C>T","3960C>T",382,291.727622714148,0.117085809949136,0,"Significant","synonymous"
"4161C>T","7888C>G",312,235.827718960539,0.121559743708438,0,"Significant","synonymous"
"4161C>T","7007C>T",345,292.309913378248,0.0719755508329407,0,"Significant","synonymous"
"4161C>T","11806A>G",377,288.816169393648,0.115719846620269,0,"Significant","synonymous"
"4161C>T","6617C>T",330,295.803657362849,0.0475104004986616,0,"Significant","synonymous"
"4161C>T","3543C>T",98,160.129932627526,-0.213246445232887,0,"Significant","synonymous"
"4161C>T","6173C>T",136,193.902791145332,-0.154045152231298,0,"Significant","synonymous"
"4161C>T","15514T>C",342,264.359961501444,0.111830426103702,0,"Significant","synonymous"
"4161C>T","11134A>T",70,139.167468719923,-0.298439688028864,0,"Significant","synonymous"
"4161C>T","4086C>T",322,258.537054860443,0.0953330744858865,0,"Significant","synonymous"
"4161C>T","9575G>A",327,267.853705486044,0.0866500938833912,0,"Significant","synonymous"
"4161C>T","3795C>T",309,263.777670837344,0.0687204503166871,0,"Significant","synonymous"
"4161C>T","15736A>T",320,243.97978825794,0.117796128258277,0,"Significant","synonymous"
"4161C>T","7130C>T",179,236.410009624639,-0.120812829692534,0,"Significant","synonymous"
"4161C>T","13902C>T",274,210.206929740135,0.11510353381939,0,"Significant","synonymous"
"4161C>T","4604C>T",291,223.017324350337,0.115554387921948,0,"Significant","synonymous"
"4161C>T","9374A>G",99,155.471607314726,-0.196015893862157,0,"Significant","synonymous"
"4161C>T","8967C>T",320,264.359961501444,0.0829542983674821,0,"Significant","synonymous"
"4161C>T","4248T>C",230,261.448508180943,-0.0556583320809991,0,"Significant","synonymous"
"4161C>T","10196C>T",255,253.296438883542,0.00291109638402523,0.849,"Not Significant","synonymous"
"7756C>T","12774C>T",374,324.311838306064,0.0619088002522473,0,"Significant","synonymous"
"7756C>T","15616C>T",370,346.833493743985,0.0280806933775586,0.001,"Significant","synonymous"
"7756C>T","7690C>T",349,296.159769008662,0.0712993642804155,0,"Significant","synonymous"
"7756C>T","7256C>T",289,268.570741097209,0.0318391451914195,0.002,"Significant","synonymous"
"7756C>T","6378T>C",162,184.677574590953,-0.0568991476940183,0.008,"Significant","synonymous"
"7756C>T","5324C>T",187,207.199230028874,-0.0445465306619991,0.007,"Significant","synonymous"
"7756C>T","12555A>T",288,247.175168431184,0.0663876489920815,0,"Significant","synonymous"
"7756C>T","11761C>T",364,326.000962463908,0.0478825013966029,0,"Significant","synonymous"
"7756C>T","12975A>G",365,304.605389797883,0.0785552808248787,0,"Significant","synonymous"
"7756C>T","10867C>T",348,340.640038498556,0.00928355076910634,0.381,"Not Significant","synonymous"
"7756C>T","12486C>T",132,163.282001924928,-0.0923643852180462,0,"Significant","synonymous"
"7756C>T","13380C>T",328,287.714148219442,0.0569126250519448,0,"Significant","synonymous"
"7756C>T","8368G>A",316,282.64677574591,0.0484430469483652,0,"Significant","synonymous"
"7756C>T","6050T>A",360,293.344562078922,0.0889244589427322,0,"Significant","synonymous"
"7756C>T","3960C>T",337,282.083734359962,0.0772518564790648,0,"Significant","synonymous"
"7756C>T","7888C>G",273,228.031761308951,0.078167305301053,0,"Significant","synonymous"
"7756C>T","7007C>T",336,282.64677574591,0.0750952417197972,0,"Significant","synonymous"
"7756C>T","11806A>G",334,279.268527430221,0.0777244717963385,0,"Significant","synonymous"
"7756C>T","6617C>T",312,286.025024061598,0.0377505632095078,0,"Significant","synonymous"
"7756C>T","3543C>T",118,154.836381135707,-0.117991005049053,0,"Significant","synonymous"
"7756C>T","6173C>T",160,187.492781520693,-0.0688645693753584,0,"Significant","synonymous"
"7756C>T","15514T>C",300,255.620789220404,0.0695250833375303,0,"Significant","synonymous"
"7756C>T","11134A>T",100,134.566891241578,-0.128938219473029,0,"Significant","synonymous"
"7756C>T","4086C>T",364,249.990375360924,0.163178095009379,0,"Significant","synonymous"
"7756C>T","9575G>A",309,258.999037536092,0.0766603292182304,0,"Significant","synonymous"
"7756C>T","3795C>T",297,255.057747834456,0.0661179287793534,0,"Significant","synonymous"
"7756C>T","15736A>T",283,235.914340712223,0.0790320940329612,0,"Significant","synonymous"
"7756C>T","7130C>T",205,228.594802694899,-0.0473124910464211,0.003,"Significant","synonymous"
"7756C>T","13902C>T",237,203.257940327238,0.0667008255794124,0,"Significant","synonymous"
"7756C>T","4604C>T",252,215.644850818094,0.0676614482878893,0,"Significant","synonymous"
"7756C>T","9374A>G",116,150.332050048123,-0.112593590662574,0,"Significant","synonymous"
"7756C>T","8967C>T",308,255.620789220404,0.0809545451183084,0,"Significant","synonymous"
"7756C>T","4248T>C",242,252.805582290664,-0.0189712935478873,0.16,"Not Significant","synonymous"
"7756C>T","10196C>T",242,244.923002887392,-0.00521420949920695,0.745,"Not Significant","synonymous"
"12774C>T","15616C>T",362,341.497593840231,0.0253209225026984,0.014,"Significant","synonymous"
"12774C>T","7690C>T",355,291.603464870067,0.0854356730352938,0,"Significant","synonymous"
"12774C>T","7256C>T",303,264.438883541867,0.0591173135961357,0,"Significant","synonymous"
"12774C>T","6378T>C",130,181.836381135707,-0.145737427270782,0,"Significant","synonymous"
"12774C>T","5324C>T",155,204.011549566891,-0.119323056369193,0,"Significant","synonymous"
"12774C>T","12555A>T",303,243.372473532243,0.0951711723941139,0,"Significant","synonymous"
"12774C>T","11761C>T",358,320.985563041386,0.0473975270503896,0,"Significant","synonymous"
"12774C>T","12975A>G",376,299.919153031761,0.0981836439550277,0,"Significant","synonymous"
"12774C>T","10867C>T",328,335.399422521655,-0.00968846680682151,0.392,"Not Significant","synonymous"
"12774C>T","12486C>T",100,160.769971126083,-0.206204933764826,0,"Significant","synonymous"
"12774C>T","13380C>T",320,283.287776708373,0.052922142319141,0,"Significant","synonymous"
"12774C>T","8368G>A",407,278.298363811357,0.165083756214117,0,"Significant","synonymous"
"12774C>T","6050T>A",378,288.831568816169,0.116847140671631,0,"Significant","synonymous"
"12774C>T","3960C>T",363,277.743984600577,0.116261963302795,0,"Significant","synonymous"
"12774C>T","7888C>G",295,224.523580365736,0.118560056897414,0,"Significant","synonymous"
"12774C>T","7007C>T",326,278.298363811357,0.0687069470568622,0,"Significant","synonymous"
"12774C>T","11806A>G",397,274.972088546679,0.159501894406835,0,"Significant","synonymous"
"12774C>T","6617C>T",309,281.624639076035,0.0402878312748672,0,"Significant","synonymous"
"12774C>T","3543C>T",100,152.454282964389,-0.183139629696148,0,"Significant","synonymous"
"12774C>T","6173C>T",136,184.608277189605,-0.132712261002053,0,"Significant","synonymous"
"12774C>T","15514T>C",303,251.688161693936,0.0805798397791373,0,"Significant","synonymous"
"12774C>T","11134A>T",70,132.496631376323,-0.277106796799623,0,"Significant","synonymous"
"12774C>T","4086C>T",303,246.14436958614,0.0902527225216175,0,"Significant","synonymous"
"12774C>T","9575G>A",318,255.014436958614,0.0958623524367903,0,"Significant","synonymous"
"12774C>T","3795C>T",297,251.133782483157,0.0728513114383191,0,"Significant","synonymous"
"12774C>T","15736A>T",287,232.284889316651,0.0918609379016267,0,"Significant","synonymous"
"12774C>T","7130C>T",173,225.077959576516,-0.114286866314375,0,"Significant","synonymous"
"12774C>T","13902C>T",257,200.130895091434,0.108618985559554,0,"Significant","synonymous"
"12774C>T","4604C>T",270,212.327237728585,0.104358054324286,0,"Significant","synonymous"
"12774C>T","9374A>G",96,148.019249278152,-0.188046964190882,0,"Significant","synonymous"
"12774C>T","8967C>T",304,251.688161693936,0.0820107948855855,0,"Significant","synonymous"
"12774C>T","4248T>C",217,248.916265640039,-0.0595935430208027,0,"Significant","synonymous"
"12774C>T","10196C>T",244,241.154956689124,0.00509363351805537,0.749,"Not Significant","synonymous"
"15616C>T","7690C>T",345,311.853705486044,0.0438681863122735,0,"Significant","synonymous"
"15616C>T","7256C>T",322,282.802694898941,0.0563723280484502,0,"Significant","synonymous"
"15616C>T","6378T>C",168,194.463907603465,-0.0635297265930291,0.001,"Significant","synonymous"
"15616C>T","5324C>T",194,218.179018286814,-0.0510112533505149,0.001,"Significant","synonymous"
"15616C>T","12555A>T",277,260.273339749759,0.027050084215069,0.049,"Significant","synonymous"
"15616C>T","11761C>T",361,343.276227141482,0.0218634735709675,0.031,"Significant","synonymous"
"15616C>T","12975A>G",365,320.7468719923,0.0561304347426408,0,"Significant","synonymous"
"15616C>T","10867C>T",371,358.691049085659,0.0146533703553249,0.119,"Not Significant","synonymous"
"15616C>T","12486C>T",144,171.934552454283,-0.0770006704109055,0,"Significant","synonymous"
"15616C>T","13380C>T",331,302.960538979788,0.0384419290337458,0.001,"Significant","synonymous"
"15616C>T","8368G>A",325,297.624639076035,0.0382144792265947,0,"Significant","synonymous"
"15616C>T","6050T>A",349,308.889316650626,0.0530225390523911,0,"Significant","synonymous"
"15616C>T","3960C>T",320,297.031761308951,0.0323470878454017,0.003,"Significant","synonymous"
"15616C>T","7888C>G",266,240.115495668912,0.0444614488091327,0.001,"Significant","synonymous"
"15616C>T","7007C>T",323,297.624639076035,0.035533640578824,0.003,"Significant","synonymous"
"15616C>T","11806A>G",320,294.067372473532,0.0367031372224485,0.002,"Significant","synonymous"
"15616C>T","6617C>T",312,301.181905678537,0.0153257171272704,0.2,"Not Significant","synonymous"
"15616C>T","3543C>T",138,163.041385948027,-0.0724187720362258,0,"Significant","synonymous"
"15616C>T","6173C>T",175,197.428296438884,-0.0523713494272454,0.002,"Significant","synonymous"
"15616C>T","15514T>C",294,269.166506256015,0.0383263129477916,0.003,"Significant","synonymous"
"15616C>T","11134A>T",109,141.697786333013,-0.11393656761467,0,"Significant","synonymous"
"15616C>T","4086C>T",287,263.237728585178,0.0375337620121107,0.004,"Significant","synonymous"
"15616C>T","9575G>A",293,272.723772858518,0.0311446240652763,0.02,"Significant","synonymous"
"15616C>T","3795C>T",305,268.573628488932,0.0552364727266865,0,"Significant","synonymous"
"15616C>T","15736A>T",275,248.415784408085,0.0441535062567024,0,"Significant","synonymous"
"15616C>T","7130C>T",231,240.708373435996,-0.0178792182922903,0.233,"Not Significant","synonymous"
"15616C>T","13902C>T",227,214.028873917228,0.0255534906802051,0.091,"Not Significant","synonymous"
"15616C>T","4604C>T",263,227.07218479307,0.0637918099138609,0,"Significant","synonymous"
"15616C>T","9374A>G",136,158.298363811357,-0.0659375176015608,0.002,"Significant","synonymous"
"15616C>T","8967C>T",297,269.166506256015,0.0427354318528451,0.001,"Significant","synonymous"
"15616C>T","4248T>C",266,266.202117420597,-0.000329868979504182,1,"Not Significant","synonymous"
"15616C>T","10196C>T",274,257.901828681424,0.0262961412584926,0.045,"Significant","synonymous"
"7690C>T","7256C>T",268,241.484119345525,0.0452462183920954,0.001,"Significant","synonymous"
"7690C>T","6378T>C",131,166.051973051011,-0.102972744652407,0,"Significant","synonymous"
"7690C>T","5324C>T",153,186.302213666987,-0.0855265844524298,0,"Significant","synonymous"
"7690C>T","12555A>T",265,222.246390760346,0.0764111570980933,0,"Significant","synonymous"
"7690C>T","11761C>T",320,293.122232916266,0.0381012179958958,0.002,"Significant","synonymous"
"7690C>T","12975A>G",343,273.884504331088,0.0977266583396074,0,"Significant","synonymous"
"7690C>T","10867C>T",296,306.284889316651,-0.0148338601900871,0.219,"Not Significant","synonymous"
"7690C>T","12486C>T",104,146.814244465833,-0.149734855196616,0,"Significant","synonymous"
"7690C>T","13380C>T",294,258.696823869105,0.0555562336808628,0,"Significant","synonymous"
"7690C>T","8368G>A",303,254.14051973051,0.0763687147606965,0,"Significant","synonymous"
"7690C>T","6050T>A",337,263.759384023099,0.106421980975217,0,"Significant","synonymous"
"7690C>T","3960C>T",321,253.634263715111,0.102297109941029,0,"Significant","synonymous"
"7690C>T","7888C>G",248,205.033686236766,0.0826264610149493,0,"Significant","synonymous"
"7690C>T","7007C>T",301,254.14051973051,0.0734925818522357,0,"Significant","synonymous"
"7690C>T","11806A>G",302,251.102983638114,0.0801550698703623,0,"Significant","synonymous"
"7690C>T","6617C>T",285,257.178055822907,0.0446109511280128,0.001,"Significant","synonymous"
"7690C>T","3543C>T",99,139.220404234841,-0.148067695829148,0,"Significant","synonymous"
"7690C>T","6173C>T",131,168.583253128008,-0.109543134447043,0,"Significant","synonymous"
"7690C>T","15514T>C",291,229.840230991338,0.102466939532202,0,"Significant","synonymous"
"7690C>T","11134A>T",72,120.995187680462,-0.225435601113187,0,"Significant","synonymous"
"7690C>T","4086C>T",268,224.777670837344,0.0763816273175762,0,"Significant","synonymous"
"7690C>T","9575G>A",291,232.877767083734,0.0967649607077343,0,"Significant","synonymous"
"7690C>T","3795C>T",278,229.333974975938,0.0835763973086496,0,"Significant","synonymous"
"7690C>T","15736A>T",275,212.121270452358,0.112748474267359,0,"Significant","synonymous"
"7690C>T","7130C>T",170,205.539942252166,-0.0824473087954377,0,"Significant","synonymous"
"7690C>T","13902C>T",224,182.758421559192,0.0883706198318995,0,"Significant","synonymous"
"7690C>T","4604C>T",251,193.896053897979,0.112104750915803,0,"Significant","synonymous"
"7690C>T","9374A>G",95,135.170356111646,-0.153157852672153,0,"Significant","synonymous"
"7690C>T","8967C>T",278,229.840230991338,0.0826187464643779,0,"Significant","synonymous"
"7690C>T","4248T>C",210,227.308950914341,-0.0343972428659499,0.03,"Significant","synonymous"
"7690C>T","10196C>T",218,220.221366698749,-0.00440295994659218,0.782,"Not Significant","synonymous"
"7256C>T","6378T>C",99,150.583253128008,-0.182141480596915,0,"Significant","synonymous"
"7256C>T","5324C>T",125,168.947064485082,-0.130840637148307,0,"Significant","synonymous"
"7256C>T","12555A>T",258,201.542829643888,0.107252354238125,0,"Significant","synonymous"
"7256C>T","11761C>T",339,265.816169393648,0.105618302992674,0,"Significant","synonymous"
"7256C>T","12975A>G",295,248.370548604427,0.0747219193886295,0,"Significant","synonymous"
"7256C>T","10867C>T",258,277.752646775746,-0.0320385001721632,0.014,"Significant","synonymous"
"7256C>T","12486C>T",67,133.137632338787,-0.298226026680744,0,"Significant","synonymous"
"7256C>T","13380C>T",264,234.597690086622,0.0512801952521612,0,"Significant","synonymous"
"7256C>T","8368G>A",267,230.46583253128,0.0639047127365936,0,"Significant","synonymous"
"7256C>T","6050T>A",288,239.18864292589,0.0806519329767391,0,"Significant","synonymous"
"7256C>T","3960C>T",275,230.006737247353,0.0775921364800495,0,"Significant","synonymous"
"7256C>T","7888C>G",236,185.933589990375,0.103554148272452,0,"Significant","synonymous"
"7256C>T","7007C>T",258,230.46583253128,0.0490131573352542,0,"Significant","synonymous"
"7256C>T","11806A>G",263,227.711260827719,0.0625712405165983,0,"Significant","synonymous"
"7256C>T","6617C>T",253,233.220404234841,0.0353539774089476,0.018,"Significant","synonymous"
"7256C>T","3543C>T",71,126.251203079884,-0.249977176593856,0,"Significant","synonymous"
"7256C>T","6173C>T",103,152.878729547642,-0.171509840283947,0,"Significant","synonymous"
"7256C>T","15514T>C",324,208.429258902791,0.191586325866497,0,"Significant","synonymous"
"7256C>T","11134A>T",48,109.723772858518,-0.359059495054978,0,"Significant","synonymous"
"7256C>T","4086C>T",239,203.838306063523,0.0691120993505501,0,"Significant","synonymous"
"7256C>T","9575G>A",235,211.183830606352,0.0464071991072049,0.001,"Significant","synonymous"
"7256C>T","3795C>T",242,207.970163618864,0.0658143324846335,0,"Significant","synonymous"
"7256C>T","15736A>T",320,192.360923965351,0.221033123870584,0,"Significant","synonymous"
"7256C>T","7130C>T",154,186.392685274302,-0.0829081442236185,0,"Significant","synonymous"
"7256C>T","13902C>T",216,165.733397497594,0.115043717762276,0,"Significant","synonymous"
"7256C>T","4604C>T",287,175.833493743985,0.212780291282337,0,"Significant","synonymous"
"7256C>T","9374A>G",76,122.57844080847,-0.207600500566503,0,"Significant","synonymous"
"7256C>T","8967C>T",249,208.429258902791,0.077240662755662,0,"Significant","synonymous"
"7256C>T","4248T>C",184,206.133782483157,-0.0493313494766979,0.003,"Significant","synonymous"
"7256C>T","10196C>T",219,199.706448508181,0.0400520264025253,0.02,"Significant","synonymous"
"6378T>C","5324C>T",236,116.173243503369,0.307805888141897,0,"Significant","synonymous"
"6378T>C","12555A>T",74,138.587102983638,-0.272491096665373,0,"Significant","synonymous"
"6378T>C","11761C>T",172,182.783445620789,-0.026408412974374,0.166,"Not Significant","synonymous"
"6378T>C","12975A>G",78,170.78729547642,-0.340360958570288,0,"Significant","synonymous"
"6378T>C","10867C>T",270,190.991337824832,0.15035009335195,0,"Significant","synonymous"
"6378T>C","12486C>T",236,91.5495668912416,0.411255708916358,0,"Significant","synonymous"
"6378T>C","13380C>T",119,161.316650625602,-0.132132234896588,0,"Significant","synonymous"
"6378T>C","8368G>A",103,158.475457170356,-0.187124788594201,0,"Significant","synonymous"
"6378T>C","6050T>A",78,164.473532242541,-0.324001416763253,0,"Significant","synonymous"
"6378T>C","3960C>T",89,158.159769008662,-0.249706015376621,0,"Significant","synonymous"
"6378T>C","7888C>G",63,127.853705486044,-0.307372769915239,0,"Significant","synonymous"
"6378T>C","7007C>T",130,158.475457170356,-0.0860186609926241,0.001,"Significant","synonymous"
"6378T>C","11806A>G",99,156.581328200193,-0.199104778046988,0,"Significant","synonymous"
"6378T>C","6617C>T",152,160.36958614052,-0.0232784204936334,0.3,"Not Significant","synonymous"
"6378T>C","3543C>T",234,86.8142444658325,0.430624867425064,0,"Significant","synonymous"
"6378T>C","6173C>T",243,105.124157844081,0.363903743937256,0,"Significant","synonymous"
"6378T>C","15514T>C",87,143.322425409047,-0.216794896392791,0,"Significant","synonymous"
"6378T>C","11134A>T",221,75.4494706448508,0.466736076582092,0,"Significant","synonymous"
"6378T>C","4086C>T",91,140.165543792108,-0.18759987394786,0,"Significant","synonymous"
"6378T>C","9575G>A",91,145.216554379211,-0.202974735514804,0,"Significant","synonymous"
"6378T>C","3795C>T",98,143.006737247353,-0.164130422474699,0,"Significant","synonymous"
"6378T>C","15736A>T",66,132.273339749759,-0.301928383578599,0,"Significant","synonymous"
"6378T>C","7130C>T",235,128.169393647738,0.263283532539886,0,"Significant","synonymous"
"6378T>C","13902C>T",62,113.963426371511,-0.264373808561586,0,"Significant","synonymous"
"6378T>C","4604C>T",71,120.908565928778,-0.231198721403797,0,"Significant","synonymous"
"6378T>C","9374A>G",214,84.288739172281,0.404644215829802,0,"Significant","synonymous"
"6378T>C","8967C>T",85,143.322425409047,-0.226895223297105,0,"Significant","synonymous"
"6378T>C","4248T>C",240,141.743984600577,0.228706604553656,0,"Significant","synonymous"
"6378T>C","10196C>T",137,137.324350336862,-0.00102698595273151,1,"Not Significant","synonymous"
"5324C>T","12555A>T",97,155.487969201155,-0.204925057092048,0,"Significant","synonymous"
"5324C>T","11761C>T",192,205.074109720885,-0.0286096061402124,0.1,"Not Significant","synonymous"
"5324C>T","12975A>G",118,191.615014436959,-0.210547528916643,0,"Significant","synonymous"
"5324C>T","10867C>T",291,214.282964388835,0.132905343217045,0,"Significant","synonymous"
"5324C>T","12486C>T",235,102.714148219442,0.359437593256202,0,"Significant","synonymous"
"5324C>T","13380C>T",142,180.989412897016,-0.105364826867931,0,"Significant","synonymous"
"5324C>T","8368G>A",121,177.801732435034,-0.167150617944795,0,"Significant","synonymous"
"5324C>T","6050T>A",105,184.531280076997,-0.244880695345748,0,"Significant","synonymous"
"5324C>T","3960C>T",115,177.447545717036,-0.188372156629841,0,"Significant","synonymous"
"5324C>T","7888C>G",88,143.44562078922,-0.212204622180649,0,"Significant","synonymous"
"5324C>T","7007C>T",155,177.801732435034,-0.0596042900910321,0.005,"Significant","synonymous"
"5324C>T","11806A>G",120,175.676612127045,-0.165532701558798,0,"Significant","synonymous"
"5324C>T","6617C>T",174,179.926852743022,-0.0145467351176515,0.463,"Not Significant","synonymous"
"5324C>T","3543C>T",228,97.4013474494706,0.369369882053596,0,"Significant","synonymous"
"5324C>T","6173C>T",237,117.944177093359,0.303071841387259,0,"Significant","synonymous"
"5324C>T","15514T>C",111,160.800769971126,-0.160965145186666,0,"Significant","synonymous"
"5324C>T","11134A>T",219,84.6506256015399,0.412813942775326,0,"Significant","synonymous"
"5324C>T","4086C>T",109,157.258902791145,-0.159188743290214,0,"Significant","synonymous"
"5324C>T","9575G>A",114,162.925890279115,-0.155085251461327,0,"Significant","synonymous"
"5324C>T","3795C>T",121,160.446583253128,-0.122545102812634,0,"Significant","synonymous"
"5324C>T","15736A>T",83,148.404234841193,-0.252368201706331,0,"Significant","synonymous"
"5324C>T","7130C>T",230,143.799807507218,0.203969531323945,0,"Significant","synonymous"
"5324C>T","13902C>T",80,127.861405197305,-0.203649486029851,0,"Significant","synonymous"
"5324C>T","4604C>T",79,135.653512993263,-0.234803953794292,0,"Significant","synonymous"
"5324C>T","9374A>G",202,94.567853705486,0.329607836965464,0,"Significant","synonymous"
"5324C>T","8967C>T",111,160.800769971126,-0.160965145186666,0,"Significant","synonymous"
"5324C>T","4248T>C",251,159.029836381136,0.198195109361275,0,"Significant","synonymous"
"5324C>T","10196C>T",156,154.071222329163,0.0054030702834806,0.848,"Not Significant","synonymous"
"12555A>T","11761C>T",290,244.640038498556,0.0738704614865482,0,"Significant","synonymous"
"12555A>T","12975A>G",309,228.584215591915,0.130912241633272,0,"Significant","synonymous"
"12555A>T","10867C>T",229,255.625601539942,-0.0477688649975051,0.001,"Significant","synonymous"
"12555A>T","12486C>T",49,122.531280076997,-0.398050890554854,0,"Significant","synonymous"
"12555A>T","13380C>T",268,215.908565928778,0.093864921209093,0,"Significant","synonymous"
"12555A>T","8368G>A",270,212.105871029836,0.10481107432898,0,"Significant","synonymous"
"12555A>T","6050T>A",318,220.133782483157,0.159740423999903,0,"Significant","synonymous"
"12555A>T","3960C>T",302,211.683349374398,0.1543202444049,0,"Significant","synonymous"
"12555A>T","7888C>G",348,171.121270452358,0.30827524804684,0,"Significant","synonymous"
"12555A>T","7007C>T",261,212.105871029836,0.0900878175082793,0,"Significant","synonymous"
"12555A>T","11806A>G",290,209.570741097209,0.141067348723757,0,"Significant","synonymous"
"12555A>T","6617C>T",254,214.641000962464,0.0731210316510435,0,"Significant","synonymous"
"12555A>T","3543C>T",49,116.193455245428,-0.37498558648618,0,"Significant","synonymous"
"12555A>T","6173C>T",65,140.699711260828,-0.335379849548049,0,"Significant","synonymous"
"12555A>T","15514T>C",284,191.824831568816,0.170413514504916,0,"Significant","synonymous"
"12555A>T","11134A>T",27,100.982675649663,-0.572883109472916,0,"Significant","synonymous"
"12555A>T","4086C>T",236,187.599615014437,0.0996800601704953,0,"Significant","synonymous"
"12555A>T","9575G>A",269,194.359961501444,0.141145475635828,0,"Significant","synonymous"
"12555A>T","3795C>T",247,191.402309913378,0.110749778561839,0,"Significant","synonymous"
"12555A>T","15736A>T",268,177.036573628489,0.180071798377466,0,"Significant","synonymous"
"12555A>T","7130C>T",110,171.543792107796,-0.192982321103771,0,"Significant","synonymous"
"12555A>T","13902C>T",311,152.53031761309,0.309404214436091,0,"Significant","synonymous"
"12555A>T","4604C>T",246,161.825794032724,0.181887360449721,0,"Significant","synonymous"
"12555A>T","9374A>G",50,112.813282001925,-0.353390229713017,0,"Significant","synonymous"
"12555A>T","8967C>T",252,191.824831568816,0.118495715239442,0,"Significant","synonymous"
"12555A>T","4248T>C",165,189.712223291627,-0.0606113694743266,0.001,"Significant","synonymous"
"12555A>T","10196C>T",184,183.796920115496,0.000479593369954929,1,"Not Significant","synonymous"
"11761C>T","12975A>G",352,301.481231953802,0.0672823822012822,0,"Significant","synonymous"
"11761C>T","10867C>T",346,337.146294513956,0.0112577079700457,0.31,"Not Significant","synonymous"
"11761C>T","12486C>T",151,161.607314725698,-0.0294840667760265,0.148,"Not Significant","synonymous"
"11761C>T","13380C>T",302,284.763233878729,0.0255230266521705,0.031,"Significant","synonymous"
"11761C>T","8368G>A",319,279.747834456208,0.0570239497418839,0,"Significant","synonymous"
"11761C>T","6050T>A",348,290.335899903754,0.0786785044767728,0,"Significant","synonymous"
"11761C>T","3960C>T",328,279.190567853705,0.0699731016741514,0,"Significant","synonymous"
"11761C>T","7888C>G",268,225.692974013474,0.0746167546438311,0,"Significant","synonymous"
"11761C>T","7007C>T",316,279.747834456208,0.0529203493031079,0,"Significant","synonymous"
"11761C>T","11806A>G",313,276.404234841193,0.0539996448859739,0,"Significant","synonymous"
"11761C>T","6617C>T",309,283.091434071222,0.0380317509706438,0.001,"Significant","synonymous"
"11761C>T","3543C>T",142,153.248315688162,-0.0331073656174424,0.136,"Not Significant","synonymous"
"11761C>T","6173C>T",171,185.569778633301,-0.0355111392844049,0.052,"Not Significant","synonymous"
"11761C>T","15514T>C",356,252.999037536092,0.148331128945463,0,"Significant","synonymous"
"11761C>T","11134A>T",117,133.186717998075,-0.0562750553721896,0.021,"Significant","synonymous"
"11761C>T","4086C>T",278,247.426371511068,0.0505988096331784,0,"Significant","synonymous"
"11761C>T","9575G>A",275,256.342637151107,0.0305118459784183,0.027,"Significant","synonymous"
"11761C>T","3795C>T",280,252.44177093359,0.0449968131591117,0,"Significant","synonymous"
"11761C>T","15736A>T",346,233.494706448508,0.170799059656162,0,"Significant","synonymous"
"11761C>T","7130C>T",214,226.250240615977,-0.0241752763982511,0.127,"Not Significant","synonymous"
"11761C>T","13902C>T",236,201.173243503369,0.069341784894158,0,"Significant","synonymous"
"11761C>T","4604C>T",319,213.433108758422,0.174528892918232,0,"Significant","synonymous"
"11761C>T","9374A>G",136,148.790182868142,-0.039035369164589,0.088,"Not Significant","synonymous"
"11761C>T","8967C>T",270,252.999037536092,0.0282448951316138,0.027,"Significant","synonymous"
"11761C>T","4248T>C",250,250.21270452358,-0.000369348501544233,1,"Not Significant","synonymous"
"11761C>T","10196C>T",253,242.410972088547,0.0185682480509143,0.177,"Not Significant","synonymous"
"12975A>G","10867C>T",286,315.019249278152,-0.0419710590728039,0,"Significant","synonymous"
"12975A>G","12486C>T",60,151.000962463908,-0.400828465064268,0,"Significant","synonymous"
"12975A>G","13380C>T",312,266.074109720885,0.0691519763343141,0,"Significant","synonymous"
"12975A>G","8368G>A",333,261.387872954764,0.105158798811873,0,"Significant","synonymous"
"12975A>G","6050T>A",386,271.28103946102,0.153167863822791,0,"Significant","synonymous"
"12975A>G","3960C>T",361,260.867179980751,0.141087758488974,0,"Significant","synonymous"
"12975A>G","7888C>G",291,210.880654475457,0.13985624822179,0,"Significant","synonymous"
"12975A>G","7007C>T",319,261.387872954764,0.0865052483627397,0,"Significant","synonymous"
"12975A>G","11806A>G",343,258.263715110683,0.123230726003139,0,"Significant","synonymous"
"12975A>G","6617C>T",288,264.512030798845,0.0369470579259062,0.002,"Significant","synonymous"
"12975A>G","3543C>T",49,143.190567853705,-0.465718331350558,0,"Significant","synonymous"
"12975A>G","6173C>T",87,173.390760346487,-0.299506698436845,0,"Significant","synonymous"
"12975A>G","15514T>C",330,236.394610202117,0.144876369471339,0,"Significant","synonymous"
"12975A>G","11134A>T",32,124.44562078922,-0.589829640176616,0,"Significant","synonymous"
"12975A>G","4086C>T",303,231.187680461983,0.117477940838249,0,"Significant","synonymous"
"12975A>G","9575G>A",308,239.518768046198,0.109211167269438,0,"Significant","synonymous"
"12975A>G","3795C>T",309,235.873917228104,0.117278559862567,0,"Significant","synonymous"
"12975A>G","15736A>T",308,218.170356111646,0.149754975984699,0,"Significant","synonymous"
"12975A>G","7130C>T",130,211.401347449471,-0.211164398819621,0,"Significant","synonymous"
"12975A>G","13902C>T",261,187.970163618864,0.142551587883166,0,"Significant","synonymous"
"12975A>G","4604C>T",287,199.425409047161,0.158101405215911,0,"Significant","synonymous"
"12975A>G","9374A>G",58,139.025024061598,-0.379664985350594,0,"Significant","synonymous"
"12975A>G","8967C>T",304,236.394610202117,0.109236013202217,0,"Significant","synonymous"
"12975A>G","4248T>C",170,233.79114533205,-0.138379137174372,0,"Significant","synonymous"
"12975A>G","10196C>T",232,226.501443695861,0.0104170103868658,0.521,"Not Significant","synonymous"
"10867C>T","12486C>T",249,168.864292589028,0.168661522101406,0,"Significant","synonymous"
"10867C>T","13380C>T",296,297.550529355149,-0.00226901617106479,0.84,"Not Significant","synonymous"
"10867C>T","8368G>A",269,292.309913378248,-0.0360912642378899,0.005,"Significant","synonymous"
"10867C>T","6050T>A",269,303.37343599615,-0.0522252703923897,0,"Significant","synonymous"
"10867C>T","3960C>T",276,291.727622714148,-0.0240684708973111,0.056,"Not Significant","synonymous"
"10867C>T","7888C>G",208,235.827718960539,-0.0545315153471739,0,"Significant","synonymous"
"10867C>T","7007C>T",288,292.309913378248,-0.00645105648107769,0.62,"Not Significant","synonymous"
"10867C>T","11806A>G",266,288.816169393648,-0.035739866954409,0.009,"Significant","synonymous"
"10867C>T","6617C>T",298,295.803657362849,0.00321272469704351,0.811,"Not Significant","synonymous"
"10867C>T","3543C>T",238,160.129932627526,0.172104436130869,0,"Significant","synonymous"
"10867C>T","6173C>T",272,193.902791145332,0.146984843432523,0,"Significant","synonymous"
"10867C>T","15514T>C",248,264.359961501444,-0.0277439991261682,0.049,"Significant","synonymous"
"10867C>T","11134A>T",216,139.167468719923,0.190916023107391,0,"Significant","synonymous"
"10867C>T","4086C>T",258,258.537054860443,-0.000903091246680741,0.946,"Not Significant","synonymous"
"10867C>T","9575G>A",258,267.853705486044,-0.0162779528136291,0.241,"Not Significant","synonymous"
"10867C>T","3795C>T",246,263.777670837344,-0.0303029220047324,0.033,"Significant","synonymous"
"10867C>T","15736A>T",220,243.97978825794,-0.0449311692393611,0.001,"Significant","synonymous"
"10867C>T","7130C>T",296,236.410009624639,0.097625850386416,0,"Significant","synonymous"
"10867C>T","13902C>T",193,210.206929740135,-0.0370897199931572,0.019,"Significant","synonymous"
"10867C>T","4604C>T",208,223.017324350337,-0.0302752661011386,0.06,"Not Significant","synonymous"
"10867C>T","9374A>G",231,155.471607314726,0.171960891432186,0,"Significant","synonymous"
"10867C>T","8967C>T",248,264.359961501444,-0.0277439991261682,0.042,"Significant","synonymous"
"10867C>T","4248T>C",325,261.448508180943,0.0944971928802272,0,"Significant","synonymous"
"10867C>T","10196C>T",275,253.296438883542,0.0357036097803203,0.004,"Significant","synonymous"
"12486C>T","13380C>T",98,142.627526467757,-0.162977274783858,0,"Significant","synonymous"
"12486C>T","8368G>A",75,140.115495668912,-0.271424904094829,0,"Significant","synonymous"
"12486C>T","6050T>A",53,145.418671799807,-0.438344304039993,0,"Significant","synonymous"
"12486C>T","3960C>T",60,139.836381135707,-0.367468925824967,0,"Significant","synonymous"
"12486C>T","7888C>G",37,113.041385948027,-0.485035749488663,0,"Significant","synonymous"
"12486C>T","7007C>T",99,140.115495668912,-0.150850972889119,0,"Significant","synonymous"
"12486C>T","11806A>G",73,138.440808469682,-0.277941266711239,0,"Significant","synonymous"
"12486C>T","6617C>T",131,141.790182868142,-0.0343748669699084,0.146,"Not Significant","synonymous"
"12486C>T","3543C>T",224,76.7564966313763,0.46513287416175,0,"Significant","synonymous"
"12486C>T","6173C>T",234,92.9451395572666,0.400989173561763,0,"Significant","synonymous"
"12486C>T","15514T>C",69,126.717998075072,-0.263989212461341,0,"Significant","synonymous"
"12486C>T","11134A>T",217,66.7083734359961,0.512279382558162,0,"Significant","synonymous"
"12486C>T","4086C>T",71,123.926852743022,-0.241907071737062,0,"Significant","synonymous"
"12486C>T","9575G>A",65,128.392685274302,-0.295626925380167,0,"Significant","synonymous"
"12486C>T","3795C>T",70,126.438883541867,-0.256782612340077,0,"Significant","synonymous"
"12486C>T","15736A>T",45,116.948989412897,-0.414783959532137,0,"Significant","synonymous"
"12486C>T","7130C>T",223,113.320500481232,0.293996379128999,0,"Significant","synonymous"
"12486C>T","13902C>T",41,100.760346487007,-0.390505795527073,0,"Significant","synonymous"
"12486C>T","4604C>T",47,106.900866217517,-0.356883366374166,0,"Significant","synonymous"
"12486C>T","9374A>G",207,74.5235803657363,0.443676633750191,0,"Significant","synonymous"
"12486C>T","8967C>T",62,126.717998075072,-0.310446613700271,0,"Significant","synonymous"
"12486C>T","4248T>C",228,125.322425409047,0.259906055655196,0,"Significant","synonymous"
"12486C>T","10196C>T",112,121.414821944177,-0.0350536846262043,0.217,"Not Significant","synonymous"
"13380C>T","8368G>A",276,246.893166506256,0.0484000123426446,0,"Significant","synonymous"
"13380C>T","6050T>A",319,256.237728585178,0.0951476071800879,0,"Significant","synonymous"
"13380C>T","3960C>T",293,246.401347449471,0.0752245419093004,0,"Significant","synonymous"
"13380C>T","7888C>G",252,199.186717998075,0.102140164989295,0,"Significant","synonymous"
"13380C>T","7007C>T",275,246.893166506256,0.0468236241076901,0,"Significant","synonymous"
"13380C>T","11806A>G",278,243.942252165544,0.0567577668503217,0,"Significant","synonymous"
"13380C>T","6617C>T",284,249.844080846968,0.0556492751855622,0,"Significant","synonymous"
"13380C>T","3543C>T",92,135.250240615977,-0.167350219062092,0,"Significant","synonymous"
"13380C>T","6173C>T",125,163.775745909528,-0.117339573075716,0,"Significant","synonymous"
"13380C>T","15514T>C",259,223.285851780558,0.0644385586465858,0,"Significant","synonymous"
"13380C>T","11134A>T",77,117.544754571704,-0.183712528352997,0,"Significant","synonymous"
"13380C>T","4086C>T",263,218.367661212704,0.080767425797569,0,"Significant","synonymous"
"13380C>T","9575G>A",272,226.23676612127,0.0800057197750571,0,"Significant","synonymous"
"13380C>T","3795C>T",256,222.794032723773,0.0603364107214571,0,"Significant","synonymous"
"13380C>T","15736A>T",248,206.07218479307,0.08043230528235,0,"Significant","synonymous"
"13380C>T","7130C>T",172,199.67853705486,-0.0648029392471455,0,"Significant","synonymous"
"13380C>T","13902C>T",226,177.546679499519,0.104795884664155,0,"Significant","synonymous"
"13380C>T","4604C>T",230,188.366698748797,0.0867237094713931,0,"Significant","synonymous"
"13380C>T","9374A>G",96,131.315688161694,-0.13604538090242,0,"Significant","synonymous"
"13380C>T","8967C>T",261,223.285851780558,0.0677793019036136,0,"Significant","synonymous"
"13380C>T","4248T>C",208,220.826756496631,-0.0259883586180849,0.12,"Not Significant","synonymous"
"13380C>T","10196C>T",205,213.941289701636,-0.0185407484764095,0.312,"Not Significant","synonymous"
"8368G>A","6050T>A",351,251.724735322425,0.144381223578409,0,"Significant","synonymous"
"8368G>A","3960C>T",333,242.061597690087,0.138518338051183,0,"Significant","synonymous"
"8368G>A","7888C>G",263,195.67853705486,0.128412555687191,0,"Significant","synonymous"
"8368G>A","7007C>T",278,242.544754571704,0.0592529091851922,0,"Significant","synonymous"
"8368G>A","11806A>G",385,239.645813282002,0.205890883430393,0,"Significant","synonymous"
"8368G>A","6617C>T",272,245.443695861405,0.0446170221624203,0.001,"Significant","synonymous"
"8368G>A","3543C>T",75,132.868142444658,-0.248359600026152,0,"Significant","synonymous"
"8368G>A","6173C>T",101,160.891241578441,-0.202211029311359,0,"Significant","synonymous"
"8368G>A","15514T>C",285,219.35322425409,0.113700837563519,0,"Significant","synonymous"
"8368G>A","11134A>T",49,115.474494706448,-0.372289990506956,0,"Significant","synonymous"
"8368G>A","4086C>T",262,214.521655437921,0.086830151617247,0,"Significant","synonymous"
"8368G>A","9575G>A",269,222.252165543792,0.082906278732958,0,"Significant","synonymous"
"8368G>A","3795C>T",279,218.870067372474,0.105417831672881,0,"Significant","synonymous"
"8368G>A","15736A>T",268,202.442733397498,0.121832601474599,0,"Significant","synonymous"
"8368G>A","7130C>T",148,196.161693936477,-0.122352487770007,0,"Significant","synonymous"
"8368G>A","13902C>T",231,174.419634263715,0.122016608398583,0,"Significant","synonymous"
"8368G>A","4604C>T",255,185.049085659288,0.139253236877426,0,"Significant","synonymous"
"8368G>A","9374A>G",75,129.002887391723,-0.235538167560475,0,"Significant","synonymous"
"8368G>A","8967C>T",263,219.35322425409,0.0788117260447792,0,"Significant","synonymous"
"8368G>A","4248T>C",195,216.937439846006,-0.0462998992286246,0.012,"Significant","synonymous"
"8368G>A","10196C>T",220,210.173243503369,0.0198452542797177,0.249,"Not Significant","synonymous"
"6050T>A","3960C>T",369,251.223291626564,0.166966464549412,0,"Significant","synonymous"
"6050T>A","7888C>G",293,203.084696823869,0.159190421397028,0,"Significant","synonymous"
"6050T>A","7007C>T",320,251.724735322425,0.104224085432503,0,"Significant","synonymous"
"6050T>A","11806A>G",356,248.716073147257,0.155746145740278,0,"Significant","synonymous"
"6050T>A","6617C>T",297,254.733397497594,0.0666705612909218,0,"Significant","synonymous"
"6050T>A","3543C>T",52,137.897016361886,-0.42355152593729,0,"Significant","synonymous"
"6050T>A","6173C>T",80,166.980750721848,-0.319576422256441,0,"Significant","synonymous"
"6050T>A","15514T>C",321,227.655437921078,0.149227003805366,0,"Significant","synonymous"
"6050T>A","11134A>T",20,119.845043310876,-0.777590081024695,0,"Significant","synonymous"
"6050T>A","4086C>T",291,222.641000962464,0.116287843128895,0,"Significant","synonymous"
"6050T>A","9575G>A",311,230.664100096246,0.129780381602868,0,"Significant","synonymous"
"6050T>A","3795C>T",296,227.153994225217,0.114971333303715,0,"Significant","synonymous"
"6050T>A","15736A>T",304,210.104908565929,0.160437384900047,0,"Significant","synonymous"
"6050T>A","7130C>T",130,203.586140519731,-0.194804857012584,0,"Significant","synonymous"
"6050T>A","13902C>T",255,181.021174205967,0.148810802785881,0,"Significant","synonymous"
"6050T>A","4604C>T",276,192.052935514918,0.157488132354179,0,"Significant","synonymous"
"6050T>A","9374A>G",53,133.885466794995,-0.402457567505638,0,"Significant","synonymous"
"6050T>A","8967C>T",300,227.655437921078,0.119843226120165,0,"Significant","synonymous"
"6050T>A","4248T>C",178,225.148219441771,-0.102048514436725,0,"Significant","synonymous"
"6050T>A","10196C>T",224,218.128007699711,0.0115365856371731,0.459,"Not Significant","synonymous"
"3960C>T","7888C>G",281,195.288739172281,0.158029118380275,0,"Significant","synonymous"
"3960C>T","7007C>T",303,242.061597690087,0.0975167330471813,0,"Significant","synonymous"
"3960C>T","11806A>G",332,239.168431183831,0.14243422890372,0,"Significant","synonymous"
"3960C>T","6617C>T",287,244.954764196343,0.0687960061399788,0,"Significant","synonymous"
"3960C>T","3543C>T",59,132.603464870067,-0.351702860497778,0,"Significant","synonymous"
"3960C>T","6173C>T",95,160.570741097209,-0.227942806527354,0,"Significant","synonymous"
"3960C>T","15514T>C",292,218.916265640038,0.125104820281196,0,"Significant","synonymous"
"3960C>T","11134A>T",32,115.244465832531,-0.55647010093732,0,"Significant","synonymous"
"3960C>T","4086C>T",269,214.094321462945,0.0991471315776784,0,"Significant","synonymous"
"3960C>T","9575G>A",294,221.809432146295,0.122367320420467,0,"Significant","synonymous"
"3960C>T","3795C>T",284,218.434071222329,0.113997959724092,0,"Significant","synonymous"
"3960C>T","15736A>T",281,202.039461020212,0.143270118628656,0,"Significant","synonymous"
"3960C>T","7130C>T",126,195.77093358999,-0.191377666769577,0,"Significant","synonymous"
"3960C>T","13902C>T",254,174.07218479307,0.164104336404133,0,"Significant","synonymous"
"3960C>T","4604C>T",267,184.680461982676,0.160090309085812,0,"Significant","synonymous"
"3960C>T","9374A>G",64,128.745909528393,-0.303553465690415,0,"Significant","synonymous"
"3960C>T","8967C>T",289,218.916265640038,0.120619811589328,0,"Significant","synonymous"
"3960C>T","4248T>C",169,216.505293551492,-0.107581814699662,0,"Significant","synonymous"
"3960C>T","10196C>T",205,209.754571703561,-0.00995757420894657,0.542,"Not Significant","synonymous"
"7888C>G","7007C>T",241,195.67853705486,0.0904738497723161,0,"Significant","synonymous"
"7888C>G","11806A>G",278,193.339749759384,0.157723643770319,0,"Significant","synonymous"
"7888C>G","6617C>T",236,198.017324350337,0.0762088150286609,0,"Significant","synonymous"
"7888C>G","3543C>T",43,107.194417709336,-0.396703713907562,0,"Significant","synonymous"
"7888C>G","6173C>T",56,129.802694898941,-0.36509568215717,0,"Significant","synonymous"
"7888C>G","15514T>C",252,176.968238691049,0.153505212266876,0,"Significant","synonymous"
"7888C>G","11134A>T",21,93.1616939364774,-0.647018081870108,0,"Significant","synonymous"
"7888C>G","4086C>T",228,173.070259865255,0.119712401228282,0,"Significant","synonymous"
"7888C>G","9575G>A",244,179.307025986526,0.1337925189996,0,"Significant","synonymous"
"7888C>G","3795C>T",235,176.57844080847,0.124130184601352,0,"Significant","synonymous"
"7888C>G","15736A>T",237,163.32531280077,0.161694847386235,0,"Significant","synonymous"
"7888C>G","7130C>T",102,158.257940327238,-0.190765337472616,0,"Significant","synonymous"
"7888C>G","13902C>T",299,140.717035611165,0.327324510761117,0,"Significant","synonymous"
"7888C>G","4604C>T",221,149.292589027911,0.170354024058902,0,"Significant","synonymous"
"7888C>G","9374A>G",36,104.076034648701,-0.46104823625399,0,"Significant","synonymous"
"7888C>G","8967C>T",234,176.968238691049,0.121320528895488,0,"Significant","synonymous"
"7888C>G","4248T>C",145,175.019249278152,-0.0817178144257882,0,"Significant","synonymous"
"7888C>G","10196C>T",159,169.56207892204,-0.02793160829166,0.178,"Not Significant","synonymous"
"7007C>T","11806A>G",284,239.645813282002,0.07374849396897,0,"Significant","synonymous"
"7007C>T","6617C>T",282,245.443695861405,0.060297226447577,0,"Significant","synonymous"
"7007C>T","3543C>T",90,132.868142444658,-0.169178353978624,0,"Significant","synonymous"
"7007C>T","6173C>T",123,160.891241578441,-0.116627291654681,0,"Significant","synonymous"
"7007C>T","15514T>C",258,219.35322425409,0.0704756835182547,0,"Significant","synonymous"
"7007C>T","11134A>T",71,115.474494706448,-0.211227721816669,0,"Significant","synonymous"
"7007C>T","4086C>T",269,214.521655437921,0.0982811402999052,0,"Significant","synonymous"
"7007C>T","9575G>A",301,222.252165543792,0.131720494324376,0,"Significant","synonymous"
"7007C>T","3795C>T",259,218.870067372474,0.0731133924805472,0,"Significant","synonymous"
"7007C>T","15736A>T",257,202.442733397498,0.103630930777112,0,"Significant","synonymous"
"7007C>T","7130C>T",168,196.161693936477,-0.0673049214391361,0,"Significant","synonymous"
"7007C>T","13902C>T",219,174.419634263715,0.0988487433465678,0,"Significant","synonymous"
"7007C>T","4604C>T",231,185.049085659288,0.096325036335633,0,"Significant","synonymous"
"7007C>T","9374A>G",101,129.002887391723,-0.106278057169681,0,"Significant","synonymous"
"7007C>T","8967C>T",288,219.35322425409,0.118248465314238,0,"Significant","synonymous"
"7007C>T","4248T>C",205,216.937439846006,-0.0245806495353992,0.155,"Not Significant","synonymous"
"7007C>T","10196C>T",191,210.173243503369,-0.041544059294731,0.018,"Significant","synonymous"
"11806A>G","6617C>T",282,242.51010587103,0.0655192671023967,0,"Significant","synonymous"
"11806A>G","3543C>T",65,131.280076997113,-0.30528546612009,0,"Significant","synonymous"
"11806A>G","6173C>T",91,158.968238691049,-0.242268970118042,0,"Significant","synonymous"
"11806A>G","15514T>C",289,216.731472569779,0.124975860966374,0,"Significant","synonymous"
"11806A>G","11134A>T",39,114.094321462945,-0.466199422853926,0,"Significant","synonymous"
"11806A>G","4086C>T",263,211.957651588065,0.0937066494420783,0,"Significant","synonymous"
"11806A>G","9575G>A",275,219.595765158807,0.0977087332156287,0,"Significant","synonymous"
"11806A>G","3795C>T",271,216.254090471607,0.0980049599285133,0,"Significant","synonymous"
"11806A>G","15736A>T",269,200.023099133782,0.128672128103037,0,"Significant","synonymous"
"11806A>G","7130C>T",135,193.817131857555,-0.15705839401511,0,"Significant","synonymous"
"11806A>G","13902C>T",238,172.334937439846,0.140203626217764,0,"Significant","synonymous"
"11806A>G","4604C>T",253,182.837343599615,0.141055618274109,0,"Significant","synonymous"
"11806A>G","9374A>G",68,127.461020211742,-0.272868477591061,0,"Significant","synonymous"
"11806A>G","8967C>T",270,216.731472569779,0.0954417823688238,0,"Significant","synonymous"
"11806A>G","4248T>C",192,214.344562078922,-0.04781124123277,0.008,"Significant","synonymous"
"11806A>G","10196C>T",220,207.661212704524,0.0250672949345371,0.121,"Not Significant","synonymous"
"6617C>T","3543C>T",121,134.456207892204,-0.0457954882405185,0.074,"Not Significant","synonymous"
"6617C>T","6173C>T",157,162.814244465833,-0.0157927458238181,0.446,"Not Significant","synonymous"
"6617C>T","15514T>C",258,221.974975938402,0.0653156883793572,0,"Significant","synonymous"
"6617C>T","11134A>T",100,116.854667949952,-0.0676460656748168,0.02,"Significant","synonymous"
"6617C>T","4086C>T",252,217.085659287777,0.0647694059401547,0,"Significant","synonymous"
"6617C>T","9575G>A",263,224.908565928778,0.067949752081414,0,"Significant","synonymous"
"6617C>T","3795C>T",236,221.48604427334,0.0275656362305208,0.086,"Not Significant","synonymous"
"6617C>T","15736A>T",238,204.862367661213,0.0651147693634453,0,"Significant","synonymous"
"6617C>T","7130C>T",186,198.506256015399,-0.0282612540860049,0.103,"Not Significant","synonymous"
"6617C>T","13902C>T",211,176.504331087584,0.0775270886652527,0,"Significant","synonymous"
"6617C>T","4604C>T",218,187.260827718961,0.0660095549092075,0,"Significant","synonymous"
"6617C>T","9374A>G",123,130.544754571704,-0.0258543146518987,0.269,"Not Significant","synonymous"
"6617C>T","8967C>T",257,221.974975938402,0.0636291057474222,0,"Significant","synonymous"
"6617C>T","4248T>C",213,219.53031761309,-0.0131149022913213,0.398,"Not Significant","synonymous"
"6617C>T","10196C>T",198,212.685274302214,-0.0310722314198329,0.073,"Not Significant","synonymous"
"3543C>T","6173C>T",222,88.1376323387873,0.401191594670936,0,"Significant","synonymous"
"3543C>T","15514T>C",62,120.163618864293,-0.287381309631596,0,"Significant","synonymous"
"3543C>T","11134A>T",216,63.2579403272377,0.533338703929223,0,"Significant","synonymous"
"3543C>T","4086C>T",59,117.516843118383,-0.299248104745194,0,"Significant","synonymous"
"3543C>T","9575G>A",59,121.751684311838,-0.314622966312136,0,"Significant","synonymous"
"3543C>T","3795C>T",70,119.898941289702,-0.233717308271402,0,"Significant","synonymous"
"3543C>T","15736A>T",42,110.899903753609,-0.421681878840838,0,"Significant","synonymous"
"3543C>T","7130C>T",216,107.459095283927,0.303210571300448,0,"Significant","synonymous"
"3543C>T","13902C>T",40,95.548604427334,-0.37816435685015,0,"Significant","synonymous"
"3543C>T","4604C>T",44,101.371511068335,-0.362463243754962,0,"Significant","synonymous"
"3543C>T","9374A>G",202,70.6689124157844,0.456122961808564,0,"Significant","synonymous"
"3543C>T","8967C>T",54,120.163618864293,-0.347379239306778,0,"Significant","synonymous"
"3543C>T","4248T>C",218,118.840230991338,0.26349300632803,0,"Significant","synonymous"
"3543C>T","10196C>T",112,115.134744947064,-0.0119883805575303,0.696,"Not Significant","synonymous"
"6173C>T","15514T>C",84,145.507218479307,-0.238605252744146,0,"Significant","synonymous"
"6173C>T","11134A>T",217,76.599615014437,0.452233146950883,0,"Significant","synonymous"
"6173C>T","4086C>T",94,142.302213666987,-0.180083802463907,0,"Significant","synonymous"
"6173C>T","9575G>A",90,147.430221366699,-0.214344008191204,0,"Significant","synonymous"
"6173C>T","3795C>T",93,145.186717998075,-0.193443939407871,0,"Significant","synonymous"
"6173C>T","15736A>T",65,134.289701636189,-0.315129352272237,0,"Significant","synonymous"
"6173C>T","7130C>T",232,130.123195380173,0.251133265364417,0,"Significant","synonymous"
"6173C>T","13902C>T",54,115.700673724735,-0.330942128031403,0,"Significant","synonymous"
"6173C>T","4604C>T",62,122.751684311838,-0.296635770419165,0,"Significant","synonymous"
"6173C>T","9374A>G",208,85.5736284889317,0.385723387648745,0,"Significant","synonymous"
"6173C>T","8967C>T",83,145.507218479307,-0.243806446429948,0,"Significant","synonymous"
"6173C>T","4248T>C",237,143.904716073147,0.21667331905752,0,"Significant","synonymous"
"6173C>T","10196C>T",139,139.4177093359,-0.00130314264968377,1,"Not Significant","synonymous"
"15514T>C","11134A>T",42,104.433108758422,-0.395588915849546,0,"Significant","synonymous"
"15514T>C","4086C>T",255,194.009624639076,0.118716905019355,0,"Significant","synonymous"
"15514T>C","9575G>A",254,201.000962463908,0.101635579638392,0,"Significant","synonymous"
"15514T>C","3795C>T",249,197.942252165544,0.099660839782933,0,"Significant","synonymous"
"15514T>C","15736A>T",352,183.085659287777,0.283888335211795,0,"Significant","synonymous"
"15514T>C","7130C>T",138,177.405197305101,-0.109087252475814,0,"Significant","synonymous"
"15514T>C","13902C>T",225,157.742059672762,0.154235010905696,0,"Significant","synonymous"
"15514T>C","4604C>T",323,167.355149181906,0.285563443062429,0,"Significant","synonymous"
"15514T>C","9374A>G",56,116.667949951877,-0.318763539657898,0,"Significant","synonymous"
"15514T>C","8967C>T",253,198.379210779596,0.10562436301874,0,"Significant","synonymous"
"15514T>C","4248T>C",160,196.194417709336,-0.0885666636472748,0,"Significant","synonymous"
"15514T>C","10196C>T",201,190.076997112608,0.0242664951659126,0.201,"Not Significant","synonymous"
"11134A>T","4086C>T",49,102.132820019249,-0.318969243476605,0,"Significant","synonymous"
"11134A>T","9575G>A",44,105.813282001925,-0.38108750858577,0,"Significant","synonymous"
"11134A>T","3795C>T",52,104.203079884504,-0.301877211768575,0,"Significant","synonymous"
"11134A>T","15736A>T",23,96.3820981713186,-0.622268540338225,0,"Significant","synonymous"
"11134A>T","7130C>T",202,93.3917228103946,0.335042982478219,0,"Significant","synonymous"
"11134A>T","13902C>T",24,83.0404234841193,-0.539078313583726,0,"Significant","synonymous"
"11134A>T","4604C>T",27,88.1010587102984,-0.51361736319948,0,"Significant","synonymous"
"11134A>T","9374A>G",191,61.4177093358999,0.492739752491712,0,"Significant","synonymous"
"11134A>T","8967C>T",40,104.433108758422,-0.416778214919432,0,"Significant","synonymous"
"11134A>T","4248T>C",204,103.282964388835,0.295601473031408,0,"Significant","synonymous"
"11134A>T","10196C>T",100,100.062560153994,-0.000271610345597319,1,"Not Significant","synonymous"
"4086C>T","9575G>A",256,196.573628488932,0.114714711072782,0,"Significant","synonymous"
"4086C>T","3795C>T",235,193.5822906641,0.0842022377014225,0,"Significant","synonymous"
"4086C>T","15736A>T",234,179.052935514918,0.116234411886348,0,"Significant","synonymous"
"4086C>T","7130C>T",132,173.497593840231,-0.118719524928708,0,"Significant","synonymous"
"4086C>T","13902C>T",195,154.267564966314,0.101759986899359,0,"Significant","synonymous"
"4086C>T","4604C>T",215,163.668912415784,0.118472263389477,0,"Significant","synonymous"
"4086C>T","9374A>G",61,114.098171318576,-0.271948848910919,0,"Significant","synonymous"
"4086C>T","8967C>T",264,194.009624639076,0.133780651455225,0,"Significant","synonymous"
"4086C>T","4248T>C",162,191.872954764196,-0.0734987490180929,0,"Significant","synonymous"
"4086C>T","10196C>T",166,185.890279114533,-0.0491485914719967,0.012,"Significant","synonymous"
"9575G>A","3795C>T",248,200.55822906641,0.0922111946889463,0,"Significant","synonymous"
"9575G>A","15736A>T",242,185.505293551492,0.115459058889685,0,"Significant","synonymous"
"9575G>A","7130C>T",127,179.749759384023,-0.150864596745534,0,"Significant","synonymous"
"9575G>A","13902C>T",218,159.826756496631,0.134807007574478,0,"Significant","synonymous"
"9575G>A","4604C>T",219,169.566891241578,0.111103056747041,0,"Significant","synonymous"
"9575G>A","9374A>G",75,118.209817131858,-0.19759228209706,0,"Significant","synonymous"
"9575G>A","8967C>T",347,201.000962463908,0.237131337809282,0,"Significant","synonymous"
"9575G>A","4248T>C",170,198.78729547642,-0.067939703749409,0.001,"Significant","synonymous"
"9575G>A","10196C>T",190,192.589027911453,-0.005877940126202,0.737,"Not Significant","synonymous"
"3795C>T","15736A>T",235,182.682386910491,0.109371184849734,0,"Significant","synonymous"
"3795C>T","7130C>T",140,177.014436958614,-0.101880652354546,0,"Significant","synonymous"
"3795C>T","13902C>T",204,157.394610202117,0.112640311064523,0,"Significant","synonymous"
"3795C>T","4604C>T",218,166.986525505294,0.115775065180267,0,"Significant","synonymous"
"3795C>T","9374A>G",72,116.410972088547,-0.208661419388731,0,"Significant","synonymous"
"3795C>T","8967C>T",250,197.942252165544,0.101401501359234,0,"Significant","synonymous"
"3795C>T","4248T>C",181,195.762271414822,-0.034050420589775,0.061,"Not Significant","synonymous"
"3795C>T","10196C>T",197,189.658325312801,0.0164943147512926,0.379,"Not Significant","synonymous"
"15736A>T","7130C>T",121,163.728585178056,-0.131339138669768,0,"Significant","synonymous"
"15736A>T","13902C>T",214,145.581328200193,0.16730809603432,0,"Significant","synonymous"
"15736A>T","4604C>T",319,154.453320500481,0.314993433679295,0,"Significant","synonymous"
"15736A>T","9374A>G",49,107.673724735322,-0.341913656744696,0,"Significant","synonymous"
"15736A>T","8967C>T",237,183.085659287777,0.112094017743828,0,"Significant","synonymous"
"15736A>T","4248T>C",147,181.069297401347,-0.0905274816642095,0,"Significant","synonymous"
"15736A>T","10196C>T",184,175.423484119346,0.0207300906457696,0.276,"Not Significant","synonymous"
"7130C>T","13902C>T",94,141.064485081809,-0.176289834325822,0,"Significant","synonymous"
"7130C>T","4604C>T",109,149.661212704524,-0.137682762047907,0,"Significant","synonymous"
"7130C>T","9374A>G",204,104.333012512031,0.291208420041103,0,"Significant","synonymous"
"7130C>T","8967C>T",121,177.405197305101,-0.166180968560556,0,"Significant","synonymous"
"7130C>T","4248T>C",257,175.451395572666,0.165776296307876,0,"Significant","synonymous"
"7130C>T","10196C>T",183,169.980750721848,0.0320513467557572,0.097,"Not Significant","synonymous"
"13902C>T","4604C>T",204,133.073147256978,0.185539739108682,0,"Significant","synonymous"
"13902C>T","9374A>G",42,92.7690086621752,-0.344153625314589,0,"Significant","synonymous"
"13902C>T","8967C>T",216,157.742059672762,0.136506243945272,0,"Significant","synonymous"
"13902C>T","4248T>C",128,156.004812319538,-0.0859280257038744,0,"Significant","synonymous"
"13902C>T","10196C>T",133,151.14051973051,-0.0555292703359929,0.014,"Significant","synonymous"
"4604C>T","9374A>G",44,98.4225216554379,-0.349641811289287,0,"Significant","synonymous"
"4604C>T","8967C>T",226,167.355149181906,0.130469359878784,0,"Significant","synonymous"
"4604C>T","4248T>C",135,165.512030798845,-0.0884957989197031,0,"Significant","synonymous"
"4604C>T","10196C>T",167,160.351299326275,0.0176439877814898,0.408,"Not Significant","synonymous"
"9374A>G","8967C>T",65,116.667949951877,-0.25403821002135,0,"Significant","synonymous"
"9374A>G","4248T>C",204,115.383060635226,0.247488112615014,0,"Significant","synonymous"
"9374A>G","10196C>T",113,111.785370548604,0.00469347272138035,0.887,"Not Significant","synonymous"
"8967C>T","4248T>C",160,196.194417709336,-0.0885666636472748,0,"Significant","synonymous"
"8967C>T","10196C>T",178,190.076997112608,-0.0285095599456543,0.141,"Not Significant","synonymous"
"4248T>C","10196C>T",191,187.983638113571,0.00691331684694073,0.697,"Not Significant","synonymous"
