"Variant1","Variant2","Observed","Expected","log10_OE","P_perm","Significance","Variant_Type"
"15710C>T","13414G>A",319,319.580365736285,-0.000789406376001079,0.737,"Not Significant","truncating"
"15710C>T","4214G>A",744,739.091434071222,0.00287476662840005,0.002,"Significant","truncating"
"15710C>T","15797G>A",661,655.980750721848,0.0033103639787871,0.002,"Significant","truncating"
"15710C>T","7587T>C",576,570.891241578441,0.00386910316540037,0.001,"Significant","truncating"
"15710C>T","12934C>T",614,609.478344562079,0.0032100918746621,0.005,"Significant","truncating"
"15710C>T","9376G>A",287,286.929740134745,0.000106331732956736,1,"Not Significant","truncating"
"15710C>T","6264G>A",593,588.700673724735,0.00316016053363294,0.014,"Significant","truncating"
"15710C>T","6597C>T",582,575.838306063523,0.0046224328979198,0,"Significant","truncating"
"15710C>T","14559C>T",600,600.573628488932,-0.000415007793693417,0.774,"Not Significant","truncating"
"15710C>T","8782G>A",490,489.759384023099,0.000213313992865382,1,"Not Significant","truncating"
"15710C>T","10758C>T",372,368.061597690087,0.00462243289791923,0.023,"Significant","truncating"
"15710C>T","6030C>T",357,358.167468719923,-0.00141792152305165,0.508,"Not Significant","truncating"
"15710C>T","6381G>A",90,90.0365736284889,-0.000176449983848095,1,"Not Significant","truncating"
"15710C>T","3563G>A",425,424.458132820019,0.000554070763507607,0.793,"Not Significant","truncating"
"15710C>T","14532C>T",390,387.849855630414,0.00240097290396182,0.257,"Not Significant","truncating"
"15710C>T","10971G>A",479,475.90760346487,0.00281286993865124,0.06,"Not Significant","truncating"
"15710C>T","11606A>T",208,206.78729547642,0.00253948174962683,0.488,"Not Significant","truncating"
"15710C>T","14493C>T",307,304.73917228104,0.00321009187466163,0.206,"Not Significant","truncating"
"15710C>T","14429C>T",267,266.152069297401,0.00138141426008723,0.73,"Not Significant","truncating"
"15710C>T","6417A>T",307,303.749759384023,0.00462243289791894,0.029,"Significant","truncating"
"15710C>T","8367T>G",351,347.283926852743,0.00462243289791913,0.021,"Significant","truncating"
"15710C>T","3664G>A",347,344.315688161694,0.00337266374221237,0.114,"Not Significant","truncating"
"15710C>T","8366A>T",321,317.601539942252,0.00462243289791904,0.048,"Significant","truncating"
"15710C>T","8368G>T",320,316.612127045236,0.00462243289791913,0.038,"Significant","truncating"
"15710C>T","8126C>T",327,323.53801732435,0.00462243289791904,0.041,"Significant","truncating"
"15710C>T","6694A>G",234,233.501443695861,0.000926287337956381,1,"Not Significant","truncating"
"15710C>T","10396G>A",267,268.130895091434,-0.00183559661190933,0.47,"Not Significant","truncating"
"15710C>T","14490C>T",261,259.226179018287,0.00296164891645484,0.302,"Not Significant","truncating"
"15710C>T","13865A>G",221,220.639076034649,0.000709843534870164,1,"Not Significant","truncating"
"15710C>T","12767G>A",216,218.660250240616,-0.0053160896362569,0.07,"Not Significant","truncating"
"15710C>T","15611G>A",202,200.850818094321,0.00247776443133006,0.489,"Not Significant","truncating"
"15710C>T","7779G>A",235,234.490856592878,0.000941949159552496,0.752,"Not Significant","truncating"
"15710C>T","8114G>A",279,279.014436958614,-2.24721478430506e-05,1,"Not Significant","truncating"
"15710C>T","8719G>A",178,176.115495668912,0.0046224328979178,0.224,"Not Significant","truncating"
"15710C>T","4126C>A",140,138.517805582291,0.00462243289791703,0.364,"Not Significant","truncating"
"15710C>T","9537C>T",225,226.575553416747,-0.00303053133060371,0.266,"Not Significant","truncating"
"15710C>T","6573G>A",253,253.289701636189,-0.00049701123811103,1,"Not Significant","truncating"
"15710C>T","14838G>A",144,147.422521655438,-0.0102013434190969,0.009,"Significant","truncating"
"15710C>T","7902G>A",265,267.141482194418,-0.00349545732425759,0.172,"Not Significant","truncating"
"15710C>T","6460G>A",164,166.221366698749,-0.00584300078024094,0.092,"Not Significant","truncating"
"15710C>T","7705T>A",206,203.819056785371,0.00462243289791827,0.131,"Not Significant","truncating"
"15710C>T","13396C>T",150,149.401347449471,0.00173674466043112,0.703,"Not Significant","truncating"
"15710C>T","3659G>A",152,150.390760346487,0.00462243289791742,0.271,"Not Significant","truncating"
"15710C>T","3307A>T",78,78.1636188642926,-0.000910055702039386,1,"Not Significant","truncating"
"15710C>T","11669C>T",213,213.713185755534,-0.00145171481427201,0.7,"Not Significant","truncating"
"15710C>T","14283C>T",300,300.781520692974,-0.00112989599117046,0.727,"Not Significant","truncating"
"15710C>T","12809G>A",240,240.427333974976,-0.000772598988785424,1,"Not Significant","truncating"
"15710C>T","11066C>T",168,167.210779595765,0.00204501001010857,0.713,"Not Significant","truncating"
"15710C>T","4969G>A",159,159.295476419634,-0.000806318813477191,1,"Not Significant","truncating"
"15710C>T","14592C>T",186,186.999037536092,-0.00232642705740617,0.7,"Not Significant","truncating"
"15710C>T","6145G>A",178,178.094321462945,-0.000230069896491508,1,"Not Significant","truncating"
"15710C>T","4262A>G",77,77.1742059672762,-0.000981444620076834,1,"Not Significant","truncating"
"15710C>T","14044C>T",223,220.639076034649,0.00462243289791837,0.135,"Not Significant","truncating"
"15710C>T","9054C>A",115,113.782483156882,0.00462243289791637,0.404,"Not Significant","truncating"
"15710C>T","8412T>G",153,151.380173243503,0.00462243289791742,0.244,"Not Significant","truncating"
"15710C>T","8094T>A",127,126.644850818094,0.00121618420600797,1,"Not Significant","truncating"
"15710C>T","3842G>A",127,126.644850818094,0.00121618420600797,1,"Not Significant","truncating"
"15710C>T","10296C>T",140,139.507218479307,0.00153135592077749,1,"Not Significant","truncating"
"15710C>T","7122C>T",146,145.443695861405,0.00165795393418027,0.724,"Not Significant","truncating"
"15710C>T","14006G>A",142,141.48604427334,0.00157473981591404,0.705,"Not Significant","truncating"
"15710C>T","13031G>A",178,179.083734359962,-0.00263613966236859,0.435,"Not Significant","truncating"
"15710C>T","9952G>A",98,98.9412897016362,-0.00415149140958038,0.616,"Not Significant","truncating"
"15710C>T","6901A>G",161,161.274302213667,-0.000739295474187239,1,"Not Significant","truncating"
"15710C>T","15234G>A",146,145.443695861405,0.00165795393418027,0.708,"Not Significant","truncating"
"15710C>T","14401A>T",139,137.528392685274,0.00462243289791703,0.385,"Not Significant","truncating"
"15710C>T","15170G>A",103,101.909528392685,0.00462243289791598,0.407,"Not Significant","truncating"
"15710C>T","8168C>T",148,148.411934552454,-0.00120711076280262,1,"Not Significant","truncating"
"15710C>T","10677G>T",109,108.8354186718,0.000656245680318412,1,"Not Significant","truncating"
"15710C>T","11148T>A",113,112.793070259865,0.000796025044866917,1,"Not Significant","truncating"
"15710C>T","5035G>A",104,103.888354186718,0.000466473126762284,1,"Not Significant","truncating"
"15710C>T","5920G>A",146,145.443695861405,0.00165795393418027,0.716,"Not Significant","truncating"
"15710C>T","14343C>T",121,119.71896053898,0.00462243289791656,0.358,"Not Significant","truncating"
"15710C>T","15882G>A",119,118.729547641963,0.000988148242825595,1,"Not Significant","truncating"
"15710C>T","15327C>G",59,58.3753609239654,0.00462243289791255,0.656,"Not Significant","truncating"
"15710C>T","9216C>T",146,145.443695861405,0.00165795393418027,0.738,"Not Significant","truncating"
"15710C>T","8391G>A",111,112.793070259865,-0.00695943965188849,0.113,"Not Significant","truncating"
"15710C>T","4989C>T",138,137.528392685274,0.00148671904506081,1,"Not Significant","truncating"
"15710C>T","8235A>G",87,87.0683349374399,-0.000340986633629291,1,"Not Significant","truncating"
"15710C>T","6211G>A",129,129.613089509143,-0.00205915245859321,0.642,"Not Significant","truncating"
"15710C>T","10761T>C",99,97.9518768046198,0.00462243289791579,0.401,"Not Significant","truncating"
"15710C>T","15723G>A",96,96.9624639076035,-0.00433240975500148,0.6,"Not Significant","truncating"
"15710C>T","13636C>T",122,120.708373435996,0.00462243289791665,0.372,"Not Significant","truncating"
"15710C>T","14354T>C",129,128.623676612127,0.00126879089033162,1,"Not Significant","truncating"
"15710C>T","5260G>A",153,154.348411934552,-0.00381073463893986,0.371,"Not Significant","truncating"
"15710C>T","13409A>G",101,99.9307025986526,0.00462243289791589,0.431,"Not Significant","truncating"
"15710C>T","15075C>A",75,74.2059672762272,0.00462243289791417,0.605,"Not Significant","truncating"
"15710C>T","3824G>A",69,70.2483156881617,-0.00778682508388832,0.175,"Not Significant","truncating"
"15710C>T","13156C>T",115,113.782483156882,0.00462243289791637,0.39,"Not Significant","truncating"
"15710C>T","8366A>G",110,108.8354186718,0.00462243289791627,0.37,"Not Significant","truncating"
"15710C>T","15561G>A",110,111.803657362849,-0.00706332542726782,0.11,"Not Significant","truncating"
"15710C>T","15879A>G",98,97.9518768046198,0.000213313992865189,1,"Not Significant","truncating"
"15710C>T","4485C>T",110,109.824831568816,0.000692139269487478,1,"Not Significant","truncating"
"15710C>T","5348C>A",113,114.771896053898,-0.00675711284557234,0.139,"Not Significant","truncating"
"15710C>T","12817C>A",48,48.4812319538017,-0.00433240975499695,1,"Not Significant","truncating"
"15710C>T","3718C>T",93,92.0153994225217,0.00462243289791551,0.608,"Not Significant","truncating"
"15710C>T","3308T>C",88,88.0577478344562,-0.000284901596823436,1,"Not Significant","truncating"
"15710C>T","14157C>T",94,93.9942252165544,2.6681208771373e-05,1,"Not Significant","truncating"
"15710C>T","7339A>G",97,95.9730510105871,0.0046224328979156,0.419,"Not Significant","truncating"
"15710C>T","12006G>A",91,90.0365736284889,0.00462243289791532,0.611,"Not Significant","truncating"
"13414G>A","4214G>A",187,232.224254090472,-0.0940659700527802,0,"Significant","truncating"
"13414G>A","15797G>A",86,206.110683349374,-0.379602051934837,0,"Significant","truncating"
"13414G>A","7587T>C",74,179.375360923965,-0.384531068198336,0,"Significant","truncating"
"13414G>A","12934C>T",84,191.499518768046,-0.357888400876179,0,"Significant","truncating"
"13414G>A","9376G>A",256,90.1539942252166,0.453254992638656,0,"Significant","truncating"
"13414G>A","6264G>A",118,184.971126082772,-0.195221933196216,0,"Significant","truncating"
"13414G>A","6597C>T",81,180.929740134745,-0.349024940544868,0,"Significant","truncating"
"13414G>A","14559C>T",264,188.701636188643,0.145828261020582,0,"Significant","truncating"
"13414G>A","8782G>A",81,153.88354186718,-0.27870715482859,0,"Significant","truncating"
"13414G>A","10758C>T",54,115.645813282002,-0.330736154832426,0,"Significant","truncating"
"13414G>A","6030C>T",152,112.537054860443,0.130548042637581,0,"Significant","truncating"
"13414G>A","6381G>A",17,28.2897016361886,-0.221179445715726,0.007,"Significant","truncating"
"13414G>A","3563G>A",95,133.365736284889,-0.14732066166967,0,"Significant","truncating"
"13414G>A","14532C>T",101,121.86333012512,-0.0815516680116666,0.007,"Significant","truncating"
"13414G>A","10971G>A",102,149.531280076997,-0.166131879385704,0,"Significant","truncating"
"13414G>A","11606A>T",200,64.9730510105871,0.48829673477855,0,"Significant","truncating"
"13414G>A","14493C>T",44,95.7497593840231,-0.337685014787649,0,"Significant","truncating"
"13414G>A","14429C>T",210,83.6256015399423,0.399880039957273,0,"Significant","truncating"
"13414G>A","6417A>T",62,95.4388835418672,-0.187333660752613,0,"Significant","truncating"
"13414G>A","8367T>G",52,109.117420596728,-0.321890747604513,0,"Significant","truncating"
"13414G>A","3664G>A",46,108.18479307026,-0.37140838703839,0,"Significant","truncating"
"13414G>A","8366A>T",37,99.79114533205,-0.430890283111064,0,"Significant","truncating"
"13414G>A","8368G>T",38,99.4802694898941,-0.417953356476315,0,"Significant","truncating"
"13414G>A","8126C>T",53,101.656400384986,-0.28285885783303,0,"Significant","truncating"
"13414G>A","6694A>G",188,73.3666987487969,0.408658871519287,0,"Significant","truncating"
"13414G>A","10396G>A",95,84.2473532242541,0.0521673396404581,0.119,"Not Significant","truncating"
"13414G>A","14490C>T",40,81.4494706448508,-0.308828274765156,0,"Significant","truncating"
"13414G>A","13865A>G",185,69.32531280077,0.426279890580536,0,"Significant","truncating"
"13414G>A","12767G>A",142,68.7035611164581,0.315309095923694,0,"Significant","truncating"
"13414G>A","15611G>A",172,63.1077959576516,0.435445434219975,0,"Significant","truncating"
"13414G>A","7779G>A",202,73.6775745909528,0.43801604866222,0,"Significant","truncating"
"13414G>A","8114G>A",125,87.6669874879692,0.154073929914622,0,"Significant","truncating"
"13414G>A","8719G>A",149,55.3358999037536,0.430179291328961,0,"Significant","truncating"
"13414G>A","4126C>A",132,43.5226179018287,0.481858920753017,0,"Significant","truncating"
"13414G>A","9537C>T",55,71.1905678537055,-0.11205976761939,0.009,"Significant","truncating"
"13414G>A","6573G>A",111,79.5842155919153,0.144496038700728,0,"Significant","truncating"
"13414G>A","14838G>A",108,46.320500481232,0.367650512300215,0,"Significant","truncating"
"13414G>A","7902G>A",126,83.9364773820982,0.176419806184477,0,"Significant","truncating"
"13414G>A","6460G>A",104,52.2271414821944,0.299137082798578,0,"Significant","truncating"
"13414G>A","7705T>A",23,64.0404234841193,-0.444726359124276,0,"Significant","truncating"
"13414G>A","13396C>T",129,46.9422521655438,0.439025788231565,0,"Significant","truncating"
"13414G>A","3659G>A",121,47.2531280076997,0.408354807597192,0,"Significant","truncating"
"13414G>A","3307A>T",10,24.5591915303176,-0.390214066061792,0,"Significant","truncating"
"13414G>A","11669C>T",60,67.1491819056785,-0.0488894755411357,0.254,"Not Significant","truncating"
"13414G>A","14283C>T",127,94.5062560153994,0.12834316257316,0,"Significant","truncating"
"13414G>A","12809G>A",47,75.5428296438884,-0.206095390436171,0,"Significant","truncating"
"13414G>A","11066C>T",102,52.5380173243503,0.288126492373918,0,"Significant","truncating"
"13414G>A","4969G>A",141,50.051010587103,0.449806261849045,0,"Significant","truncating"
"13414G>A","14592C>T",49,58.7555341674687,-0.0788526989185089,0.084,"Not Significant","truncating"
"13414G>A","6145G>A",48,55.9576515880655,-0.0666182425015158,0.186,"Not Significant","truncating"
"13414G>A","4262A>G",26,24.2483156881617,0.0302917705062913,0.719,"Not Significant","truncating"
"13414G>A","14044C>T",59,69.32531280077,-0.0700398261798323,0.101,"Not Significant","truncating"
"13414G>A","9054C>A",101,35.7507218479307,0.451036558654321,0,"Significant","truncating"
"13414G>A","8412T>G",26,47.5640038498556,-0.262305057619949,0,"Significant","truncating"
"13414G>A","8094T>A",20,39.7921077959577,-0.298766948756733,0,"Significant","truncating"
"13414G>A","3842G>A",49,39.7921077959577,0.0903991356065147,0.052,"Not Significant","truncating"
"13414G>A","10296C>T",98,43.8334937439846,0.349419988262642,0,"Significant","truncating"
"13414G>A","7122C>T",88,45.6987487969201,0.28457836262761,0,"Significant","truncating"
"13414G>A","14006G>A",103,44.4552454282964,0.36491421246563,0,"Significant","truncating"
"13414G>A","13031G>A",73,56.2685274302214,0.113057310477169,0.003,"Significant","truncating"
"13414G>A","9952G>A",28,31.0875842155919,-0.0454289434315523,0.527,"Not Significant","truncating"
"13414G>A","6901A>G",38,50.6727622714148,-0.124990982560787,0.019,"Significant","truncating"
"13414G>A","15234G>A",31,45.6987487969201,-0.168542615687378,0.005,"Significant","truncating"
"13414G>A","14401A>T",21,43.2117420596728,-0.313382480293038,0,"Significant","truncating"
"13414G>A","15170G>A",24,32.0202117420597,-0.125212957767038,0.066,"Not Significant","truncating"
"13414G>A","8168C>T",53,46.6313763233879,0.0555976357710703,0.255,"Not Significant","truncating"
"13414G>A","10677G>T",103,34.1963426371511,0.478857564772173,0,"Significant","truncating"
"13414G>A","11148T>A",20,35.4398460057748,-0.248461830445471,0.002,"Significant","truncating"
"13414G>A","5035G>A",67,32.6419634263715,0.312298528856281,0,"Significant","truncating"
"13414G>A","5920G>A",24,45.6987487969201,-0.279693067809636,0,"Significant","truncating"
"13414G>A","14343C>T",25,37.6159769008662,-0.177432336417755,0.009,"Significant","truncating"
"13414G>A","15882G>A",83,37.3051010587103,0.347309871553883,0,"Significant","truncating"
"13414G>A","15327C>G",14,18.3416746871992,-0.117310950737097,0.262,"Not Significant","truncating"
"13414G>A","9216C>T",40,45.6987487969201,-0.0578443181940039,0.311,"Not Significant","truncating"
"13414G>A","8391G>A",37,35.4398460057748,0.0187098979565451,0.775,"Not Significant","truncating"
"13414G>A","4989C>T",61,43.2117420596728,0.149728059982453,0,"Significant","truncating"
"13414G>A","8235A>G",58,27.3570741097209,0.326358346638005,0,"Significant","truncating"
"13414G>A","6211G>A",42,40.7247353224254,0.0133910199681783,0.847,"Not Significant","truncating"
"13414G>A","10761T>C",17,30.776708373436,-0.257773247992058,0.001,"Significant","truncating"
"13414G>A","15723G>A",41,30.4658325312801,0.128970806252949,0.016,"Significant","truncating"
"13414G>A","13636C>T",64,37.9268527430221,0.227233168534747,0,"Significant","truncating"
"13414G>A","14354T>C",47,40.4138594802695,0.0655675308548046,0.176,"Not Significant","truncating"
"13414G>A","5260G>A",60,48.4966313763234,0.0924396772550848,0.029,"Significant","truncating"
"13414G>A","13409A>G",34,31.3984600577478,0.0345705684855812,0.566,"Not Significant","truncating"
"13414G>A","15075C>A",15,23.3156881616939,-0.191556979108912,0.024,"Significant","truncating"
"13414G>A","3824G>A",29,22.0721847930703,0.118552674405485,0.08,"Not Significant","truncating"
"13414G>A","13156C>T",43,35.7507218479307,0.0801836404518446,0.139,"Not Significant","truncating"
"13414G>A","8366A>G",20,34.1963426371511,-0.232949664267268,0.001,"Significant","truncating"
"13414G>A","15561G>A",67,35.1289701636189,0.280409384442893,0,"Significant","truncating"
"13414G>A","15879A>G",24,30.776708373436,-0.108010927659471,0.146,"Not Significant","truncating"
"13414G>A","4485C>T",46,34.507218479307,0.124847878120677,0.013,"Significant","truncating"
"13414G>A","5348C>A",39,36.0615976900866,0.0340196430255645,0.593,"Not Significant","truncating"
"13414G>A","12817C>A",10,15.23291626564,-0.182783054800947,0.125,"Not Significant","truncating"
"13414G>A","3718C>T",23,28.9114533205005,-0.0993420873098817,0.193,"Not Significant","truncating"
"13414G>A","3308T>C",19,27.6679499518768,-0.163223380465293,0.049,"Significant","truncating"
"13414G>A","14157C>T",14,29.5332050048123,-0.324182544382904,0.001,"Significant","truncating"
"13414G>A","7339A>G",22,30.1549566891242,-0.13693602821743,0.076,"Not Significant","truncating"
"13414G>A","12006G>A",36,28.2897016361886,0.104674133671939,0.077,"Not Significant","truncating"
"4214G>A","15797G>A",584,476.6708373436,0.0881942644493883,0,"Significant","truncating"
"4214G>A","7587T>C",499,414.840230991338,0.0802196782094195,0,"Significant","truncating"
"4214G>A","12934C>T",528,442.87969201155,0.0763481561111496,0,"Significant","truncating"
"4214G>A","9376G>A",162,208.498556304139,-0.109588037614487,0,"Significant","truncating"
"4214G>A","6264G>A",486,427.781520692974,0.0554142492755103,0,"Significant","truncating"
"4214G>A","6597C>T",507,418.435033686237,0.083379920425208,0,"Significant","truncating"
"4214G>A","14559C>T",417,436.409047160731,-0.0197576903597168,0.009,"Significant","truncating"
"4214G>A","8782G>A",416,355.885466794995,0.067783077434935,0,"Significant","truncating"
"4214G>A","10758C>T",322,267.453320500481,0.0806078775556845,0,"Significant","truncating"
"4214G>A","6030C>T",262,260.263715110683,0.00288766652835727,0.838,"Not Significant","truncating"
"4214G>A","6381G>A",35,65.4254090471607,-0.271678402228462,0,"Significant","truncating"
"4214G>A","3563G>A",351,308.434071222329,0.0561447700228614,0,"Significant","truncating"
"4214G>A","14532C>T",314,281.832531280077,0.0469385267945206,0,"Significant","truncating"
"4214G>A","10971G>A",387,345.820019249278,0.0488608343868449,0,"Significant","truncating"
"4214G>A","11606A>T",123,150.262752646776,-0.0869462289298134,0,"Significant","truncating"
"4214G>A","14493C>T",277,221.439846005775,0.0972239983057435,0,"Significant","truncating"
"4214G>A","14429C>T",174,193.400384985563,-0.0459080859780046,0.002,"Significant","truncating"
"4214G>A","6417A>T",260,220.720885466795,0.0711299182353804,0,"Significant","truncating"
"4214G>A","8367T>G",299,252.355149181906,0.0736590176003574,0,"Significant","truncating"
"4214G>A","3664G>A",296,250.198267564966,0.0730074128541095,0,"Significant","truncating"
"4214G>A","8366A>T",280,230.786333012512,0.0839479446790927,0,"Significant","truncating"
"4214G>A","8368G>T",278,230.067372473532,0.0821897633399164,0,"Significant","truncating"
"4214G>A","8126C>T",283,235.100096246391,0.0805336286057515,0,"Significant","truncating"
"4214G>A","6694A>G",130,169.67468719923,-0.115673704921413,0,"Significant","truncating"
"4214G>A","10396G>A",196,194.838306063523,0.00258172622384764,0.863,"Not Significant","truncating"
"4214G>A","14490C>T",225,188.367661212705,0.0771761725333581,0,"Significant","truncating"
"4214G>A","13865A>G",134,160.328200192493,-0.0779051189415212,0,"Significant","truncating"
"4214G>A","12767G>A",138,158.890279114533,-0.0612182415420542,0.003,"Significant","truncating"
"4214G>A","15611G>A",128,145.948989412897,-0.0569911225235242,0.003,"Significant","truncating"
"4214G>A","7779G>A",136,170.39364773821,-0.0979144918980433,0,"Significant","truncating"
"4214G>A","8114G>A",213,202.7468719923,0.0214254408611449,0.118,"Not Significant","truncating"
"4214G>A","8719G>A",111,127.974975938402,-0.0618020777804061,0.002,"Significant","truncating"
"4214G>A","4126C>A",78,100.65447545717,-0.110738487245854,0,"Significant","truncating"
"4214G>A","9537C>T",188,164.641963426372,0.0576173126655377,0,"Significant","truncating"
"4214G>A","6573G>A",170,184.053897978826,-0.0344960981917775,0.022,"Significant","truncating"
"4214G>A","14838G>A",81,107.125120307988,-0.121406303791715,0,"Significant","truncating"
"4214G>A","7902G>A",191,194.119345524543,-0.0070354511694775,0.645,"Not Significant","truncating"
"4214G>A","6460G>A",105,120.785370548604,-0.060825036914092,0.003,"Significant","truncating"
"4214G>A","7705T>A",177,148.105871029836,0.077400991734384,0,"Significant","truncating"
"4214G>A","13396C>T",86,108.563041385948,-0.101183550307718,0,"Significant","truncating"
"4214G>A","3659G>A",101,109.282001924928,-0.0342272684203187,0.104,"Not Significant","truncating"
"4214G>A","3307A>T",31,56.7978825794033,-0.262970451713754,0,"Significant","truncating"
"4214G>A","11669C>T",167,155.295476419634,0.0315576657384114,0.04,"Significant","truncating"
"4214G>A","14283C>T",230,218.564003849856,0.0221491981506079,0.109,"Not Significant","truncating"
"4214G>A","12809G>A",205,174.707410972089,0.069442533199184,0,"Significant","truncating"
"4214G>A","11066C>T",119,121.504331087584,-0.00904479747935661,0.66,"Not Significant","truncating"
"4214G>A","4969G>A",91,115.752646775746,-0.104489537968875,0,"Significant","truncating"
"4214G>A","14592C>T",140,135.88354186718,0.0129611772467631,0.493,"Not Significant","truncating"
"4214G>A","6145G>A",140,129.412897016362,0.0341504763166852,0.05,"Not Significant","truncating"
"4214G>A","4262A>G",53,56.0789220404235,-0.0245237873478678,0.433,"Not Significant","truncating"
"4214G>A","14044C>T",184,160.328200192493,0.0598079057031196,0,"Significant","truncating"
"4214G>A","9054C>A",69,82.6804619826757,-0.0785538038744736,0.002,"Significant","truncating"
"4214G>A","8412T>G",132,110.000962463908,0.0791774461299638,0,"Significant","truncating"
"4214G>A","8094T>A",108,92.0269489894129,0.0695087315807902,0.003,"Significant","truncating"
"4214G>A","3842G>A",75,92.0269489894129,-0.0888537605142826,0,"Significant","truncating"
"4214G>A","10296C>T",89,101.37343599615,-0.0565341602686289,0.012,"Significant","truncating"
"4214G>A","7122C>T",94,105.687199230029,-0.0508945354066478,0.022,"Significant","truncating"
"4214G>A","14006G>A",90,102.81135707411,-0.0577985822838982,0.013,"Significant","truncating"
"4214G>A","13031G>A",132,130.131857555342,0.00619030207843929,0.78,"Not Significant","truncating"
"4214G>A","9952G>A",79,71.8960538979788,0.0409220370321657,0.114,"Not Significant","truncating"
"4214G>A","6901A>G",131,117.190567853706,0.0483786369935459,0.011,"Significant","truncating"
"4214G>A","15234G>A",124,105.687199230029,0.0693992961557768,0.001,"Significant","truncating"
"4214G>A","14401A>T",121,99.9355149181906,0.0830655158040579,0,"Significant","truncating"
"4214G>A","15170G>A",56,74.0529355149182,-0.121354251957004,0,"Significant","truncating"
"4214G>A","8168C>T",104,107.844080846968,-0.0157629740151074,0.502,"Not Significant","truncating"
"4214G>A","10677G>T",63,79.0856592877767,-0.0987571899627245,0,"Significant","truncating"
"4214G>A","11148T>A",100,81.9615014436959,0.0863900944052105,0,"Significant","truncating"
"4214G>A","5035G>A",72,75.4908565928778,-0.0205618568968632,0.499,"Not Significant","truncating"
"4214G>A","5920G>A",123,105.687199230029,0.0658827224329426,0,"Significant","truncating"
"4214G>A","14343C>T",102,86.9942252165544,0.0691097471871727,0,"Significant","truncating"
"4214G>A","15882G>A",77,86.2752646775746,-0.0493955751333037,0.05,"Not Significant","truncating"
"4214G>A","15327C>G",22,42.4186717998075,-0.285134385077209,0,"Significant","truncating"
"4214G>A","9216C>T",116,105.687199230029,0.0404356002204844,0.037,"Significant","truncating"
"4214G>A","8391G>A",86,81.9615014436959,0.0208885456488488,0.379,"Not Significant","truncating"
"4214G>A","4989C>T",106,99.9355149181906,0.0255860107524289,0.224,"Not Significant","truncating"
"4214G>A","8235A>G",58,63.2685274302214,-0.0377597328453903,0.223,"Not Significant","truncating"
"4214G>A","6211G>A",99,94.1838306063523,0.0216588446835418,0.379,"Not Significant","truncating"
"4214G>A","10761T>C",86,71.177093358999,0.0821582023876912,0,"Significant","truncating"
"4214G>A","15723G>A",62,70.4581328200192,-0.0555394404523782,0.065,"Not Significant","truncating"
"4214G>A","13636C>T",78,87.7131857555342,-0.0509702822424275,0.04,"Significant","truncating"
"4214G>A","14354T>C",95,93.4648700673725,0.00707519872378201,0.747,"Not Significant","truncating"
"4214G>A","5260G>A",109,112.157844080847,-0.0124031546720482,0.549,"Not Significant","truncating"
"4214G>A","13409A>G",79,72.6150144369586,0.0366006632495292,0.166,"Not Significant","truncating"
"4214G>A","15075C>A",67,53.9220404234841,0.0943084850507477,0,"Significant","truncating"
"4214G>A","3824G>A",50,51.046198267565,-0.00899339864126008,0.786,"Not Significant","truncating"
"4214G>A","13156C>T",87,82.6804619826757,0.0221163580067594,0.382,"Not Significant","truncating"
"4214G>A","8366A>G",95,79.0856592877767,0.0796258658723094,0,"Significant","truncating"
"4214G>A","15561G>A",71,81.2425409047161,-0.0585251490224887,0.02,"Significant","truncating"
"4214G>A","15879A>G",82,71.177093358999,0.0614736035278648,0.016,"Significant","truncating"
"4214G>A","4485C>T",77,79.8046198267565,-0.0155373078723772,0.587,"Not Significant","truncating"
"4214G>A","5348C>A",86,83.3994225216554,0.0133354077584121,0.605,"Not Significant","truncating"
"4214G>A","12817C>A",22,35.2290664100096,-0.204478453463788,0,"Significant","truncating"
"4214G>A","3718C>T",75,66.8633301251203,0.049873260579473,0.047,"Significant","truncating"
"4214G>A","3308T>C",73,63.9874879692012,0.0572277992172379,0.029,"Significant","truncating"
"4214G>A","14157C>T",82,68.3012512030799,0.0793851928365414,0.002,"Significant","truncating"
"4214G>A","7339A>G",82,69.7391722810395,0.0703370638591573,0.006,"Significant","truncating"
"4214G>A","12006G>A",68,65.4254090471607,0.0167624661268963,0.557,"Not Significant","truncating"
"15797G>A","7587T>C",487,368.191530317613,0.121455167211278,0,"Significant","truncating"
"15797G>A","12934C>T",517,393.077959576516,0.119011850081895,0,"Significant","truncating"
"15797G>A","9376G>A",68,185.052935514918,-0.434787066039911,0,"Significant","truncating"
"15797G>A","6264G>A",474,379.677574590953,0.096363395097917,0,"Significant","truncating"
"15797G>A","6597C>T",496,371.382098171319,0.125660710992684,0,"Significant","truncating"
"15797G>A","14559C>T",333,387.334937439846,-0.0656424384165151,0,"Significant","truncating"
"15797G>A","8782G>A",399,315.866217516843,0.101469715905555,0,"Significant","truncating"
"15797G>A","10758C>T",316,237.378248315688,0.124246161888865,0,"Significant","truncating"
"15797G>A","6030C>T",207,230.997112608277,-0.0476362059238219,0.001,"Significant","truncating"
"15797G>A","6381G>A",52,58.0683349374398,-0.0479360295338029,0.16,"Not Significant","truncating"
"15797G>A","3563G>A",320,273.750721847931,0.067794705287563,0,"Significant","truncating"
"15797G>A","14532C>T",288,250.14051973051,0.061208439891155,0,"Significant","truncating"
"15797G>A","10971G>A",374,306.932627526468,0.0858285449790274,0,"Significant","truncating"
"15797G>A","11606A>T",37,133.365736284889,-0.556842542890807,0,"Significant","truncating"
"15797G>A","14493C>T",262,196.538979788258,0.12485259397165,0,"Significant","truncating"
"15797G>A","14429C>T",86,171.652550529355,-0.300151809606184,0,"Significant","truncating"
"15797G>A","6417A>T",255,195.900866217517,0.114503824109122,0,"Significant","truncating"
"15797G>A","8367T>G",289,223.977863330125,0.110692745443084,0,"Significant","truncating"
"15797G>A","3664G>A",285,222.063522617902,0.10836763521429,0,"Significant","truncating"
"15797G>A","8366A>T",276,204.834456207892,0.129506068812695,0,"Significant","truncating"
"15797G>A","8368G>T",273,204.196342637151,0.126114687873201,0,"Significant","truncating"
"15797G>A","8126C>T",270,208.663137632339,0.111918030651058,0,"Significant","truncating"
"15797G>A","6694A>G",66,150.594802694899,-0.358266048275464,0,"Significant","truncating"
"15797G>A","10396G>A",167,172.928777670837,-0.0151508005744093,0.415,"Not Significant","truncating"
"15797G>A","14490C>T",222,167.185755534167,0.123153702283233,0,"Significant","truncating"
"15797G>A","13865A>G",61,142.299326275265,-0.367873008884583,0,"Significant","truncating"
"15797G>A","12767G>A",72,141.023099133782,-0.291957758101143,0,"Significant","truncating"
"15797G>A","15611G>A",49,129.537054860443,-0.422197938731744,0,"Significant","truncating"
"15797G>A","7779G>A",56,151.23291626564,-0.431458299851011,0,"Significant","truncating"
"15797G>A","8114G>A",162,179.948026948989,-0.0456320746242991,0.014,"Significant","truncating"
"15797G>A","8719G>A",46,113.584215591915,-0.392560151474354,0,"Significant","truncating"
"15797G>A","4126C>A",27,89.3358999037536,-0.519662252365724,0,"Significant","truncating"
"15797G>A","9537C>T",176,146.128007699711,0.0807792046266157,0,"Significant","truncating"
"15797G>A","6573G>A",134,163.357074109721,-0.0860331477945794,0,"Significant","truncating"
"15797G>A","14838G>A",35,95.0789220404235,-0.43401620490881,0,"Significant","truncating"
"15797G>A","7902G>A",146,172.290664100096,-0.0719088892221006,0.001,"Significant","truncating"
"15797G>A","6460G>A",66,107.203079884504,-0.210663327031337,0,"Significant","truncating"
"15797G>A","7705T>A",181,131.451395572666,0.138913373652345,0,"Significant","truncating"
"15797G>A","13396C>T",29,96.3551491819057,-0.521476930240762,0,"Significant","truncating"
"15797G>A","3659G>A",47,96.9932627526468,-0.314643710856175,0,"Significant","truncating"
"15797G>A","3307A>T",47,50.4109720885467,-0.0304272142022571,0.452,"Not Significant","truncating"
"15797G>A","11669C>T",160,137.832531280077,0.0647682506573546,0,"Significant","truncating"
"15797G>A","14283C>T",177,193.986525505294,-0.0397982980945213,0.02,"Significant","truncating"
"15797G>A","12809G>A",198,155.061597690087,0.106160935815562,0,"Significant","truncating"
"15797G>A","11066C>T",67,107.841193455245,-0.206709882760197,0,"Significant","truncating"
"15797G>A","4969G>A",38,102.736284889317,-0.431940260261915,0,"Significant","truncating"
"15797G>A","14592C>T",136,120.603464870067,0.0521791233493369,0.018,"Significant","truncating"
"15797G>A","6145G>A",133,114.860442733397,0.0636811550161324,0.001,"Significant","truncating"
"15797G>A","4262A>G",42,49.7728585178056,-0.0737432931400142,0.056,"Not Significant","truncating"
"15797G>A","14044C>T",166,142.299326275265,0.0669052441442552,0,"Significant","truncating"
"15797G>A","9054C>A",26,73.3830606352262,-0.450622473229311,0,"Significant","truncating"
"15797G>A","8412T>G",125,97.6313763233879,0.107320601342765,0,"Significant","truncating"
"15797G>A","8094T>A",109,81.6785370548604,0.125318547445026,0,"Significant","truncating"
"15797G>A","3842G>A",66,81.6785370548604,-0.0925640149534691,0.002,"Significant","truncating"
"15797G>A","10296C>T",54,89.9740134744947,-0.221723333679686,0,"Significant","truncating"
"15797G>A","7122C>T",65,93.8026948989413,-0.159301958952711,0,"Significant","truncating"
"15797G>A","14006G>A",49,91.2502406159769,-0.270037938283733,0,"Significant","truncating"
"15797G>A","13031G>A",111,115.498556304139,-0.0172535769301076,0.487,"Not Significant","truncating"
"15797G>A","9952G>A",74,63.8113570741097,0.0643337388832868,0.037,"Significant","truncating"
"15797G>A","6901A>G",117,104.012512030799,0.0511002764945617,0.028,"Significant","truncating"
"15797G>A","15234G>A",118,93.8026948989413,0.0996666917102585,0,"Significant","truncating"
"15797G>A","14401A>T",123,88.6977863330125,0.141992330337571,0,"Significant","truncating"
"15797G>A","15170G>A",62,65.725697786333,-0.0253435160544742,0.445,"Not Significant","truncating"
"15797G>A","8168C>T",91,95.7170356111646,-0.0219478475821598,0.392,"Not Significant","truncating"
"15797G>A","10677G>T",20,70.1924927815207,-0.545260670340287,0,"Significant","truncating"
"15797G>A","11148T>A",96,72.7449470644851,0.120468400855356,0,"Significant","truncating"
"15797G>A","5035G>A",46,67.0019249278152,-0.163329448235664,0,"Significant","truncating"
"15797G>A","5920G>A",118,93.8026948989413,0.0996666917102585,0,"Significant","truncating"
"15797G>A","14343C>T",97,77.2117420596728,0.0990883831020842,0,"Significant","truncating"
"15797G>A","15882G>A",49,76.5736284889317,-0.193883146866388,0,"Significant","truncating"
"15797G>A","15327C>G",36,37.6487006737247,-0.0194474917223998,0.68,"Not Significant","truncating"
"15797G>A","9216C>T",97,93.8026948989413,0.0145564186704578,0.58,"Not Significant","truncating"
"15797G>A","8391G>A",75,72.7449470644851,0.0132584312076138,0.661,"Not Significant","truncating"
"15797G>A","4989C>T",78,88.6977863330125,-0.0558181784111433,0.037,"Significant","truncating"
"15797G>A","8235A>G",35,56.1539942252166,-0.205312608647021,0,"Significant","truncating"
"15797G>A","6211G>A",82,83.5928777670837,-0.00835542411963318,0.762,"Not Significant","truncating"
"15797G>A","10761T>C",83,63.1732435033686,0.118544916930764,0,"Significant","truncating"
"15797G>A","15723G>A",50,62.5351299326275,-0.0971540522038977,0.006,"Significant","truncating"
"15797G>A","13636C>T",60,77.8498556304139,-0.113106561138534,0,"Significant","truncating"
"15797G>A","14354T>C",87,82.9547641963427,0.0206779194641616,0.451,"Not Significant","truncating"
"15797G>A","5260G>A",96,99.5457170356112,-0.0157513461624728,0.536,"Not Significant","truncating"
"15797G>A","13409A>G",69,64.4494706448508,0.0296297361069725,0.356,"Not Significant","truncating"
"15797G>A","15075C>A",66,47.8585178055823,0.139584691302323,0,"Significant","truncating"
"15797G>A","3824G>A",38,45.3060635226179,-0.0763727329496765,0.083,"Not Significant","truncating"
"15797G>A","13156C>T",76,73.3830606352262,0.0152177710795636,0.6,"Not Significant","truncating"
"15797G>A","8366A>G",92,70.1924927815207,0.117497161339588,0,"Significant","truncating"
"15797G>A","15561G>A",40,72.106833493744,-0.25591643300257,0,"Significant","truncating"
"15797G>A","15879A>G",76,63.1732435033686,0.0802804168355296,0.006,"Significant","truncating"
"15797G>A","4485C>T",60,70.8306063522618,-0.0720697092504988,0.027,"Significant","truncating"
"15797G>A","5348C>A",75,74.0211742059673,0.00570529331717826,0.916,"Not Significant","truncating"
"15797G>A","12817C>A",24,31.2675649663138,-0.114882819164083,0.023,"Significant","truncating"
"15797G>A","3718C>T",71,59.344562078922,0.0778774193174243,0.013,"Significant","truncating"
"15797G>A","3308T>C",66,56.7921077959577,0.0652559480492535,0.032,"Significant","truncating"
"15797G>A","14157C>T",81,60.6207892204042,0.125863432742026,0,"Significant","truncating"
"15797G>A","7339A>G",74,61.8970163618864,0.0775620046170208,0.009,"Significant","truncating"
"15797G>A","12006G>A",58,58.0683349374398,-0.000511379605751143,1,"Not Significant","truncating"
"7587T>C","12934C>T",529,342.090471607315,0.189314694272161,0,"Significant","truncating"
"7587T>C","9376G>A",56,161.049085659288,-0.458770236490804,0,"Significant","truncating"
"7587T>C","6264G>A",406,330.428296438884,0.0894488022500661,0,"Significant","truncating"
"7587T>C","6597C>T",440,323.20885466795,0.133969426237709,0,"Significant","truncating"
"7587T>C","14559C>T",283,337.09239653513,-0.0759625211494967,0,"Significant","truncating"
"7587T>C","8782G>A",355,274.894128970164,0.111062888522936,0,"Significant","truncating"
"7587T>C","10758C>T",290,206.587102983638,0.147294792418444,0,"Significant","truncating"
"7587T>C","6030C>T",189,201.033686236766,-0.0268070319584618,0.115,"Not Significant","truncating"
"7587T>C","6381G>A",28,50.5360923965351,-0.256443626576737,0,"Significant","truncating"
"7587T>C","3563G>A",297,238.241578440808,0.0957388915338981,0,"Significant","truncating"
"7587T>C","14532C>T",260,217.693936477382,0.0771270153517742,0,"Significant","truncating"
"7587T>C","10971G>A",338,267.119345524543,0.102211358305235,0,"Significant","truncating"
"7587T>C","11606A>T",27,116.066410009625,-0.633342787549386,0,"Significant","truncating"
"7587T>C","14493C>T",231,171.045235803657,0.13050099779308,0,"Significant","truncating"
"7587T>C","14429C>T",81,149.386910490857,-0.265827526722067,0,"Significant","truncating"
"7587T>C","6417A>T",230,170.48989412897,0.130029194941786,0,"Significant","truncating"
"7587T>C","8367T>G",265,194.924927815207,0.133378491872371,0,"Significant","truncating"
"7587T>C","3664G>A",253,193.258902791145,0.11698101163063,0,"Significant","truncating"
"7587T>C","8366A>T",256,178.264677574591,0.15717466730835,0,"Significant","truncating"
"7587T>C","8368G>T",254,177.709335899904,0.155123472701405,0,"Significant","truncating"
"7587T>C","8126C>T",239,181.596727622714,0.11928988268924,0,"Significant","truncating"
"7587T>C","6694A>G",53,131.060635226179,-0.393196398967383,0,"Significant","truncating"
"7587T>C","10396G>A",152,150.497593840231,0.00431403147181,0.819,"Not Significant","truncating"
"7587T>C","14490C>T",201,145.499518768046,0.140334500502107,0,"Significant","truncating"
"7587T>C","13865A>G",49,123.841193455245,-0.402669048617665,0,"Significant","truncating"
"7587T>C","12767G>A",68,122.730510105871,-0.256443626577144,0,"Significant","truncating"
"7587T>C","15611G>A",44,112.734359961501,-0.408603627024978,0,"Significant","truncating"
"7587T>C","7779G>A",46,131.615976900866,-0.45655077992647,0,"Significant","truncating"
"7587T>C","8114G>A",149,156.60635226179,-0.0216231055056269,0.306,"Not Significant","truncating"
"7587T>C","8719G>A",44,98.8508180943215,-0.351527591420713,0,"Significant","truncating"
"7587T>C","4126C>A",24,77.7478344562079,-0.510477059563935,0,"Significant","truncating"
"7587T>C","9537C>T",155,127.173243503369,0.0859359502317881,0,"Significant","truncating"
"7587T>C","6573G>A",114,142.167468719923,-0.0958953795738554,0,"Significant","truncating"
"7587T>C","14838G>A",32,82.7459095283927,-0.41259655569009,0,"Significant","truncating"
"7587T>C","7902G>A",128,149.942252165544,-0.0687140601096233,0.005,"Significant","truncating"
"7587T>C","6460G>A",51,93.2974013474495,-0.262299371226094,0,"Significant","truncating"
"7587T>C","7705T>A",161,114.400384985563,0.148398390064032,0,"Significant","truncating"
"7587T>C","13396C>T",32,83.8565928777671,-0.418387234570978,0,"Significant","truncating"
"7587T>C","3659G>A",41,84.4119345524543,-0.313619996823046,0,"Significant","truncating"
"7587T>C","3307A>T",26,43.8719923002887,-0.227214008917497,0,"Significant","truncating"
"7587T>C","11669C>T",141,119.953801732435,0.070205095905841,0,"Significant","truncating"
"7587T>C","14283C>T",153,168.823869104909,-0.0427424183896823,0.034,"Significant","truncating"
"7587T>C","12809G>A",181,134.948026948989,0.127512035672236,0,"Significant","truncating"
"7587T>C","11066C>T",54,93.8527430221367,-0.240053210388917,0,"Significant","truncating"
"7587T>C","4969G>A",35,89.4100096246391,-0.407318097279373,0,"Significant","truncating"
"7587T>C","14592C>T",124,104.959576515881,0.0723996153903733,0.001,"Significant","truncating"
"7587T>C","6145G>A",119,99.9615014436959,0.0757141906906012,0.002,"Significant","truncating"
"7587T>C","4262A>G",41,43.3166506256015,-0.0238710115692423,0.619,"Not Significant","truncating"
"7587T>C","14044C>T",147,123.841193455245,0.0744522061014061,0,"Significant","truncating"
"7587T>C","9054C>A",24,63.8642925890279,-0.42504686423943,0,"Significant","truncating"
"7587T>C","8412T>G",122,84.9672762271415,0.15710813425844,0,"Significant","truncating"
"7587T>C","8094T>A",97,71.0837343599615,0.135001499019659,0,"Significant","truncating"
"7587T>C","3842G>A",61,71.0837343599615,-0.0664404002355543,0.062,"Not Significant","truncating"
"7587T>C","10296C>T",45,78.3031761308951,-0.24056686447818,0,"Significant","truncating"
"7587T>C","7122C>T",60,81.6352261790183,-0.133726349962895,0,"Significant","truncating"
"7587T>C","14006G>A",45,79.4138594802695,-0.246683789287854,0,"Significant","truncating"
"7587T>C","13031G>A",93,100.516843118383,-0.0337558919137684,0.217,"Not Significant","truncating"
"7587T>C","9952G>A",67,55.5341674687199,0.0815145371021386,0.024,"Significant","truncating"
"7587T>C","6901A>G",100,90.5206929740135,0.0432521299974427,0.119,"Not Significant","truncating"
"7587T>C","15234G>A",107,81.6352261790183,0.117506177338353,0,"Significant","truncating"
"7587T>C","14401A>T",112,77.1924927815207,0.161642956817358,0,"Significant","truncating"
"7587T>C","15170G>A",44,57.2001924927815,-0.113944813817311,0.002,"Significant","truncating"
"7587T>C","8168C>T",81,83.3012512030799,-0.0121665057755707,0.708,"Not Significant","truncating"
"7587T>C","10677G>T",17,61.0875842155919,-0.555504029376661,0,"Significant","truncating"
"7587T>C","11148T>A",86,63.3089509143407,0.13303333430836,0,"Significant","truncating"
"7587T>C","5035G>A",47,58.3108758421559,-0.0936517067325954,0.016,"Significant","truncating"
"7587T>C","5920G>A",108,81.6352261790183,0.12154615514009,0,"Significant","truncating"
"7587T>C","14343C>T",82,67.1963426371511,0.086468216468596,0.006,"Significant","truncating"
"7587T>C","15882G>A",38,66.6410009624639,-0.243957915028877,0,"Significant","truncating"
"7587T>C","15327C>G",22,32.7651588065448,-0.172989596417843,0.004,"Significant","truncating"
"7587T>C","9216C>T",96,81.6352261790183,0.0703936326927588,0.004,"Significant","truncating"
"7587T>C","8391G>A",67,63.3089509143407,0.024609685765762,0.518,"Not Significant","truncating"
"7587T>C","4989C>T",75,77.1924927815207,-0.0125138024609327,0.707,"Not Significant","truncating"
"7587T>C","8235A>G",23,48.8700673724735,-0.32731510173013,0,"Significant","truncating"
"7587T>C","6211G>A",77,72.7497593840231,0.0246591639181306,0.451,"Not Significant","truncating"
"7587T>C","10761T>C",81,54.9788257940327,0.168289558682292,0,"Significant","truncating"
"7587T>C","15723G>A",41,54.4234841193455,-0.123002484571052,0.006,"Significant","truncating"
"7587T>C","13636C>T",52,67.7516843118383,-0.114916752638309,0.001,"Significant","truncating"
"7587T>C","14354T>C",76,72.1944177093359,0.0223099743753704,0.527,"Not Significant","truncating"
"7587T>C","5260G>A",83,86.6333012512031,-0.0186067715769198,0.53,"Not Significant","truncating"
"7587T>C","13409A>G",59,56.0895091434071,0.0219703722609094,0.588,"Not Significant","truncating"
"7587T>C","15075C>A",59,41.6506256015399,0.151230482651584,0,"Significant","truncating"
"7587T>C","3824G>A",40,39.4292589027911,0.00624137701031746,0.89,"Not Significant","truncating"
"7587T>C","13156C>T",71,63.8642925890279,0.0460002427668413,0.167,"Not Significant","truncating"
"7587T>C","8366A>G",89,61.0875842155919,0.163437055887911,0,"Significant","truncating"
"7587T>C","15561G>A",39,62.7536092396535,-0.206574102055053,0,"Significant","truncating"
"7587T>C","15879A>G",57,54.9788257940327,0.0156793954763595,0.693,"Not Significant","truncating"
"7587T>C","4485C>T",54,61.6429258902791,-0.0574894845621432,0.13,"Not Significant","truncating"
"7587T>C","5348C>A",67,64.4196342637151,0.0170565478753281,0.62,"Not Significant","truncating"
"7587T>C","12817C>A",17,27.2117420596728,-0.204307424247835,0.005,"Significant","truncating"
"7587T>C","3718C>T",62,51.6467757459095,0.0793484753456243,0.017,"Significant","truncating"
"7587T>C","3308T>C",60,49.4254090471607,0.084200978140022,0.016,"Significant","truncating"
"7587T>C","14157C>T",73,52.7574590952839,0.141038989232826,0,"Significant","truncating"
"7587T>C","7339A>G",70,53.8681424446583,0.113766040149272,0.001,"Significant","truncating"
"7587T>C","12006G>A",52,50.5360923965351,0.0124016857151274,0.839,"Not Significant","truncating"
"12934C>T","9376G>A",64,171.934552454283,-0.429183188521891,0,"Significant","truncating"
"12934C>T","6264G>A",441,352.762271414822,0.0969564591320163,0,"Significant","truncating"
"12934C>T","6597C>T",468,345.054860442733,0.132357703816954,0,"Significant","truncating"
"12934C>T","14559C>T",301,359.876804619827,-0.0775873600886387,0,"Significant","truncating"
"12934C>T","8782G>A",375,293.474494706449,0.10646090418687,0,"Significant","truncating"
"12934C>T","10758C>T",307,220.550529355149,0.143630270987985,0,"Significant","truncating"
"12934C>T","6030C>T",199,214.621751684312,-0.0328206587306912,0.032,"Significant","truncating"
"12934C>T","6381G>A",25,53.9518768046198,-0.334066548255372,0,"Significant","truncating"
"12934C>T","3563G>A",318,254.344562078922,0.0970046631924262,0,"Significant","truncating"
"12934C>T","14532C>T",285,232.408084696824,0.0885936283807704,0,"Significant","truncating"
"12934C>T","10971G>A",354,285.174205967276,0.0938930210446783,0,"Significant","truncating"
"12934C>T","11606A>T",35,123.9114533205,-0.549043406367136,0,"Significant","truncating"
"12934C>T","14493C>T",246,182.60635226179,0.129419225995625,0,"Significant","truncating"
"12934C>T","14429C>T",87,159.484119345525,-0.263198191990811,0,"Significant","truncating"
"12934C>T","6417A>T",240,182.013474494706,0.120107701627114,0,"Significant","truncating"
"12934C>T","8367T>G",276,208.100096246391,0.122636800992094,0,"Significant","truncating"
"12934C>T","3664G>A",270,206.32146294514,0.116819355605109,0,"Significant","truncating"
"12934C>T","8366A>T",266,190.313763233879,0.145411439618882,0,"Significant","truncating"
"12934C>T","8368G>T",266,189.720885466795,0.146766493703847,0,"Significant","truncating"
"12934C>T","8126C>T",251,193.871029836381,0.112160804213453,0,"Significant","truncating"
"12934C>T","6694A>G",65,139.919153031761,-0.332963810934141,0,"Significant","truncating"
"12934C>T","10396G>A",161,160.669874879692,0.000891420550195445,1,"Not Significant","truncating"
"12934C>T","14490C>T",204,155.333974975938,0.118363711498838,0,"Significant","truncating"
"12934C>T","13865A>G",60,132.211742059673,-0.34311877727137,0,"Significant","truncating"
"12934C>T","12767G>A",77,131.025986525505,-0.230866713119644,0,"Significant","truncating"
"12934C>T","15611G>A",51,120.354186717998,-0.372891026422034,0,"Significant","truncating"
"12934C>T","7779G>A",59,140.512030798845,-0.376861498974781,0,"Significant","truncating"
"12934C>T","8114G>A",156,167.191530317613,-0.030089674572129,0.116,"Not Significant","truncating"
"12934C>T","8719G>A",48,105.532242540905,-0.342143929540062,0,"Significant","truncating"
"12934C>T","4126C>A",30,83.0028873917228,-0.441971945564899,0,"Significant","truncating"
"12934C>T","9537C>T",170,135.769008662175,0.0976482744310735,0,"Significant","truncating"
"12934C>T","6573G>A",122,151.776708373436,-0.0948452992442795,0,"Significant","truncating"
"12934C>T","14838G>A",38,88.3387872954764,-0.366367836402061,0,"Significant","truncating"
"12934C>T","7902G>A",137,160.076997112608,-0.0676083616097829,0.001,"Significant","truncating"
"12934C>T","6460G>A",63,99.6034648700674,-0.198933896879276,0,"Significant","truncating"
"12934C>T","7705T>A",171,122.132820019249,0.146163725415651,0,"Significant","truncating"
"12934C>T","13396C>T",34,89.5245428296439,-0.42046319485737,0,"Significant","truncating"
"12934C>T","3659G>A",47,90.1174205967276,-0.282710894615861,0,"Significant","truncating"
"12934C>T","3307A>T",23,46.837343599615,-0.308864419879136,0,"Significant","truncating"
"12934C>T","11669C>T",151,128.061597690087,0.071558031534939,0,"Significant","truncating"
"12934C>T","14283C>T",171,180.234841193455,-0.0228426378238349,0.228,"Not Significant","truncating"
"12934C>T","12809G>A",187,144.069297401347,0.113270168330869,0,"Significant","truncating"
"12934C>T","11066C>T",68,100.196342637151,-0.16834295651448,0,"Significant","truncating"
"12934C>T","4969G>A",42,95.4533205004812,-0.356541750240618,0,"Significant","truncating"
"12934C>T","14592C>T",135,112.053897978826,0.080906799714448,0,"Significant","truncating"
"12934C>T","6145G>A",125,106.717998075072,0.0686723432974427,0,"Significant","truncating"
"12934C>T","4262A>G",40,46.2444658325313,-0.0629997759696195,0.159,"Not Significant","truncating"
"12934C>T","14044C>T",159,132.211742059673,0.0801270966649875,0,"Significant","truncating"
"12934C>T","9054C>A",24,68.1809432146295,-0.453451763248081,0,"Significant","truncating"
"12934C>T","8412T>G",129,90.7102983638114,0.15293311487426,0,"Significant","truncating"
"12934C>T","8094T>A",107,75.888354186718,0.149208643429927,0,"Significant","truncating"
"12934C>T","3842G>A",57,75.888354186718,-0.124300278582435,0,"Significant","truncating"
"12934C>T","10296C>T",55,83.5957651588066,-0.181821587768114,0,"Significant","truncating"
"12934C>T","7122C>T",70,87.153031761309,-0.0951844593410452,0.003,"Significant","truncating"
"12934C>T","14006G>A",46,84.781520692974,-0.265543370390304,0,"Significant","truncating"
"12934C>T","13031G>A",100,107.310875842156,-0.030643739476403,0.263,"Not Significant","truncating"
"12934C>T","9952G>A",67,59.2877767083734,0.053109638093494,0.114,"Not Significant","truncating"
"12934C>T","6901A>G",108,96.6390760346487,0.0482709864756965,0.069,"Not Significant","truncating"
"12934C>T","15234G>A",113,87.153031761309,0.112795944127882,0,"Significant","truncating"
"12934C>T","14401A>T",117,82.4100096246391,0.152205896884663,0,"Significant","truncating"
"12934C>T","15170G>A",43,61.0664100096246,-0.152333933732535,0,"Significant","truncating"
"12934C>T","8168C>T",84,88.9316650625602,-0.024777137601019,0.433,"Not Significant","truncating"
"12934C>T","10677G>T",22,65.2165543792108,-0.471935168941959,0,"Significant","truncating"
"12934C>T","11148T>A",90,67.5880654475457,0.124372493495444,0,"Significant","truncating"
"12934C>T","5035G>A",47,62.2521655437921,-0.122056605741242,0,"Significant","truncating"
"12934C>T","5920G>A",115,87.153031761309,0.120415340998067,0,"Significant","truncating"
"12934C>T","14343C>T",85,71.7382098171319,0.0736683907905001,0.008,"Significant","truncating"
"12934C>T","15882G>A",43,71.1453320500481,-0.218677955074887,0,"Significant","truncating"
"12934C>T","15327C>G",20,34.9797882579403,-0.242787180584481,0,"Significant","truncating"
"12934C>T","9216C>T",109,87.153031761309,0.0971439985850996,0,"Significant","truncating"
"12934C>T","8391G>A",72,67.5880654475457,0.0274624804875084,0.437,"Not Significant","truncating"
"12934C>T","4989C>T",72,82.4100096246391,-0.0586474684299986,0.064,"Not Significant","truncating"
"12934C>T","8235A>G",27,52.1732435033686,-0.286084072597653,0,"Significant","truncating"
"12934C>T","6211G>A",78,77.6669874879692,0.00185814242746567,1,"Not Significant","truncating"
"12934C>T","10761T>C",81,58.6948989412897,0.139884659673648,0,"Significant","truncating"
"12934C>T","15723G>A",43,58.102021174206,-0.130722784719894,0.003,"Significant","truncating"
"12934C>T","13636C>T",60,72.3310875842156,-0.0811737448982292,0.019,"Significant","truncating"
"12934C>T","14354T>C",84,77.0741097208855,0.0373707691477503,0.223,"Not Significant","truncating"
"12934C>T","5260G>A",92,92.4889316650626,-0.0023019356161519,1,"Not Significant","truncating"
"12934C>T","13409A>G",66,59.8806544754572,0.0422573971519107,0.211,"Not Significant","truncating"
"12934C>T","15075C>A",60,44.4658325312801,0.130124822384443,0,"Significant","truncating"
"12934C>T","3824G>A",41,42.0943214629451,-0.0114396566065603,0.799,"Not Significant","truncating"
"12934C>T","13156C>T",74,68.1809432146295,0.0355687147700664,0.265,"Not Significant","truncating"
"12934C>T","8366A>G",90,65.2165543792108,0.139884659673668,0,"Significant","truncating"
"12934C>T","15561G>A",41,66.995187680462,-0.213259751370521,0,"Significant","truncating"
"12934C>T","15879A>G",64,58.6948989412897,0.0375796147790279,0.279,"Not Significant","truncating"
"12934C>T","4485C>T",58,65.8094321462945,-0.0548601498308794,0.117,"Not Significant","truncating"
"12934C>T","5348C>A",68,68.7738209817132,-0.00491424112792303,0.926,"Not Significant","truncating"
"12934C>T","12817C>A",13,29.051010587103,-0.349217892327079,0,"Significant","truncating"
"12934C>T","3718C>T",66,55.1376323387873,0.0780958223805558,0.023,"Significant","truncating"
"12934C>T","3308T>C",62,52.7661212704524,0.0700365182459704,0.044,"Significant","truncating"
"12934C>T","14157C>T",74,56.3233878729548,0.118542949834696,0,"Significant","truncating"
"12934C>T","7339A>G",75,57.5091434071222,0.115324364518031,0,"Significant","truncating"
"12934C>T","12006G>A",61,53.9518768046198,0.0533232780823323,0.114,"Not Significant","truncating"
"9376G>A","6264G>A",100,166.073147256978,-0.220299416070155,0,"Significant","truncating"
"9376G>A","6597C>T",57,162.444658325313,-0.454830579318681,0,"Significant","truncating"
"9376G>A","14559C>T",253,169.422521655438,0.174149379758697,0,"Significant","truncating"
"9376G>A","8782G>A",62,138.161693936477,-0.347995959776707,0,"Significant","truncating"
"9376G>A","10758C>T",38,103.830606352262,-0.436541793606141,0,"Significant","truncating"
"9376G>A","6030C>T",131,101.039461020212,0.112780274780722,0,"Significant","truncating"
"9376G>A","6381G>A",15,25.3994225216554,-0.228732583606006,0.019,"Significant","truncating"
"9376G>A","3563G>A",81,119.740134744947,-0.16975472364768,0,"Significant","truncating"
"9376G>A","14532C>T",89,109.412897016362,-0.0896785107172321,0.007,"Significant","truncating"
"9376G>A","10971G>A",75,134.254090471607,-0.252866263323655,0,"Significant","truncating"
"9376G>A","11606A>T",201,58.334937439846,0.537267320967128,0,"Significant","truncating"
"9376G>A","14493C>T",33,85.9672762271415,-0.415819226963525,0,"Significant","truncating"
"9376G>A","14429C>T",203,75.0818094321463,0.431961307568662,0,"Significant","truncating"
"9376G>A","6417A>T",44,85.6881616939365,-0.289468149332297,0,"Significant","truncating"
"9376G>A","8367T>G",42,97.9692011549567,-0.367840276409111,0,"Significant","truncating"
"9376G>A","3664G>A",35,97.1318575553417,-0.44329364993729,0,"Significant","truncating"
"9376G>A","8366A>T",25,89.5957651588065,-0.554347474073361,0,"Significant","truncating"
"9376G>A","8368G>T",28,89.3166506256015,-0.503774397318401,0,"Significant","truncating"
"9376G>A","8126C>T",38,91.2704523580366,-0.380546606384587,0,"Significant","truncating"
"9376G>A","6694A>G",176,65.8710298363811,0.426818214501852,0,"Significant","truncating"
"9376G>A","10396G>A",82,75.6400384985563,0.0350621111674878,0.382,"Not Significant","truncating"
"9376G>A","14490C>T",32,73.1280076997113,-0.358933763340855,0,"Significant","truncating"
"9376G>A","13865A>G",171,62.2425409047161,0.438908797001771,0,"Significant","truncating"
"9376G>A","12767G>A",134,61.6843118383061,0.336930074337538,0,"Significant","truncating"
"9376G>A","15611G>A",167,56.660250240616,0.469437982892085,0,"Significant","truncating"
"9376G>A","7779G>A",198,66.1501443695861,0.476134393909211,0,"Significant","truncating"
"9376G>A","8114G>A",116,78.7102983638113,0.168426430565601,0,"Significant","truncating"
"9376G>A","8719G>A",148,49.6823869104909,0.474059262743704,0,"Significant","truncating"
"9376G>A","4126C>A",131,39.0760346487007,0.525360809634968,0,"Significant","truncating"
"9376G>A","9537C>T",44,63.9172281039461,-0.162165256195172,0.001,"Significant","truncating"
"9376G>A","6573G>A",106,71.4533205004812,0.171283449610944,0,"Significant","truncating"
"9376G>A","14838G>A",101,41.5880654475457,0.385352655027976,0,"Significant","truncating"
"9376G>A","7902G>A",114,75.3609239653513,0.179758636835511,0,"Significant","truncating"
"9376G>A","6460G>A",94,46.8912415784408,0.302036121531593,0,"Significant","truncating"
"9376G>A","7705T>A",16,57.497593840231,-0.555529688053048,0,"Significant","truncating"
"9376G>A","13396C>T",128,42.1462945139557,0.482450572012229,0,"Significant","truncating"
"9376G>A","3659G>A",114,42.4254090471607,0.429278813049279,0,"Significant","truncating"
"9376G>A","3307A>T",13,22.0500481231954,-0.229466189324012,0.018,"Significant","truncating"
"9376G>A","11669C>T",47,60.288739172281,-0.108138343556788,0.03,"Significant","truncating"
"9376G>A","14283C>T",117,84.8508180943215,0.139529827795489,0,"Significant","truncating"
"9376G>A","12809G>A",42,67.8248315688162,-0.208139433541797,0,"Significant","truncating"
"9376G>A","11066C>T",104,47.1703561116458,0.343364184342825,0,"Significant","truncating"
"9376G>A","4969G>A",137,44.9374398460058,0.484112240782129,0,"Significant","truncating"
"9376G>A","14592C>T",39,52.7526467757459,-0.131179647488233,0.008,"Significant","truncating"
"9376G>A","6145G>A",36,50.2406159769009,-0.144752454677455,0.011,"Significant","truncating"
"9376G>A","4262A>G",22,21.7709335899904,0.00454562778992637,1,"Not Significant","truncating"
"9376G>A","14044C>T",56,62.2425409047161,-0.0458992863836611,0.306,"Not Significant","truncating"
"9376G>A","9054C>A",103,32.0981713185756,0.50635693400885,0,"Significant","truncating"
"9376G>A","8412T>G",21,42.7045235803657,-0.308254586424407,0,"Significant","truncating"
"9376G>A","8094T>A",10,35.7266602502406,-0.55299241998652,0,"Significant","truncating"
"9376G>A","3842G>A",44,35.7266602502406,0.0904602564963118,0.078,"Not Significant","truncating"
"9376G>A","10296C>T",97,39.3551491819057,0.39177017126843,0,"Significant","truncating"
"9376G>A","7122C>T",84,41.0298363811357,0.311179500971385,0,"Significant","truncating"
"9376G>A","14006G>A",98,39.9133782483157,0.390107587885009,0,"Significant","truncating"
"9376G>A","13031G>A",74,50.5197305101059,0.16577069451974,0,"Significant","truncating"
"9376G>A","9952G>A",28,27.9114533205005,0.00137558100043567,1,"Not Significant","truncating"
"9376G>A","6901A>G",31,45.4956689124158,-0.166608360911017,0.006,"Significant","truncating"
"9376G>A","15234G>A",24,41.0298363811357,-0.232888543377598,0.002,"Significant","truncating"
"9376G>A","14401A>T",15,38.7969201154957,-0.412705991538417,0,"Significant","truncating"
"9376G>A","15170G>A",22,28.7487969201155,-0.116196994224281,0.136,"Not Significant","truncating"
"9376G>A","8168C>T",48,41.8671799807507,0.0593675279779948,0.228,"Not Significant","truncating"
"9376G>A","10677G>T",103,30.7025986525505,0.525662089204176,0,"Significant","truncating"
"9376G>A","11148T>A",18,31.8190567853705,-0.247414796573897,0.003,"Significant","truncating"
"9376G>A","5035G>A",63,29.3070259865255,0.332368800041072,0,"Significant","truncating"
"9376G>A","5920G>A",19,41.0298363811357,-0.334346184135899,0,"Significant","truncating"
"9376G>A","14343C>T",22,33.7728585178056,-0.186145139835334,0.02,"Significant","truncating"
"9376G>A","15882G>A",79,33.4937439846006,0.372663394900291,0,"Significant","truncating"
"9376G>A","15327C>G",14,16.4677574590953,-0.0705064263052198,0.565,"Not Significant","truncating"
"9376G>A","9216C>T",36,41.0298363811357,-0.0567972843225195,0.299,"Not Significant","truncating"
"9376G>A","8391G>A",31,31.8190567853705,-0.0113256078439426,0.921,"Not Significant","truncating"
"9376G>A","4989C>T",54,38.7969201154957,0.14359650922678,0.006,"Significant","truncating"
"9376G>A","8235A>G",60,24.5620789220404,0.387886127890652,0,"Significant","truncating"
"9376G>A","6211G>A",32,36.5640038498556,-0.0579037676774676,0.367,"Not Significant","truncating"
"9376G>A","10761T>C",12,27.6323387872955,-0.362236398889656,0,"Significant","truncating"
"9376G>A","15723G>A",35,27.3532242540905,0.107059518315655,0.087,"Not Significant","truncating"
"9376G>A","13636C>T",57,34.0519730510106,0.223732574655451,0,"Significant","truncating"
"9376G>A","14354T>C",41,36.2848893166506,0.0530580540709824,0.355,"Not Significant","truncating"
"9376G>A","5260G>A",48,43.5418671799807,0.0423341886792543,0.439,"Not Significant","truncating"
"9376G>A","13409A>G",29,28.1905678537055,0.0122941737744918,0.915,"Not Significant","truncating"
"9376G>A","15075C>A",14,20.9335899903754,-0.174715678054213,0.1,"Not Significant","truncating"
"9376G>A","3824G>A",27,19.8171318575553,0.13432296509755,0.047,"Significant","truncating"
"9376G>A","13156C>T",35,32.0981713185756,0.0375877536547731,0.589,"Not Significant","truncating"
"9376G>A","8366A>G",12,30.7025986525505,-0.407993889450174,0,"Significant","truncating"
"9376G>A","15561G>A",61,31.5399422521655,0.286468941184904,0,"Significant","truncating"
"9376G>A","15879A>G",21,27.6323387872955,-0.119198350204913,0.125,"Not Significant","truncating"
"9376G>A","4485C>T",47,30.9817131857555,0.180992428806804,0,"Significant","truncating"
"9376G>A","5348C>A",39,32.3772858517806,0.0808241674575743,0.159,"Not Significant","truncating"
"9376G>A","12817C>A",8,13.6766121270452,-0.232888543376095,0.065,"Not Significant","truncating"
"9376G>A","3718C>T",19,25.9576515880654,-0.135511797942272,0.131,"Not Significant","truncating"
"9376G>A","3308T>C",19,24.8411934552454,-0.116418856033325,0.171,"Not Significant","truncating"
"9376G>A","14157C>T",9,26.5158806544755,-0.469263546188114,0,"Significant","truncating"
"9376G>A","7339A>G",15,27.0741097208855,-0.256462925551051,0.003,"Significant","truncating"
"9376G>A","12006G>A",33,25.3994225216554,0.113690097214621,0.053,"Not Significant","truncating"
"6264G>A","6597C>T",437,333.291626564004,0.11765703414913,0,"Significant","truncating"
"6264G>A","14559C>T",326,347.608277189605,-0.0278725091786824,0.004,"Significant","truncating"
"6264G>A","8782G>A",351,283.46968238691,0.0928004993608537,0,"Significant","truncating"
"6264G>A","10758C>T",253,213.031761308951,0.0746761631225161,0,"Significant","truncating"
"6264G>A","6030C>T",215,207.30510105871,0.01582847121106,0.319,"Not Significant","truncating"
"6264G>A","6381G>A",24,52.1126082771896,-0.336731568779884,0,"Significant","truncating"
"6264G>A","3563G>A",288,245.673724735322,0.0690337774031085,0,"Significant","truncating"
"6264G>A","14532C>T",245,224.485081809432,0.0379785991726869,0.008,"Significant","truncating"
"6264G>A","10971G>A",329,275.452358036574,0.0771494034047447,0,"Significant","truncating"
"6264G>A","11606A>T",66,119.687199230029,-0.258503768740262,0,"Significant","truncating"
"6264G>A","14493C>T",236,176.381135707411,0.126459868298228,0,"Significant","truncating"
"6264G>A","14429C>T",105,154.047160731473,-0.16646439910371,0,"Significant","truncating"
"6264G>A","6417A>T",219,175.808469682387,0.0954043211915109,0,"Significant","truncating"
"6264G>A","8367T>G",252,201.005774783446,0.0981920061443042,0,"Significant","truncating"
"6264G>A","3664G>A",260,199.287776708373,0.115492685852814,0,"Significant","truncating"
"6264G>A","8366A>T",236,183.825794032724,0.10850555239381,0,"Significant","truncating"
"6264G>A","8368G>T",234,183.2531280077,0.106164460918813,0,"Significant","truncating"
"6264G>A","8126C>T",237,187.261790182868,0.102299175178397,0,"Significant","truncating"
"6264G>A","6694A>G",92,135.149181905679,-0.167025593795773,0,"Significant","truncating"
"6264G>A","10396G>A",165,155.192492781521,0.0266132351681118,0.192,"Not Significant","truncating"
"6264G>A","14490C>T",197,150.038498556304,0.118263516670406,0,"Significant","truncating"
"6264G>A","13865A>G",89,127.704523580366,-0.156816274574472,0,"Significant","truncating"
"6264G>A","12767G>A",96,126.559191530318,-0.120022458816805,0,"Significant","truncating"
"6264G>A","15611G>A",78,116.251203079885,-0.173302853393922,0,"Significant","truncating"
"6264G>A","7779G>A",89,135.721847930703,-0.183259757536395,0,"Significant","truncating"
"6264G>A","8114G>A",159,161.491819056785,-0.00675340217027758,0.761,"Not Significant","truncating"
"6264G>A","8719G>A",64,101.934552454283,-0.202141446496126,0,"Significant","truncating"
"6264G>A","4126C>A",47,80.1732435033686,-0.23193159591351,0,"Significant","truncating"
"6264G>A","9537C>T",145,131.14051973051,0.0436311017236831,0.047,"Significant","truncating"
"6264G>A","6573G>A",121,146.60250240616,-0.0833560131667089,0,"Significant","truncating"
"6264G>A","14838G>A",59,85.3272377285852,-0.160235674941275,0,"Significant","truncating"
"6264G>A","7902G>A",140,154.619826756497,-0.0431371466520921,0.032,"Significant","truncating"
"6264G>A","6460G>A",74,96.2078922040424,-0.113978980166123,0,"Significant","truncating"
"6264G>A","7705T>A",165,117.969201154957,0.145715305673276,0,"Significant","truncating"
"6264G>A","13396C>T",42,86.4725697786333,-0.313629075066109,0,"Significant","truncating"
"6264G>A","3659G>A",60,87.0452358036574,-0.161593755732276,0,"Significant","truncating"
"6264G>A","3307A>T",25,45.2406159769009,-0.257588500788999,0,"Significant","truncating"
"6264G>A","11669C>T",136,123.695861405197,0.0411837390478827,0.071,"Not Significant","truncating"
"6264G>A","14283C>T",168,174.090471607315,-0.015465720054254,0.405,"Not Significant","truncating"
"6264G>A","12809G>A",171,139.157844080847,0.0894884186224114,0,"Significant","truncating"
"6264G>A","11066C>T",75,96.7805582290664,-0.110726859393215,0,"Significant","truncating"
"6264G>A","4969G>A",56,92.1992300288739,-0.216539267196717,0,"Significant","truncating"
"6264G>A","14592C>T",125,108.233878729548,0.0625467906633863,0.006,"Significant","truncating"
"6264G>A","6145G>A",122,103.079884504331,0.0731859074000046,0,"Significant","truncating"
"6264G>A","4262A>G",42,44.6679499518768,-0.0267467304638904,0.579,"Not Significant","truncating"
"6264G>A","14044C>T",155,127.704523580366,0.0841254169506987,0,"Significant","truncating"
"6264G>A","9054C>A",41,65.8565928777671,-0.205815401804849,0,"Significant","truncating"
"6264G>A","8412T>G",109,87.6179018286814,0.0948336489515554,0,"Significant","truncating"
"6264G>A","8094T>A",89,73.3012512030799,0.0842786188255678,0.003,"Significant","truncating"
"6264G>A","3842G>A",65,73.3012512030799,-0.0521980311763093,0.128,"Not Significant","truncating"
"6264G>A","10296C>T",56,80.7459095283927,-0.158932503820314,0,"Significant","truncating"
"6264G>A","7122C>T",67,84.1819056785371,-0.0991439502185896,0.002,"Significant","truncating"
"6264G>A","14006G>A",61,81.8912415784408,-0.127907620625485,0,"Significant","truncating"
"6264G>A","13031G>A",98,103.652550529355,-0.0243539173480377,0.381,"Not Significant","truncating"
"6264G>A","9952G>A",61,57.2666025024062,0.0274284168393485,0.452,"Not Significant","truncating"
"6264G>A","6901A>G",103,93.344562078922,0.0427482021297986,0.098,"Not Significant","truncating"
"6264G>A","15234G>A",109,84.1819056785371,0.112207745020958,0,"Significant","truncating"
"6264G>A","14401A>T",103,79.6005774783446,0.111921006279581,0,"Significant","truncating"
"6264G>A","15170G>A",50,58.9846005774783,-0.0717686385403932,0.078,"Not Significant","truncating"
"6264G>A","8168C>T",86,85.8999037536092,0.000505774016513725,1,"Not Significant","truncating"
"6264G>A","10677G>T",34,62.9932627526468,-0.267815186286754,0,"Significant","truncating"
"6264G>A","11148T>A",81,65.283926852743,0.0936787493706759,0,"Significant","truncating"
"6264G>A","5035G>A",55,60.1299326275265,-0.0387280277469991,0.279,"Not Significant","truncating"
"6264G>A","5920G>A",106,84.1819056785371,0.100087112345116,0,"Significant","truncating"
"6264G>A","14343C>T",82,69.2925890279115,0.0731270638957973,0.015,"Significant","truncating"
"6264G>A","15882G>A",54,68.7199230028874,-0.104688904395856,0.006,"Significant","truncating"
"6264G>A","15327C>G",19,33.7872954764196,-0.249999828859687,0,"Significant","truncating"
"6264G>A","9216C>T",95,84.1819056785371,0.0525048523692407,0.066,"Not Significant","truncating"
"6264G>A","8391G>A",66,65.283926852743,0.00473766603401672,0.932,"Not Significant","truncating"
"6264G>A","4989C>T",73,79.6005774783446,-0.037593358304962,0.203,"Not Significant","truncating"
"6264G>A","8235A>G",41,50.3946102021174,-0.0896002336016078,0.041,"Significant","truncating"
"6264G>A","6211G>A",70,75.0192492781521,-0.0300746738128381,0.37,"Not Significant","truncating"
"6264G>A","10761T>C",59,56.6939364773821,0.0173153988731921,0.672,"Not Significant","truncating"
"6264G>A","15723G>A",48,56.121270452358,-0.0678862564881488,0.087,"Not Significant","truncating"
"6264G>A","13636C>T",62,69.8652550529355,-0.0518695593477877,0.165,"Not Significant","truncating"
"6264G>A","14354T>C",86,74.446583253128,0.0626536807652804,0.031,"Significant","truncating"
"6264G>A","5260G>A",87,89.3358999037536,-0.0115067639072022,0.749,"Not Significant","truncating"
"6264G>A","13409A>G",63,57.8392685274302,0.0371177574995054,0.289,"Not Significant","truncating"
"6264G>A","15075C>A",52,42.9499518768046,0.083040662071551,0.025,"Significant","truncating"
"6264G>A","3824G>A",38,40.6592877767084,-0.0293761702735625,0.519,"Not Significant","truncating"
"6264G>A","13156C>T",69,65.8565928777671,0.0202498322122414,0.547,"Not Significant","truncating"
"6264G>A","8366A>G",81,62.9932627526468,0.109190915548899,0.001,"Significant","truncating"
"6264G>A","15561G>A",48,64.711260827719,-0.129738624278971,0.001,"Significant","truncating"
"6264G>A","15879A>G",59,56.6939364773821,0.0173153988731921,0.674,"Not Significant","truncating"
"6264G>A","4485C>T",63,63.5659287776708,-0.00388384750444179,0.902,"Not Significant","truncating"
"6264G>A","5348C>A",59,66.4292589027911,-0.0515073957560641,0.154,"Not Significant","truncating"
"6264G>A","12817C>A",12,28.060635226179,-0.36891625215019,0,"Significant","truncating"
"6264G>A","3718C>T",66,53.2579403272377,0.093159568816404,0.005,"Significant","truncating"
"6264G>A","3308T>C",52,50.9672762271415,0.00871191881849727,0.831,"Not Significant","truncating"
"6264G>A","14157C>T",70,54.4032723772859,0.109473016553859,0.001,"Significant","truncating"
"6264G>A","7339A>G",61,55.548604427334,0.0406566825730802,0.293,"Not Significant","truncating"
"6264G>A","12006G>A",63,52.1126082771896,0.0823977389609719,0.02,"Significant","truncating"
"6597C>T","14559C>T",290,340.013474494706,-0.0690981302689905,0,"Significant","truncating"
"6597C>T","8782G>A",353,277.276227141482,0.104862069361509,0,"Significant","truncating"
"6597C>T","10758C>T",284,208.377285851781,0.134467963072374,0,"Significant","truncating"
"6597C>T","6030C>T",202,202.775745909528,-0.00166463817925216,0.949,"Not Significant","truncating"
"6597C>T","6381G>A",24,50.9740134744947,-0.327137587701241,0,"Significant","truncating"
"6597C>T","3563G>A",297,240.306063522618,0.0919917200397426,0,"Significant","truncating"
"6597C>T","14532C>T",258,219.580365736285,0.0700262018500325,0,"Significant","truncating"
"6597C>T","10971G>A",351,269.434071222329,0.114854602999244,0,"Significant","truncating"
"6597C>T","11606A>T",29,117.07218479307,-0.606055725303682,0,"Significant","truncating"
"6597C>T","14493C>T",231,172.527430221367,0.126753826298925,0,"Significant","truncating"
"6597C>T","14429C>T",76,150.681424446583,-0.297246124814044,0,"Significant","truncating"
"6597C>T","6417A>T",223,171.967276227141,0.112859050478205,0,"Significant","truncating"
"6597C>T","8367T>G",272,196.614051973051,0.140954350475602,0,"Significant","truncating"
"6597C>T","3664G>A",264,194.933589990375,0.131717245830481,0,"Significant","truncating"
"6597C>T","8366A>T",259,179.809432146294,0.158487294583595,0,"Significant","truncating"
"6597C>T","8368G>T",258,179.249278152069,0.158162290550539,0,"Significant","truncating"
"6597C>T","8126C>T",249,183.170356111646,0.133344157342677,0,"Significant","truncating"
"6597C>T","6694A>G",54,132.196342637151,-0.388825680239373,0,"Significant","truncating"
"6597C>T","10396G>A",154,151.801732435034,0.00624399286934235,0.801,"Not Significant","truncating"
"6597C>T","14490C>T",204,146.760346487007,0.143021439013359,0,"Significant","truncating"
"6597C>T","13865A>G",60,124.914340712223,-0.318461049756852,0,"Significant","truncating"
"6597C>T","12767G>A",71,123.794032723773,-0.241441362058486,0,"Significant","truncating"
"6597C>T","15611G>A",45,113.711260827719,-0.402590961229997,0,"Significant","truncating"
"6597C>T","7779G>A",52,132.756496631376,-0.407052439467508,0,"Significant","truncating"
"6597C>T","8114G>A",156,157.963426371511,-0.00543194705760714,0.832,"Not Significant","truncating"
"6597C>T","8719G>A",38,99.7074109720885,-0.418943842784088,0,"Significant","truncating"
"6597C>T","4126C>A",24,78.4215591915303,-0.514224231058087,0,"Significant","truncating"
"6597C>T","9537C>T",153,128.275264677575,0.0765485113849451,0,"Significant","truncating"
"6597C>T","6573G>A",114,143.399422521655,-0.0996425510680099,0,"Significant","truncating"
"6597C>T","14838G>A",32,83.4629451395572,-0.416343727184242,0,"Significant","truncating"
"6597C>T","7902G>A",129,151.241578440808,-0.0690814909523999,0.001,"Significant","truncating"
"6597C>T","6460G>A",51,94.1058710298364,-0.266046542720247,0,"Significant","truncating"
"6597C>T","7705T>A",159,115.391722810395,0.139222466858484,0,"Significant","truncating"
"6597C>T","13396C>T",31,84.5832531280077,-0.43592269055072,0,"Significant","truncating"
"6597C>T","3659G>A",44,85.1434071222329,-0.286698348550819,0,"Significant","truncating"
"6597C>T","3307A>T",23,44.2521655437921,-0.284206692364653,0,"Significant","truncating"
"6597C>T","11669C>T",132,120.993262752647,0.037812742962178,0.075,"Not Significant","truncating"
"6597C>T","14283C>T",167,170.286814244466,-0.00846454955387644,0.687,"Not Significant","truncating"
"6597C>T","12809G>A",177,136.117420596728,0.11405955567071,0,"Significant","truncating"
"6597C>T","11066C>T",57,94.6660250240616,-0.22031928603359,0,"Significant","truncating"
"6597C>T","4969G>A",32,90.1847930702599,-0.449983334803779,0,"Significant","truncating"
"6597C>T","14592C>T",130,105.869104908566,0.0891741110408054,0,"Significant","truncating"
"6597C>T","6145G>A",125,100.827718960539,0.093330070811956,0,"Significant","truncating"
"6597C>T","4262A>G",38,43.6920115495669,-0.0606184431662323,0.173,"Not Significant","truncating"
"6597C>T","14044C>T",155,124.914340712223,0.0937193980293523,0,"Significant","truncating"
"6597C>T","9054C>A",23,64.4177093358999,-0.447277441427516,0,"Significant","truncating"
"6597C>T","8412T>G",115,85.7035611164581,0.127698972443173,0,"Significant","truncating"
"6597C>T","8094T>A",96,71.6997112608277,0.126753826298836,0,"Significant","truncating"
"6597C>T","3842G>A",60,71.6997112608277,-0.0773661563568178,0.041,"Significant","truncating"
"6597C>T","10296C>T",51,78.9817131857555,-0.189956373649853,0,"Significant","truncating"
"6597C>T","7122C>T",58,82.3426371511068,-0.152196778277729,0,"Significant","truncating"
"6597C>T","14006G>A",37,80.102021174206,-0.335441750490146,0,"Significant","truncating"
"6597C>T","13031G>A",102,101.387872954764,0.00261415980001946,0.922,"Not Significant","truncating"
"6597C>T","9952G>A",63,56.0153994225216,0.0510331123607847,0.188,"Not Significant","truncating"
"6597C>T","6901A>G",105,91.3051010587103,0.0606942575732072,0.021,"Significant","truncating"
"6597C>T","15234G>A",105,82.3426371511068,0.105564527228937,0,"Significant","truncating"
"6597C>T","14401A>T",109,77.8614051973051,0.146104260593658,0,"Significant","truncating"
"6597C>T","15170G>A",45,57.6958614051973,-0.107932148022327,0.013,"Significant","truncating"
"6597C>T","8168C>T",83,84.0230991337825,-0.00532060377231197,0.852,"Not Significant","truncating"
"6597C>T","10677G>T",20,61.6169393647738,-0.488670126585488,0,"Significant","truncating"
"6597C>T","11148T>A",85,63.8575553416747,0.12420663728494,0,"Significant","truncating"
"6597C>T","5035G>A",43,58.8161693936477,-0.136028280582791,0.003,"Significant","truncating"
"6597C>T","5920G>A",107,82.3426371511068,0.113759005844201,0,"Significant","truncating"
"6597C>T","14343C>T",84,67.7786333012512,0.0931864786525967,0.003,"Significant","truncating"
"6597C>T","15882G>A",39,67.218479307026,-0.236424076113369,0,"Significant","truncating"
"6597C>T","15327C>G",13,33.0490856592878,-0.405216096425992,0,"Significant","truncating"
"6597C>T","9216C>T",97,82.3426371511068,0.071146962425278,0.009,"Significant","truncating"
"6597C>T","8391G>A",69,63.8575553416747,0.033636802308021,0.31,"Not Significant","truncating"
"6597C>T","4989C>T",75,77.8614051973051,-0.0162609739550848,0.661,"Not Significant","truncating"
"6597C>T","8235A>G",28,49.293551491819,-0.24563207789999,0,"Significant","truncating"
"6597C>T","6211G>A",73,73.3801732435034,-0.00225587262801631,1,"Not Significant","truncating"
"6597C>T","10761T>C",75,55.4552454282964,0.131118631701235,0,"Significant","truncating"
"6597C>T","15723G>A",36,54.8950914340712,-0.183231012017503,0,"Significant","truncating"
"6597C>T","13636C>T",56,68.3387872954764,-0.0864792407611188,0.02,"Significant","truncating"
"6597C>T","14354T>C",81,72.8200192492781,0.0462342294790417,0.131,"Not Significant","truncating"
"6597C>T","5260G>A",84,87.3840230991338,-0.0171527493852709,0.597,"Not Significant","truncating"
"6597C>T","13409A>G",61,56.5755534167469,0.0327010241353578,0.403,"Not Significant","truncating"
"6597C>T","15075C>A",62,42.0115495668912,0.16902298901351,0,"Significant","truncating"
"6597C>T","3824G>A",37,39.7709335899904,-0.0313640617447096,0.568,"Not Significant","truncating"
"6597C>T","13156C>T",72,64.4177093358999,0.0483272189848748,0.141,"Not Significant","truncating"
"6597C>T","8366A>G",88,61.6169393647738,0.154782549899021,0,"Significant","truncating"
"6597C>T","15561G>A",36,63.2974013474495,-0.245083379808323,0,"Significant","truncating"
"6597C>T","15879A>G",65,55.4552454282964,0.0689707249524797,0.043,"Significant","truncating"
"6597C>T","4485C>T",50,62.177093358999,-0.0946604115431795,0.023,"Significant","truncating"
"6597C>T","5348C>A",57,64.9778633301251,-0.0568905706470445,0.134,"Not Significant","truncating"
"6597C>T","12817C>A",12,27.4475457170356,-0.359322271071563,0,"Significant","truncating"
"6597C>T","3718C>T",62,52.0943214629451,0.0756013038514745,0.028,"Significant","truncating"
"6597C>T","3308T>C",62,49.8537054860443,0.0946942457604594,0.012,"Significant","truncating"
"6597C>T","14157C>T",79,53.2146294513956,0.171596048908616,0,"Significant","truncating"
"6597C>T","7339A>G",68,54.334937439846,0.0974297413471198,0.006,"Significant","truncating"
"6597C>T","12006G>A",51,50.9740134744947,0.000221346684131308,1,"Not Significant","truncating"
"14559C>T","8782G>A",253,289.186717998075,-0.0580578212758095,0,"Significant","truncating"
"14559C>T","10758C>T",189,217.328200192493,-0.0606542792267036,0,"Significant","truncating"
"14559C>T","6030C>T",230,211.48604427334,0.0364461219663305,0.014,"Significant","truncating"
"14559C>T","6381G>A",67,53.1636188642926,0.100460266861484,0.004,"Significant","truncating"
"14559C>T","3563G>A",241,250.628488931665,-0.0170133931279291,0.201,"Not Significant","truncating"
"14559C>T","14532C>T",221,229.012512030799,-0.0154669368534199,0.296,"Not Significant","truncating"
"14559C>T","10971G>A",255,281.007699711261,-0.042178039457941,0,"Significant","truncating"
"14559C>T","11606A>T",192,122.101058710298,0.196581799074286,0,"Significant","truncating"
"14559C>T","14493C>T",154,179.938402309913,-0.0676031391820207,0,"Significant","truncating"
"14559C>T","14429C>T",221,157.153994225217,0.148066850164543,0,"Significant","truncating"
"14559C>T","6417A>T",164,179.354186717998,-0.0388676709475461,0.046,"Significant","truncating"
"14559C>T","8367T>G",183,205.059672762271,-0.0494291702534492,0.003,"Significant","truncating"
"14559C>T","3664G>A",165,203.307025986525,-0.0906684432507051,0,"Significant","truncating"
"14559C>T","8366A>T",159,187.533205004812,-0.0716810516024591,0.001,"Significant","truncating"
"14559C>T","8368G>T",161,186.948989412897,-0.064897245806099,0,"Significant","truncating"
"14559C>T","8126C>T",187,191.038498556304,-0.00927928964186231,0.578,"Not Significant","truncating"
"14559C>T","6694A>G",194,137.874879692012,0.148316583441948,0,"Significant","truncating"
"14559C>T","10396G>A",167,158.322425409047,0.0231740367550832,0.228,"Not Significant","truncating"
"14559C>T","14490C>T",132,153.064485081809,-0.0643005036319305,0,"Significant","truncating"
"14559C>T","13865A>G",181,130.280076997113,0.14280056830285,0,"Significant","truncating"
"14559C>T","12767G>A",170,129.111645813282,0.119483504175002,0,"Significant","truncating"
"14559C>T","15611G>A",172,118.595765158807,0.161459265476142,0,"Significant","truncating"
"14559C>T","7779G>A",202,138.459095283927,0.164029879918341,0,"Significant","truncating"
"14559C>T","8114G>A",189,164.748796920115,0.059639552335769,0.001,"Significant","truncating"
"14559C>T","8719G>A",159,103.990375360924,0.184403978493333,0,"Significant","truncating"
"14559C>T","4126C>A",132,81.7901828681425,0.20787275200933,0,"Significant","truncating"
"14559C>T","9537C>T",160,133.785370548604,0.0777113567979035,0,"Significant","truncating"
"14559C>T","6573G>A",178,149.559191530318,0.0756068934789179,0,"Significant","truncating"
"14559C>T","14838G>A",119,87.0481231953802,0.135787549462043,0,"Significant","truncating"
"14559C>T","7902G>A",165,157.738209817132,0.0195470365368267,0.31,"Not Significant","truncating"
"14559C>T","6460G>A",122,98.1482194417709,0.0944774054307187,0,"Significant","truncating"
"14559C>T","7705T>A",98,120.348411934552,-0.0892142881946564,0,"Significant","truncating"
"14559C>T","13396C>T",125,88.2165543792108,0.151359922196662,0,"Significant","truncating"
"14559C>T","3659G>A",119,88.8007699711261,0.127130229929554,0,"Significant","truncating"
"14559C>T","3307A>T",57,46.153031761309,0.0916746208637907,0.021,"Significant","truncating"
"14559C>T","11669C>T",116,126.190567853705,-0.0365689054420623,0.121,"Not Significant","truncating"
"14559C>T","14283C>T",201,177.601539942252,0.0537493302936266,0.002,"Significant","truncating"
"14559C>T","12809G>A",144,141.964388835419,0.00618307497885306,0.77,"Not Significant","truncating"
"14559C>T","11066C>T",131,98.7324350336862,0.122811447523902,0,"Significant","truncating"
"14559C>T","4969G>A",135,94.0587102983638,0.156934748944936,0,"Significant","truncating"
"14559C>T","14592C>T",107,110.416746871992,-0.0136511700061021,0.647,"Not Significant","truncating"
"14559C>T","6145G>A",140,105.158806544755,0.124282387056749,0,"Significant","truncating"
"14559C>T","4262A>G",51,45.5688161693936,0.0489024298892743,0.224,"Not Significant","truncating"
"14559C>T","14044C>T",133,130.280076997113,0.00897363440083822,0.7,"Not Significant","truncating"
"14559C>T","9054C>A",103,67.1847930702599,0.185566240833256,0,"Significant","truncating"
"14559C>T","8412T>G",88,89.3849855630414,-0.00678190218550262,0.876,"Not Significant","truncating"
"14559C>T","8094T>A",77,74.7795957651588,0.0127076120065166,0.72,"Not Significant","truncating"
"14559C>T","3842G>A",86,74.7795957651588,0.0607153380775435,0.032,"Significant","truncating"
"14559C>T","10296C>T",116,82.3743984600577,0.148665733053306,0,"Significant","truncating"
"14559C>T","7122C>T",110,85.8796920115496,0.107502206891858,0.001,"Significant","truncating"
"14559C>T","14006G>A",115,83.5428296438884,0.138788659370328,0,"Significant","truncating"
"14559C>T","13031G>A",119,105.74302213667,0.0512952430052203,0.022,"Significant","truncating"
"14559C>T","9952G>A",59,58.4215591915303,0.00427886812405677,0.915,"Not Significant","truncating"
"14559C>T","6901A>G",96,95.2271414821944,0.00351048511752683,0.925,"Not Significant","truncating"
"14559C>T","15234G>A",67,85.8796920115496,-0.107815675565287,0,"Significant","truncating"
"14559C>T","14401A>T",105,81.2059672762271,0.111601355297642,0,"Significant","truncating"
"14559C>T","15170G>A",73,60.1742059672762,0.0839124918970767,0.008,"Significant","truncating"
"14559C>T","8168C>T",93,87.6323387872955,0.0258185459801452,0.358,"Not Significant","truncating"
"14559C>T","10677G>T",100,64.2637151106833,0.192034171323453,0,"Significant","truncating"
"14559C>T","11148T>A",73,66.6005774783446,0.039844865265846,0.222,"Not Significant","truncating"
"14559C>T","5035G>A",84,61.3426371511068,0.136516843473673,0,"Significant","truncating"
"14559C>T","5920G>A",70,85.8796920115496,-0.0887924382518847,0.004,"Significant","truncating"
"14559C>T","14343C>T",61,70.6900866217517,-0.0640286788236656,0.063,"Not Significant","truncating"
"14559C>T","15882G>A",94,70.1058710298364,0.127373464033836,0,"Significant","truncating"
"14559C>T","15327C>G",40,34.4687199230029,0.0646348361675638,0.143,"Not Significant","truncating"
"14559C>T","9216C>T",81,85.8796920115496,-0.0254054593875761,0.401,"Not Significant","truncating"
"14559C>T","8391G>A",64,66.6005774783446,-0.0172980208706391,0.645,"Not Significant","truncating"
"14559C>T","4989C>T",103,81.2059672762271,0.103249280932884,0,"Significant","truncating"
"14559C>T","8235A>G",70,51.4109720885467,0.134042224345784,0,"Significant","truncating"
"14559C>T","6211G>A",83,76.5322425409047,0.0352336532021852,0.283,"Not Significant","truncating"
"14559C>T","10761T>C",47,57.837343599615,-0.0901104801797395,0.023,"Significant","truncating"
"14559C>T","15723G>A",70,57.2531280076997,0.0872988208035436,0.01,"Significant","truncating"
"14559C>T","13636C>T",87,71.274302213667,0.08658627842568,0.003,"Significant","truncating"
"14559C>T","14354T>C",86,75.9480269489894,0.053981955418584,0.06,"Not Significant","truncating"
"14559C>T","5260G>A",89,91.1376323387873,-0.0103077352276176,0.726,"Not Significant","truncating"
"14559C>T","13409A>G",75,59.0057747834456,0.10416674609082,0,"Significant","truncating"
"14559C>T","15075C>A",31,43.8161693936477,-0.150272713075098,0.005,"Significant","truncating"
"14559C>T","3824G>A",49,41.4793070259865,0.0723645877911976,0.063,"Not Significant","truncating"
"14559C>T","13156C>T",69,67.1847930702599,0.0115781068655464,0.773,"Not Significant","truncating"
"14559C>T","8366A>G",79,64.2637151106833,0.0896612626140101,0.003,"Significant","truncating"
"14559C>T","15561G>A",86,66.0163618864293,0.114846864241915,0.001,"Significant","truncating"
"14559C>T","15879A>G",65,57.837343599615,0.0507050185271428,0.136,"Not Significant","truncating"
"14559C>T","4485C>T",74,64.8479307025986,0.0573355974261558,0.071,"Not Significant","truncating"
"14559C>T","5348C>A",74,67.7690086621752,0.0382005869859236,0.225,"Not Significant","truncating"
"14559C>T","12817C>A",38,28.6265640038499,0.123014373069842,0.008,"Significant","truncating"
"14559C>T","3718C>T",51,54.3320500481232,-0.0274859159740267,0.517,"Not Significant","truncating"
"14559C>T","3308T>C",56,51.995187680462,0.0322248768431477,0.389,"Not Significant","truncating"
"14559C>T","14157C>T",57,55.5004812319538,0.0115781068655429,0.839,"Not Significant","truncating"
"14559C>T","7339A>G",56,56.6689124157844,-0.00515685077811545,0.918,"Not Significant","truncating"
"14559C>T","12006G>A",60,53.1636188642926,0.0525367145443768,0.14,"Not Significant","truncating"
"8782G>A","10758C>T",224,177.228103946102,0.101715427075823,0,"Significant","truncating"
"8782G>A","6030C>T",177,172.463907603465,0.0112750444522432,0.557,"Not Significant","truncating"
"8782G>A","6381G>A",31,43.3541867179981,-0.145669349862813,0.008,"Significant","truncating"
"8782G>A","3563G>A",245,204.384023099134,0.0787191408033817,0,"Significant","truncating"
"8782G>A","14532C>T",209,186.756496631376,0.0488705677141807,0.005,"Significant","truncating"
"8782G>A","10971G>A",269,229.157844080847,0.0696175522521568,0,"Significant","truncating"
"8782G>A","11606A>T",40,99.5717035611165,-0.396075946158833,0,"Significant","truncating"
"8782G>A","14493C>T",207,146.737247353224,0.149429977579996,0,"Significant","truncating"
"8782G>A","14429C>T",83,128.156881616939,-0.188663839002541,0,"Significant","truncating"
"8782G>A","6417A>T",181,146.260827718961,0.0925505480155497,0,"Significant","truncating"
"8782G>A","8367T>G",223,167.223291626564,0.12500809520588,0,"Significant","truncating"
"8782G>A","3664G>A",282,165.794032723773,0.230680212996281,0,"Significant","truncating"
"8782G>A","8366A>T",208,152.930702598653,0.133568651181423,0,"Significant","truncating"
"8782G>A","8368G>T",205,152.454282964389,0.128614231359384,0,"Significant","truncating"
"8782G>A","8126C>T",195,155.789220404235,0.0974972073257846,0,"Significant","truncating"
"8782G>A","6694A>G",63,112.435033686237,-0.251561104892613,0,"Significant","truncating"
"8782G>A","10396G>A",135,129.109720885467,0.0193748262441945,0.419,"Not Significant","truncating"
"8782G>A","14490C>T",170,124.821944177093,0.134157978682045,0,"Significant","truncating"
"8782G>A","13865A>G",53,106.241578440808,-0.302018644823352,0,"Significant","truncating"
"8782G>A","12767G>A",78,105.288739172281,-0.130287322370877,0,"Significant","truncating"
"8782G>A","15611G>A",56,96.7131857555342,-0.237297662283077,0,"Significant","truncating"
"8782G>A","7779G>A",57,112.9114533205,-0.296863141713626,0,"Significant","truncating"
"8782G>A","8114G>A",137,134.350336862368,0.00848180746064807,0.712,"Not Significant","truncating"
"8782G>A","8719G>A",49,84.8026948989413,-0.238213573656397,0,"Significant","truncating"
"8782G>A","4126C>A",25,66.6987487969201,-0.426177678381506,0,"Significant","truncating"
"8782G>A","9537C>T",128,109.100096246391,0.0693848359315303,0.004,"Significant","truncating"
"8782G>A","6573G>A",101,121.963426371511,-0.0819082429055244,0.003,"Significant","truncating"
"8782G>A","14838G>A",43,70.9865255052935,-0.217707464208681,0,"Significant","truncating"
"8782G>A","7902G>A",118,128.633301251203,-0.0374714082292228,0.135,"Not Significant","truncating"
"8782G>A","6460G>A",57,80.0384985563041,-0.147424077429543,0,"Significant","truncating"
"8782G>A","7705T>A",172,98.1424446583253,0.243671575161814,0,"Significant","truncating"
"8782G>A","13396C>T",32,71.939364773821,-0.351816620348901,0,"Significant","truncating"
"8782G>A","3659G>A",41,72.4157844080847,-0.247049382600969,0,"Significant","truncating"
"8782G>A","3307A>T",25,37.6371511068335,-0.177676733994212,0.007,"Significant","truncating"
"8782G>A","11669C>T",108,102.906641000962,0.0209803529596076,0.458,"Not Significant","truncating"
"8782G>A","14283C>T",137,144.831568816169,-0.0241426678287211,0.316,"Not Significant","truncating"
"8782G>A","12809G>A",147,115.769971126083,0.103721409773393,0,"Significant","truncating"
"8782G>A","11066C>T",55,80.5149181905679,-0.165513666495571,0,"Significant","truncating"
"8782G>A","4969G>A",39,76.7035611164581,-0.293750920381194,0,"Significant","truncating"
"8782G>A","14592C>T",102,90.0433108758422,0.0541487162122256,0.062,"Not Significant","truncating"
"8782G>A","6145G>A",97,85.7555341674687,0.0535095777864888,0.062,"Not Significant","truncating"
"8782G>A","4262A>G",36,37.1607314725698,-0.0137817532995468,0.822,"Not Significant","truncating"
"8782G>A","14044C>T",125,106.241578440808,0.0706154985834431,0.003,"Significant","truncating"
"8782G>A","9054C>A",35,54.7882579403272,-0.194619447379279,0,"Significant","truncating"
"8782G>A","8412T>G",94,72.8922040423484,0.110446771405575,0,"Significant","truncating"
"8782G>A","8094T>A",80,60.9817131857555,0.117890365967515,0.001,"Significant","truncating"
"8782G>A","3842G>A",61,60.9817131857555,0.000130213986507209,1,"Not Significant","truncating"
"8782G>A","10296C>T",50,67.1751684311838,-0.12823875969553,0.005,"Significant","truncating"
"8782G>A","7122C>T",56,70.0336862367661,-0.0971189591182116,0.007,"Significant","truncating"
"8782G>A","14006G>A",41,68.1280076997113,-0.220541832121296,0,"Significant","truncating"
"8782G>A","13031G>A",82,86.2319538017324,-0.0218543738618331,0.521,"Not Significant","truncating"
"8782G>A","9952G>A",57,47.6419634263715,0.0778852042959504,0.062,"Not Significant","truncating"
"8782G>A","6901A>G",87,77.6564003849856,0.0493419968382094,0.118,"Not Significant","truncating"
"8782G>A","15234G>A",87,70.0336862367661,0.0942122664939302,0.001,"Significant","truncating"
"8782G>A","14401A>T",88,66.2223291626564,0.12347822051952,0,"Significant","truncating"
"8782G>A","15170G>A",44,49.0712223291627,-0.047374199595274,0.294,"Not Significant","truncating"
"8782G>A","8168C>T",73,71.4629451395573,0.00924194968837059,0.768,"Not Significant","truncating"
"8782G>A","10677G>T",25,52.4061597690087,-0.32144232786167,0,"Significant","truncating"
"8782G>A","11148T>A",63,54.3118383060635,0.0644460467406076,0.093,"Not Significant","truncating"
"8782G>A","5035G>A",44,50.0240615976901,-0.0557262739600231,0.219,"Not Significant","truncating"
"8782G>A","5920G>A",84,70.0336862367661,0.0789722999372112,0.018,"Significant","truncating"
"8782G>A","14343C>T",77,57.6467757459095,0.125715703479451,0,"Significant","truncating"
"8782G>A","15882G>A",41,57.1703561116458,-0.144387040703981,0.002,"Significant","truncating"
"8782G>A","15327C>G",18,28.1087584215592,-0.193569157914362,0.007,"Significant","truncating"
"8782G>A","9216C>T",71,70.0336862367661,0.00595136259449947,0.939,"Not Significant","truncating"
"8782G>A","8391G>A",64,54.3118383060635,0.0712854712709022,0.057,"Not Significant","truncating"
"8782G>A","4989C>T",67,66.2223291626564,0.00507035107033237,0.927,"Not Significant","truncating"
"8782G>A","8235A>G",24,41.9249278152069,-0.24226108181418,0.001,"Significant","truncating"
"8782G>A","6211G>A",61,62.4109720885467,-0.00993111202137243,0.847,"Not Significant","truncating"
"8782G>A","10761T>C",62,47.1655437921078,0.118766843524092,0.002,"Significant","truncating"
"8782G>A","15723G>A",41,46.6891241578441,-0.0564318703490215,0.235,"Not Significant","truncating"
"8782G>A","13636C>T",54,58.1231953801732,-0.0319557222281139,0.439,"Not Significant","truncating"
"8782G>A","14354T>C",61,61.934552454283,-0.0066031686724503,0.933,"Not Significant","truncating"
"8782G>A","5260G>A",84,74.3214629451396,0.0531650363309614,0.114,"Not Significant","truncating"
"8782G>A","13409A>G",56,48.1183830606352,0.0658770018470394,0.126,"Not Significant","truncating"
"8782G>A","15075C>A",48,35.7314725697786,0.128190322607185,0.003,"Significant","truncating"
"8782G>A","3824G>A",36,33.8257940327238,0.0270545006717431,0.61,"Not Significant","truncating"
"8782G>A","13156C>T",59,54.7882579403272,0.0321645199120847,0.453,"Not Significant","truncating"
"8782G>A","8366A>G",65,52.4061597690087,0.0935310201080786,0.014,"Significant","truncating"
"8782G>A","15561G>A",41,53.8354186717998,-0.118284238139823,0.017,"Significant","truncating"
"8782G>A","15879A>G",55,47.1655437921078,0.0667378435201715,0.111,"Not Significant","truncating"
"8782G>A","4485C>T",45,52.8825794032724,-0.0701001163875611,0.133,"Not Significant","truncating"
"8782G>A","5348C>A",56,55.264677574591,0.00574038640288031,0.919,"Not Significant","truncating"
"8782G>A","12817C>A",13,23.344562078922,-0.254242379096588,0.002,"Significant","truncating"
"8782G>A","3718C>T",62,44.3070259865255,0.145919089567648,0,"Significant","truncating"
"8782G>A","3308T>C",50,42.4013474494706,0.0715903463145591,0.089,"Not Significant","truncating"
"8782G>A","14157C>T",60,45.2598652550529,0.122437993718169,0,"Significant","truncating"
"8782G>A","7339A>G",51,46.2127045235804,0.042808790455212,0.359,"Not Significant","truncating"
"8782G>A","12006G>A",54,43.3541867179981,0.0953627161252862,0.028,"Significant","truncating"
"10758C>T","6030C>T",117,129.609239653513,-0.044450101111688,0.098,"Not Significant","truncating"
"10758C>T","6381G>A",21,32.5813282001925,-0.190749489911159,0.009,"Significant","truncating"
"10758C>T","3563G>A",197,153.597690086622,0.108081541652086,0,"Significant","truncating"
"10758C>T","14532C>T",175,140.350336862368,0.0958245893410559,0,"Significant","truncating"
"10758C>T","10971G>A",208,172.215591915303,0.0819908662641663,0,"Significant","truncating"
"10758C>T","11606A>T",21,74.8296438883542,-0.551854383700367,0,"Significant","truncating"
"10758C>T","14493C>T",159,110.275264677575,0.158919015495166,0,"Significant","truncating"
"10758C>T","14429C>T",53,96.3118383060635,-0.259403802725971,0,"Significant","truncating"
"10758C>T","6417A>T",149,109.917228103946,0.132120500610264,0,"Significant","truncating"
"10758C>T","8367T>G",174,125.6708373436,0.14131473949196,0,"Significant","truncating"
"10758C>T","3664G>A",162,124.596727622714,0.114008378271249,0,"Significant","truncating"
"10758C>T","8366A>T",165,114.929740134745,0.157051519484199,0,"Significant","truncating"
"10758C>T","8368G>T",164,114.571703561116,0.155766477402957,0,"Significant","truncating"
"10758C>T","8126C>T",156,117.077959576516,0.124649453369363,0,"Significant","truncating"
"10758C>T","6694A>G",37,84.4966313763234,-0.358637671227172,0,"Significant","truncating"
"10758C>T","10396G>A",91,97.0279114533205,-0.0278552908780026,0.35,"Not Significant","truncating"
"10758C>T","14490C>T",124,93.8055822906641,0.121193001517657,0,"Significant","truncating"
"10758C>T","13865A>G",32,79.842155919153,-0.397082277052162,0,"Significant","truncating"
"10758C>T","12767G>A",49,79.1260827718961,-0.20812358598098,0,"Significant","truncating"
"10758C>T","15611G>A",35,72.6814244465833,-0.317355385887014,0,"Significant","truncating"
"10758C>T","7779G>A",36,84.8546679499519,-0.372373237566842,0,"Significant","truncating"
"10758C>T","8114G>A",98,100.966313763234,-0.0129504249515733,0.724,"Not Significant","truncating"
"10758C>T","8719G>A",26,63.730510105871,-0.389374046661807,0,"Significant","truncating"
"10758C>T","4126C>A",15,50.1251203079885,-0.523964168945248,0,"Significant","truncating"
"10758C>T","9537C>T",96,81.990375360924,0.0685083583748831,0.029,"Significant","truncating"
"10758C>T","6573G>A",64,91.6573628488932,-0.155987383652478,0,"Significant","truncating"
"10758C>T","14838G>A",22,53.3474494706449,-0.384690979913628,0,"Significant","truncating"
"10758C>T","7902G>A",83,96.669874879692,-0.0662130641075595,0.041,"Significant","truncating"
"10758C>T","6460G>A",39,60.1501443695861,-0.188172067023692,0.001,"Significant","truncating"
"10758C>T","7705T>A",96,73.7555341674687,0.114476620345558,0,"Significant","truncating"
"10758C>T","13396C>T",13,54.0635226179018,-0.618960987308515,0,"Significant","truncating"
"10758C>T","3659G>A",29,54.4215591915303,-0.273372982369837,0,"Significant","truncating"
"10758C>T","3307A>T",20,28.2848893166506,-0.150524487950544,0.057,"Not Significant","truncating"
"10758C>T","11669C>T",88,77.3358999037536,0.0561015286744495,0.104,"Not Significant","truncating"
"10758C>T","14283C>T",111,108.843118383061,0.0085220028531758,0.783,"Not Significant","truncating"
"10758C>T","12809G>A",112,87.0028873917228,0.109684356747038,0,"Significant","truncating"
"10758C>T","11066C>T",39,60.5081809432146,-0.190749489911499,0,"Significant","truncating"
"10758C>T","4969G>A",16,57.6438883541867,-0.556633285698684,0,"Significant","truncating"
"10758C>T","14592C>T",64,67.6689124157844,-0.0242092225140404,0.55,"Not Significant","truncating"
"10758C>T","6145G>A",73,64.446583253128,0.0541229626923507,0.151,"Not Significant","truncating"
"10758C>T","4262A>G",23,27.9268527430221,-0.0842941589972745,0.287,"Not Significant","truncating"
"10758C>T","14044C>T",97,79.842155919153,0.0845394788932678,0.01,"Significant","truncating"
"10758C>T","9054C>A",16,41.1742059672762,-0.410505250020748,0,"Significant","truncating"
"10758C>T","8412T>G",68,54.7795957651588,0.0938900895637633,0.027,"Significant","truncating"
"10758C>T","8094T>A",60,45.8286814244466,0.117013888410831,0.006,"Significant","truncating"
"10758C>T","3842G>A",37,45.8286814244466,-0.0929356379053674,0.103,"Not Significant","truncating"
"10758C>T","10296C>T",31,50.4831568816169,-0.211784811145287,0,"Significant","truncating"
"10758C>T","7122C>T",43,52.6313763233879,-0.0877762714931249,0.078,"Not Significant","truncating"
"10758C>T","14006G>A",31,51.1992300288739,-0.217901735954957,0,"Significant","truncating"
"10758C>T","13031G>A",65,64.8046198267565,0.00130738944894899,1,"Not Significant","truncating"
"10758C>T","9952G>A",43,35.8036573628489,0.0795410632546634,0.123,"Not Significant","truncating"
"10758C>T","6901A>G",68,58.3599615014437,0.0663939159774529,0.091,"Not Significant","truncating"
"10758C>T","15234G>A",76,52.6313763233879,0.159568865207641,0,"Significant","truncating"
"10758C>T","14401A>T",73,49.76708373436,0.166380667541363,0,"Significant","truncating"
"10758C>T","15170G>A",28,36.8777670837344,-0.1196065856873,0.077,"Not Significant","truncating"
"10758C>T","8168C>T",49,53.7054860442733,-0.03982257135181,0.419,"Not Significant","truncating"
"10758C>T","10677G>T",15,39.3840230991338,-0.419228818425471,0,"Significant","truncating"
"10758C>T","11148T>A",71,40.8161693936477,0.24042610505743,0,"Significant","truncating"
"10758C>T","5035G>A",27,37.5938402309913,-0.143752927235218,0.016,"Significant","truncating"
"10758C>T","5920G>A",70,52.6313763233879,0.123853312941156,0.002,"Significant","truncating"
"10758C>T","14343C>T",51,43.3224254090472,0.0708574134566153,0.131,"Not Significant","truncating"
"10758C>T","15882G>A",26,42.9643888354187,-0.218135290400867,0.002,"Significant","truncating"
"10758C>T","15327C>G",15,21.1241578440808,-0.148688144910344,0.086,"Not Significant","truncating"
"10758C>T","9216C>T",69,52.6313763233879,0.117604363664163,0.001,"Significant","truncating"
"10758C>T","8391G>A",45,40.8161693936477,0.042380270114052,0.403,"Not Significant","truncating"
"10758C>T","4989C>T",42,49.76708373436,-0.0736929021807534,0.15,"Not Significant","truncating"
"10758C>T","8235A>G",23,31.507218479307,-0.136682228456786,0.048,"Significant","truncating"
"10758C>T","6211G>A",48,46.9027911453321,0.0100425493950816,0.833,"Not Significant","truncating"
"10758C>T","10761T>C",52,35.4456207892204,0.166440756712139,0.001,"Significant","truncating"
"10758C>T","15723G>A",26,35.0875842155919,-0.130180120045964,0.047,"Significant","truncating"
"10758C>T","13636C>T",32,43.6804619826757,-0.135137244679199,0.017,"Significant","truncating"
"10758C>T","14354T>C",41,46.5447545717036,-0.0550868879116953,0.276,"Not Significant","truncating"
"10758C>T","5260G>A",61,55.8537054860443,0.0382778443315197,0.383,"Not Significant","truncating"
"10758C>T","13409A>G",40,36.1616939364774,0.0438112252204844,0.424,"Not Significant","truncating"
"10758C>T","15075C>A",37,26.8527430221367,0.139213068350131,0.015,"Significant","truncating"
"10758C>T","3824G>A",24,25.4205967276227,-0.0249744993320883,0.778,"Not Significant","truncating"
"10758C>T","13156C>T",44,41.1742059672762,0.0288274438077879,0.606,"Not Significant","truncating"
"10758C>T","8366A>G",46,39.3840230991338,0.0674377541984703,0.182,"Not Significant","truncating"
"10758C>T","15561G>A",20,40.4581328200193,-0.305975840143061,0,"Significant","truncating"
"10758C>T","15879A>G",43,35.4456207892204,0.0839058686571012,0.093,"Not Significant","truncating"
"10758C>T","4485C>T",31,39.7420596727623,-0.107888677276797,0.078,"Not Significant","truncating"
"10758C>T","5348C>A",45,41.5322425409047,0.0348271322236245,0.517,"Not Significant","truncating"
"10758C>T","12817C>A",10,17.543792107796,-0.244123472351366,0.021,"Significant","truncating"
"10758C>T","3718C>T",39,33.2974013474495,0.0686542661476532,0.209,"Not Significant","truncating"
"10758C>T","3308T>C",43,31.8652550529355,0.130151056609601,0.005,"Significant","truncating"
"10758C>T","14157C>T",40,34.0134744947065,0.0704089937142034,0.204,"Not Significant","truncating"
"10758C>T","7339A>G",52,34.7295476419634,0.175304217043419,0,"Significant","truncating"
"10758C>T","12006G>A",36,32.5813282001925,0.0433337161213469,0.472,"Not Significant","truncating"
"6030C>T","6381G>A",16,31.7054860442733,-0.297014432639813,0,"Significant","truncating"
"6030C>T","3563G>A",155,149.468719923003,0.0157813830095686,0.444,"Not Significant","truncating"
"6030C>T","14532C>T",114,136.577478344562,-0.0784742386599099,0.002,"Significant","truncating"
"6030C>T","10971G>A",181,167.586140519731,0.0334404755193452,0.089,"Not Significant","truncating"
"6030C>T","11606A>T",102,72.818094321463,0.146360862674705,0,"Significant","truncating"
"6030C>T","14493C>T",94,107.310875842156,-0.0575158858766766,0.053,"Not Significant","truncating"
"6030C>T","14429C>T",121,93.7228103946102,0.110940067337949,0,"Significant","truncating"
"6030C>T","6417A>T",100,106.962463907603,-0.0292313984531466,0.353,"Not Significant","truncating"
"6030C>T","8367T>G",123,122.292589027911,0.00250497199758356,0.953,"Not Significant","truncating"
"6030C>T","3664G>A",138,121.247353224254,0.0562068194786237,0.026,"Significant","truncating"
"6030C>T","8366A>T",109,111.840230991338,-0.0111715574402266,0.733,"Not Significant","truncating"
"6030C>T","8368G>T",105,111.491819056785,-0.0260537022259321,0.405,"Not Significant","truncating"
"6030C>T","8126C>T",112,113.930702598653,-0.00742275296608622,0.834,"Not Significant","truncating"
"6030C>T","6694A>G",117,82.2252165543792,0.15318083579991,0,"Significant","truncating"
"6030C>T","10396G>A",107,94.4196342637151,0.0543214638347615,0.06,"Not Significant","truncating"
"6030C>T","14490C>T",159,91.283926852743,0.241002810024515,0,"Significant","truncating"
"6030C>T","13865A>G",100,77.6958614051973,0.109602113975726,0,"Significant","truncating"
"6030C>T","12767G>A",147,76.9990375360924,0.280832038086808,0,"Significant","truncating"
"6030C>T","15611G>A",87,70.7276227141482,0.0899301917293024,0.006,"Significant","truncating"
"6030C>T","7779G>A",114,82.5736284889317,0.140063482350235,0,"Significant","truncating"
"6030C>T","8114G>A",116,98.2521655437921,0.0721158579315014,0.009,"Significant","truncating"
"6030C>T","8719G>A",76,62.0173243503369,0.0883005669957802,0.014,"Significant","truncating"
"6030C>T","4126C>A",65,48.7776708373436,0.124692297988407,0.001,"Significant","truncating"
"6030C>T","9537C>T",93,79.786333012512,0.0665544432379815,0.042,"Significant","truncating"
"6030C>T","6573G>A",105,89.1934552454283,0.0708563107820269,0.024,"Significant","truncating"
"6030C>T","14838G>A",108,51.9133782483157,0.318144464098253,0,"Significant","truncating"
"6030C>T","7902G>A",104,94.0712223291627,0.0435765521637607,0.178,"Not Significant","truncating"
"6030C>T","6460G>A",72,58.5332050048123,0.0899301917292786,0.014,"Significant","truncating"
"6030C>T","7705T>A",81,71.7728585178056,0.0525247755334391,0.146,"Not Significant","truncating"
"6030C>T","13396C>T",69,52.6102021174206,0.117779120467902,0.002,"Significant","truncating"
"6030C>T","3659G>A",65,52.958614051973,0.0889767457219428,0.025,"Significant","truncating"
"6030C>T","3307A>T",14,27.5245428296439,-0.293592078586667,0,"Significant","truncating"
"6030C>T","11669C>T",60,75.2569778633301,-0.0983955237431288,0.013,"Significant","truncating"
"6030C>T","14283C>T",123,105.917228103946,0.064938504854599,0.017,"Significant","truncating"
"6030C>T","12809G>A",93,84.6641000962464,0.0407836519795887,0.227,"Not Significant","truncating"
"6030C>T","11066C>T",83,58.8816169393648,0.149098364786198,0,"Significant","truncating"
"6030C>T","4969G>A",75,56.0943214629451,0.126142364383667,0.001,"Significant","truncating"
"6030C>T","14592C>T",81,65.8498556304139,0.089930191729294,0.009,"Significant","truncating"
"6030C>T","6145G>A",73,62.7141482194418,0.065957332041064,0.07,"Not Significant","truncating"
"6030C>T","4262A>G",40,27.1761308950914,0.167872365660981,0.001,"Significant","truncating"
"6030C>T","14044C>T",98,77.6958614051973,0.10082818966823,0.002,"Significant","truncating"
"6030C>T","9054C>A",58,40.0673724735322,0.160637130233002,0,"Significant","truncating"
"6030C>T","8412T>G",65,53.3070259865255,0.086128902849122,0.032,"Significant","truncating"
"6030C>T","8094T>A",51,44.5967276227141,0.0582671834739574,0.224,"Not Significant","truncating"
"6030C>T","3842G>A",52,44.5967276227141,0.0667003510108039,0.173,"Not Significant","truncating"
"6030C>T","10296C>T",62,49.1260827718961,0.101079553866702,0.014,"Significant","truncating"
"6030C>T","7122C>T",65,51.2165543792108,0.103502998918511,0.01,"Significant","truncating"
"6030C>T","14006G>A",58,49.822906641001,0.0659989331217643,0.115,"Not Significant","truncating"
"6030C>T","13031G>A",74,63.0625601539942,0.0694601218857016,0.077,"Not Significant","truncating"
"6030C>T","9952G>A",34,34.8411934552454,-0.0106141059337023,0.919,"Not Significant","truncating"
"6030C>T","6901A>G",51,56.79114533205,-0.0467104512819229,0.318,"Not Significant","truncating"
"6030C>T","15234G>A",58,51.2165543792108,0.0540176358386737,0.248,"Not Significant","truncating"
"6030C>T","14401A>T",57,48.4292589027912,0.0707670324422731,0.101,"Not Significant","truncating"
"6030C>T","15170G>A",25,35.8864292589028,-0.156990239008596,0.013,"Significant","truncating"
"6030C>T","8168C>T",59,52.2617901828681,0.0526677296103798,0.235,"Not Significant","truncating"
"6030C>T","10677G>T",45,38.32531280077,0.0697268056409622,0.179,"Not Significant","truncating"
"6030C>T","11148T>A",28,39.7189605389798,-0.151839842969784,0.022,"Significant","truncating"
"6030C>T","5035G>A",51,36.5832531280077,0.144287854051674,0.004,"Significant","truncating"
"6030C>T","5920G>A",56,51.2165543792108,0.0387776692819635,0.413,"Not Significant","truncating"
"6030C>T","14343C>T",50,42.157844080847,0.0740916110434188,0.128,"Not Significant","truncating"
"6030C>T","15882G>A",49,41.8094321462945,0.0689218110047482,0.161,"Not Significant","truncating"
"6030C>T","15327C>G",14,20.5563041385948,-0.166816998938905,0.073,"Not Significant","truncating"
"6030C>T","9216C>T",59,51.2165543792108,0.0614416539178679,0.164,"Not Significant","truncating"
"6030C>T","8391G>A",53,39.7189605389798,0.125277995288054,0.005,"Significant","truncating"
"6030C>T","4989C>T",63,48.4292589027912,0.114232726223291,0.004,"Significant","truncating"
"6030C>T","8235A>G",39,30.660250240616,0.104488911900039,0.056,"Not Significant","truncating"
"6030C>T","6211G>A",54,45.6419634263715,0.0730294411910686,0.114,"Not Significant","truncating"
"6030C>T","10761T>C",29,34.492781520693,-0.0753302196743437,0.259,"Not Significant","truncating"
"6030C>T","15723G>A",46,34.1443695861405,0.129438733012763,0.011,"Significant","truncating"
"6030C>T","13636C>T",50,42.5062560153994,0.0705171506851291,0.149,"Not Significant","truncating"
"6030C>T","14354T>C",45,45.2935514918191,-0.00282386150747522,1,"Not Significant","truncating"
"6030C>T","5260G>A",60,54.3522617901829,0.0429336290531185,0.333,"Not Significant","truncating"
"6030C>T","13409A>G",41,35.1896053897979,0.0663694599609297,0.239,"Not Significant","truncating"
"6030C>T","15075C>A",20,26.1308950914341,-0.116124290703198,0.123,"Not Significant","truncating"
"6030C>T","3824G>A",36,24.7372473532243,0.162951129071674,0.003,"Significant","truncating"
"6030C>T","13156C>T",47,40.0673724735322,0.0693069946059576,0.178,"Not Significant","truncating"
"6030C>T","8366A>G",45,38.32531280077,0.0697268056409622,0.162,"Not Significant","truncating"
"6030C>T","15561G>A",49,39.3705486044273,0.0950246135688888,0.049,"Significant","truncating"
"6030C>T","15879A>G",41,34.492781520693,0.0750556391459974,0.161,"Not Significant","truncating"
"6030C>T","4485C>T",53,38.6737247353224,0.13685986783784,0.006,"Significant","truncating"
"6030C>T","5348C>A",44,40.4157844080847,0.0369016642831931,0.484,"Not Significant","truncating"
"6030C>T","12817C>A",11,17.0721847930703,-0.190896417844873,0.074,"Not Significant","truncating"
"6030C>T","3718C>T",37,32.4023099133782,0.0576257525369051,0.295,"Not Significant","truncating"
"6030C>T","3308T>C",37,31.0086621751684,0.0767186944458672,0.227,"Not Significant","truncating"
"6030C>T","14157C>T",47,33.0991337824832,0.152281229670493,0.004,"Significant","truncating"
"6030C>T","7339A>G",29,33.7959576515881,-0.0664667593430646,0.336,"Not Significant","truncating"
"6030C>T","12006G>A",30,31.7054860442733,-0.0240131605773415,0.751,"Not Significant","truncating"
"6381G>A","3563G>A",27,37.5736284889317,-0.143519372789201,0.025,"Significant","truncating"
"6381G>A","14532C>T",26,34.3330125120308,-0.12073856381315,0.078,"Not Significant","truncating"
"6381G>A","10971G>A",30,42.1280076997113,-0.147449666417669,0.011,"Significant","truncating"
"6381G>A","11606A>T",6,18.3051010587103,-0.484420880486461,0,"Significant","truncating"
"6381G>A","14493C>T",14,26.9759384023099,-0.28484852558463,0.004,"Significant","truncating"
"6381G>A","14429C>T",12,23.5601539942252,-0.292996878716923,0.008,"Significant","truncating"
"6381G>A","6417A>T",10,26.888354186718,-0.429564220238375,0,"Significant","truncating"
"6381G>A","8367T>G",14,30.7420596727623,-0.341604925549813,0,"Significant","truncating"
"6381G>A","3664G>A",12,30.4793070259865,-0.404823842660678,0,"Significant","truncating"
"6381G>A","8366A>T",10,28.1145332050048,-0.44893087716599,0,"Significant","truncating"
"6381G>A","8368G>T",11,28.0269489894129,-0.406183137923198,0,"Significant","truncating"
"6381G>A","8126C>T",20,28.6400384985563,-0.155943601759566,0.029,"Significant","truncating"
"6381G>A","6694A>G",11,20.669874879692,-0.273945162573951,0.015,"Significant","truncating"
"6381G>A","10396G>A",13,23.735322425409,-0.261451783329974,0.009,"Significant","truncating"
"6381G>A","14490C>T",10,22.9470644850818,-0.360727136081211,0,"Significant","truncating"
"6381G>A","13865A>G",11,19.5312800769971,-0.249338022652127,0.025,"Significant","truncating"
"6381G>A","12767G>A",8,19.3561116458133,-0.383728131453898,0.006,"Significant","truncating"
"6381G>A","15611G>A",5,17.7795957651588,-0.550951878334867,0,"Significant","truncating"
"6381G>A","7779G>A",10,20.7574590952839,-0.317174190771769,0.012,"Significant","truncating"
"6381G>A","8114G>A",14,24.6987487969201,-0.246546917403695,0.005,"Significant","truncating"
"6381G>A","8719G>A",10,15.5899903753609,-0.192845847071253,0.097,"Not Significant","truncating"
"6381G>A","4126C>A",6,12.2617901828681,-0.310402630054814,0.048,"Significant","truncating"
"6381G>A","9537C>T",15,20.0567853705486,-0.126170068047393,0.195,"Not Significant","truncating"
"6381G>A","6573G>A",30,22.4215591915303,0.126455444643407,0.053,"Not Significant","truncating"
"6381G>A","14838G>A",10,13.0500481231954,-0.115612113175175,0.357,"Not Significant","truncating"
"6381G>A","7902G>A",17,23.6477382098171,-0.143340687543911,0.107,"Not Significant","truncating"
"6381G>A","6460G>A",13,14.7141482194418,-0.0537917741825531,0.655,"Not Significant","truncating"
"6381G>A","7705T>A",9,18.0423484119346,-0.302050555691326,0.012,"Significant","truncating"
"6381G>A","13396C>T",6,13.2252165543792,-0.343251541669488,0.03,"Significant","truncating"
"6381G>A","3659G>A",8,13.3128007699711,-0.221179445714579,0.112,"Not Significant","truncating"
"6381G>A","3307A>T",53,6.91915303176131,0.884222933540974,0,"Significant","truncating"
"6381G>A","11669C>T",10,18.9181905678537,-0.2768795959128,0.022,"Significant","truncating"
"6381G>A","14283C>T",21,26.6256015399423,-0.103080133638314,0.178,"Not Significant","truncating"
"6381G>A","12809G>A",12,21.2829643888354,-0.248850872313025,0.021,"Significant","truncating"
"6381G>A","11066C>T",9,14.8017324350337,-0.216070039936373,0.112,"Not Significant","truncating"
"6381G>A","4969G>A",6,14.1010587102984,-0.371100470407964,0.011,"Significant","truncating"
"6381G>A","14592C>T",15,16.553416746872,-0.0427963898812073,0.679,"Not Significant","truncating"
"6381G>A","6145G>A",15,15.7651588065448,-0.0216070908114005,0.896,"Not Significant","truncating"
"6381G>A","4262A>G",6,6.83156881616939,-0.0563691970698719,0.838,"Not Significant","truncating"
"6381G>A","14044C>T",12,19.5312800769971,-0.211549461763056,0.055,"Not Significant","truncating"
"6381G>A","9054C>A",3,10.0721847930703,-0.526002430387701,0.01,"Significant","truncating"
"6381G>A","8412T>G",9,13.400384985563,-0.172874766140606,0.221,"Not Significant","truncating"
"6381G>A","8094T>A",10,11.2107795957652,-0.0496358144113155,0.732,"Not Significant","truncating"
"6381G>A","3842G>A",17,11.2107795957652,0.18081310696517,0.067,"Not Significant","truncating"
"6381G>A","10296C>T",5,12.3493743984601,-0.392674953078108,0.026,"Significant","truncating"
"6381G>A","7122C>T",8,12.8748796920116,-0.206653192518093,0.158,"Not Significant","truncating"
"6381G>A","14006G>A",11,12.5245428296439,-0.0563691970702724,0.63,"Not Significant","truncating"
"6381G>A","13031G>A",24,15.8527430221367,0.180106822077575,0.028,"Significant","truncating"
"6381G>A","9952G>A",8,8.75842155919153,-0.0393358577715024,0.858,"Not Significant","truncating"
"6381G>A","6901A>G",17,14.2762271414822,0.0758354722099125,0.467,"Not Significant","truncating"
"6381G>A","15234G>A",9,12.8748796920116,-0.155500670071315,0.256,"Not Significant","truncating"
"6381G>A","14401A>T",8,12.1742059672762,-0.182350658024206,0.222,"Not Significant","truncating"
"6381G>A","15170G>A",45,9.02117420596728,0.697949444302406,0,"Significant","truncating"
"6381G>A","8168C>T",20,13.1376323387873,0.182512891843249,0.035,"Significant","truncating"
"6381G>A","10677G>T",5,9.63426371511068,-0.284848525581944,0.114,"Not Significant","truncating"
"6381G>A","11148T>A",7,9.98460057747834,-0.154232656084277,0.38,"Not Significant","truncating"
"6381G>A","5035G>A",6,9.19634263715111,-0.185463893447695,0.288,"Not Significant","truncating"
"6381G>A","5920G>A",11,12.8748796920116,-0.0683504943532924,0.641,"Not Significant","truncating"
"6381G>A","14343C>T",6,10.5976900866218,-0.247059964693582,0.125,"Not Significant","truncating"
"6381G>A","15882G>A",9,10.5101058710298,-0.0673645813715228,0.612,"Not Significant","truncating"
"6381G>A","15327C>G",35,5.167468719923,0.830790187937052,0,"Significant","truncating"
"6381G>A","9216C>T",9,12.8748796920116,-0.155500670071315,0.273,"Not Significant","truncating"
"6381G>A","8391G>A",12,9.98460057747834,0.0798505499465055,0.516,"Not Significant","truncating"
"6381G>A","4989C>T",11,12.1742059672762,-0.0440479598594054,0.764,"Not Significant","truncating"
"6381G>A","8235A>G",9,7.70741097208855,0.0673339925244308,0.688,"Not Significant","truncating"
"6381G>A","6211G>A",15,11.4735322425409,0.116394118635111,0.248,"Not Significant","truncating"
"6381G>A","10761T>C",6,8.67083734359961,-0.159909788975593,0.392,"Not Significant","truncating"
"6381G>A","15723G>A",20,8.5832531280077,0.367378075204682,0,"Significant","truncating"
"6381G>A","13636C>T",11,10.6852743022137,0.0126070097194444,1,"Not Significant","truncating"
"6381G>A","14354T>C",19,11.385948026949,0.222384403880547,0.022,"Significant","truncating"
"6381G>A","5260G>A",12,13.6631376323388,-0.0563691970703124,0.635,"Not Significant","truncating"
"6381G>A","13409A>G",9,8.84600577478344,0.00749529089268219,1,"Not Significant","truncating"
"6381G>A","15075C>A",3,6.56881616939365,-0.340365853428089,0.144,"Not Significant","truncating"
"6381G>A","3824G>A",4,6.21847930702599,-0.191624202151156,0.405,"Not Significant","truncating"
"6381G>A","13156C>T",5,10.0721847930703,-0.304153680777135,0.072,"Not Significant","truncating"
"6381G>A","8366A>G",6,9.63426371511068,-0.205667279535767,0.216,"Not Significant","truncating"
"6381G>A","15561G>A",10,9.89701636188643,0.00449571175261893,1,"Not Significant","truncating"
"6381G>A","15879A>G",9,8.67083734359961,0.0161814700776757,1,"Not Significant","truncating"
"6381G>A","4485C>T",10,9.7218479307026,0.0122511764493022,1,"Not Significant","truncating"
"6381G>A","5348C>A",12,10.1597690086622,0.0722974120561347,0.597,"Not Significant","truncating"
"6381G>A","12817C>A",34,4.29162656400385,0.898856992240983,0,"Significant","truncating"
"6381G>A","3718C>T",4,8.14533205004812,-0.308848801984363,0.113,"Not Significant","truncating"
"6381G>A","3308T>C",7,7.79499518768046,-0.0467178113939394,0.857,"Not Significant","truncating"
"6381G>A","14157C>T",2,8.32050048123195,-0.619119454372288,0.018,"Significant","truncating"
"6381G>A","7339A>G",8,8.49566891241578,-0.0261075920379007,1,"Not Significant","truncating"
"6381G>A","12006G>A",6,7.97016361886429,-0.123315986699577,0.538,"Not Significant","truncating"
"3563G>A","14532C>T",185,161.855630413859,0.0580439167549762,0.002,"Significant","truncating"
"3563G>A","10971G>A",226,198.603464870067,0.0561216181459958,0,"Significant","truncating"
"3563G>A","11606A>T",58,86.2954764196343,-0.172560037175418,0,"Significant","truncating"
"3563G>A","14493C>T",162,127.172281039461,0.105122553414566,0,"Significant","truncating"
"3563G>A","14429C>T",89,111.069297401347,-0.0962040179849451,0.002,"Significant","truncating"
"3563G>A","6417A>T",157,126.759384023099,0.0929195323044344,0,"Significant","truncating"
"3563G>A","8367T>G",180,144.926852743022,0.0941236440098768,0,"Significant","truncating"
"3563G>A","3664G>A",188,143.688161693936,0.116736860689481,0,"Significant","truncating"
"3563G>A","8366A>T",162,132.539942252166,0.0871682375101525,0.001,"Significant","truncating"
"3563G>A","8368G>T",163,132.127045235804,0.0911958814564428,0,"Significant","truncating"
"3563G>A","8126C>T",166,135.017324350337,0.0897185907521622,0,"Significant","truncating"
"3563G>A","6694A>G",79,97.4436958614052,-0.0911266563071079,0.008,"Significant","truncating"
"3563G>A","10396G>A",118,111.895091434071,0.0230709718041528,0.374,"Not Significant","truncating"
"3563G>A","14490C>T",139,108.179018286814,0.108871764306714,0,"Significant","truncating"
"3563G>A","13865A>G",72,92.0760346487007,-0.106814111244308,0,"Significant","truncating"
"3563G>A","12767G>A",79,91.2502406159769,-0.0626069270221423,0.058,"Not Significant","truncating"
"3563G>A","15611G>A",58,83.8180943214629,-0.159909788977592,0,"Significant","truncating"
"3563G>A","7779G>A",69,97.8565928777671,-0.15174099990021,0,"Significant","truncating"
"3563G>A","8114G>A",120,116.436958614052,0.0130903931007058,0.618,"Not Significant","truncating"
"3563G>A","8719G>A",61,73.4956689124158,-0.0809319119255528,0.043,"Significant","truncating"
"3563G>A","4126C>A",43,57.8055822906641,-0.12850132472594,0.006,"Significant","truncating"
"3563G>A","9537C>T",119,94.553416746872,0.0998697344250016,0,"Significant","truncating"
"3563G>A","6573G>A",93,105.701636188643,-0.0555987613854052,0.067,"Not Significant","truncating"
"3563G>A","14838G>A",46,61.5216554379211,-0.126270181358009,0.003,"Significant","truncating"
"3563G>A","7902G>A",101,111.482194417709,-0.0428841350038511,0.139,"Not Significant","truncating"
"3563G>A","6460G>A",54,69.3666987487969,-0.108757266530263,0.016,"Significant","truncating"
"3563G>A","7705T>A",119,85.0567853705486,0.145837996395685,0,"Significant","truncating"
"3563G>A","13396C>T",47,62.3474494706448,-0.122720833984771,0.009,"Significant","truncating"
"3563G>A","3659G>A",50,62.7603464870067,-0.0987153282361239,0.03,"Significant","truncating"
"3563G>A","3307A>T",22,32.618864292589,-0.171046155095139,0.014,"Significant","truncating"
"3563G>A","11669C>T",97,89.1857555341675,0.0364762384877279,0.241,"Not Significant","truncating"
"3563G>A","14283C>T",136,125.520692974013,0.0348235801338903,0.172,"Not Significant","truncating"
"3563G>A","12809G>A",123,100.333974975938,0.0884570932134591,0.002,"Significant","truncating"
"3563G>A","11066C>T",57,69.7795957651588,-0.0878535935685894,0.033,"Significant","truncating"
"3563G>A","4969G>A",52,66.4764196342637,-0.106664277024415,0.011,"Significant","truncating"
"3563G>A","14592C>T",95,78.0375360923965,0.0854200564879574,0.006,"Significant","truncating"
"3563G>A","6145G>A",84,74.3214629451396,0.0531650363309614,0.112,"Not Significant","truncating"
"3563G>A","4262A>G",31,32.2059672762271,-0.0165746534837022,0.822,"Not Significant","truncating"
"3563G>A","14044C>T",95,92.0760346487007,0.0135769976131258,0.692,"Not Significant","truncating"
"3563G>A","9054C>A",34,47.4831568816169,-0.145060667938541,0.004,"Significant","truncating"
"3563G>A","8412T>G",87,63.1732435033686,0.138986077173285,0,"Significant","truncating"
"3563G>A","8094T>A",69,52.8508180943215,0.115797376461648,0.001,"Significant","truncating"
"3563G>A","3842G>A",60,52.8508180943215,0.0550995361081305,0.179,"Not Significant","truncating"
"3563G>A","10296C>T",54,58.218479307026,-0.0326670974599,0.449,"Not Significant","truncating"
"3563G>A","7122C>T",52,60.6958614051973,-0.0671557357408041,0.123,"Not Significant","truncating"
"3563G>A","14006G>A",48,59.0442733397498,-0.0899365447168521,0.037,"Significant","truncating"
"3563G>A","13031G>A",78,74.7343599615014,0.0185742831937248,0.635,"Not Significant","truncating"
"3563G>A","9952G>A",45,41.2897016361886,0.0373707691477102,0.451,"Not Significant","truncating"
"3563G>A","6901A>G",78,67.3022136669875,0.0640652536588873,0.084,"Not Significant","truncating"
"3563G>A","15234G>A",69,60.6958614051973,0.0556900113614462,0.163,"Not Significant","truncating"
"3563G>A","14401A>T",72,57.3926852743022,0.098475951549473,0.008,"Significant","truncating"
"3563G>A","15170G>A",31,42.5283926852743,-0.137317275498067,0.019,"Significant","truncating"
"3563G>A","8168C>T",60,61.934552454283,-0.0137817532995618,0.809,"Not Significant","truncating"
"3563G>A","10677G>T",32,45.4186717998075,-0.152084451465465,0.01,"Significant","truncating"
"3563G>A","11148T>A",52,47.070259865255,0.0432567476706923,0.358,"Not Significant","truncating"
"3563G>A","5035G>A",51,43.3541867179981,0.0705391324003013,0.132,"Not Significant","truncating"
"3563G>A","5920G>A",69,60.6958614051973,0.0556900113614462,0.157,"Not Significant","truncating"
"3563G>A","14343C>T",55,49.9605389797883,0.0417355745501673,0.336,"Not Significant","truncating"
"3563G>A","15882G>A",46,49.5476419634264,-0.0322651589935299,0.513,"Not Significant","truncating"
"3563G>A","15327C>G",16,24.3609239653513,-0.182573773612835,0.02,"Significant","truncating"
"3563G>A","9216C>T",65,60.6958614051973,0.0297542772670852,0.466,"Not Significant","truncating"
"3563G>A","8391G>A",52,47.070259865255,0.0432567476706923,0.376,"Not Significant","truncating"
"3563G>A","4989C>T",55,57.3926852743022,-0.0184938553873652,0.72,"Not Significant","truncating"
"3563G>A","8235A>G",33,36.334937439846,-0.0418104768997071,0.484,"Not Significant","truncating"
"3563G>A","6211G>A",55,54.0895091434071,0.00724964921091944,0.922,"Not Significant","truncating"
"3563G>A","10761T>C",55,40.8768046198267,0.128885750268874,0.003,"Significant","truncating"
"3563G>A","15723G>A",40,40.4639076034649,-0.00500782899206685,1,"Not Significant","truncating"
"3563G>A","13636C>T",61,50.3734359961501,0.0831282597083218,0.038,"Significant","truncating"
"3563G>A","14354T>C",59,53.6766121270452,0.0410669147076876,0.327,"Not Significant","truncating"
"3563G>A","5260G>A",68,64.4119345524543,0.0235425697241923,0.526,"Not Significant","truncating"
"3563G>A","13409A>G",52,41.7025986525505,0.0958402252244035,0.027,"Significant","truncating"
"3563G>A","15075C>A",37,30.9672762271415,0.0772987160475196,0.153,"Not Significant","truncating"
"3563G>A","3824G>A",24,29.3156881616939,-0.0868888516346879,0.211,"Not Significant","truncating"
"3563G>A","13156C>T",48,47.4831568816169,0.00470165239441893,0.932,"Not Significant","truncating"
"3563G>A","8366A>G",68,45.4186717998075,0.175274482920147,0,"Significant","truncating"
"3563G>A","15561G>A",43,46.6573628488932,-0.0354517325313009,0.49,"Not Significant","truncating"
"3563G>A","15879A>G",52,40.8768046198267,0.104526404409475,0.013,"Significant","truncating"
"3563G>A","4485C>T",42,45.8315688161694,-0.0379154330162174,0.477,"Not Significant","truncating"
"3563G>A","5348C>A",55,47.8960538979788,0.0600629556396615,0.16,"Not Significant","truncating"
"3563G>A","12817C>A",17,20.2319538017324,-0.0755889032773785,0.372,"Not Significant","truncating"
"3563G>A","3718C>T",51,38.3994225216554,0.123245482916175,0.005,"Significant","truncating"
"3563G>A","3308T>C",45,36.7478344562079,0.0879807625026673,0.06,"Not Significant","truncating"
"3563G>A","14157C>T",49,39.2252165543792,0.0966307301118982,0.035,"Significant","truncating"
"3563G>A","7339A>G",50,40.051010587103,0.0963565254420114,0.038,"Significant","truncating"
"3563G>A","12006G>A",45,37.5736284889317,0.0783293768265125,0.124,"Not Significant","truncating"
"14532C>T","10971G>A",204,181.474494706449,0.0508145715887607,0.007,"Significant","truncating"
"14532C>T","11606A>T",62,78.8527430221367,-0.10442511607593,0.009,"Significant","truncating"
"14532C>T","14493C>T",131,116.204042348412,0.0520500596919978,0.031,"Significant","truncating"
"14532C>T","14429C>T",88,101.48989412897,-0.0619401273154536,0.046,"Significant","truncating"
"14532C>T","6417A>T",140,115.826756496631,0.0823191407377069,0,"Significant","truncating"
"14532C>T","8367T>G",163,132.427333974976,0.0902099684747925,0,"Significant","truncating"
"14532C>T","3664G>A",133,131.295476419634,0.00560187755722075,0.818,"Not Significant","truncating"
"14532C>T","8366A>T",155,121.108758421559,0.107156146302061,0,"Significant","truncating"
"14532C>T","8368G>T",155,120.731472569779,0.108511200387026,0,"Significant","truncating"
"14532C>T","8126C>T",147,123.372473532243,0.0760990626245536,0.002,"Significant","truncating"
"14532C>T","6694A>G",75,89.0394610202117,-0.074521259041595,0.028,"Significant","truncating"
"14532C>T","10396G>A",99,102.244465832531,-0.0140046157401217,0.67,"Not Significant","truncating"
"14532C>T","14490C>T",101,98.8488931665063,0.00934956299960796,0.776,"Not Significant","truncating"
"14532C>T","13865A>G",72,84.1347449470645,-0.0676428860800851,0.059,"Not Significant","truncating"
"14532C>T","12767G>A",68,83.3801732435034,-0.0885538804420365,0.017,"Significant","truncating"
"14532C>T","15611G>A",63,76.5890279114533,-0.0848260079227887,0.041,"Significant","truncating"
"14532C>T","7779G>A",72,89.4167468719923,-0.0940863690419978,0.009,"Significant","truncating"
"14532C>T","8114G>A",112,106.394610202117,0.0222983948875203,0.442,"Not Significant","truncating"
"14532C>T","8719G>A",52,67.1568816169394,-0.111087178137186,0.013,"Significant","truncating"
"14532C>T","4126C>A",45,52.8200192492782,-0.0695860413660314,0.154,"Not Significant","truncating"
"14532C>T","9537C>T",101,86.3984600577478,0.067815371979402,0.019,"Significant","truncating"
"14532C>T","6573G>A",84,96.5851780558229,-0.0606311987131804,0.069,"Not Significant","truncating"
"14532C>T","14838G>A",46,56.2155919153032,-0.0870989561938083,0.074,"Not Significant","truncating"
"14532C>T","7902G>A",108,101.867179980751,0.0253894718646583,0.378,"Not Significant","truncating"
"14532C>T","6460G>A",64,63.3840230991338,0.00420017279473794,0.94,"Not Significant","truncating"
"14532C>T","7705T>A",81,77.720885466795,0.0179472790461939,0.629,"Not Significant","truncating"
"14532C>T","13396C>T",49,56.9701636188643,-0.0654513867278116,0.2,"Not Significant","truncating"
"14532C>T","3659G>A",42,57.3474494706448,-0.135264817009875,0.004,"Significant","truncating"
"14532C>T","3307A>T",23,29.8055822906641,-0.112569774735697,0.117,"Not Significant","truncating"
"14532C>T","11669C>T",97,81.4937439846006,0.0756474636519489,0.011,"Significant","truncating"
"14532C>T","14283C>T",122,114.69489894129,0.026815727602692,0.319,"Not Significant","truncating"
"14532C>T","12809G>A",114,91.6804619826757,0.0946280582747878,0.001,"Significant","truncating"
"14532C>T","11066C>T",61,63.7613089509143,-0.0192273890661555,0.672,"Not Significant","truncating"
"14532C>T","4969G>A",55,60.7430221366699,-0.043133706000811,0.312,"Not Significant","truncating"
"14532C>T","14592C>T",75,71.3070259865255,0.021928939755146,0.561,"Not Significant","truncating"
"14532C>T","6145G>A",74,67.9114533205005,0.0372886951643376,0.323,"Not Significant","truncating"
"14532C>T","4262A>G",29,29.4282964388835,-0.00636712425478242,1,"Not Significant","truncating"
"14532C>T","14044C>T",97,84.1347449470645,0.0617963517547359,0.055,"Not Significant","truncating"
"14532C>T","9054C>A",39,43.3878729547642,-0.0463037527902796,0.419,"Not Significant","truncating"
"14532C>T","8412T>G",66,57.7247353224254,0.0581819852608957,0.156,"Not Significant","truncating"
"14532C>T","8094T>A",56,48.2925890279115,0.0643075378949284,0.145,"Not Significant","truncating"
"14532C>T","3842G>A",43,48.2925890279115,-0.050412033531451,0.323,"Not Significant","truncating"
"14532C>T","10296C>T",48,53.1973051010587,-0.0446483947429841,0.378,"Not Significant","truncating"
"14532C>T","7122C>T",59,55.4610202117421,0.0268641574306413,0.495,"Not Significant","truncating"
"14532C>T","14006G>A",54,53.9518768046198,0.000387202894626122,1,"Not Significant","truncating"
"14532C>T","13031G>A",70,68.288739172281,0.0107489456817769,0.777,"Not Significant","truncating"
"14532C>T","9952G>A",53,37.7285851780558,0.147605350137177,0.001,"Significant","truncating"
"14532C>T","6901A>G",74,61.497593840231,0.0803735958636192,0.035,"Significant","truncating"
"14532C>T","15234G>A",70,55.4610202117421,0.101110185802638,0.011,"Significant","truncating"
"14532C>T","14401A>T",66,52.4427333974976,0.0998586158243236,0.009,"Significant","truncating"
"14532C>T","15170G>A",38,38.8604427333975,-0.0097241475516166,0.909,"Not Significant","truncating"
"14532C>T","8168C>T",50,56.5928777670837,-0.0537917741828411,0.21,"Not Significant","truncating"
"14532C>T","10677G>T",30,41.5014436958614,-0.140941949901441,0.012,"Significant","truncating"
"14532C>T","11148T>A",55,43.0105871029836,0.106787318694271,0.016,"Significant","truncating"
"14532C>T","5035G>A",35,39.6150144369586,-0.0537917741827977,0.359,"Not Significant","truncating"
"14532C>T","5920G>A",75,55.4610202117421,0.13107340918004,0,"Significant","truncating"
"14532C>T","14343C>T",47,45.6515880654475,0.0126419681559603,0.838,"Not Significant","truncating"
"14532C>T","15882G>A",45,45.274302213667,-0.00263925173555509,1,"Not Significant","truncating"
"14532C>T","15327C>G",15,22.2598652550529,-0.171431272048798,0.058,"Not Significant","truncating"
"14532C>T","9216C>T",68,55.4610202117421,0.088521058494636,0.027,"Significant","truncating"
"14532C>T","8391G>A",46,43.0105871029836,0.029182460881756,0.617,"Not Significant","truncating"
"14532C>T","4989C>T",47,52.4427333974976,-0.0475874617815616,0.329,"Not Significant","truncating"
"14532C>T","8235A>G",20,33.2011549566891,-0.220123195948604,0.005,"Significant","truncating"
"14532C>T","6211G>A",50,49.4244465832531,0.00502818921696455,0.918,"Not Significant","truncating"
"14532C>T","10761T>C",45,37.3512993262753,0.0809067997143164,0.103,"Not Significant","truncating"
"14532C>T","15723G>A",34,36.9740134744947,-0.0364176781134169,0.578,"Not Significant","truncating"
"14532C>T","13636C>T",48,46.0288739172281,0.0182108872375204,0.774,"Not Significant","truncating"
"14532C>T","14354T>C",66,49.0471607314726,0.128930063771525,0.001,"Significant","truncating"
"14532C>T","5260G>A",67,58.8565928777671,0.0562796848829953,0.147,"Not Significant","truncating"
"14532C>T","13409A>G",44,38.1058710298364,0.0624607832401123,0.224,"Not Significant","truncating"
"14532C>T","15075C>A",29,28.2964388835419,0.010666215043939,0.914,"Not Significant","truncating"
"14532C>T","3824G>A",27,26.7872954764196,0.00343489597661944,1,"Not Significant","truncating"
"14532C>T","13156C>T",44,43.3878729547642,0.00608431666928206,0.914,"Not Significant","truncating"
"14532C>T","8366A>G",42,41.5014436958614,0.00518608577638321,1,"Not Significant","truncating"
"14532C>T","15561G>A",41,42.6333012512031,-0.0169651062269235,0.769,"Not Significant","truncating"
"14532C>T","15879A>G",34,37.3512993262753,-0.04082679701846,0.531,"Not Significant","truncating"
"14532C>T","4485C>T",39,41.878729547642,-0.0309288912233615,0.606,"Not Significant","truncating"
"14532C>T","5348C>A",50,43.7651588065448,0.0578414956456968,0.222,"Not Significant","truncating"
"14532C>T","12817C>A",14,18.4870067372474,-0.120738563812803,0.252,"Not Significant","truncating"
"14532C>T","3718C>T",34,35.0875842155919,-0.0136745509749203,0.829,"Not Significant","truncating"
"14532C>T","3308T>C",40,33.5784408084697,0.0759994652195622,0.182,"Not Significant","truncating"
"14532C>T","14157C>T",44,35.842155919153,0.0890585517338351,0.077,"Not Significant","truncating"
"14532C>T","7339A>G",46,36.5967276227141,0.0993155779518068,0.049,"Significant","truncating"
"14532C>T","12006G>A",40,34.3330125120308,0.0663480795434098,0.22,"Not Significant","truncating"
"10971G>A","11606A>T",49,96.7555341674687,-0.295479734898757,0,"Significant","truncating"
"10971G>A","14493C>T",178,142.587102983638,0.0963397569917347,0,"Significant","truncating"
"10971G>A","14429C>T",98,124.532242540905,-0.104055733126473,0,"Significant","truncating"
"10971G>A","6417A>T",180,142.124157844081,0.102604600809401,0,"Significant","truncating"
"10971G>A","8367T>G",211,162.493743984601,0.113445810015153,0,"Significant","truncating"
"10971G>A","3664G>A",213,161.104908565929,0.121270830675437,0,"Significant","truncating"
"10971G>A","8366A>T",201,148.605389797883,0.131161496198886,0,"Significant","truncating"
"10971G>A","8368G>T",199,148.142444658325,0.128173569273071,0,"Significant","truncating"
"10971G>A","8126C>T",191,151.383060635226,0.100956085770728,0,"Significant","truncating"
"10971G>A","6694A>G",69,109.255052935515,-0.199592441049274,0,"Significant","truncating"
"10971G>A","10396G>A",146,125.458132820019,0.0658540360933283,0.001,"Significant","truncating"
"10971G>A","14490C>T",156,121.291626564004,0.109293778217982,0,"Significant","truncating"
"10971G>A","13865A>G",70,103.23676612127,-0.168736351850358,0,"Significant","truncating"
"10971G>A","12767G>A",71,102.310875842156,-0.158663453782503,0,"Significant","truncating"
"10971G>A","15611G>A",62,93.9778633301251,-0.180633877231375,0,"Significant","truncating"
"10971G>A","7779G>A",67,109.717998075072,-0.214203072125679,0,"Significant","truncating"
"10971G>A","8114G>A",122,130.550529355149,-0.0294188064612439,0.245,"Not Significant","truncating"
"10971G>A","8719G>A",51,82.4042348411935,-0.208379355027288,0,"Significant","truncating"
"10971G>A","4126C>A",41,64.8123195380173,-0.198873707774768,0,"Significant","truncating"
"10971G>A","9537C>T",133,106.014436958614,0.0984866298104603,0,"Significant","truncating"
"10971G>A","6573G>A",104,118.51395572666,-0.0567361548296725,0.033,"Significant","truncating"
"10971G>A","14838G>A",39,68.9788257940327,-0.247651190201945,0,"Significant","truncating"
"10971G>A","7902G>A",110,124.995187680462,-0.0555006078173693,0.039,"Significant","truncating"
"10971G>A","6460G>A",60,77.7747834456208,-0.112687560158708,0.006,"Significant","truncating"
"10971G>A","7705T>A",127,95.3666987487969,0.124406971770036,0,"Significant","truncating"
"10971G>A","13396C>T",43,69.9047160731473,-0.211038020529848,0,"Significant","truncating"
"10971G>A","3659G>A",46,70.3676612127045,-0.184615285079526,0,"Significant","truncating"
"10971G>A","3307A>T",28,36.5726660250241,-0.115998588764513,0.057,"Not Significant","truncating"
"10971G>A","11669C>T",110,99.9961501443696,0.0414094051906002,0.12,"Not Significant","truncating"
"10971G>A","14283C>T",155,140.735322425409,0.041928585744855,0.054,"Not Significant","truncating"
"10971G>A","12809G>A",146,112.495668912416,0.113217053369382,0,"Significant","truncating"
"10971G>A","11066C>T",53,78.2377285851781,-0.169140363829275,0,"Significant","truncating"
"10971G>A","4969G>A",46,74.5341674687199,-0.209597573166569,0,"Significant","truncating"
"10971G>A","14592C>T",106,87.4966313763234,0.083314532274785,0.004,"Significant","truncating"
"10971G>A","6145G>A",102,83.330125120308,0.0877981378418617,0.008,"Significant","truncating"
"10971G>A","4262A>G",36,36.1097208854668,-0.00132163073984387,1,"Not Significant","truncating"
"10971G>A","14044C>T",122,103.23676612127,0.0725254388098685,0.006,"Significant","truncating"
"10971G>A","9054C>A",26,53.2386910490857,-0.311254021198594,0,"Significant","truncating"
"10971G>A","8412T>G",105,70.8306063522618,0.170968339435485,0,"Significant","truncating"
"10971G>A","8094T>A",75,59.2569778633301,0.102321764927023,0.003,"Significant","truncating"
"10971G>A","3842G>A",59,59.2569778633301,-0.00188748682237536,1,"Not Significant","truncating"
"10971G>A","10296C>T",53,65.2752646775746,-0.0904727718710912,0.033,"Significant","truncating"
"10971G>A","7122C>T",68,68.0529355149182,-0.000337950858593743,1,"Not Significant","truncating"
"10971G>A","14006G>A",45,66.2011549566891,-0.167653052506063,0,"Significant","truncating"
"10971G>A","13031G>A",82,83.7930702598653,-0.00939425130211086,0.79,"Not Significant","truncating"
"10971G>A","9952G>A",51,46.2945139557267,0.0420406472811955,0.342,"Not Significant","truncating"
"10971G>A","6901A>G",90,75.4600577478345,0.0765253762186196,0.015,"Significant","truncating"
"10971G>A","15234G>A",84,68.0529355149182,0.0914324224969299,0.007,"Significant","truncating"
"10971G>A","14401A>T",86,64.3493743984601,0.125954122172648,0,"Significant","truncating"
"10971G>A","15170G>A",39,47.6833493743985,-0.0873021464951246,0.076,"Not Significant","truncating"
"10971G>A","8168C>T",74,69.44177093359,0.027610931858602,0.422,"Not Significant","truncating"
"10971G>A","10677G>T",26,50.9239653512993,-0.291948866003244,0,"Significant","truncating"
"10971G>A","11148T>A",65,52.7757459095284,0.0904789764895738,0.011,"Significant","truncating"
"10971G>A","5035G>A",48,48.609239653513,-0.00547759051099394,0.916,"Not Significant","truncating"
"10971G>A","5920G>A",91,68.0529355149182,0.126194528756102,0,"Significant","truncating"
"10971G>A","14343C>T",68,56.0163618864293,0.0841940135729952,0.026,"Significant","truncating"
"10971G>A","15882G>A",43,55.553416746872,-0.111242319284464,0.008,"Significant","truncating"
"10971G>A","15327C>G",19,27.3137632338787,-0.157627939505274,0.028,"Significant","truncating"
"10971G>A","9216C>T",78,68.0529355149182,0.0592477391255685,0.097,"Not Significant","truncating"
"10971G>A","8391G>A",56,52.7757459095284,0.025753646853026,0.549,"Not Significant","truncating"
"10971G>A","4989C>T",67,64.3493743984601,0.0175304736300502,0.645,"Not Significant","truncating"
"10971G>A","8235A>G",29,40.7391722810395,-0.147614203067435,0.009,"Significant","truncating"
"10971G>A","6211G>A",75,60.6458132820019,0.0922604389191443,0.007,"Significant","truncating"
"10971G>A","10761T>C",66,45.8315688161694,0.158379212127375,0,"Significant","truncating"
"10971G>A","15723G>A",31,45.3686236766121,-0.165393910674433,0.003,"Significant","truncating"
"10971G>A","13636C>T",47,56.4793070259865,-0.07979150155553,0.076,"Not Significant","truncating"
"10971G>A","14354T>C",70,60.1828681424447,0.0656251588906645,0.074,"Not Significant","truncating"
"10971G>A","5260G>A",73,72.2194417709336,0.00466873294933346,0.937,"Not Significant","truncating"
"10971G>A","13409A>G",46,46.7574590952839,-0.00709307091770758,0.913,"Not Significant","truncating"
"10971G>A","15075C>A",49,34.720885466795,0.149605287819795,0.001,"Significant","truncating"
"10971G>A","3824G>A",31,32.8691049085659,-0.0254261837013774,0.735,"Not Significant","truncating"
"10971G>A","13156C>T",63,53.2386910490857,0.0731131802831893,0.056,"Not Significant","truncating"
"10971G>A","8366A>G",67,50.9239653512993,0.119152588725742,0.002,"Significant","truncating"
"10971G>A","15561G>A",45,52.3128007699711,-0.0653954585245956,0.157,"Not Significant","truncating"
"10971G>A","15879A>G",61,45.8315688161694,0.124165111596327,0.001,"Significant","truncating"
"10971G>A","4485C>T",48,51.3869104908566,-0.029611270227665,0.54,"Not Significant","truncating"
"10971G>A","5348C>A",48,53.7016361886429,-0.0487462806678895,0.281,"Not Significant","truncating"
"10971G>A","12817C>A",13,22.6843118383061,-0.241782256536905,0.005,"Significant","truncating"
"10971G>A","3718C>T",49,43.0538979788258,0.0561836026578017,0.249,"Not Significant","truncating"
"10971G>A","3308T>C",48,41.2021174205967,0.0663217019138708,0.146,"Not Significant","truncating"
"10971G>A","14157C>T",52,43.9797882579403,0.0727502095291448,0.091,"Not Significant","truncating"
"10971G>A","7339A>G",41,44.9056785370549,-0.0395174063630716,0.438,"Not Significant","truncating"
"10971G>A","12006G>A",44,42.1280076997113,0.0188817553483956,0.732,"Not Significant","truncating"
"11606A>T","14493C>T",21,61.9557266602502,-0.469862160319035,0,"Significant","truncating"
"11606A>T","14429C>T",165,54.1106833493744,0.484200925657082,0,"Significant","truncating"
"11606A>T","6417A>T",28,61.7545717035611,-0.343511082687996,0,"Significant","truncating"
"11606A>T","8367T>G",22,70.6053897978826,-0.506415174196136,0,"Significant","truncating"
"11606A>T","3664G>A",23,70.0019249278152,-0.483382146481597,0,"Significant","truncating"
"11606A>T","8366A>T",10,64.5707410972089,-0.810035770955078,0,"Significant","truncating"
"11606A>T","8368G>T",10,64.3695861405197,-0.808680716870114,0,"Significant","truncating"
"11606A>T","8126C>T",24,65.7776708373436,-0.437867249501407,0,"Significant","truncating"
"11606A>T","6694A>G",138,47.4725697786333,0.463436344876653,0,"Significant","truncating"
"11606A>T","10396G>A",63,54.5129932627526,0.0628405200251921,0.184,"Not Significant","truncating"
"11606A>T","14490C>T",18,52.7025986525505,-0.466559524768727,0,"Significant","truncating"
"11606A>T","13865A>G",134,44.8575553416747,0.475269196762126,0,"Significant","truncating"
"11606A>T","12767G>A",115,44.4552454282964,0.412774828114025,0,"Significant","truncating"
"11606A>T","15611G>A",137,40.8344562078922,0.525693790688571,0,"Significant","truncating"
"11606A>T","7779G>A",160,47.6737247353224,0.525840898091305,0,"Significant","truncating"
"11606A>T","8114G>A",95,56.725697786333,0.223943758415302,0,"Significant","truncating"
"11606A>T","8719G>A",119,35.8055822906641,0.521596220528912,0,"Significant","truncating"
"11606A>T","4126C>A",110,28.1616939364774,0.591733910924963,0,"Significant","truncating"
"11606A>T","9537C>T",30,46.0644850818094,-0.186244966173597,0.001,"Significant","truncating"
"11606A>T","6573G>A",73,51.4956689124158,0.151552156254481,0.001,"Significant","truncating"
"11606A>T","14838G>A",82,29.9720885466795,0.437096845416647,0,"Significant","truncating"
"11606A>T","7902G>A",92,54.3118383060635,0.228893324632364,0,"Significant","truncating"
"11606A>T","6460G>A",75,33.7940327237729,0.346221243111255,0,"Significant","truncating"
"11606A>T","7705T>A",6,41.4379210779596,-0.839246708533196,0,"Significant","truncating"
"11606A>T","13396C>T",106,30.3743984600577,0.542798179416704,0,"Significant","truncating"
"11606A>T","3659G>A",92,30.5755534167469,0.478413500845958,0,"Significant","truncating"
"11606A>T","3307A>T",4,15.8912415784408,-0.599097838508231,0,"Significant","truncating"
"11606A>T","11669C>T",37,43.4494706448508,-0.0697827656376383,0.238,"Not Significant","truncating"
"11606A>T","14283C>T",89,61.1511068334937,0.16298568448206,0,"Significant","truncating"
"11606A>T","12809G>A",25,48.8806544754572,-0.291197003479303,0,"Significant","truncating"
"11606A>T","11066C>T",82,33.995187680462,0.382396409215419,0,"Significant","truncating"
"11606A>T","4969G>A",110,32.385948026949,0.531036070571553,0,"Significant","truncating"
"11606A>T","14592C>T",34,38.0182868142445,-0.0485136256847306,0.416,"Not Significant","truncating"
"11606A>T","6145G>A",28,36.2078922040423,-0.111645212314612,0.1,"Not Significant","truncating"
"11606A>T","4262A>G",16,15.6900866217517,0.00849464141151408,1,"Not Significant","truncating"
"11606A>T","14044C>T",43,44.8575553416747,-0.0183671460224089,0.786,"Not Significant","truncating"
"11606A>T","9054C>A",86,23.1328200192493,0.570269872334707,0,"Significant","truncating"
"11606A>T","8412T>G",14,30.776708373436,-0.342094133691546,0.001,"Significant","truncating"
"11606A>T","8094T>A",6,25.7478344562079,-0.63258945781255,0,"Significant","truncating"
"11606A>T","3842G>A",32,25.7478344562079,0.0944092701178315,0.162,"Not Significant","truncating"
"11606A>T","10296C>T",80,28.3628488931665,0.450340135781699,0,"Significant","truncating"
"11606A>T","7122C>T",68,29.5697786333013,0.361660839403354,0,"Significant","truncating"
"11606A>T","14006G>A",83,28.7651588065448,0.460211316356149,0,"Significant","truncating"
"11606A>T","13031G>A",50,36.4090471607315,0.137760690912633,0.008,"Significant","truncating"
"11606A>T","9952G>A",17,20.1154956689124,-0.073081817175207,0.44,"Not Significant","truncating"
"11606A>T","6901A>G",17,32.7882579403272,-0.28526942157833,0,"Significant","truncating"
"11606A>T","15234G>A",18,29.5697786333013,-0.215575568197803,0.005,"Significant","truncating"
"11606A>T","14401A>T",5,27.9605389797883,-0.74757553446482,0,"Significant","truncating"
"11606A>T","15170G>A",15,20.7189605389798,-0.140276704202568,0.137,"Not Significant","truncating"
"11606A>T","8168C>T",34,30.1732435033686,0.0518569194325353,0.412,"Not Significant","truncating"
"11606A>T","10677G>T",81,22.1270452358037,0.563561595165121,0,"Significant","truncating"
"11606A>T","11148T>A",12,22.9316650625602,-0.281254343840999,0.01,"Significant","truncating"
"11606A>T","5035G>A",46,21.121270452358,0.338037794056647,0,"Significant","truncating"
"11606A>T","5920G>A",10,29.5697786333013,-0.470848073299178,0,"Significant","truncating"
"11606A>T","14343C>T",13,24.339749759384,-0.272372756561933,0.011,"Significant","truncating"
"11606A>T","15882G>A",68,24.1385948026949,0.449796928103574,0,"Significant","truncating"
"11606A>T","15327C>G",7,11.8681424446583,-0.229284710179219,0.128,"Not Significant","truncating"
"11606A>T","9216C>T",24,29.5697786333013,-0.0906368315901059,0.218,"Not Significant","truncating"
"11606A>T","8391G>A",26,22.9316650625602,0.0545377580802452,0.479,"Not Significant","truncating"
"11606A>T","4989C>T",43,27.9605389797883,0.186922916771072,0.001,"Significant","truncating"
"11606A>T","8235A>G",46,17.7016361886429,0.41474442097602,0,"Significant","truncating"
"11606A>T","6211G>A",26,26.3512993262753,-0.00582868623880074,1,"Not Significant","truncating"
"11606A>T","10761T>C",7,19.9143407122233,-0.454067893133146,0.002,"Significant","truncating"
"11606A>T","15723G>A",24,19.7131857555342,0.085454427464841,0.293,"Not Significant","truncating"
"11606A>T","13636C>T",45,24.5409047160732,0.263321944545914,0,"Significant","truncating"
"11606A>T","14354T>C",25,26.1501443695861,-0.0195340821885994,0.814,"Not Significant","truncating"
"11606A>T","5260G>A",42,31.3801732435034,0.126593953489212,0.025,"Significant","truncating"
"11606A>T","13409A>G",20,20.3166506256015,-0.0068221166725042,1,"Not Significant","truncating"
"11606A>T","15075C>A",6,15.0866217516843,-0.400440751557573,0.006,"Significant","truncating"
"11606A>T","3824G>A",17,14.2820019249278,0.0756598341048358,0.44,"Not Significant","truncating"
"11606A>T","13156C>T",29,23.1328200192493,0.098169418991088,0.186,"Not Significant","truncating"
"11606A>T","8366A>G",7,22.1270452358037,-0.499825383693603,0,"Significant","truncating"
"11606A>T","15561G>A",55,22.730510105871,0.383753507455827,0,"Significant","truncating"
"11606A>T","15879A>G",18,19.9143407122233,-0.0438934280478886,0.691,"Not Significant","truncating"
"11606A>T","4485C>T",30,22.3282001924928,0.128267537378631,0.07,"Not Significant","truncating"
"11606A>T","5348C>A",30,23.3339749759384,0.109132526938454,0.109,"Not Significant","truncating"
"11606A>T","12817C>A",6,9.85659287776708,-0.215575568195915,0.195,"Not Significant","truncating"
"11606A>T","3718C>T",14,18.7074109720885,-0.125885651428793,0.22,"Not Significant","truncating"
"11606A>T","3308T>C",13,17.9027911453321,-0.138977392891038,0.208,"Not Significant","truncating"
"11606A>T","14157C>T",6,19.1097208854668,-0.503103093454115,0,"Significant","truncating"
"11606A>T","7339A>G",9,19.512030798845,-0.336059963378197,0.002,"Significant","truncating"
"11606A>T","12006G>A",25,18.3051010587103,0.135367877796432,0.073,"Not Significant","truncating"
"14493C>T","14429C>T",44,79.7420596727623,-0.258234772459045,0,"Significant","truncating"
"14493C>T","6417A>T",134,91.0067372473532,0.168031253944201,0,"Significant","truncating"
"14493C>T","8367T>G",153,104.050048123195,0.167449145408374,0,"Significant","truncating"
"14493C>T","3664G>A",150,103.16073147257,0.162576846165702,0,"Significant","truncating"
"14493C>T","8366A>T",146,95.1568816169394,0.185912654436139,0,"Significant","truncating"
"14493C>T","8368G>T",144,94.8604427333975,0.181277344831921,0,"Significant","truncating"
"14493C>T","8126C>T",148,96.9355149181906,0.18377879379125,0,"Significant","truncating"
"14493C>T","6694A>G",30,69.9595765158807,-0.367725917192884,0,"Significant","truncating"
"14493C>T","10396G>A",97,80.334937439846,0.0818672744484794,0.016,"Significant","truncating"
"14493C>T","14490C>T",101,77.6669874879692,0.114084913519501,0,"Significant","truncating"
"14493C>T","13865A>G",31,66.1058710298364,-0.328878338156411,0,"Significant","truncating"
"14493C>T","12767G>A",45,65.5129932627526,-0.163114928852732,0.001,"Significant","truncating"
"14493C>T","15611G>A",28,60.177093358999,-0.332273175513431,0,"Significant","truncating"
"14493C>T","7779G>A",25,70.2560153994225,-0.448743506280214,0,"Significant","truncating"
"14493C>T","8114G>A",73,83.5957651588066,-0.0588614171420967,0.104,"Not Significant","truncating"
"14493C>T","8719G>A",24,52.7661212704524,-0.342143929539568,0,"Significant","truncating"
"14493C>T","4126C>A",14,41.5014436958614,-0.471935168941211,0,"Significant","truncating"
"14493C>T","9537C>T",83,67.8845043310876,0.0873074410928025,0.016,"Significant","truncating"
"14493C>T","6573G>A",59,75.888354186718,-0.109323122612808,0.01,"Significant","truncating"
"14493C>T","14838G>A",19,44.1693936477382,-0.366367836401409,0,"Significant","truncating"
"14493C>T","7902G>A",66,80.0384985563041,-0.08375499756027,0.027,"Significant","truncating"
"14493C>T","6460G>A",33,49.8017324350337,-0.178730510790798,0.003,"Significant","truncating"
"14493C>T","7705T>A",97,61.0664100096246,0.200969344953561,0,"Significant","truncating"
"14493C>T","13396C>T",15,44.7622714148219,-0.47482085717883,0,"Significant","truncating"
"14493C>T","3659G>A",26,45.0587102983638,-0.238805408916515,0,"Significant","truncating"
"14493C>T","3307A>T",13,23.4186717998075,-0.255618907925385,0.006,"Significant","truncating"
"14493C>T","11669C>T",78,64.0307988450433,0.0857056825961612,0.016,"Significant","truncating"
"14493C>T","14283C>T",100,90.1174205967276,0.0451912474479317,0.15,"Not Significant","truncating"
"14493C>T","12809G>A",86,72.0346487006737,0.0769570087018907,0.031,"Significant","truncating"
"14493C>T","11066C>T",30,50.0981713185756,-0.222700618836697,0.001,"Significant","truncating"
"14493C>T","4969G>A",21,47.7266602502406,-0.356541750240039,0,"Significant","truncating"
"14493C>T","14592C>T",60,56.0269489894129,0.0297542772670813,0.539,"Not Significant","truncating"
"14493C>T","6145G>A",65,53.3589990375361,0.0857056825961368,0.044,"Significant","truncating"
"14493C>T","4262A>G",20,23.1222329162656,-0.0629997759694729,0.427,"Not Significant","truncating"
"14493C>T","14044C>T",94,66.1058710298364,0.152887821608076,0,"Significant","truncating"
"14493C>T","9054C>A",16,34.0904716073147,-0.328513026639513,0,"Significant","truncating"
"14493C>T","8412T>G",50,45.3551491819057,0.0423434045750642,0.374,"Not Significant","truncating"
"14493C>T","8094T>A",52,37.944177093359,0.136858205043355,0.003,"Significant","truncating"
"14493C>T","3842G>A",36,37.944177093359,-0.0228426378237862,0.786,"Not Significant","truncating"
"14493C>T","10296C>T",22,41.7978825794033,-0.278731600775506,0,"Significant","truncating"
"14493C>T","7122C>T",27,43.5765158806545,-0.207888739531844,0.004,"Significant","truncating"
"14493C>T","14006G>A",25,42.390760346487,-0.229331197735579,0.001,"Significant","truncating"
"14493C>T","13031G>A",43,53.655437921078,-0.0961452882326642,0.074,"Not Significant","truncating"
"14493C>T","9952G>A",37,29.6438883541867,0.0962665551234369,0.083,"Not Significant","truncating"
"14493C>T","6901A>G",56,48.3195380173244,0.0640652536588524,0.156,"Not Significant","truncating"
"14493C>T","15234G>A",60,43.5765158806545,0.138898746691928,0.003,"Significant","truncating"
"14493C>T","14401A>T",55,41.2050048123195,0.125412720296618,0.013,"Significant","truncating"
"14493C>T","15170G>A",26,30.5332050048123,-0.0697990456773731,0.288,"Not Significant","truncating"
"14493C>T","8168C>T",41,44.4658325312801,-0.03524257127913,0.565,"Not Significant","truncating"
"14493C>T","10677G>T",10,32.6082771896054,-0.513327854098481,0,"Significant","truncating"
"14493C>T","11148T>A",40,33.7940327237729,0.0732199710480235,0.209,"Not Significant","truncating"
"14493C>T","5035G>A",29,31.1260827718961,-0.0307264701141466,0.689,"Not Significant","truncating"
"14493C>T","5920G>A",57,43.5765158806545,0.116622351980814,0.015,"Significant","truncating"
"14493C>T","14343C>T",53,35.8691049085659,0.169555330340681,0.002,"Significant","truncating"
"14493C>T","15882G>A",23,35.5726660250241,-0.189388578972631,0.01,"Significant","truncating"
"14493C>T","15327C>G",9,17.4898941289702,-0.288544671143744,0.022,"Significant","truncating"
"14493C>T","9216C>T",53,43.5765158806545,0.0850233659091689,0.073,"Not Significant","truncating"
"14493C>T","8391G>A",26,33.7940327237729,-0.113866672308536,0.101,"Not Significant","truncating"
"14493C>T","4989C>T",41,41.2050048123195,-0.00216611247762124,1,"Not Significant","truncating"
"14493C>T","8235A>G",20,26.0866217516843,-0.115387845428948,0.153,"Not Significant","truncating"
"14493C>T","6211G>A",38,38.8334937439846,-0.00942286798219649,0.933,"Not Significant","truncating"
"14493C>T","10761T>C",47,29.3474494706449,0.204527494394345,0,"Significant","truncating"
"14493C>T","15723G>A",25,29.051010587103,-0.0652212359634819,0.363,"Not Significant","truncating"
"14493C>T","13636C>T",24,36.1655437921078,-0.1780837579058,0.014,"Significant","truncating"
"14493C>T","14354T>C",46,38.5370548604427,0.0768793104312875,0.134,"Not Significant","truncating"
"14493C>T","5260G>A",51,46.2444658325313,0.0425104088001204,0.393,"Not Significant","truncating"
"14493C>T","13409A>G",35,29.9403272377286,0.0678115016241565,0.254,"Not Significant","truncating"
"14493C>T","15075C>A",28,22.23291626564,0.10016159900685,0.167,"Not Significant","truncating"
"14493C>T","3824G>A",19,21.0471607314726,-0.0444399167092908,0.605,"Not Significant","truncating"
"14493C>T","13156C>T",35,34.0904716073147,0.011435035053364,0.906,"Not Significant","truncating"
"14493C>T","8366A>G",42,32.6082771896054,0.109921436296111,0.048,"Significant","truncating"
"14493C>T","15561G>A",23,33.497593840231,-0.163285776408502,0.028,"Significant","truncating"
"14493C>T","15879A>G",38,29.3474494706449,0.112213233075656,0.052,"Not Significant","truncating"
"14493C>T","4485C>T",30,32.9047160731473,-0.0401368930101342,0.595,"Not Significant","truncating"
"14493C>T","5348C>A",31,34.3869104908566,-0.0450314643357747,0.524,"Not Significant","truncating"
"14493C>T","12817C>A",9,14.5255052935515,-0.20788873953062,0.085,"Not Significant","truncating"
"14493C>T","3718C>T",37,27.5688161693937,0.127783606569391,0.031,"Significant","truncating"
"14493C>T","3308T>C",34,26.3830606352262,0.110153741453707,0.063,"Not Significant","truncating"
"14493C>T","14157C>T",37,28.1616939364774,0.118542949834512,0.042,"Significant","truncating"
"14493C>T","7339A>G",36,28.7545717035611,0.0975955975574716,0.099,"Not Significant","truncating"
"14493C>T","12006G>A",29,26.9759384023099,0.0314214366344832,0.625,"Not Significant","truncating"
"14429C>T","6417A>T",49,79.483156881617,-0.210079027893563,0,"Significant","truncating"
"14429C>T","8367T>G",52,90.8748796920115,-0.242440505275898,0,"Significant","truncating"
"14429C>T","3664G>A",53,90.0981713185756,-0.230440106790685,0,"Significant","truncating"
"14429C>T","8366A>T",37,83.1077959576516,-0.351440040782456,0,"Significant","truncating"
"14429C>T","8368G>T",37,82.8488931665062,-0.350084986697492,0,"Significant","truncating"
"14429C>T","8126C>T",49,84.6612127045236,-0.23748840507663,0,"Significant","truncating"
"14429C>T","6694A>G",141,61.1010587102984,0.36317037723964,0,"Significant","truncating"
"14429C>T","10396G>A",82,70.162656400385,0.067707829063991,0.078,"Not Significant","truncating"
"14429C>T","14490C>T",48,67.832531280077,-0.150196786389124,0.001,"Significant","truncating"
"14429C>T","13865A>G",138,57.735322425409,0.378437490907408,0,"Significant","truncating"
"14429C>T","12767G>A",117,57.2175168431184,0.310656855615433,0,"Significant","truncating"
"14429C>T","15611G>A",144,52.5572666025024,0.437729721736281,0,"Significant","truncating"
"14429C>T","7779G>A",165,61.3599615014437,0.429598865758127,0,"Significant","truncating"
"14429C>T","8114G>A",115,73.0105871029836,0.197311999588803,0,"Significant","truncating"
"14429C>T","8719G>A",119,46.0846968238691,0.411990226637829,0,"Significant","truncating"
"14429C>T","4126C>A",112,36.2463907603465,0.489953254545903,0,"Significant","truncating"
"14429C>T","9537C>T",57,59.288739172281,-0.0170973591125977,0.736,"Not Significant","truncating"
"14429C>T","6573G>A",89,66.279114533205,0.128013308887665,0.001,"Significant","truncating"
"14429C>T","14838G>A",82,38.5765158806545,0.327490851525616,0,"Significant","truncating"
"14429C>T","7902G>A",95,69.9037536092396,0.133223108684466,0,"Significant","truncating"
"14429C>T","6460G>A",94,43.4956689124158,0.334681839428069,0,"Significant","truncating"
"14429C>T","7705T>A",29,53.3339749759384,-0.264605954914745,0,"Significant","truncating"
"14429C>T","13396C>T",102,39.0943214629451,0.416486492022832,0,"Significant","truncating"
"14429C>T","3659G>A",95,39.3532242540905,0.382743284898198,0,"Significant","truncating"
"14429C>T","3307A>T",9,20.4533205004812,-0.356521314293645,0.004,"Significant","truncating"
"14429C>T","11669C>T",49,55.9230028873917,-0.0573944035675381,0.252,"Not Significant","truncating"
"14429C>T","14283C>T",118,78.7064485081809,0.175871691251957,0,"Significant","truncating"
"14429C>T","12809G>A",48,62.9133782483157,-0.117501768667741,0.017,"Significant","truncating"
"14429C>T","11066C>T",84,43.7545717035611,0.283255849002502,0,"Significant","truncating"
"14429C>T","4969G>A",113,41.6833493743985,0.433115835005682,0,"Significant","truncating"
"14429C>T","14592C>T",43,48.9326275264678,-0.0561300810387657,0.304,"Not Significant","truncating"
"14429C>T","6145G>A",42,46.6025024061598,-0.045159947150534,0.404,"Not Significant","truncating"
"14429C>T","4262A>G",18,20.1944177093359,-0.0499588300321428,0.611,"Not Significant","truncating"
"14429C>T","14044C>T",48,57.735322425409,-0.0802003581176514,0.083,"Not Significant","truncating"
"14429C>T","9054C>A",85,29.7738209817132,0.455584352914503,0,"Significant","truncating"
"14429C>T","8412T>G",29,39.6121270452358,-0.135430165363472,0.029,"Significant","truncating"
"14429C>T","8094T>A",26,33.1395572666025,-0.105373354121921,0.135,"Not Significant","truncating"
"14429C>T","3842G>A",36,33.1395572666025,0.0359557986740841,0.571,"Not Significant","truncating"
"14429C>T","10296C>T",85,36.5052935514918,0.367063080613004,0,"Significant","truncating"
"14429C>T","7122C>T",69,38.0587102983638,0.258395023543337,0,"Significant","truncating"
"14429C>T","14006G>A",80,37.0230991337825,0.334617217081021,0,"Significant","truncating"
"14429C>T","13031G>A",58,46.8614051973051,0.0926126862483442,0.051,"Not Significant","truncating"
"14429C>T","9952G>A",29,25.8902791145332,0.0492612654535457,0.484,"Not Significant","truncating"
"14429C>T","6901A>G",31,42.2011549566891,-0.133962643014544,0.028,"Significant","truncating"
"14429C>T","15234G>A",35,38.0587102983638,-0.0363860228430313,0.562,"Not Significant","truncating"
"14429C>T","14401A>T",21,35.9874879692012,-0.233932237964545,0.003,"Significant","truncating"
"14429C>T","15170G>A",22,26.6669874879692,-0.0835512763278511,0.283,"Not Significant","truncating"
"14429C>T","8168C>T",47,38.8354186717998,0.0828698664346115,0.119,"Not Significant","truncating"
"14429C>T","10677G>T",87,28.4793070259865,0.484989835014137,0,"Significant","truncating"
"14429C>T","11148T>A",20,29.5149181905679,-0.169011588117022,0.025,"Significant","truncating"
"14429C>T","5035G>A",59,27.1847930702599,0.336525980126114,0,"Significant","truncating"
"14429C>T","5920G>A",29,38.0587102983638,-0.118056069294094,0.064,"Not Significant","truncating"
"14429C>T","14343C>T",26,31.3272377285852,-0.0809487547905787,0.263,"Not Significant","truncating"
"14429C>T","15882G>A",72,31.0683349374398,0.365014517937618,0,"Significant","truncating"
"14429C>T","15327C>G",13,15.2752646775746,-0.0700453917800403,0.554,"Not Significant","truncating"
"14429C>T","9216C>T",29,38.0587102983638,-0.118056069294094,0.072,"Not Significant","truncating"
"14429C>T","8391G>A",36,29.5149181905679,0.0862609169853191,0.166,"Not Significant","truncating"
"14429C>T","4989C>T",55,35.9874879692012,0.184211156794501,0,"Significant","truncating"
"14429C>T","8235A>G",50,22.7834456207892,0.341350599739582,0,"Significant","truncating"
"14429C>T","6211G>A",37,33.9162656400385,0.0377936959658934,0.512,"Not Significant","truncating"
"14429C>T","10761T>C",20,25.6313763233879,-0.107741931378322,0.206,"Not Significant","truncating"
"14429C>T","15723G>A",32,25.3724735322425,0.100787170181826,0.121,"Not Significant","truncating"
"14429C>T","13636C>T",48,31.5861405197305,0.181744674255138,0.001,"Significant","truncating"
"14429C>T","14354T>C",34,33.6573628488932,0.0043988322901748,1,"Not Significant","truncating"
"14429C>T","5260G>A",48,40.3888354186718,0.0749799065757245,0.144,"Not Significant","truncating"
"14429C>T","13409A>G",26,26.1491819056785,-0.00248475825704567,1,"Not Significant","truncating"
"14429C>T","15075C>A",12,19.4177093358999,-0.209016749787923,0.062,"Not Significant","truncating"
"14429C>T","3824G>A",22,18.3820981713186,0.0780275996575119,0.321,"Not Significant","truncating"
"14429C>T","13156C>T",32,29.7738209817132,0.0313154055209623,0.646,"Not Significant","truncating"
"14429C>T","8366A>G",21,28.4793070259865,-0.132310122868993,0.114,"Not Significant","truncating"
"14429C>T","15561G>A",52,29.2560153994225,0.2497881677055,0,"Significant","truncating"
"14429C>T","15879A>G",21,25.6313763233879,-0.0865526323084874,0.272,"Not Significant","truncating"
"14429C>T","4485C>T",41,28.7382098171319,0.154324145487396,0.005,"Significant","truncating"
"14429C>T","5348C>A",27,30.0327237728585,-0.0462309575129993,0.521,"Not Significant","truncating"
"14429C>T","12817C>A",10,12.6862367661213,-0.103332812472825,0.386,"Not Significant","truncating"
"14429C>T","3718C>T",21,24.0779595765159,-0.0594003862649821,0.449,"Not Significant","truncating"
"14429C>T","3308T>C",19,23.0423484119346,-0.0837731381369134,0.312,"Not Significant","truncating"
"14429C>T","14157C>T",16,24.5957651588065,-0.186740355077205,0.041,"Significant","truncating"
"14429C>T","7339A>G",14,25.1135707410972,-0.253780431031865,0.007,"Significant","truncating"
"14429C>T","12006G>A",32,23.5601539942252,0.132971853553096,0.054,"Not Significant","truncating"
"6417A>T","8367T>G",139,103.712223291627,0.127184855868156,0,"Significant","truncating"
"6417A>T","3664G>A",144,102.825794032724,0.146260420228539,0,"Significant","truncating"
"6417A>T","8366A>T",134,94.8479307025987,0.150076938039793,0,"Significant","truncating"
"6417A>T","8368G>T",132,94.5524542829644,0.144901124965804,0,"Significant","truncating"
"6417A>T","8126C>T",207,96.6207892204042,0.330899764876383,0,"Significant","truncating"
"6417A>T","6694A>G",44,69.7324350336862,-0.199982154403564,0,"Significant","truncating"
"6417A>T","10396G>A",87,80.0741097208855,0.0360271338241605,0.322,"Not Significant","truncating"
"6417A>T","14490C>T",94,77.4148219441771,0.0843037343598451,0.015,"Significant","truncating"
"6417A>T","13865A>G",39,65.8912415784408,-0.227763083941216,0,"Significant","truncating"
"6417A>T","12767G>A",41,65.3002887391723,-0.20213124488499,0,"Significant","truncating"
"6417A>T","15611G>A",42,59.9817131857555,-0.154769575435012,0.006,"Significant","truncating"
"6417A>T","7779G>A",37,70.0279114533205,-0.277069449862564,0,"Significant","truncating"
"6417A>T","8114G>A",82,83.3243503368624,-0.00695808385564507,0.885,"Not Significant","truncating"
"6417A>T","8719G>A",38,52.5948026948989,-0.141159233611776,0.007,"Significant","truncating"
"6417A>T","4126C>A",16,41.3666987487969,-0.412530880940658,0,"Significant","truncating"
"6417A>T","9537C>T",78,67.6641000962464,0.0617362924304982,0.113,"Not Significant","truncating"
"6417A>T","6573G>A",60,75.6419634263715,-0.100611542848065,0.01,"Significant","truncating"
"6417A>T","14838G>A",28,44.0259865255053,-0.196551064989499,0.002,"Significant","truncating"
"6417A>T","7902G>A",59,79.7786333012512,-0.131034580436661,0,"Significant","truncating"
"6417A>T","6460G>A",33,49.6400384985563,-0.177318169767543,0.001,"Significant","truncating"
"6417A>T","7705T>A",84,60.8681424446583,0.139889237772523,0,"Significant","truncating"
"6417A>T","13396C>T",25,44.6169393647738,-0.251559766540377,0,"Significant","truncating"
"6417A>T","3659G>A",39,44.9124157844081,-0.0613018088381358,0.278,"Not Significant","truncating"
"6417A>T","3307A>T",10,23.3426371511068,-0.368149919207968,0.001,"Significant","truncating"
"6417A>T","11669C>T",74,63.822906641001,0.0642551406599426,0.1,"Not Significant","truncating"
"6417A>T","14283C>T",93,89.8248315688162,0.0150865370251558,0.644,"Not Significant","truncating"
"6417A>T","12809G>A",89,71.8007699711261,0.0932609051264746,0.009,"Significant","truncating"
"6417A>T","11066C>T",36,49.9355149181906,-0.142107031766059,0.009,"Significant","truncating"
"6417A>T","4969G>A",27,47.5717035611165,-0.245984939792176,0,"Significant","truncating"
"6417A>T","14592C>T",64,55.8450433108759,0.0591953418905348,0.152,"Not Significant","truncating"
"6417A>T","6145G>A",65,53.1857555341675,0.087118023619392,0.035,"Significant","truncating"
"6417A>T","4262A>G",25,23.0471607314726,0.0353225780614009,0.721,"Not Significant","truncating"
"6417A>T","14044C>T",77,65.8912415784408,0.067663034204217,0.069,"Not Significant","truncating"
"6417A>T","9054C>A",17,33.9797882579403,-0.30077174689407,0,"Significant","truncating"
"6417A>T","8412T>G",59,45.2078922040424,0.115637752904312,0.008,"Significant","truncating"
"6417A>T","8094T>A",38,37.8209817131858,0.0020507990489273,1,"Not Significant","truncating"
"6417A>T","3842G>A",28,37.8209817131858,-0.130574766225256,0.05,"Not Significant","truncating"
"6417A>T","10296C>T",34,41.6621751684312,-0.0882630235328989,0.127,"Not Significant","truncating"
"6417A>T","7122C>T",39,43.4350336862368,-0.0467755556415723,0.432,"Not Significant","truncating"
"6417A>T","14006G>A",29,42.2531280076997,-0.163460867485645,0.01,"Significant","truncating"
"6417A>T","13031G>A",53,53.4812319538017,-0.0039255331883972,1,"Not Significant","truncating"
"6417A>T","9952G>A",38,29.5476419634264,0.109260768696474,0.065,"Not Significant","truncating"
"6417A>T","6901A>G",56,48.162656400385,0.0654775946821073,0.176,"Not Significant","truncating"
"6417A>T","15234G>A",49,43.4350336862368,0.0523559173602149,0.278,"Not Significant","truncating"
"6417A>T","14401A>T",65,41.0712223291627,0.199375728468362,0,"Significant","truncating"
"6417A>T","15170G>A",26,30.4340712223292,-0.06838670465412,0.356,"Not Significant","truncating"
"6417A>T","8168C>T",46,44.3214629451396,0.016143744705848,0.764,"Not Significant","truncating"
"6417A>T","10677G>T",17,32.502406159769,-0.281466591698742,0,"Significant","truncating"
"6417A>T","11148T>A",44,33.6843118383061,0.116024997229403,0.036,"Significant","truncating"
"6417A>T","5035G>A",28,31.0250240615977,-0.0445540956475768,0.501,"Not Significant","truncating"
"6417A>T","5920G>A",61,43.4350336862368,0.147489672342294,0.001,"Significant","truncating"
"6417A>T","14343C>T",35,35.7526467757459,-0.00924015388615748,0.921,"Not Significant","truncating"
"6417A>T","15882G>A",26,35.4571703561117,-0.134730725996371,0.067,"Not Significant","truncating"
"6417A>T","15327C>G",8,17.4331087584216,-0.338284852567272,0.006,"Significant","truncating"
"6417A>T","9216C>T",63,43.4350336862368,0.161500386785086,0,"Significant","truncating"
"6417A>T","8391G>A",30,33.6843118383061,-0.050306424536661,0.468,"Not Significant","truncating"
"6417A>T","4989C>T",42,41.0712223291627,0.00971166222377287,0.912,"Not Significant","truncating"
"6417A>T","8235A>G",17,26.0019249278152,-0.184556578691019,0.036,"Significant","truncating"
"6417A>T","6211G>A",37,38.7074109720886,-0.0195923995087267,0.77,"Not Significant","truncating"
"6417A>T","10761T>C",37,29.2521655437921,0.102043701549125,0.075,"Not Significant","truncating"
"6417A>T","15723G>A",21,28.9566891241578,-0.139529608878016,0.072,"Not Significant","truncating"
"6417A>T","13636C>T",34,36.0481231953802,-0.0254037415524296,0.661,"Not Significant","truncating"
"6417A>T","14354T>C",45,38.4119345524543,0.0687463335483323,0.179,"Not Significant","truncating"
"6417A>T","5260G>A",43,46.0943214629451,-0.0301789706948164,0.579,"Not Significant","truncating"
"6417A>T","13409A>G",29,29.8431183830606,-0.0124462038036533,0.904,"Not Significant","truncating"
"6417A>T","15075C>A",34,22.1607314725698,0.185894825729864,0.001,"Significant","truncating"
"6417A>T","3824G>A",26,20.9788257940327,0.0931921713313338,0.163,"Not Significant","truncating"
"6417A>T","13156C>T",33,33.9797882579403,-0.0127067283956953,0.912,"Not Significant","truncating"
"6417A>T","8366A>G",53,32.502406159769,0.212360356522038,0,"Significant","truncating"
"6417A>T","15561G>A",20,33.3888354186718,-0.222571275738577,0,"Significant","truncating"
"6417A>T","15879A>G",30,29.2521655437921,0.0109632322020664,0.92,"Not Significant","truncating"
"6417A>T","4485C>T",31,32.7978825794033,-0.024484112872317,0.711,"Not Significant","truncating"
"6417A>T","5348C>A",33,34.2752646775746,-0.0164668772689912,0.852,"Not Significant","truncating"
"6417A>T","12817C>A",10,14.4783445620789,-0.160718907947179,0.213,"Not Significant","truncating"
"6417A>T","3718C>T",35,27.4793070259865,0.105062267875992,0.081,"Not Significant","truncating"
"6417A>T","3308T>C",32,26.2974013474495,0.0852371437546898,0.206,"Not Significant","truncating"
"6417A>T","14157C>T",42,28.0702598652551,0.175002857188531,0.003,"Significant","truncating"
"6417A>T","7339A>G",40,28.6612127045236,0.144765429141279,0.007,"Significant","truncating"
"6417A>T","12006G>A",34,26.888354186718,0.101914696800815,0.093,"Not Significant","truncating"
"8367T>G","3664G>A",180,117.563041385948,0.18500169224795,0,"Significant","truncating"
"8367T>G","8366A>T",314,108.44177093359,0.461733046759434,0,"Significant","truncating"
"8367T>G","8368G>T",314,108.103946102021,0.463088100844399,0,"Significant","truncating"
"8367T>G","8126C>T",149,110.468719923003,0.12994694684324,0,"Significant","truncating"
"8367T>G","6694A>G",39,79.7266602502406,-0.310538964851685,0,"Significant","truncating"
"8367T>G","10396G>A",104,91.5505293551492,0.0553724795156711,0.061,"Not Significant","truncating"
"8367T>G","14490C>T",124,88.5101058710298,0.146428824933702,0,"Significant","truncating"
"8367T>G","13865A>G",37,75.334937439846,-0.308794707889215,0,"Significant","truncating"
"8367T>G","12767G>A",51,74.6592877767084,-0.165513666495551,0,"Significant","truncating"
"8367T>G","15611G>A",37,68.5784408084697,-0.267985882754324,0,"Significant","truncating"
"8367T>G","7779G>A",35,80.0644850818094,-0.359371870567776,0,"Significant","truncating"
"8367T>G","8114G>A",97,95.2666025024062,0.00783105703822896,0.815,"Not Significant","truncating"
"8367T>G","8719G>A",37,60.1328200192493,-0.210909847150094,0,"Significant","truncating"
"8367T>G","4126C>A",15,47.2954764196343,-0.498728345529227,0,"Significant","truncating"
"8367T>G","9537C>T",99,77.3618864292589,0.107108143348893,0,"Significant","truncating"
"8367T>G","6573G>A",75,86.4831568816169,-0.0618702708287193,0.097,"Not Significant","truncating"
"8367T>G","14838G>A",28,50.3358999037536,-0.254719805978013,0,"Significant","truncating"
"8367T>G","7902G>A",68,91.2127045235804,-0.127546420361235,0,"Significant","truncating"
"8367T>G","6460G>A",40,56.7545717035611,-0.151940859306227,0.001,"Significant","truncating"
"8367T>G","7705T>A",100,69.5919153031761,0.15744121072201,0,"Significant","truncating"
"8367T>G","13396C>T",26,51.0115495668912,-0.292695168230179,0,"Significant","truncating"
"8367T>G","3659G>A",27,51.34937439846,-0.279171392693669,0,"Significant","truncating"
"8367T>G","3307A>T",13,26.6881616939365,-0.312375307890538,0.001,"Significant","truncating"
"8367T>G","11669C>T",88,72.9701636188643,0.0813373520904895,0.014,"Significant","truncating"
"8367T>G","14283C>T",107,102.69874879692,0.0178186251677923,0.564,"Not Significant","truncating"
"8367T>G","12809G>A",115,82.0914340712223,0.146399997846501,0,"Significant","truncating"
"8367T>G","11066C>T",32,57.0923965351299,-0.251428295201818,0,"Significant","truncating"
"8367T>G","4969G>A",20,54.3897978825794,-0.434487449275142,0,"Significant","truncating"
"8367T>G","14592C>T",83,63.8488931665063,0.113924719294026,0.003,"Significant","truncating"
"8367T>G","6145G>A",75,60.8084696823869,0.0910971893796122,0.012,"Significant","truncating"
"8367T>G","4262A>G",19,26.3503368623677,-0.142032570645661,0.079,"Not Significant","truncating"
"8367T>G","14044C>T",101,75.334937439846,0.127324941825689,0,"Significant","truncating"
"8367T>G","9054C>A",19,38.8498556304139,-0.310635808308262,0,"Significant","truncating"
"8367T>G","8412T>G",87,51.6871992300289,0.226136252892032,0,"Significant","truncating"
"8367T>G","8094T>A",61,43.2415784408085,0.14942829645396,0.001,"Significant","truncating"
"8367T>G","3842G>A",40,43.2415784408085,-0.0338415472284712,0.54,"Not Significant","truncating"
"8367T>G","10296C>T",36,47.6333012512031,-0.121608180796445,0.018,"Significant","truncating"
"8367T>G","7122C>T",42,49.660250240616,-0.0727596132587628,0.149,"Not Significant","truncating"
"8367T>G","14006G>A",22,48.3089509143407,-0.341604925550427,0,"Significant","truncating"
"8367T>G","13031G>A",53,61.1462945139557,-0.0620942741769329,0.153,"Not Significant","truncating"
"8367T>G","9952G>A",37,33.7824831568816,0.0395101551582366,0.493,"Not Significant","truncating"
"8367T>G","6901A>G",58,55.065447545717,0.0225488202502929,0.63,"Not Significant","truncating"
"8367T>G","15234G>A",61,49.660250240616,0.0893209313537817,0.035,"Significant","truncating"
"8367T>G","14401A>T",74,46.9576515880654,0.197525350567896,0,"Significant","truncating"
"8367T>G","15170G>A",23,34.7959576515881,-0.179800957595586,0.01,"Significant","truncating"
"8367T>G","8168C>T",59,50.6737247353224,0.0660691836776954,0.149,"Not Significant","truncating"
"8367T>G","10677G>T",12,37.1607314725698,-0.490903008016796,0,"Significant","truncating"
"8367T>G","11148T>A",49,38.512030798845,0.104599659783153,0.035,"Significant","truncating"
"8367T>G","5035G>A",27,35.4716073147257,-0.118517103819213,0.071,"Not Significant","truncating"
"8367T>G","5920G>A",66,49.660250240616,0.123535031884829,0.003,"Significant","truncating"
"8367T>G","14343C>T",53,40.8768046198268,0.112798930375449,0.014,"Significant","truncating"
"8367T>G","15882G>A",22,40.5389797882579,-0.265450134133162,0,"Significant","truncating"
"8367T>G","15327C>G",12,19.9316650625602,-0.220362334501726,0.02,"Significant","truncating"
"8367T>G","9216C>T",47,49.660250240616,-0.0239110457210558,0.639,"Not Significant","truncating"
"8367T>G","8391G>A",41,38.512030798845,0.0271874364745478,0.677,"Not Significant","truncating"
"8367T>G","4989C>T",47,46.9576515880654,0.000391488772974917,1,"Not Significant","truncating"
"8367T>G","8235A>G",21,29.7285851780558,-0.150954946324289,0.051,"Not Significant","truncating"
"8367T>G","6211G>A",47,44.2550529355149,0.0261349933712492,0.619,"Not Significant","truncating"
"8367T>G","10761T>C",45,33.4446583253128,0.128885750268814,0.004,"Significant","truncating"
"8367T>G","15723G>A",24,33.106833493744,-0.139706402889038,0.04,"Significant","truncating"
"8367T>G","13636C>T",40,41.2146294513956,-0.0129914082554005,0.83,"Not Significant","truncating"
"8367T>G","14354T>C",52,43.9172281039461,0.0733684224191619,0.113,"Not Significant","truncating"
"8367T>G","5260G>A",55,52.7006737247353,0.0185465222311011,0.705,"Not Significant","truncating"
"8367T>G","13409A>G",43,34.1203079884504,0.100455512888034,0.067,"Not Significant","truncating"
"8367T>G","15075C>A",33,25.3368623676612,0.114761107577143,0.06,"Not Significant","truncating"
"8367T>G","3824G>A",26,23.9855630413859,0.0350234303429558,0.594,"Not Significant","truncating"
"8367T>G","13156C>T",48,38.8498556304139,0.0918518281131158,0.063,"Not Significant","truncating"
"8367T>G","8366A>G",57,37.1607314725698,0.185790601605213,0,"Significant","truncating"
"8367T>G","15561G>A",30,38.1742059672762,-0.104648757672094,0.087,"Not Significant","truncating"
"8367T>G","15879A>G",44,33.4446583253128,0.119125912979679,0.019,"Significant","truncating"
"8367T>G","4485C>T",32,37.4985563041386,-0.068864569375199,0.286,"Not Significant","truncating"
"8367T>G","5348C>A",39,39.1876804619827,-0.00208495110906048,1,"Not Significant","truncating"
"8367T>G","12817C>A",7,16.553416746872,-0.373789608919323,0.003,"Significant","truncating"
"8367T>G","3718C>T",40,31.4177093358999,0.104885473865084,0.054,"Not Significant","truncating"
"8367T>G","3308T>C",37,30.0664100096246,0.0901201485131649,0.134,"Not Significant","truncating"
"8367T>G","14157C>T",44,32.0933589990375,0.137037502288327,0.011,"Significant","truncating"
"8367T>G","7339A>G",38,32.7690086621752,0.0643202934417362,0.251,"Not Significant","truncating"
"8367T>G","12006G>A",44,30.7420596727623,0.155719715256022,0.002,"Significant","truncating"
"3664G>A","8366A>T",164,107.514918190568,0.183375119253283,0,"Significant","truncating"
"3664G>A","8368G>T",164,107.179980750722,0.184730173338248,0,"Significant","truncating"
"3664G>A","8126C>T",148,109.524542829644,0.130750266345165,0,"Significant","truncating"
"3664G>A","6694A>G",37,79.0452358036574,-0.329673975291891,0,"Significant","truncating"
"3664G>A","10396G>A",104,90.7680461982676,0.0591003520349103,0.049,"Significant","truncating"
"3664G>A","14490C>T",134,87.7536092396535,0.183839810655488,0,"Significant","truncating"
"3664G>A","13865A>G",35,74.6910490856593,-0.329200515086629,0,"Significant","truncating"
"3664G>A","12767G>A",55,74.0211742059673,-0.128993280580067,0.003,"Significant","truncating"
"3664G>A","15611G>A",39,67.9923002887392,-0.241395127275642,0,"Significant","truncating"
"3664G>A","7779G>A",37,79.3801732435034,-0.331510318331886,0,"Significant","truncating"
"3664G>A","8114G>A",91,94.4523580365736,-0.0161714123876535,0.653,"Not Significant","truncating"
"3664G>A","8719G>A",31,59.618864292589,-0.284022004863352,0,"Significant","truncating"
"3664G>A","4126C>A",17,46.8912415784408,-0.440642810687739,0,"Significant","truncating"
"3664G>A","9537C>T",99,76.7006737247353,0.110836015868131,0.001,"Significant","truncating"
"3664G>A","6573G>A",63,85.7439846005775,-0.133863112247488,0.001,"Significant","truncating"
"3664G>A","14838G>A",26,49.9056785370549,-0.28317661683006,0,"Significant","truncating"
"3664G>A","7902G>A",79,90.4331087584216,-0.0587003692578799,0.093,"Not Significant","truncating"
"3664G>A","6460G>A",32,56.269489894129,-0.245122999794775,0,"Significant","truncating"
"3664G>A","7705T>A",152,68.9971126082772,0.343012671185872,0,"Significant","truncating"
"3664G>A","13396C>T",20,50.5755534167469,-0.402910648017279,0,"Significant","truncating"
"3664G>A","3659G>A",28,50.9104908565929,-0.259649252991259,0,"Significant","truncating"
"3664G>A","3307A>T",12,26.4600577478345,-0.343409541630242,0.001,"Significant","truncating"
"3664G>A","11669C>T",82,72.3464870067372,0.0543964048433117,0.141,"Not Significant","truncating"
"3664G>A","14283C>T",97,101.820981713186,-0.0210655457318911,0.523,"Not Significant","truncating"
"3664G>A","12809G>A",101,81.3897978825794,0.0937514037948233,0.002,"Significant","truncating"
"3664G>A","11066C>T",44,56.604427333975,-0.10939772451667,0.021,"Significant","truncating"
"3664G>A","4969G>A",21,53.9249278152069,-0.409570277686071,0,"Significant","truncating"
"3664G>A","14592C>T",70,63.3031761308951,0.0436725394515436,0.254,"Not Significant","truncating"
"3664G>A","6145G>A",75,60.288739172281,0.0948250618988491,0.011,"Significant","truncating"
"3664G>A","4262A>G",26,26.1251203079884,-0.00208495110905792,1,"Not Significant","truncating"
"3664G>A","14044C>T",94,74.6910490856593,0.0998592941620152,0.004,"Significant","truncating"
"3664G>A","9054C>A",18,38.5178055822907,-0.330389031638424,0,"Significant","truncating"
"3664G>A","8412T>G",69,51.2454282964389,0.129193963530035,0,"Significant","truncating"
"3664G>A","8094T>A",58,42.8719923002887,0.131254327525401,0.002,"Significant","truncating"
"3664G>A","3842G>A",45,42.8719923002887,0.0210388477380239,0.677,"Not Significant","truncating"
"3664G>A","10296C>T",31,47.2261790182868,-0.182821115210029,0.001,"Significant","truncating"
"3664G>A","7122C>T",37,49.2358036573629,-0.124079307070293,0.02,"Significant","truncating"
"3664G>A","14006G>A",28,47.8960538979788,-0.233141702511602,0,"Significant","truncating"
"3664G>A","13031G>A",54,60.623676612127,-0.0502485114355316,0.254,"Not Significant","truncating"
"3664G>A","9952G>A",36,33.4937439846006,0.0313388043777935,0.593,"Not Significant","truncating"
"3664G>A","6901A>G",61,54.5948026948989,0.0481785342173222,0.261,"Not Significant","truncating"
"3664G>A","15234G>A",73,49.2358036573629,0.171041828982589,0,"Significant","truncating"
"3664G>A","14401A>T",67,46.5563041385948,0.158096306057043,0,"Significant","truncating"
"3664G>A","15170G>A",27,34.4985563041386,-0.106437156935239,0.111,"Not Significant","truncating"
"3664G>A","8168C>T",50,50.2406159769009,-0.00208495110906174,1,"Not Significant","truncating"
"3664G>A","10677G>T",12,36.8431183830606,-0.487175135497563,0,"Significant","truncating"
"3664G>A","11148T>A",41,38.1828681424447,0.0309153089937813,0.605,"Not Significant","truncating"
"3664G>A","5035G>A",33,35.1684311838306,-0.0276390555813729,0.647,"Not Significant","truncating"
"3664G>A","5920G>A",73,49.2358036573629,0.171041828982589,0,"Significant","truncating"
"3664G>A","14343C>T",53,40.5274302213667,0.116526802894683,0.018,"Significant","truncating"
"3664G>A","15882G>A",23,40.1924927815207,-0.242417106418628,0,"Significant","truncating"
"3664G>A","15327C>G",12,19.7613089509143,-0.216634461982501,0.032,"Significant","truncating"
"3664G>A","9216C>T",52,49.2358036573629,0.0237223124971726,0.623,"Not Significant","truncating"
"3664G>A","8391G>A",45,38.1828681424447,0.0713439660492953,0.183,"Not Significant","truncating"
"3664G>A","4989C>T",45,46.5563041385948,-0.0147659828681226,0.769,"Not Significant","truncating"
"3664G>A","8235A>G",15,29.4744947064485,-0.293355109482469,0.001,"Significant","truncating"
"3664G>A","6211G>A",49,43.8768046198268,0.0479610879832423,0.317,"Not Significant","truncating"
"3664G>A","10761T>C",48,33.1588065447546,0.160642346388229,0.001,"Significant","truncating"
"3664G>A","15723G>A",26,32.8238691049086,-0.101216424110733,0.136,"Not Significant","truncating"
"3664G>A","13636C>T",37,40.8623676612127,-0.0431218029970458,0.47,"Not Significant","truncating"
"3664G>A","14354T>C",48,43.5418671799808,0.0423341886792543,0.457,"Not Significant","truncating"
"3664G>A","5260G>A",58,52.2502406159769,0.0453396988189898,0.316,"Not Significant","truncating"
"3664G>A","13409A>G",36,33.8286814244466,0.0270174305951638,0.673,"Not Significant","truncating"
"3664G>A","15075C>A",32,25.1203079884504,0.105125018538431,0.095,"Not Significant","truncating"
"3664G>A","3824G>A",23,23.7805582290664,-0.014494209090824,0.897,"Not Significant","truncating"
"3664G>A","13156C>T",44,38.5178055822907,0.0577911397430319,0.256,"Not Significant","truncating"
"3664G>A","8366A>G",46,36.8431183830606,0.0964014501337109,0.057,"Not Significant","truncating"
"3664G>A","15561G>A",27,37.8479307025987,-0.146678375713375,0.031,"Significant","truncating"
"3664G>A","15879A>G",48,33.1588065447546,0.160642346388229,0.002,"Significant","truncating"
"3664G>A","4485C>T",34,37.1780558229066,-0.0388077581336966,0.496,"Not Significant","truncating"
"3664G>A","5348C>A",37,38.8527430221367,-0.021219961549271,0.735,"Not Significant","truncating"
"3664G>A","12817C>A",5,16.4119345524543,-0.516189772075859,0,"Significant","truncating"
"3664G>A","3718C>T",41,31.1491819056785,0.119337211776062,0.03,"Significant","truncating"
"3664G>A","3308T>C",47,29.8094321462945,0.197744154900868,0.001,"Significant","truncating"
"3664G>A","14157C>T",43,31.8190567853705,0.13078115390098,0.011,"Significant","truncating"
"3664G>A","7339A>G",34,32.4889316650626,0.0197434863865473,0.757,"Not Significant","truncating"
"3664G>A","12006G>A",40,30.4793070259865,0.118054902617126,0.032,"Significant","truncating"
"8366A>T","8368G>T",313,98.8642925890279,0.500504874378547,0,"Significant","truncating"
"8366A>T","8126C>T",137,101.026948989413,0.132283329648313,0,"Significant","truncating"
"8366A>T","6694A>G",27,72.9124157844081,-0.431437723657801,0,"Significant","truncating"
"8366A>T","10396G>A",94,83.725697786333,0.0502690778775416,0.113,"Not Significant","truncating"
"8366A>T","14490C>T",117,80.9451395572666,0.159995085578556,0,"Significant","truncating"
"8366A>T","13865A>G",24,68.8960538979788,-0.45798310618307,0,"Significant","truncating"
"8366A>T","12767G>A",35,68.2781520692974,-0.290213714181925,0,"Significant","truncating"
"8366A>T","15611G>A",24,62.7170356111646,-0.417174281048184,0,"Significant","truncating"
"8366A>T","7779G>A",17,73.2213666987488,-0.634188909477563,0,"Significant","truncating"
"8366A>T","8114G>A",84,87.1241578440808,-0.0158593071051555,0.678,"Not Significant","truncating"
"8366A>T","8719G>A",24,54.9932627526468,-0.360098245443963,0,"Significant","truncating"
"8366A>T","4126C>A",7,43.2531280076997,-0.790919480506476,0,"Significant","truncating"
"8366A>T","9537C>T",89,70.7497593840231,0.0996650394572043,0.002,"Significant","truncating"
"8366A>T","6573G>A",60,79.0914340712223,-0.119978199775726,0.002,"Significant","truncating"
"8366A>T","14838G>A",17,46.0336862367661,-0.432626831880084,0,"Significant","truncating"
"8366A>T","7902G>A",63,83.4167468719923,-0.121912699552931,0.004,"Significant","truncating"
"8366A>T","6460G>A",30,51.9037536092396,-0.238077511853284,0,"Significant","truncating"
"8366A>T","7705T>A",93,63.6438883541867,0.164726243336872,0,"Significant","truncating"
"8366A>T","13396C>T",18,46.6515880654475,-0.413593927036076,0,"Significant","truncating"
"8366A>T","3659G>A",19,46.9605389797883,-0.392979471838277,0,"Significant","truncating"
"8366A>T","3307A>T",11,24.4071222329163,-0.346123890977742,0.001,"Significant","truncating"
"8366A>T","11669C>T",82,66.7333974975938,0.0894706163849701,0.008,"Significant","truncating"
"8366A>T","14283C>T",94,93.9210779595765,0.000364785143249868,1,"Not Significant","truncating"
"8366A>T","12809G>A",108,75.0750721847931,0.157927997040766,0,"Significant","truncating"
"8366A>T","11066C>T",24,52.2127045235804,-0.337564947748784,0,"Significant","truncating"
"8366A>T","4969G>A",13,49.7410972088547,-0.58277200857024,0,"Significant","truncating"
"8366A>T","14592C>T",79,58.3917228103946,0.131275802269309,0.001,"Significant","truncating"
"8366A>T","6145G>A",67,55.6111645813282,0.080912812749693,0.05,"Not Significant","truncating"
"8366A>T","4262A>G",19,24.0981713185756,-0.103230486584863,0.198,"Not Significant","truncating"
"8366A>T","14044C>T",90,68.8960538979788,0.116048161543322,0,"Significant","truncating"
"8366A>T","9054C>A",12,35.5293551491819,-0.471406079151285,0,"Significant","truncating"
"8366A>T","8412T>G",80,47.269489894129,0.228509071326274,0,"Significant","truncating"
"8366A>T","8094T>A",59,39.5457170356112,0.173752557146219,0,"Significant","truncating"
"8366A>T","3842G>A",31,39.5457170356112,-0.105737760660988,0.089,"Not Significant","truncating"
"8366A>T","10296C>T",24,43.5620789220404,-0.258897355790656,0,"Significant","truncating"
"8366A>T","7122C>T",31,45.4157844080847,-0.165845125761153,0.005,"Significant","truncating"
"8366A>T","14006G>A",16,44.1799807507218,-0.4411055396551,0,"Significant","truncating"
"8366A>T","13031G>A",48,55.9201154956689,-0.0663268223411638,0.174,"Not Significant","truncating"
"8366A>T","9952G>A",35,30.8950914340712,0.0541785595024162,0.358,"Not Significant","truncating"
"8366A>T","6901A>G",54,50.3589990375361,0.030316670571258,0.522,"Not Significant","truncating"
"8366A>T","15234G>A",56,45.4157844080847,0.0909812074101489,0.042,"Significant","truncating"
"8366A>T","14401A>T",69,42.944177093359,0.205944805635084,0,"Significant","truncating"
"8366A>T","15170G>A",20,31.8219441770934,-0.201696713888079,0.01,"Significant","truncating"
"8366A>T","8168C>T",51,46.3426371511068,0.0415894321944749,0.399,"Not Significant","truncating"
"8366A>T","10677G>T",5,33.9846005774783,-0.832312165662493,0,"Significant","truncating"
"8366A>T","11148T>A",46,35.2204042348412,0.115963495497118,0.022,"Significant","truncating"
"8366A>T","5035G>A",17,32.4398460057748,-0.280629862538143,0.001,"Significant","truncating"
"8366A>T","5920G>A",64,45.4157844080847,0.148973154387739,0.001,"Significant","truncating"
"8366A>T","14343C>T",52,37.3830606352262,0.143328488470328,0.002,"Significant","truncating"
"8366A>T","15882G>A",15,37.0741097208855,-0.392979471837914,0,"Significant","truncating"
"8366A>T","15327C>G",9,18.228103946102,-0.306498987048071,0.003,"Significant","truncating"
"8366A>T","9216C>T",46,45.4157844080847,0.00555101208569117,0.932,"Not Significant","truncating"
"8366A>T","8391G>A",37,35.2204042348412,0.0214073878827684,0.749,"Not Significant","truncating"
"8366A>T","4989C>T",43,42.944177093359,0.000564170477795477,1,"Not Significant","truncating"
"8366A>T","8235A>G",12,27.1876804619827,-0.355190910948217,0,"Significant","truncating"
"8366A>T","6211G>A",38,40.4725697786333,-0.027377183886579,0.68,"Not Significant","truncating"
"8366A>T","10761T>C",41,30.5861405197305,0.12725917727413,0.02,"Significant","truncating"
"8366A>T","15723G>A",21,30.2771896053898,-0.158896265805637,0.031,"Significant","truncating"
"8366A>T","13636C>T",28,37.6920115495669,-0.129091284179825,0.04,"Significant","truncating"
"8366A>T","14354T>C",49,40.1636188642926,0.0863632428737872,0.092,"Not Significant","truncating"
"8366A>T","5260G>A",48,48.1963426371511,-0.00177284582656534,1,"Not Significant","truncating"
"8366A>T","13409A>G",40,31.2040423484119,0.107849132697319,0.04,"Significant","truncating"
"8366A>T","15075C>A",28,23.1713185755534,0.0822072831025014,0.258,"Not Significant","truncating"
"8366A>T","3824G>A",24,21.9355149181906,0.0390634081446658,0.613,"Not Significant","truncating"
"8366A>T","13156C>T",39,35.5293551491819,0.0404772818250841,0.523,"Not Significant","truncating"
"8366A>T","8366A>G",53,33.9846005774783,0.192993699594411,0,"Significant","truncating"
"8366A>T","15561G>A",22,34.9114533205005,-0.200545247508178,0.005,"Significant","truncating"
"8366A>T","15879A>G",38,30.5861405197305,0.0942589171712886,0.117,"Not Significant","truncating"
"8366A>T","4485C>T",29,34.293551491819,-0.0728144657351648,0.249,"Not Significant","truncating"
"8366A>T","5348C>A",36,35.8383060635226,0.00195502669266871,1,"Not Significant","truncating"
"8366A>T","12817C>A",6,15.1385948026949,-0.401934314488195,0.004,"Significant","truncating"
"8366A>T","3718C>T",37,28.7324350336862,0.109829290665028,0.057,"Not Significant","truncating"
"8366A>T","3308T>C",36,27.4966313763234,0.117023009274307,0.039,"Significant","truncating"
"8366A>T","14157C>T",41,29.3503368623677,0.145170766582773,0.006,"Significant","truncating"
"8366A>T","7339A>G",38,29.9682386910491,0.103122377502564,0.074,"Not Significant","truncating"
"8366A>T","12006G>A",41,28.1145332050048,0.163852979550462,0.003,"Significant","truncating"
"8368G>T","8126C>T",136,100.712223291627,0.130456724947091,0,"Significant","truncating"
"8368G>T","6694A>G",26,72.6852743022137,-0.446473085760944,0,"Significant","truncating"
"8368G>T","10396G>A",93,83.4648700673725,0.0469792269167475,0.154,"Not Significant","truncating"
"8368G>T","14490C>T",114,80.6929740134745,0.150069129253841,0,"Significant","truncating"
"8368G>T","13865A>G",25,68.6814244465833,-0.438899285137747,0,"Significant","truncating"
"8368G>T","12767G>A",33,68.065447545717,-0.314412764569274,0,"Significant","truncating"
"8368G>T","15611G>A",26,62.5216554379211,-0.381057120704148,0,"Significant","truncating"
"8368G>T","7779G>A",20,72.9932627526468,-0.562252781107275,0,"Significant","truncating"
"8368G>T","8114G>A",82,86.8527430221367,-0.0249696866983433,0.521,"Not Significant","truncating"
"8368G>T","8719G>A",26,54.8219441770934,-0.323981085099926,0,"Significant","truncating"
"8368G>T","4126C>A",7,43.1183830606352,-0.789564426421513,0,"Significant","truncating"
"8368G>T","9537C>T",90,70.5293551491819,0.105872596336575,0.002,"Significant","truncating"
"8368G>T","6573G>A",59,78.8450433108758,-0.125922384432249,0.001,"Significant","truncating"
"8368G>T","14838G>A",15,45.8902791145332,-0.485629440117372,0,"Significant","truncating"
"8368G>T","7902G>A",61,83.1568816169394,-0.134568359910759,0.001,"Significant","truncating"
"8368G>T","6460G>A",30,51.7420596727623,-0.236722457768321,0,"Significant","truncating"
"8368G>T","7705T>A",95,63.4456207892204,0.175321954156738,0,"Significant","truncating"
"8368G>T","13396C>T",17,46.5062560153994,-0.437062456676003,0,"Significant","truncating"
"8368G>T","3659G>A",21,46.8142444658325,-0.348158723972442,0,"Significant","truncating"
"8368G>T","3307A>T",11,24.3310875842156,-0.344768836892782,0,"Significant","truncating"
"8368G>T","11669C>T",82,66.5255052935515,0.0908256704699341,0.015,"Significant","truncating"
"8368G>T","14283C>T",95,93.6284889316651,0.00631559091735881,0.898,"Not Significant","truncating"
"8368G>T","12809G>A",106,74.8411934552454,0.151165160903559,0,"Significant","truncating"
"8368G>T","11066C>T",24,52.0500481231954,-0.336209893663821,0,"Significant","truncating"
"8368G>T","4969G>A",11,49.5861405197305,-0.653967621633281,0,"Significant","truncating"
"8368G>T","14592C>T",78,58.2098171318575,0.127098367754318,0,"Significant","truncating"
"8368G>T","6145G>A",67,55.4379210779596,0.0822678668346566,0.038,"Significant","truncating"
"8368G>T","4262A>G",18,24.0230991337825,-0.125356528349298,0.135,"Not Significant","truncating"
"8368G>T","14044C>T",89,68.6814244465833,0.112550712833879,0.004,"Significant","truncating"
"8368G>T","9054C>A",12,35.4186717998075,-0.470051025066322,0,"Significant","truncating"
"8368G>T","8412T>G",80,47.1222329162656,0.229864125411238,0,"Significant","truncating"
"8368G>T","8094T>A",57,39.4225216554379,0.160130455261555,0,"Significant","truncating"
"8368G>T","3842G>A",31,39.4225216554379,-0.104382706576025,0.114,"Not Significant","truncating"
"8368G>T","10296C>T",26,43.4263715110683,-0.22278019544662,0,"Significant","truncating"
"8368G>T","7122C>T",32,45.274302213667,-0.150701787190601,0.019,"Significant","truncating"
"8368G>T","14006G>A",16,44.0423484119346,-0.439750485570137,0,"Significant","truncating"
"8368G>T","13031G>A",46,55.7459095283927,-0.0834551739501739,0.08,"Not Significant","truncating"
"8368G>T","9952G>A",34,30.7988450433109,0.0429444862793939,0.515,"Not Significant","truncating"
"8368G>T","6901A>G",52,50.2021174205967,0.0152813084680829,0.806,"Not Significant","truncating"
"8368G>T","15234G>A",54,45.274302213667,0.0765419943119088,0.1,"Not Significant","truncating"
"8368G>T","14401A>T",70,42.8103946102021,0.213548808997039,0,"Significant","truncating"
"8368G>T","15170G>A",21,31.7228103946102,-0.179152360733282,0.016,"Significant","truncating"
"8368G>T","8168C>T",49,46.1982675649663,0.0255703902100501,0.62,"Not Significant","truncating"
"8368G>T","10677G>T",7,33.878729547642,-0.684829075901774,0,"Significant","truncating"
"8368G>T","11148T>A",44,35.1106833493744,0.0980133943867365,0.071,"Not Significant","truncating"
"8368G>T","5035G>A",19,32.3387872954764,-0.230970128878895,0.002,"Significant","truncating"
"8368G>T","5920G>A",64,45.274302213667,0.150328208472702,0,"Significant","truncating"
"8368G>T","14343C>T",51,37.2666025024062,0.136250375018444,0.004,"Significant","truncating"
"8368G>T","15882G>A",17,36.958614051973,-0.3372667554307,0,"Significant","truncating"
"8368G>T","15327C>G",9,18.1713185755534,-0.305143932963112,0.011,"Significant","truncating"
"8368G>T","9216C>T",45,45.274302213667,-0.00263925173555509,1,"Not Significant","truncating"
"8368G>T","8391G>A",36,35.1106833493744,0.0108632186680556,0.913,"Not Significant","truncating"
"8368G>T","4989C>T",41,42.8103946102021,-0.0187653742970434,0.778,"Not Significant","truncating"
"8368G>T","8235A>G",12,27.1029836381136,-0.353835856863256,0,"Significant","truncating"
"8368G>T","6211G>A",38,40.3464870067372,-0.0260221298016162,0.669,"Not Significant","truncating"
"8368G>T","10761T>C",42,30.4908565928778,0.139079665037232,0.006,"Significant","truncating"
"8368G>T","15723G>A",21,30.1828681424447,-0.157541211720675,0.037,"Significant","truncating"
"8368G>T","13636C>T",29,37.5745909528393,-0.112496263538179,0.06,"Not Significant","truncating"
"8368G>T","14354T>C",50,40.0384985563041,0.0964922212662373,0.056,"Not Significant","truncating"
"8368G>T","5260G>A",49,48.046198267565,0.00853705091130591,0.931,"Not Significant","truncating"
"8368G>T","13409A>G",41,31.106833493744,0.119928052174028,0.025,"Significant","truncating"
"8368G>T","15075C>A",27,23.0991337824832,0.0677680700042871,0.368,"Not Significant","truncating"
"8368G>T","3824G>A",22,21.8671799807507,0.00262990134039043,1,"Not Significant","truncating"
"8368G>T","13156C>T",41,35.4186717998075,0.0635515856032283,0.234,"Not Significant","truncating"
"8368G>T","8366A>G",54,33.878729547642,0.202466643901537,0,"Significant","truncating"
"8368G>T","15561G>A",21,34.8026948989413,-0.219393579511409,0.006,"Significant","truncating"
"8368G>T","15879A>G",37,30.4908565928778,0.084032098706466,0.144,"Not Significant","truncating"
"8368G>T","4485C>T",28,34.1867179980751,-0.0866993782068861,0.217,"Not Significant","truncating"
"8368G>T","5348C>A",36,35.7266602502406,0.00331008077763102,1,"Not Significant","truncating"
"8368G>T","12817C>A",6,15.0914340712223,-0.400579260403238,0.005,"Significant","truncating"
"8368G>T","3718C>T",36,28.6429258902791,0.0992851214503138,0.091,"Not Significant","truncating"
"8368G>T","3308T>C",34,27.4109720885467,0.0935544796343067,0.123,"Not Significant","truncating"
"8368G>T","14157C>T",40,29.2589027911453,0.135801955275988,0.014,"Significant","truncating"
"8368G>T","7339A>G",38,29.8748796920116,0.104477431587526,0.067,"Not Significant","truncating"
"8368G>T","12006G>A",41,28.0269489894129,0.165208033635423,0.003,"Significant","truncating"
"8126C>T","6694A>G",47,74.2752646775746,-0.198746350137158,0,"Significant","truncating"
"8126C>T","10396G>A",92,85.2906641000963,0.0328863313680038,0.339,"Not Significant","truncating"
"8126C>T","14490C>T",113,82.4581328200193,0.136844947060423,0,"Significant","truncating"
"8126C>T","13865A>G",39,70.1838306063523,-0.255172461124275,0,"Significant","truncating"
"8126C>T","12767G>A",49,69.5543792107796,-0.152128398759444,0.002,"Significant","truncating"
"8126C>T","15611G>A",40,63.8893166506256,-0.203368251687953,0,"Significant","truncating"
"8126C>T","7779G>A",39,74.5899903753609,-0.281615944086182,0,"Significant","truncating"
"8126C>T","8114G>A",87,88.7526467757459,-0.00866206080384143,0.813,"Not Significant","truncating"
"8126C>T","8719G>A",29,56.0211742059673,-0.285954209512324,0,"Significant","truncating"
"8126C>T","4126C>A",18,44.0615976900866,-0.388787735676614,0,"Significant","truncating"
"8126C>T","9537C>T",90,72.0721847930703,0.0964748219962081,0.005,"Significant","truncating"
"8126C>T","6573G>A",65,80.5697786333013,-0.0932588137719736,0.017,"Significant","truncating"
"8126C>T","14838G>A",27,46.8941289701636,-0.239754709355713,0,"Significant","truncating"
"8126C>T","7902G>A",69,84.9759384023099,-0.0904468785247223,0.014,"Significant","truncating"
"8126C>T","6460G>A",39,52.8739172281039,-0.13217687980218,0.018,"Significant","truncating"
"8126C>T","7705T>A",92,64.8334937439846,0.151988401873095,0,"Significant","truncating"
"8126C>T","13396C>T",19,47.5235803657363,-0.398155551442077,0,"Significant","truncating"
"8126C>T","3659G>A",31,47.8383060635226,-0.188414099213115,0.002,"Significant","truncating"
"8126C>T","3307A>T",13,24.8633301251203,-0.281615944085119,0.005,"Significant","truncating"
"8126C>T","11669C>T",81,67.9807507218479,0.0760990626245076,0.041,"Significant","truncating"
"8126C>T","14283C>T",101,95.6766121270452,0.0235155850707563,0.473,"Not Significant","truncating"
"8126C>T","12809G>A",99,76.4783445620789,0.112096715896,0,"Significant","truncating"
"8126C>T","11066C>T",35,53.1886429258903,-0.181750865366082,0.001,"Significant","truncating"
"8126C>T","4969G>A",19,50.6708373435996,-0.426004480180701,0,"Significant","truncating"
"8126C>T","14592C>T",63,59.4831568816169,0.0249465401771881,0.536,"Not Significant","truncating"
"8126C>T","6145G>A",74,56.6506256015399,0.116027009524382,0.001,"Significant","truncating"
"8126C>T","4262A>G",30,24.548604427334,0.0870944469257519,0.205,"Not Significant","truncating"
"8126C>T","14044C>T",85,70.1838306063523,0.0831818575629155,0.018,"Significant","truncating"
"8126C>T","9054C>A",21,36.1934552454283,-0.236410750721933,0.002,"Significant","truncating"
"8126C>T","8412T>G",63,48.153031761309,0.116716913532662,0.006,"Significant","truncating"
"8126C>T","8094T>A",51,40.2848893166506,0.102428001346733,0.031,"Significant","truncating"
"8126C>T","3842G>A",30,40.2848893166506,-0.128020920030945,0.035,"Significant","truncating"
"8126C>T","10296C>T",28,44.376323387873,-0.199993286415697,0.002,"Significant","truncating"
"8126C>T","7122C>T",37,46.264677574591,-0.0970478157840547,0.086,"Not Significant","truncating"
"8126C>T","14006G>A",23,45.0057747834456,-0.291540406549654,0,"Significant","truncating"
"8126C>T","13031G>A",49,56.9653512993263,-0.0654146999436556,0.181,"Not Significant","truncating"
"8126C>T","9952G>A",29,31.4725697786333,-0.0355342072040349,0.645,"Not Significant","truncating"
"8126C>T","6901A>G",59,51.3002887391723,0.0607322021349672,0.177,"Not Significant","truncating"
"8126C>T","15234G>A",64,46.264677574591,0.140930434132342,0,"Significant","truncating"
"8126C>T","14401A>T",67,43.7468719923003,0.185127797343278,0,"Significant","truncating"
"8126C>T","15170G>A",29,32.4167468719923,-0.048371431909167,0.489,"Not Significant","truncating"
"8126C>T","8168C>T",51,47.20885466795,0.033546711939078,0.503,"Not Significant","truncating"
"8126C>T","10677G>T",15,34.6198267564966,-0.363233631204012,0,"Significant","truncating"
"8126C>T","11148T>A",48,35.878729547642,0.1264041809357,0.009,"Significant","truncating"
"8126C>T","5035G>A",24,33.046198267565,-0.138910262460945,0.047,"Significant","truncating"
"8126C>T","5920G>A",61,46.264677574591,0.120080295159256,0.008,"Significant","truncating"
"8126C>T","14343C>T",49,38.0818094321463,0.109478504608701,0.028,"Significant","truncating"
"8126C>T","15882G>A",24,37.76708373436,-0.196902209438468,0.006,"Significant","truncating"
"8126C>T","15327C>G",6,18.5688161693936,-0.49063296635671,0,"Significant","truncating"
"8126C>T","9216C>T",73,46.264677574591,0.198073320268827,0,"Significant","truncating"
"8126C>T","8391G>A",34,35.878729547642,-0.0233581393972593,0.761,"Not Significant","truncating"
"8126C>T","4989C>T",47,43.7468719923003,0.0311508525784449,0.554,"Not Significant","truncating"
"8126C>T","8235A>G",16,27.6958614051973,-0.238294894596206,0.005,"Significant","truncating"
"8126C>T","6211G>A",34,41.2290664100096,-0.0837245837163939,0.163,"Not Significant","truncating"
"8126C>T","10761T>C",43,31.157844080847,0.139901055878544,0.009,"Significant","truncating"
"8126C>T","15723G>A",33,30.8431183830606,0.029355659082192,0.641,"Not Significant","truncating"
"8126C>T","13636C>T",33,38.3965351299326,-0.0657780958997845,0.308,"Not Significant","truncating"
"8126C>T","14354T>C",45,40.9143407122233,0.0413369563653019,0.453,"Not Significant","truncating"
"8126C>T","5260G>A",52,49.097208854668,0.0249465401771795,0.666,"Not Significant","truncating"
"8126C>T","13409A>G",34,31.7872954764196,0.029225338156415,0.677,"Not Significant","truncating"
"8126C>T","15075C>A",37,23.604427333975,0.19520825557152,0,"Significant","truncating"
"8126C>T","3824G>A",28,22.3455245428296,0.0979674775196428,0.164,"Not Significant","truncating"
"8126C>T","13156C>T",42,36.1934552454283,0.0646192449410142,0.24,"Not Significant","truncating"
"8126C>T","8366A>G",55,34.6198267564966,0.201037799232445,0,"Significant","truncating"
"8126C>T","15561G>A",22,35.5640038498556,-0.208587967763569,0.003,"Significant","truncating"
"8126C>T","15879A>G",39,31.157844080847,0.0974972073255604,0.066,"Not Significant","truncating"
"8126C>T","4485C>T",29,34.934552454283,-0.0808571859905557,0.234,"Not Significant","truncating"
"8126C>T","5348C>A",31,36.5081809432146,-0.0710285004955432,0.248,"Not Significant","truncating"
"8126C>T","12817C>A",10,15.4215591915303,-0.188128285130096,0.104,"Not Significant","truncating"
"8126C>T","3718C>T",40,29.269489894129,0.135644837670521,0.02,"Significant","truncating"
"8126C>T","3308T>C",40,28.0105871029836,0.154737779579476,0.004,"Significant","truncating"
"8126C>T","14157C>T",35,29.8989412897016,0.0684122339581075,0.257,"Not Significant","truncating"
"8126C>T","7339A>G",45,30.5283926852743,0.168508574405533,0.002,"Significant","truncating"
"8126C>T","12006G>A",30,28.6400384985563,0.0201476572953914,0.818,"Not Significant","truncating"
"6694A>G","10396G>A",68,61.5553416746872,0.0432431664188345,0.294,"Not Significant","truncating"
"6694A>G","14490C>T",32,59.5110683349374,-0.269447768412141,0,"Significant","truncating"
"6694A>G","13865A>G",149,50.6525505293551,0.468584949950618,0,"Significant","truncating"
"6694A>G","12767G>A",110,50.1982675649663,0.340703956059715,0,"Significant","truncating"
"6694A>G","15611G>A",118,46.1097208854668,0.408089513979409,0,"Significant","truncating"
"6694A>G","7779G>A",145,53.832531280077,0.430323200811435,0,"Significant","truncating"
"6694A>G","8114G>A",94,64.0538979788258,0.166582289867192,0,"Significant","truncating"
"6694A>G","8719G>A",111,40.4311838306064,0.438606521064151,0,"Significant","truncating"
"6694A>G","4126C>A",95,31.7998075072185,0.475299114196772,0,"Significant","truncating"
"6694A>G","9537C>T",41,52.0153994225217,-0.103348081032857,0.043,"Significant","truncating"
"6694A>G","6573G>A",85,58.1482194417709,0.164882504989278,0,"Significant","truncating"
"6694A>G","14838G>A",87,33.8440808469682,0.410036528792631,0,"Significant","truncating"
"6694A>G","7902G>A",84,61.3282001924928,0.136619066489774,0.001,"Significant","truncating"
"6694A>G","6460G>A",79,38.1597690086622,0.316021354151061,0,"Significant","truncating"
"6694A>G","7705T>A",18,46.79114533205,-0.414891170677292,0,"Significant","truncating"
"6694A>G","13396C>T",93,34.2983638113571,0.433209545847037,0,"Significant","truncating"
"6694A>G","3659G>A",88,34.5255052935515,0.406342628791703,0,"Significant","truncating"
"6694A>G","3307A>T",10,17.944177093359,-0.253923546701448,0.04,"Significant","truncating"
"6694A>G","11669C>T",38,49.0625601539942,-0.110966609946792,0.046,"Significant","truncating"
"6694A>G","14283C>T",102,69.051010587103,0.169430132740031,0,"Significant","truncating"
"6694A>G","12809G>A",41,55.1953801732435,-0.129118872291233,0.018,"Significant","truncating"
"6694A>G","11066C>T",77,38.3869104908566,0.302307565145312,0,"Significant","truncating"
"6694A>G","4969G>A",99,36.5697786333012,0.432512863152022,0,"Significant","truncating"
"6694A>G","14592C>T",35,42.9297401347449,-0.0886902152356684,0.147,"Not Significant","truncating"
"6694A>G","6145G>A",34,40.8854667949952,-0.080090043473765,0.188,"Not Significant","truncating"
"6694A>G","4262A>G",29,17.7170356111646,0.214006939794593,0.002,"Significant","truncating"
"6694A>G","14044C>T",51,50.6525505293551,0.00296885763684072,1,"Not Significant","truncating"
"6694A>G","9054C>A",69,26.121270452358,0.421854794969681,0,"Significant","truncating"
"6694A>G","8412T>G",22,34.7526467757459,-0.198565205407597,0.008,"Significant","truncating"
"6694A>G","8094T>A",10,29.0741097208855,-0.463506425057948,0,"Significant","truncating"
"6694A>G","3842G>A",40,29.0741097208855,0.138553566266757,0.018,"Significant","truncating"
"6694A>G","10296C>T",74,32.0269489894129,0.363716151661898,0,"Significant","truncating"
"6694A>G","7122C>T",60,33.3897978825794,0.254537460221962,0,"Significant","truncating"
"6694A>G","14006G>A",74,32.4812319538017,0.357599226852235,0,"Significant","truncating"
"6694A>G","13031G>A",54,41.1126082771896,0.118418729540603,0.018,"Significant","truncating"
"6694A>G","9952G>A",22,22.7141482194418,-0.0138737745906608,0.918,"Not Significant","truncating"
"6694A>G","6901A>G",27,37.0240615976901,-0.137120295657464,0.049,"Significant","truncating"
"6694A>G","15234G>A",17,33.3897978825794,-0.293164868781577,0,"Significant","truncating"
"6694A>G","14401A>T",14,31.5726660250241,-0.35318321998706,0,"Significant","truncating"
"6694A>G","15170G>A",18,23.395572666025,-0.113861175014239,0.229,"Not Significant","truncating"
"6694A>G","8168C>T",42,34.0712223291627,0.0908615759290494,0.096,"Not Significant","truncating"
"6694A>G","10677G>T",76,24.9855630413859,0.48312445170847,0,"Significant","truncating"
"6694A>G","11148T>A",12,25.8941289701636,-0.334020060699835,0.003,"Significant","truncating"
"6694A>G","5035G>A",59,23.8498556304139,0.393366257158192,0,"Significant","truncating"
"6694A>G","5920G>A",20,33.3897978825794,-0.222583794496253,0.008,"Significant","truncating"
"6694A>G","14343C>T",21,27.4841193455245,-0.116862530994972,0.146,"Not Significant","truncating"
"6694A>G","15882G>A",59,27.2569778633301,0.335374310180733,0,"Significant","truncating"
"6694A>G","15327C>G",11,13.4013474494706,-0.0857557818961408,0.54,"Not Significant","truncating"
"6694A>G","9216C>T",31,33.3897978825794,-0.0322520963267323,0.697,"Not Significant","truncating"
"6694A>G","8391G>A",30,25.8941289701636,0.0639199479700311,0.357,"Not Significant","truncating"
"6694A>G","4989C>T",42,31.5726660250241,0.123938034730535,0.023,"Significant","truncating"
"6694A>G","8235A>G",38,19.9884504331088,0.279004469052683,0,"Significant","truncating"
"6694A>G","6211G>A",34,29.7555341674687,0.0579111659733795,0.378,"Not Significant","truncating"
"6694A>G","10761T>C",13,22.4870067372474,-0.237988297702233,0.019,"Significant","truncating"
"6694A>G","15723G>A",31,22.2598652550529,0.143839162728299,0.037,"Significant","truncating"
"6694A>G","13636C>T",44,27.711260827719,0.20079639039793,0,"Significant","truncating"
"6694A>G","14354T>C",34,29.5283926852743,0.0612391093222958,0.383,"Not Significant","truncating"
"6694A>G","5260G>A",42,35.4340712223292,0.0738282366303181,0.174,"Not Significant","truncating"
"6694A>G","13409A>G",23,22.9412897016362,0.00111000682201623,1,"Not Significant","truncating"
"6694A>G","15075C>A",7,17.0356111645813,-0.386259678786717,0.008,"Significant","truncating"
"6694A>G","3824G>A",23,16.1270452358037,0.154173031884784,0.052,"Not Significant","truncating"
"6694A>G","13156C>T",32,26.121270452358,0.0881556825530598,0.171,"Not Significant","truncating"
"6694A>G","8366A>G",12,24.9855630413859,-0.318507894521648,0.003,"Significant","truncating"
"6694A>G","15561G>A",52,25.6669874879692,0.306628444737593,0,"Significant","truncating"
"6694A>G","15879A>G",17,22.4870067372474,-0.121482728631582,0.207,"Not Significant","truncating"
"6694A>G","4485C>T",35,25.2127045235804,0.142448610150207,0.025,"Significant","truncating"
"6694A>G","5348C>A",30,26.3484119345525,0.0563668100796142,0.381,"Not Significant","truncating"
"6694A>G","12817C>A",5,11.1299326275265,-0.34752253110064,0.034,"Significant","truncating"
"6694A>G","3718C>T",21,21.1241578440808,-0.00256010923293291,1,"Not Significant","truncating"
"6694A>G","3308T>C",12,20.2155919153032,-0.226505216008746,0.043,"Significant","truncating"
"6694A>G","14157C>T",18,21.5784408084697,-0.0787475555980707,0.351,"Not Significant","truncating"
"6694A>G","7339A>G",14,22.0327237728585,-0.196940153999805,0.041,"Significant","truncating"
"6694A>G","12006G>A",23,20.669874879692,0.0463899882833573,0.621,"Not Significant","truncating"
"10396G>A","14490C>T",79,68.3368623676612,0.0629720566533819,0.09,"Not Significant","truncating"
"10396G>A","13865A>G",63,58.1645813282002,0.0346819430881355,0.423,"Not Significant","truncating"
"10396G>A","12767G>A",62,57.6429258902791,0.0316456724958619,0.501,"Not Significant","truncating"
"10396G>A","15611G>A",60,52.9480269489894,0.0543014691531061,0.201,"Not Significant","truncating"
"10396G>A","7779G>A",67,61.8161693936477,0.0349727133734399,0.431,"Not Significant","truncating"
"10396G>A","8114G>A",76,73.553416746872,0.0142107406441829,0.735,"Not Significant","truncating"
"10396G>A","8719G>A",57,46.4273339749759,0.0891011100461955,0.045,"Significant","truncating"
"10396G>A","4126C>A",49,36.5158806544755,0.127714301032744,0.013,"Significant","truncating"
"10396G>A","9537C>T",72,59.7295476419634,0.0811432707740283,0.043,"Significant","truncating"
"10396G>A","6573G>A",77,66.771896053898,0.0618970165433176,0.096,"Not Significant","truncating"
"10396G>A","14838G>A",42,38.8633301251203,0.0337092786683147,0.54,"Not Significant","truncating"
"10396G>A","7902G>A",75,70.4234841193455,0.0273437559154468,0.489,"Not Significant","truncating"
"10396G>A","6460G>A",56,43.8190567853705,0.106525001962894,0.016,"Significant","truncating"
"10396G>A","7705T>A",53,53.730510105871,-0.00594509408558152,0.932,"Not Significant","truncating"
"10396G>A","13396C>T",46,39.3849855630414,0.0674271410710178,0.224,"Not Significant","truncating"
"10396G>A","3659G>A",54,39.6458132820019,0.134196428560676,0.007,"Significant","truncating"
"10396G>A","3307A>T",12,20.6053897978826,-0.234799588558533,0.015,"Significant","truncating"
"10396G>A","11669C>T",70,56.3387872954764,0.0942905455459472,0.036,"Significant","truncating"
"10396G>A","14283C>T",102,79.2916265640038,0.109372844835814,0.001,"Significant","truncating"
"10396G>A","12809G>A",78,63.381135707411,0.0901345857748115,0.02,"Significant","truncating"
"10396G>A","11066C>T",47,44.0798845043311,0.0278574100047544,0.635,"Not Significant","truncating"
"10396G>A","4969G>A",45,41.9932627526468,0.0300328944261966,0.559,"Not Significant","truncating"
"10396G>A","14592C>T",62,49.2964388835419,0.0995761420076009,0.029,"Significant","truncating"
"10396G>A","6145G>A",56,46.948989412897,0.0765617785855166,0.084,"Not Significant","truncating"
"10396G>A","4262A>G",19,20.344562078922,-0.0296947450547287,0.776,"Not Significant","truncating"
"10396G>A","14044C>T",56,58.1645813282002,-0.0164705793591597,0.744,"Not Significant","truncating"
"10396G>A","9054C>A",35,29.995187680462,0.0670164606792286,0.261,"Not Significant","truncating"
"10396G>A","8412T>G",45,39.9066410009625,0.0521673396403934,0.316,"Not Significant","truncating"
"10396G>A","8094T>A",37,33.385948026949,0.0446380111017713,0.444,"Not Significant","truncating"
"10396G>A","3842G>A",28,33.385948026949,-0.0764056816226273,0.283,"Not Significant","truncating"
"10396G>A","10296C>T",45,36.776708373436,0.0876396578025197,0.098,"Not Significant","truncating"
"10396G>A","7122C>T",44,38.3416746871992,0.0597815984206373,0.281,"Not Significant","truncating"
"10396G>A","14006G>A",45,37.2983638113571,0.0815227329928543,0.134,"Not Significant","truncating"
"10396G>A","13031G>A",46,47.2098171318576,-0.0112744865048145,0.842,"Not Significant","truncating"
"10396G>A","9952G>A",36,26.0827718960539,0.1399487574496,0.019,"Significant","truncating"
"10396G>A","6901A>G",38,42.5149181905679,-0.0487577511042546,0.396,"Not Significant","truncating"
"10396G>A","15234G>A",45,38.3416746871992,0.0695414357097717,0.201,"Not Significant","truncating"
"10396G>A","14401A>T",41,36.2550529355149,0.0534153131482735,0.332,"Not Significant","truncating"
"10396G>A","15170G>A",27,26.8652550529355,0.00217279613657873,1,"Not Significant","truncating"
"10396G>A","8168C>T",41,39.1241578440808,0.0203388543467751,0.779,"Not Significant","truncating"
"10396G>A","10677G>T",32,28.6910490856593,0.0474035498442961,0.479,"Not Significant","truncating"
"10396G>A","11148T>A",25,29.7343599615014,-0.0753185859813867,0.318,"Not Significant","truncating"
"10396G>A","5035G>A",29,27.3869104908566,0.0248549555117015,0.714,"Not Significant","truncating"
"10396G>A","5920G>A",53,38.3416746871992,0.140604791535071,0.004,"Significant","truncating"
"10396G>A","14343C>T",22,31.5601539942252,-0.156716432810874,0.035,"Significant","truncating"
"10396G>A","15882G>A",42,31.2993262752647,0.127714301032694,0.024,"Significant","truncating"
"10396G>A","15327C>G",10,15.3888354186718,-0.187205754957852,0.117,"Not Significant","truncating"
"10396G>A","9216C>T",45,38.3416746871992,0.0695414357097717,0.194,"Not Significant","truncating"
"10396G>A","8391G>A",27,29.7343599615014,-0.0418948304945657,0.588,"Not Significant","truncating"
"10396G>A","4989C>T",44,36.2550529355149,0.0840841329146532,0.117,"Not Significant","truncating"
"10396G>A","8235A>G",29,22.9528392685274,0.101561582431165,0.111,"Not Significant","truncating"
"10396G>A","6211G>A",39,34.1684311838306,0.0574395680533492,0.322,"Not Significant","truncating"
"10396G>A","10761T>C",24,25.8219441770934,-0.0317776962030445,0.727,"Not Significant","truncating"
"10396G>A","15723G>A",27,25.5611164581328,0.0237839451491736,0.821,"Not Significant","truncating"
"10396G>A","13636C>T",32,31.8209817131858,0.00243640432792186,1,"Not Significant","truncating"
"10396G>A","14354T>C",35,33.9076034648701,0.0137709487261705,0.849,"Not Significant","truncating"
"10396G>A","5260G>A",46,40.6891241578441,0.053279490009761,0.314,"Not Significant","truncating"
"10396G>A","13409A>G",38,26.3435996150144,0.159108479516434,0.008,"Significant","truncating"
"10396G>A","15075C>A",21,19.5620789220404,0.0308042880248389,0.802,"Not Significant","truncating"
"10396G>A","3824G>A",24,18.5187680461983,0.112599149674767,0.178,"Not Significant","truncating"
"10396G>A","13156C>T",29,29.995187680462,-0.0146535857718342,0.911,"Not Significant","truncating"
"10396G>A","8366A>G",35,28.6910490856593,0.0863216158745495,0.172,"Not Significant","truncating"
"10396G>A","15561G>A",27,29.4735322425409,-0.0380684226415257,0.672,"Not Significant","truncating"
"10396G>A","15879A>G",17,25.8219441770934,-0.181540016535632,0.048,"Significant","truncating"
"10396G>A","4485C>T",35,28.9518768046198,0.0823913222461308,0.183,"Not Significant","truncating"
"10396G>A","5348C>A",25,30.2560153994225,-0.0828717238718073,0.282,"Not Significant","truncating"
"10396G>A","12817C>A",11,12.7805582290664,-0.0651571381869669,0.626,"Not Significant","truncating"
"10396G>A","3718C>T",23,24.2569778633301,-0.0231088558534728,0.823,"Not Significant","truncating"
"10396G>A","3308T>C",30,23.213666987488,0.111377504757098,0.109,"Not Significant","truncating"
"10396G>A","14157C>T",26,24.7786333012512,0.0208959993646596,0.823,"Not Significant","truncating"
"10396G>A","7339A>G",24,25.3002887391723,-0.0229142358717742,0.815,"Not Significant","truncating"
"10396G>A","12006G>A",32,23.735322425409,0.129754842681112,0.046,"Significant","truncating"
"14490C>T","13865A>G",29,56.23291626564,-0.287592608911047,0,"Significant","truncating"
"14490C>T","12767G>A",38,55.7285851780558,-0.166294420830505,0.001,"Significant","truncating"
"14490C>T","15611G>A",32,51.1896053897979,-0.204031803355366,0,"Significant","truncating"
"14490C>T","7779G>A",35,59.7632338787296,-0.232366045421882,0,"Significant","truncating"
"14490C>T","8114G>A",74,71.1106833493744,0.0172968676490232,0.716,"Not Significant","truncating"
"14490C>T","8719G>A",26,44.8854667949952,-0.237132398099941,0,"Significant","truncating"
"14490C>T","4126C>A",16,35.3031761308951,-0.343693796783397,0,"Significant","truncating"
"14490C>T","9537C>T",80,57.7459095283927,0.141568760889278,0.001,"Significant","truncating"
"14490C>T","6573G>A",61,64.5543792107796,-0.0245958740636114,0.624,"Not Significant","truncating"
"14490C>T","14838G>A",19,37.5726660250241,-0.296118411220883,0.001,"Significant","truncating"
"14490C>T","7902G>A",64,68.0846968238691,-0.0268695339376275,0.514,"Not Significant","truncating"
"14490C>T","6460G>A",25,42.3638113570741,-0.229055016815681,0.002,"Significant","truncating"
"14490C>T","7705T>A",77,51.9461020211742,0.170937761040488,0,"Significant","truncating"
"14490C>T","13396C>T",18,38.0769971126083,-0.325390185951159,0,"Significant","truncating"
"14490C>T","3659G>A",22,38.3291626564004,-0.241106650884293,0.001,"Significant","truncating"
"14490C>T","3307A>T",6,19.9210779595765,-0.521161584664308,0,"Significant","truncating"
"14490C>T","11669C>T",67,54.4677574590953,0.0899353077871783,0.034,"Significant","truncating"
"14490C>T","14283C>T",82,76.6583253128008,0.029254525012358,0.448,"Not Significant","truncating"
"14490C>T","12809G>A",91,61.2762271414822,0.171749374959982,0,"Significant","truncating"
"14490C>T","11066C>T",30,42.6159769008662,-0.152451193656151,0.017,"Significant","truncating"
"14490C>T","4969G>A",19,40.5986525505294,-0.329758018840373,0,"Significant","truncating"
"14490C>T","14592C>T",60,47.6592877767084,0.100003702447644,0.033,"Significant","truncating"
"14490C>T","6145G>A",64,45.3897978825794,0.149221725117735,0.002,"Significant","truncating"
"14490C>T","4262A>G",18,19.6689124157844,-0.0385078413495377,0.69,"Not Significant","truncating"
"14490C>T","14044C>T",71,56.23291626564,0.101267741908186,0.015,"Significant","truncating"
"14490C>T","9054C>A",19,28.9990375360924,-0.183629983162563,0.037,"Significant","truncating"
"14490C>T","8412T>G",59,38.5813282001925,0.184474837061588,0,"Significant","truncating"
"14490C>T","8094T>A",46,32.2771896053898,0.153862118270736,0.003,"Significant","truncating"
"14490C>T","3842G>A",34,32.2771896053898,0.0225832036317505,0.751,"Not Significant","truncating"
"14490C>T","10296C>T",27,35.5553416746872,-0.119541092258574,0.066,"Not Significant","truncating"
"14490C>T","7122C>T",24,37.0683349374399,-0.1887918367985,0.01,"Significant","truncating"
"14490C>T","14006G>A",16,36.0596727622714,-0.352901798570195,0,"Significant","truncating"
"14490C>T","13031G>A",36,45.6419634263715,-0.103061817864211,0.076,"Not Significant","truncating"
"14490C>T","9952G>A",24,25.2165543792108,-0.0214745020508747,0.812,"Not Significant","truncating"
"14490C>T","6901A>G",46,41.1029836381136,0.0488844835149356,0.359,"Not Significant","truncating"
"14490C>T","15234G>A",49,37.0683349374399,0.121193001517484,0.014,"Significant","truncating"
"14490C>T","14401A>T",54,35.051010587103,0.187693215805871,0,"Significant","truncating"
"14490C>T","15170G>A",19,25.9730510105871,-0.135769367514298,0.107,"Not Significant","truncating"
"14490C>T","8168C>T",43,37.8248315688162,0.055691452761199,0.326,"Not Significant","truncating"
"14490C>T","10677G>T",8,27.7382098171319,-0.539988441924987,0,"Significant","truncating"
"14490C>T","11148T>A",30,28.7468719923003,0.0185306596205587,0.831,"Not Significant","truncating"
"14490C>T","5035G>A",26,26.4773820981713,-0.00790169486165812,1,"Not Significant","truncating"
"14490C>T","5920G>A",46,37.0683349374399,0.0937547531706024,0.08,"Not Significant","truncating"
"14490C>T","14343C>T",35,30.512030798845,0.059596930271075,0.381,"Not Significant","truncating"
"14490C>T","15882G>A",18,30.2598652550529,-0.225594484705909,0.002,"Significant","truncating"
"14490C>T","15327C>G",5,14.8777670837344,-0.473567751062927,0.002,"Significant","truncating"
"14490C>T","9216C>T",43,37.0683349374399,0.0644653770686807,0.261,"Not Significant","truncating"
"14490C>T","8391G>A",39,28.7468719923003,0.132474011927061,0.021,"Significant","truncating"
"14490C>T","4989C>T",38,35.051010587103,0.0350830526000509,0.577,"Not Significant","truncating"
"14490C>T","8235A>G",14,22.1905678537055,-0.200040380233354,0.034,"Significant","truncating"
"14490C>T","6211G>A",39,33.0336862367661,0.0721075676079658,0.222,"Not Significant","truncating"
"14490C>T","10761T>C",29,24.9643888354187,0.065077059538596,0.342,"Not Significant","truncating"
"14490C>T","15723G>A",24,24.7122232916266,-0.0127005777434047,0.9,"Not Significant","truncating"
"14490C>T","13636C>T",20,30.7641963426372,-0.187015578772575,0.022,"Significant","truncating"
"14490C>T","14354T>C",36,32.781520692974,0.040673404697764,0.522,"Not Significant","truncating"
"14490C>T","5260G>A",42,39.3378248315688,0.0284389482808008,0.603,"Not Significant","truncating"
"14490C>T","13409A>G",28,25.4687199230029,0.0411509137968544,0.559,"Not Significant","truncating"
"14490C>T","15075C>A",24,18.9124157844081,0.103464234556851,0.188,"Not Significant","truncating"
"14490C>T","3824G>A",13,17.9037536092397,-0.139000740173892,0.224,"Not Significant","truncating"
"14490C>T","13156C>T",38,28.9990375360924,0.117400012500276,0.054,"Not Significant","truncating"
"14490C>T","8366A>G",39,27.7382098171319,0.147986178105254,0.009,"Significant","truncating"
"14490C>T","15561G>A",13,28.4947064485082,-0.340820834937334,0.001,"Significant","truncating"
"14490C>T","15879A>G",32,24.9643888354187,0.107829039959406,0.078,"Not Significant","truncating"
"14490C>T","4485C>T",26,27.990375360924,-0.0320353745782888,0.715,"Not Significant","truncating"
"14490C>T","5348C>A",34,29.2512030798845,0.0653351840525613,0.34,"Not Significant","truncating"
"14490C>T","12817C>A",7,12.3561116458133,-0.246783783774135,0.088,"Not Significant","truncating"
"14490C>T","3718C>T",34,23.451395572666,0.161310224725177,0.009,"Significant","truncating"
"14490C>T","3308T>C",29,22.4427333974976,0.111322247491038,0.084,"Not Significant","truncating"
"14490C>T","14157C>T",41,23.9557266602502,0.233374507667566,0,"Significant","truncating"
"14490C>T","7339A>G",34,24.4600577478345,0.143021439012944,0.023,"Significant","truncating"
"14490C>T","12006G>A",24,22.9470644850818,0.0194841056278613,0.789,"Not Significant","truncating"
"13865A>G","12767G>A",104,47.4331087584216,0.340951750122188,0,"Significant","truncating"
"13865A>G","15611G>A",119,43.5697786333013,0.436361607987703,0,"Significant","truncating"
"13865A>G","7779G>A",139,50.8671799807507,0.436577138752467,0,"Significant","truncating"
"13865A>G","8114G>A",89,60.5255052935515,0.167451582834339,0,"Significant","truncating"
"13865A>G","8719G>A",105,38.2040423484119,0.439079981269338,0,"Significant","truncating"
"13865A>G","4126C>A",92,30.0481231953802,0.485970476175361,0,"Significant","truncating"
"13865A>G","9537C>T",42,49.1501443695861,-0.0682755074328203,0.224,"Not Significant","truncating"
"13865A>G","6573G>A",80,54.9451395572666,0.163160706188863,0,"Significant","truncating"
"13865A>G","14838G>A",73,31.9797882579403,0.358447276216436,0,"Significant","truncating"
"13865A>G","7902G>A",92,57.9499518768046,0.200734747695307,0,"Significant","truncating"
"13865A>G","6460G>A",69,36.0577478344562,0.281850493519834,0,"Significant","truncating"
"13865A>G","7705T>A",14,44.213666987488,-0.499428500179779,0,"Significant","truncating"
"13865A>G","13396C>T",92,32.4090471607315,0.453121564560535,0,"Significant","truncating"
"13865A>G","3659G>A",79,32.623676612127,0.384094187853904,0,"Significant","truncating"
"13865A>G","3307A>T",10,16.9557266602502,-0.229316406779643,0.047,"Significant","truncating"
"13865A>G","11669C>T",37,46.3599615014437,-0.097941342574682,0.106,"Not Significant","truncating"
"13865A>G","14283C>T",82,65.2473532242541,0.0992509532838437,0.007,"Significant","truncating"
"13865A>G","12809G>A",36,52.1549566891242,-0.160993088321635,0.004,"Significant","truncating"
"13865A>G","11066C>T",78,36.2723772858518,0.332518582585183,0,"Significant","truncating"
"13865A>G","4969G>A",97,34.5553416746872,0.448256542742603,0,"Significant","truncating"
"13865A>G","14592C>T",37,40.5649663137632,-0.0399493955971292,0.519,"Not Significant","truncating"
"13865A>G","6145G>A",35,38.6333012512031,-0.042893776243897,0.489,"Not Significant","truncating"
"13865A>G","4262A>G",22,16.7410972088547,0.118638762640122,0.151,"Not Significant","truncating"
"13865A>G","14044C>T",46,47.8623676612127,-0.0172363468575331,0.777,"Not Significant","truncating"
"13865A>G","9054C>A",75,24.6823869104909,0.482674107545925,0,"Significant","truncating"
"13865A>G","8412T>G",18,32.8383060635226,-0.261108241204186,0.001,"Significant","truncating"
"13865A>G","8094T>A",10,27.4725697786333,-0.438899285136089,0,"Significant","truncating"
"13865A>G","3842G>A",36,27.4725697786333,0.117403215628061,0.033,"Significant","truncating"
"13865A>G","10296C>T",72,30.2627526467757,0.376424068284073,0,"Significant","truncating"
"13865A>G","7122C>T",63,31.5505293551492,0.300333899213735,0,"Significant","truncating"
"13865A>G","14006G>A",77,30.6920115495669,0.399465372215586,0,"Significant","truncating"
"13865A>G","13031G>A",56,38.8479307025987,0.15882013664569,0,"Significant","truncating"
"13865A>G","9952G>A",23,21.4629451395573,0.0300385205264745,0.731,"Not Significant","truncating"
"13865A>G","6901A>G",25,34.9846005774783,-0.145936911222408,0.046,"Significant","truncating"
"13865A>G","15234G>A",18,31.5505293551492,-0.243734145134817,0.004,"Significant","truncating"
"13865A>G","14401A>T",15,29.8334937439846,-0.298612856687958,0.001,"Significant","truncating"
"13865A>G","15170G>A",19,22.106833493744,-0.0657729392430052,0.471,"Not Significant","truncating"
"13865A>G","8168C>T",42,32.1944177093359,0.115468715850921,0.033,"Significant","truncating"
"13865A>G","10677G>T",79,23.609239653513,0.524545090639943,0,"Significant","truncating"
"13865A>G","11148T>A",15,24.4677574590953,-0.212502907770654,0.034,"Significant","truncating"
"13865A>G","5035G>A",53,22.5360923965351,0.37139725503876,0,"Significant","truncating"
"13865A>G","5920G>A",22,31.5505293551492,-0.156583969416356,0.029,"Significant","truncating"
"13865A>G","14343C>T",20,25.9701636188643,-0.113444690142953,0.208,"Not Significant","truncating"
"13865A>G","15882G>A",51,25.7555341674687,0.296699614558494,0,"Significant","truncating"
"13865A>G","15327C>G",8,12.6631376323388,-0.199451340139185,0.126,"Not Significant","truncating"
"13865A>G","9216C>T",29,31.5505293551492,-0.0366086523400822,0.598,"Not Significant","truncating"
"13865A>G","8391G>A",28,24.4677574590953,0.0585638645145394,0.406,"Not Significant","truncating"
"13865A>G","4989C>T",39,29.8334937439846,0.116360491281079,0.062,"Not Significant","truncating"
"13865A>G","8235A>G",38,18.8873917228104,0.303611608974502,0,"Significant","truncating"
"13865A>G","6211G>A",26,28.11645813282,-0.0339872631758039,0.644,"Not Significant","truncating"
"13865A>G","10761T>C",13,21.2483156881617,-0.213381157780399,0.035,"Significant","truncating"
"13865A>G","15723G>A",26,21.0336862367661,0.0920579567869455,0.244,"Not Significant","truncating"
"13865A>G","13636C>T",45,26.1847930702599,0.235163367608919,0,"Significant","truncating"
"13865A>G","14354T>C",37,27.9018286814245,0.122569056268792,0.042,"Significant","truncating"
"13865A>G","5260G>A",33,33.4821944177093,-0.00629997396753842,1,"Not Significant","truncating"
"13865A>G","13409A>G",25,21.6775745909528,0.0619293193981455,0.439,"Not Significant","truncating"
"13865A>G","15075C>A",9,16.0972088546679,-0.252508069441231,0.038,"Significant","truncating"
"13865A>G","3824G>A",15,15.2386910490857,-0.00685640515433192,1,"Not Significant","truncating"
"13865A>G","13156C>T",30,24.6823869104909,0.0847340988747557,0.221,"Not Significant","truncating"
"13865A>G","8366A>G",17,23.609239653513,-0.142633079270219,0.122,"Not Significant","truncating"
"13865A>G","15561G>A",46,24.2531280076997,0.277990072706325,0,"Significant","truncating"
"13865A>G","15879A>G",22,21.2483156881617,0.0150981707336032,0.886,"Not Significant","truncating"
"13865A>G","4485C>T",35,23.8238691049086,0.167055750072053,0.004,"Significant","truncating"
"13865A>G","5348C>A",26,24.8970163618864,0.0188260432528422,0.807,"Not Significant","truncating"
"13865A>G","12817C>A",6,10.5168431183831,-0.243734145132745,0.123,"Not Significant","truncating"
"13865A>G","3718C>T",21,19.9605389797883,0.0220470306888932,0.785,"Not Significant","truncating"
"13865A>G","3308T>C",10,19.102021174206,-0.281079322133827,0.017,"Significant","truncating"
"13865A>G","14157C>T",15,20.3897978825794,-0.133321661723384,0.181,"Not Significant","truncating"
"13865A>G","7339A>G",13,20.8190567853705,-0.204517697449137,0.027,"Significant","truncating"
"13865A>G","12006G>A",23,19.5312800769971,0.0709971282051807,0.41,"Not Significant","truncating"
"12767G>A","15611G>A",89,43.1790182868142,0.314117242603249,0,"Significant","truncating"
"12767G>A","7779G>A",108,50.4109720885467,0.330898683348453,0,"Significant","truncating"
"12767G>A","8114G>A",85,59.9826756496631,0.151393091266785,0,"Significant","truncating"
"12767G>A","8719G>A",79,37.8614051973051,0.319430362853017,0,"Significant","truncating"
"12767G>A","4126C>A",67,29.7786333012512,0.352170040893845,0,"Significant","truncating"
"12767G>A","9537C>T",46,48.7093358999038,-0.0248543767861947,0.658,"Not Significant","truncating"
"12767G>A","6573G>A",73,54.4523580365736,0.12730616868047,0.001,"Significant","truncating"
"12767G>A","14838G>A",109,31.6929740134745,0.536463503399444,0,"Significant","truncating"
"12767G>A","7902G>A",80,57.4302213666987,0.14394949670481,0.001,"Significant","truncating"
"12767G>A","6460G>A",70,35.7343599615014,0.292012032159866,0,"Significant","truncating"
"12767G>A","7705T>A",29,43.8171318575553,-0.179245948597624,0.007,"Significant","truncating"
"12767G>A","13396C>T",70,32.1183830606352,0.338344366592422,0,"Significant","truncating"
"12767G>A","3659G>A",65,32.3310875842156,0.303293042569475,0,"Significant","truncating"
"12767G>A","3307A>T",12,16.8036573628489,-0.146222571369715,0.2,"Not Significant","truncating"
"12767G>A","11669C>T",39,45.944177093359,-0.0711658702521966,0.249,"Not Significant","truncating"
"12767G>A","14283C>T",90,64.6621751684312,0.143592199702449,0,"Significant","truncating"
"12767G>A","12809G>A",37,51.6871992300289,-0.145181275658917,0.01,"Significant","truncating"
"12767G>A","11066C>T",65,35.9470644850818,0.257249925900709,0,"Significant","truncating"
"12767G>A","4969G>A",76,34.2454282964389,0.346210990120312,0,"Significant","truncating"
"12767G>A","14592C>T",42,40.2011549566891,0.0190107600966767,0.762,"Not Significant","truncating"
"12767G>A","6145G>A",41,38.2868142444658,0.0297346254884211,0.596,"Not Significant","truncating"
"12767G>A","4262A>G",28,16.5909528392685,0.227286702522739,0.001,"Significant","truncating"
"12767G>A","14044C>T",46,47.4331087584216,-0.0133237574944913,0.864,"Not Significant","truncating"
"12767G>A","9054C>A",64,24.4610202117421,0.417705407501245,0,"Significant","truncating"
"12767G>A","8412T>G",27,32.543792107796,-0.0811043927862708,0.243,"Not Significant","truncating"
"12767G>A","8094T>A",19,27.2261790182868,-0.156233094822282,0.056,"Not Significant","truncating"
"12767G>A","3842G>A",38,27.2261790182868,0.144796900840556,0.015,"Significant","truncating"
"12767G>A","10296C>T",65,29.9913378248316,0.335917517858763,0,"Significant","truncating"
"12767G>A","7122C>T",57,31.2675649663138,0.260780794795755,0,"Significant","truncating"
"12767G>A","14006G>A",55,30.4167468719923,0.257249925900611,0,"Significant","truncating"
"12767G>A","13031G>A",52,38.4995187680462,0.130548042637388,0.01,"Significant","truncating"
"12767G>A","9952G>A",25,21.2704523580366,0.0701632825437998,0.361,"Not Significant","truncating"
"12767G>A","6901A>G",27,34.6708373435996,-0.108600566372548,0.11,"Not Significant","truncating"
"12767G>A","15234G>A",17,31.2675649663138,-0.26464513949667,0.004,"Significant","truncating"
"12767G>A","14401A>T",18,29.5659287776708,-0.215519021277779,0.013,"Significant","truncating"
"12767G>A","15170G>A",25,21.9085659287777,0.057326057838687,0.459,"Not Significant","truncating"
"12767G>A","8168C>T",35,31.9056785370549,0.0402000591665409,0.49,"Not Significant","truncating"
"12767G>A","10677G>T",58,23.3974975938402,0.394258582275672,0,"Significant","truncating"
"12767G>A","11148T>A",15,24.2483156881617,-0.20859031840762,0.031,"Significant","truncating"
"12767G>A","5035G>A",43,22.3339749759384,0.284502430380781,0,"Significant","truncating"
"12767G>A","5920G>A",20,31.2675649663138,-0.194064065211346,0.014,"Significant","truncating"
"12767G>A","14343C>T",23,25.7372473532243,-0.0488342604265897,0.543,"Not Significant","truncating"
"12767G>A","15882G>A",44,25.5245428296439,0.236494704309915,0,"Significant","truncating"
"12767G>A","15327C>G",12,12.5495668912416,-0.0194474917222942,0.873,"Not Significant","truncating"
"12767G>A","9216C>T",28,31.2675649663138,-0.0479360295337281,0.532,"Not Significant","truncating"
"12767G>A","8391G>A",28,24.2483156881617,0.0624764538775734,0.413,"Not Significant","truncating"
"12767G>A","4989C>T",36,29.5659287776708,0.0855109743849963,0.213,"Not Significant","truncating"
"12767G>A","8235A>G",40,18.7179980750722,0.329800593048626,0,"Significant","truncating"
"12767G>A","6211G>A",33,27.8642925890279,0.0734659180939474,0.258,"Not Significant","truncating"
"12767G>A","10761T>C",12,21.0577478344562,-0.244230674676302,0.016,"Significant","truncating"
"12767G>A","15723G>A",34,20.8450433108758,0.212476115221021,0.001,"Significant","truncating"
"12767G>A","13636C>T",45,25.9499518768046,0.239075956971954,0,"Significant","truncating"
"12767G>A","14354T>C",34,27.6515880654475,0.0897588386071918,0.151,"Not Significant","truncating"
"12767G>A","5260G>A",43,33.1819056785371,0.112567131096893,0.05,"Not Significant","truncating"
"12767G>A","13409A>G",28,21.4831568816169,0.115059931431173,0.105,"Not Significant","truncating"
"12767G>A","15075C>A",12,15.9528392685274,-0.123656743471112,0.293,"Not Significant","truncating"
"12767G>A","3824G>A",29,15.102021174206,0.283362923050569,0,"Significant","truncating"
"12767G>A","13156C>T",24,24.4610202117421,-0.00826332476990484,1,"Not Significant","truncating"
"12767G>A","8366A>G",18,23.3974975938402,-0.113896906182296,0.21,"Not Significant","truncating"
"12767G>A","15561G>A",45,24.0356111645813,0.272357344163149,0,"Significant","truncating"
"12767G>A","15879A>G",26,21.0577478344562,0.0915614272449427,0.247,"Not Significant","truncating"
"12767G>A","4485C>T",35,23.6102021174206,0.170968339435086,0.007,"Significant","truncating"
"12767G>A","5348C>A",27,24.6737247353224,0.0391290488039839,0.624,"Not Significant","truncating"
"12767G>A","12817C>A",9,10.4225216554379,-0.0637302967164635,0.743,"Not Significant","truncating"
"12767G>A","3718C>T",18,19.781520692974,-0.0409871695783451,0.665,"Not Significant","truncating"
"12767G>A","3308T>C",16,18.9307025986526,-0.0730467501165011,0.487,"Not Significant","truncating"
"12767G>A","14157C>T",12,20.2069297401347,-0.226319085367686,0.039,"Significant","truncating"
"12767G>A","7339A>G",15,20.6323387872955,-0.138457201337707,0.152,"Not Significant","truncating"
"12767G>A","12006G>A",25,19.3561116458133,0.111121890222504,0.155,"Not Significant","truncating"
"15611G>A","7779G>A",137,46.3051010587103,0.471091730789646,0,"Significant","truncating"
"15611G>A","8114G>A",87,55.097208854668,0.198389653942933,0,"Significant","truncating"
"15611G>A","8719G>A",107,34.7776708373436,0.488083285019437,0,"Significant","truncating"
"15611G>A","4126C>A",86,27.3532242540905,0.497489925208211,0,"Significant","truncating"
"15611G>A","9537C>T",31,44.7420596727623,-0.159354278861221,0.012,"Significant","truncating"
"15611G>A","6573G>A",67,50.0173243503369,0.126954347032721,0.001,"Significant","truncating"
"15611G>A","14838G>A",63,29.111645813282,0.33527379068447,0,"Significant","truncating"
"15611G>A","7902G>A",76,52.7526467757459,0.158569337765517,0,"Significant","truncating"
"15611G>A","6460G>A",75,32.8238691049086,0.358871491309058,0,"Significant","truncating"
"15611G>A","7705T>A",17,40.2483156881617,-0.374298789345439,0,"Significant","truncating"
"15611G>A","13396C>T",84,29.502406159769,0.454421848411722,0,"Significant","truncating"
"15611G>A","3659G>A",84,29.6977863330125,0.451555207760128,0,"Significant","truncating"
"15611G>A","3307A>T",3,15.4350336862368,-0.711386326915152,0,"Significant","truncating"
"15611G>A","11669C>T",38,42.2021174205967,-0.0455506448900424,0.456,"Not Significant","truncating"
"15611G>A","14283C>T",86,59.395572666025,0.160744377278552,0,"Significant","truncating"
"15611G>A","12809G>A",28,47.4773820981713,-0.229328732611492,0,"Significant","truncating"
"15611G>A","11066C>T",67,33.0192492781521,0.30730760773045,0,"Significant","truncating"
"15611G>A","4969G>A",93,31.456207892204,0.470776582165136,0,"Significant","truncating"
"15611G>A","14592C>T",36,36.9268527430221,-0.0110397937619621,0.92,"Not Significant","truncating"
"15611G>A","6145G>A",31,35.1684311838306,-0.0547913016249029,0.388,"Not Significant","truncating"
"15611G>A","4262A>G",17,15.2396535129933,0.0474738283314629,0.672,"Not Significant","truncating"
"15611G>A","14044C>T",39,43.5697786333013,-0.0481207463775802,0.394,"Not Significant","truncating"
"15611G>A","9054C>A",72,22.4687199230029,0.505754165720292,0,"Significant","truncating"
"15611G>A","8412T>G",23,29.893166506256,-0.113844085155606,0.136,"Not Significant","truncating"
"15611G>A","8094T>A",8,25.0086621751684,-0.495000473008268,0,"Significant","truncating"
"15611G>A","3842G>A",31,25.0086621751684,0.0932712338300332,0.176,"Not Significant","truncating"
"15611G>A","10296C>T",67,27.548604427334,0.385975199688483,0,"Significant","truncating"
"15611G>A","7122C>T",59,28.720885466795,0.312654186537157,0,"Significant","truncating"
"15611G>A","14006G>A",72,27.939364773821,0.41111596860922,0,"Significant","truncating"
"15611G>A","13031G>A",46,35.3638113570741,0.11419876645607,0.035,"Significant","truncating"
"15611G>A","9952G>A",18,19.5380173243503,-0.0356079852525395,0.705,"Not Significant","truncating"
"15611G>A","6901A>G",23,31.846968238691,-0.141340258741876,0.07,"Not Significant","truncating"
"15611G>A","15234G>A",17,28.720885466795,-0.227748903724895,0.009,"Significant","truncating"
"15611G>A","14401A>T",13,27.157844080847,-0.319951938301552,0,"Significant","truncating"
"15611G>A","15170G>A",15,20.1241578440808,-0.127626456004789,0.179,"Not Significant","truncating"
"15611G>A","8168C>T",38,29.3070259865255,0.112811847204754,0.061,"Not Significant","truncating"
"15611G>A","10677G>T",78,21.4918190567854,0.559821427174756,0,"Significant","truncating"
"15611G>A","11148T>A",12,22.2733397497594,-0.268604095643214,0.015,"Significant","truncating"
"15611G>A","5035G>A",50,20.5149181905679,0.386900214908797,0,"Significant","truncating"
"15611G>A","5920G>A",19,28.720885466795,-0.179444224150609,0.041,"Significant","truncating"
"15611G>A","14343C>T",17,23.6410009624639,-0.143216939293494,0.126,"Not Significant","truncating"
"15611G>A","15882G>A",59,23.4456207892204,0.400790275237368,0,"Significant","truncating"
"15611G>A","15327C>G",6,11.5274302213667,-0.283581251611065,0.062,"Not Significant","truncating"
"15611G>A","9216C>T",24,28.720885466795,-0.0779865833923082,0.313,"Not Significant","truncating"
"15611G>A","8391G>A",26,22.2733397497594,0.0671880062780303,0.394,"Not Significant","truncating"
"15611G>A","4989C>T",45,27.157844080847,0.219317223164579,0,"Significant","truncating"
"15611G>A","8235A>G",36,17.1934552454283,0.320939338259764,0,"Significant","truncating"
"15611G>A","6211G>A",26,25.5948026948989,0.00682156195899179,1,"Not Significant","truncating"
"15611G>A","10761T>C",13,19.3426371511068,-0.172572332645653,0.111,"Not Significant","truncating"
"15611G>A","15723G>A",21,19.1472569778633,0.0401127286851888,0.69,"Not Significant","truncating"
"15611G>A","13636C>T",44,23.8363811357074,0.266212355454569,0,"Significant","truncating"
"15611G>A","14354T>C",25,25.3994225216554,-0.00688383399080741,1,"Not Significant","truncating"
"15611G>A","5260G>A",36,30.4793070259865,0.0722974120565717,0.244,"Not Significant","truncating"
"15611G>A","13409A>G",16,19.7333974975938,-0.0910818814822398,0.369,"Not Significant","truncating"
"15611G>A","15075C>A",10,14.6535129932628,-0.165941753746356,0.176,"Not Significant","truncating"
"15611G>A","3824G>A",23,13.8719923002887,0.21958899694124,0.004,"Significant","truncating"
"15611G>A","13156C>T",28,22.4687199230029,0.0955797006321902,0.157,"Not Significant","truncating"
"15611G>A","8366A>G",13,21.4918190567854,-0.218329823206104,0.034,"Significant","truncating"
"15611G>A","15561G>A",43,22.0779595765159,0.289509521739174,0,"Significant","truncating"
"15611G>A","15879A>G",20,19.3426371511068,0.0145143107103221,0.886,"Not Significant","truncating"
"15611G>A","4485C>T",29,21.6871992300289,0.126194528755758,0.079,"Not Significant","truncating"
"15611G>A","5348C>A",23,22.6641000962464,0.0063893564346109,1,"Not Significant","truncating"
"15611G>A","12817C>A",4,9.57362848893166,-0.379016579050266,0.037,"Significant","truncating"
"15611G>A","3718C>T",18,18.1703561116458,-0.004090933806642,1,"Not Significant","truncating"
"15611G>A","3308T>C",9,17.3888354186718,-0.286027987559295,0.019,"Significant","truncating"
"15611G>A","14157C>T",14,18.5611164581328,-0.122476059965883,0.223,"Not Significant","truncating"
"15611G>A","7339A>G",12,18.9518768046198,-0.198470978573328,0.088,"Not Significant","truncating"
"15611G>A","12006G>A",29,17.7795957651588,0.212476115220882,0.004,"Significant","truncating"
"7779G>A","8114G>A",104,64.32531280077,0.208651432526235,0,"Significant","truncating"
"7779G>A","8719G>A",122,40.6025024061598,0.477807029912214,0,"Significant","truncating"
"7779G>A","4126C>A",103,31.934552454283,0.50857639057307,0,"Significant","truncating"
"7779G>A","9537C>T",38,52.2358036573629,-0.138184684175693,0.013,"Significant","truncating"
"7779G>A","6573G>A",81,58.3946102021174,0.142112255113666,0,"Significant","truncating"
"7779G>A","14838G>A",79,33.9874879692012,0.366308024424513,0,"Significant","truncating"
"7779G>A","7902G>A",103,61.5880654475457,0.223340662092975,0,"Significant","truncating"
"7779G>A","6460G>A",76,38.3214629451396,0.29737151210144,0,"Significant","truncating"
"7779G>A","7705T>A",13,46.9894128970164,-0.558056666512827,0,"Significant","truncating"
"7779G>A","13396C>T",104,34.4436958614052,0.479923593551841,0,"Significant","truncating"
"7779G>A","3659G>A",92,34.6717998075072,0.423811440947076,0,"Significant","truncating"
"7779G>A","3307A>T",8,18.0202117420597,-0.352669902748406,0.005,"Significant","truncating"
"7779G>A","11669C>T",42,49.2704523580366,-0.0693372592058043,0.199,"Not Significant","truncating"
"7779G>A","14283C>T",100,69.3435996150144,0.158993617938128,0,"Significant","truncating"
"7779G>A","12809G>A",34,55.4292589027911,-0.21226015500849,0,"Significant","truncating"
"7779G>A","11066C>T",79,38.5495668912416,0.311607588223265,0,"Significant","truncating"
"7779G>A","4969G>A",109,36.7247353224254,0.472467823455063,0,"Significant","truncating"
"7779G>A","14592C>T",30,43.111645813282,-0.157473347906068,0.01,"Significant","truncating"
"7779G>A","6145G>A",32,41.0587102983638,-0.108255325236027,0.08,"Not Significant","truncating"
"7779G>A","4262A>G",17,17.7921077959577,-0.0197784797650192,0.905,"Not Significant","truncating"
"7779G>A","14044C>T",52,50.8671799807507,0.00956568213369348,0.867,"Not Significant","truncating"
"7779G>A","9054C>A",84,26.2319538017324,0.505448647254205,0,"Significant","truncating"
"7779G>A","8412T>G",14,34.8999037536092,-0.39669619359043,0,"Significant","truncating"
"7779G>A","8094T>A",12,29.1973051010587,-0.386161522051038,0,"Significant","truncating"
"7779G>A","3842G>A",31,29.1973051010587,0.0260189257333914,0.713,"Not Significant","truncating"
"7779G>A","10296C>T",78,32.162656400385,0.38474269158138,0,"Significant","truncating"
"7779G>A","7122C>T",68,33.5312800769971,0.307058779504477,0,"Significant","truncating"
"7779G>A","14006G>A",85,32.618864292589,0.415950089795484,0,"Significant","truncating"
"7779G>A","13031G>A",56,41.2868142444658,0.132376653683813,0.004,"Significant","truncating"
"7779G>A","9952G>A",17,22.8103946102021,-0.127683877074002,0.18,"Not Significant","truncating"
"7779G>A","6901A>G",30,37.1809432146295,-0.0931991481369424,0.152,"Not Significant","truncating"
"7779G>A","15234G>A",19,33.5312800769971,-0.246696532247283,0.001,"Significant","truncating"
"7779G>A","14401A>T",12,31.7064485081809,-0.421966352657147,0,"Significant","truncating"
"7779G>A","15170G>A",22,23.4947064485082,-0.0285473423357668,0.825,"Not Significant","truncating"
"7779G>A","8168C>T",37,34.2155919153032,0.0339776665582918,0.602,"Not Significant","truncating"
"7779G>A","10677G>T",93,25.0914340712223,0.56895746494152,0,"Significant","truncating"
"7779G>A","11148T>A",14,26.0038498556304,-0.268909614109729,0.004,"Significant","truncating"
"7779G>A","5035G>A",57,23.9509143407122,0.376552758148576,0,"Significant","truncating"
"7779G>A","5920G>A",19,33.5312800769971,-0.246696532247283,0.001,"Significant","truncating"
"7779G>A","14343C>T",19,27.6005774783446,-0.162164567815835,0.06,"Not Significant","truncating"
"7779G>A","15882G>A",64,27.3724735322425,0.368865929482428,0,"Significant","truncating"
"7779G>A","15327C>G",8,13.4581328200192,-0.225894823100925,0.11,"Not Significant","truncating"
"7779G>A","9216C>T",31,33.5312800769971,-0.0340884393667242,0.579,"Not Significant","truncating"
"7779G>A","8391G>A",32,26.0038498556304,0.090112328530194,0.197,"Not Significant","truncating"
"7779G>A","4989C>T",46,31.7064485081809,0.161610232974127,0.003,"Significant","truncating"
"7779G>A","8235A>G",45,20.0731472569779,0.35059704317105,0,"Significant","truncating"
"7779G>A","6211G>A",33,29.8816169393648,0.0431098457690594,0.5,"Not Significant","truncating"
"7779G>A","10761T>C",14,22.5822906641001,-0.207639957371059,0.037,"Significant","truncating"
"7779G>A","15723G>A",25,22.3541867179981,0.0485811345264107,0.515,"Not Significant","truncating"
"7779G>A","13636C>T",51,27.8286814244466,0.263077546969553,0,"Significant","truncating"
"7779G>A","14354T>C",32,29.6535129932628,0.0330738275600354,0.651,"Not Significant","truncating"
"7779G>A","5260G>A",42,35.5842155919153,0.071991893590326,0.229,"Not Significant","truncating"
"7779G>A","13409A>G",28,23.0384985563041,0.0847038591063161,0.276,"Not Significant","truncating"
"7779G>A","15075C>A",7,17.1077959576516,-0.388096021826704,0.001,"Significant","truncating"
"7779G>A","3824G>A",15,16.1953801732435,-0.0332998881161067,0.78,"Not Significant","truncating"
"7779G>A","13156C>T",33,26.2319538017324,0.0996833010710099,0.111,"Not Significant","truncating"
"7779G>A","8366A>G",17,25.0914340712223,-0.169076562232054,0.062,"Not Significant","truncating"
"7779G>A","15561G>A",51,25.7757459095284,0.296358934160757,0,"Significant","truncating"
"7779G>A","15879A>G",20,22.5822906641001,-0.0527379973862469,0.59,"Not Significant","truncating"
"7779G>A","4485C>T",36,25.3195380173243,0.152846723527195,0.018,"Significant","truncating"
"7779G>A","5348C>A",28,26.4600577478345,0.024567243662284,0.755,"Not Significant","truncating"
"7779G>A","12817C>A",8,11.177093358999,-0.145238891487953,0.293,"Not Significant","truncating"
"7779G>A","3718C>T",17,21.213666987488,-0.0961668256280803,0.275,"Not Significant","truncating"
"7779G>A","3308T>C",12,20.3012512030799,-0.228341559048735,0.033,"Significant","truncating"
"7779G>A","14157C>T",14,21.669874879692,-0.189728368062438,0.057,"Not Significant","truncating"
"7779G>A","7339A>G",14,22.1260827718961,-0.198776497039794,0.039,"Significant","truncating"
"7779G>A","12006G>A",25,20.7574590952839,0.0807658178976625,0.291,"Not Significant","truncating"
"8114G>A","8719G>A",71,48.3118383060635,0.16720478564771,0,"Significant","truncating"
"8114G>A","4126C>A",69,37.9980750721848,0.25908749429632,0,"Significant","truncating"
"8114G>A","9537C>T",51,62.1539942252166,-0.0858988670039825,0.058,"Not Significant","truncating"
"8114G>A","6573G>A",85,69.4821944177093,0.0875453996401454,0.011,"Significant","truncating"
"8114G>A","14838G>A",62,40.4408084696824,0.185571860323423,0,"Significant","truncating"
"8114G>A","7902G>A",83,73.2820019249278,0.0540807674548335,0.138,"Not Significant","truncating"
"8114G>A","6460G>A",62,45.5976900866218,0.133448847009955,0.004,"Significant","truncating"
"8114G>A","7705T>A",53,55.9114533205005,-0.0232249115305054,0.652,"Not Significant","truncating"
"8114G>A","13396C>T",66,40.9836381135707,0.206933427486114,0,"Significant","truncating"
"8114G>A","3659G>A",61,41.2550529355149,0.16985268630347,0,"Significant","truncating"
"8114G>A","3307A>T",11,21.44177093359,-0.289867966892477,0.013,"Significant","truncating"
"8114G>A","11669C>T",60,58.6256015399423,0.0100639384705121,0.881,"Not Significant","truncating"
"8114G>A","14283C>T",111,82.5101058710298,0.128815834415585,0,"Significant","truncating"
"8114G>A","12809G>A",72,65.953801732435,0.0380926620707172,0.305,"Not Significant","truncating"
"8114G>A","11066C>T",62,45.8691049085659,0.13087142412215,0.004,"Significant","truncating"
"8114G>A","4969G>A",62,43.6977863330125,0.151932252703927,0.001,"Significant","truncating"
"8114G>A","14592C>T",62,51.2974013474495,0.08229632456268,0.047,"Significant","truncating"
"8114G>A","6145G>A",42,48.8546679499519,-0.0656567754674442,0.25,"Not Significant","truncating"
"8114G>A","4262A>G",25,21.1703561116458,0.0722118452190592,0.342,"Not Significant","truncating"
"8114G>A","14044C>T",73,60.5255052935515,0.081384436309989,0.047,"Significant","truncating"
"8114G>A","9054C>A",57,31.2127045235804,0.261543454556067,0,"Significant","truncating"
"8114G>A","8412T>G",38,41.5264677574591,-0.0385413949628753,0.512,"Not Significant","truncating"
"8114G>A","8094T>A",36,34.7410972088547,0.0154589703571914,0.835,"Not Significant","truncating"
"8114G>A","3842G>A",37,34.7410972088547,0.0273581936568666,0.649,"Not Significant","truncating"
"8114G>A","10296C>T",60,38.269489894129,0.195298576965669,0,"Significant","truncating"
"8114G>A","7122C>T",49,39.897978825794,0.0892451845179517,0.079,"Not Significant","truncating"
"8114G>A","14006G>A",53,38.8123195380173,0.135306271373244,0.004,"Significant","truncating"
"8114G>A","13031G>A",65,49.1260827718961,0.121601221011271,0.003,"Significant","truncating"
"8114G>A","9952G>A",30,27.1414821944177,0.0434876939573263,0.546,"Not Significant","truncating"
"8114G>A","6901A>G",52,44.2406159769009,0.0701821784685112,0.143,"Not Significant","truncating"
"8114G>A","15234G>A",41,39.897978825794,0.0118329612093464,0.853,"Not Significant","truncating"
"8114G>A","14401A>T",33,37.7266602502406,-0.0581344211382265,0.371,"Not Significant","truncating"
"8114G>A","15170G>A",24,27.9557266602502,-0.0662595437554939,0.426,"Not Significant","truncating"
"8114G>A","8168C>T",58,40.7122232916266,0.153703173744754,0.001,"Significant","truncating"
"8114G>A","10677G>T",49,29.8556304138595,0.215169834107537,0,"Significant","truncating"
"8114G>A","11148T>A",35,30.9412897016362,0.0535296322514567,0.352,"Not Significant","truncating"
"8114G>A","5035G>A",42,28.4985563041386,0.168426430565289,0.002,"Significant","truncating"
"8114G>A","5920G>A",41,39.897978825794,0.0118329612093464,0.828,"Not Significant","truncating"
"8114G>A","14343C>T",45,32.8411934552454,0.136793582696353,0.015,"Significant","truncating"
"8114G>A","15882G>A",49,32.5697786333012,0.177381273218258,0.002,"Significant","truncating"
"8114G>A","15327C>G",7,16.0134744947065,-0.359387532386579,0.004,"Significant","truncating"
"8114G>A","9216C>T",40,39.897978825794,0.00110909581759984,1,"Not Significant","truncating"
"8114G>A","8391G>A",46,30.9412897016362,0.172219419582458,0.001,"Significant","truncating"
"8114G>A","4989C>T",50,37.7266602502406,0.122321643319457,0.011,"Significant","truncating"
"8114G>A","8235A>G",35,23.8845043310876,0.165951811437346,0.011,"Significant","truncating"
"8114G>A","6211G>A",41,35.5553416746872,0.0618790003016253,0.289,"Not Significant","truncating"
"8114G>A","10761T>C",21,26.8700673724735,-0.107049460625363,0.164,"Not Significant","truncating"
"8114G>A","15723G>A",28,26.5986525505294,0.022298394887459,0.822,"Not Significant","truncating"
"8114G>A","13636C>T",47,33.1126082771896,0.152104466498398,0.002,"Significant","truncating"
"8114G>A","14354T>C",43,35.283926852743,0.0858915425103451,0.138,"Not Significant","truncating"
"8114G>A","5260G>A",50,42.3407122232916,0.0722118452192163,0.146,"Not Significant","truncating"
"8114G>A","13409A>G",34,27.4128970163619,0.093523982497122,0.11,"Not Significant","truncating"
"8114G>A","15075C>A",18,20.3561116458133,-0.0534223190502983,0.575,"Not Significant","truncating"
"8114G>A","3824G>A",24,19.2704523580366,0.0953193322299029,0.204,"Not Significant","truncating"
"8114G>A","13156C>T",36,31.2127045235804,0.0619710996513069,0.325,"Not Significant","truncating"
"8114G>A","8366A>G",30,29.8556304138595,0.00209500879924673,1,"Not Significant","truncating"
"8114G>A","15561G>A",35,30.669874879692,0.0573560401044971,0.366,"Not Significant","truncating"
"8114G>A","15879A>G",34,26.8700673724735,0.102210161682183,0.094,"Not Significant","truncating"
"8114G>A","4485C>T",35,30.1270452358037,0.0651115048012339,0.311,"Not Significant","truncating"
"8114G>A","5348C>A",33,31.4841193455245,0.020422389888722,0.722,"Not Significant","truncating"
"8114G>A","12817C>A",12,13.2993262752647,-0.0446483947427189,0.733,"Not Significant","truncating"
"8114G>A","3718C>T",25,25.2415784408085,-0.00417650064406461,1,"Not Significant","truncating"
"8114G>A","3308T>C",29,24.1559191530318,0.0793744304915593,0.27,"Not Significant","truncating"
"8114G>A","14157C>T",24,25.7844080846968,-0.0311459243393002,0.72,"Not Significant","truncating"
"8114G>A","7339A>G",22,26.3272377285852,-0.0779826142058979,0.323,"Not Significant","truncating"
"8114G>A","12006G>A",23,24.6987487969201,-0.0309471170655545,0.699,"Not Significant","truncating"
"8719G>A","4126C>A",74,23.9846005774783,0.489299229299798,0,"Significant","truncating"
"8719G>A","9537C>T",34,39.2319538017324,-0.0621610200491791,0.317,"Not Significant","truncating"
"8719G>A","6573G>A",66,43.8575553416747,0.17749951547797,0,"Significant","truncating"
"8719G>A","14838G>A",59,25.5264677574591,0.363861288477188,0,"Significant","truncating"
"8719G>A","7902G>A",66,46.2560153994225,0.154375716630884,0,"Significant","truncating"
"8719G>A","6460G>A",60,28.781520692974,0.319037513905279,0,"Significant","truncating"
"8719G>A","7705T>A",9,35.2916265640039,-0.59342916567795,0,"Significant","truncating"
"8719G>A","13396C>T",77,25.8691049085659,0.473709323126481,0,"Significant","truncating"
"8719G>A","3659G>A",94,26.0404234841193,0.557479810902004,0,"Significant","truncating"
"8719G>A","3307A>T",5,13.5341674687199,-0.432461541700662,0.005,"Significant","truncating"
"8719G>A","11669C>T",36,37.004812319538,-0.0119557051353274,0.85,"Not Significant","truncating"
"8719G>A","14283C>T",75,52.0808469682387,0.158383225030975,0,"Significant","truncating"
"8719G>A","12809G>A",28,41.6304138594803,-0.172252697007302,0.013,"Significant","truncating"
"8719G>A","11066C>T",68,28.9528392685274,0.370817753339985,0,"Significant","truncating"
"8719G>A","4969G>A",83,27.5822906641001,0.478447761591456,0,"Significant","truncating"
"8719G>A","14592C>T",29,32.3792107795958,-0.0478682610258484,0.556,"Not Significant","truncating"
"8719G>A","6145G>A",25,30.837343599615,-0.0911369511826562,0.235,"Not Significant","truncating"
"8719G>A","4262A>G",12,13.3628488931665,-0.0467178113942031,0.756,"Not Significant","truncating"
"8719G>A","14044C>T",36,38.2040423484119,-0.0258068170325204,0.695,"Not Significant","truncating"
"8719G>A","9054C>A",59,19.7016361886429,0.476349716535348,0,"Significant","truncating"
"8719G>A","8412T>G",15,26.2117420596728,-0.242404626512396,0.009,"Significant","truncating"
"8719G>A","8094T>A",9,21.9287776708373,-0.386771914957415,0.001,"Significant","truncating"
"8719G>A","3842G>A",26,21.9287776708373,0.0739589235709229,0.333,"Not Significant","truncating"
"8719G>A","10296C>T",66,24.1559191530318,0.436520368133632,0,"Significant","truncating"
"8719G>A","7122C>T",54,25.1838306063523,0.331271970322156,0,"Significant","truncating"
"8719G>A","14006G>A",68,24.4985563041386,0.443368420488324,0,"Significant","truncating"
"8719G>A","13031G>A",43,31.0086621751684,0.141985425958295,0.012,"Significant","truncating"
"8719G>A","9952G>A",15,17.1318575553417,-0.057713195695675,0.548,"Not Significant","truncating"
"8719G>A","6901A>G",20,27.9249278152069,-0.144962063491077,0.088,"Not Significant","truncating"
"8719G>A","15234G>A",13,25.1838306063523,-0.28717843719144,0.004,"Significant","truncating"
"8719G>A","14401A>T",13,23.8132820019249,-0.262875902697458,0.012,"Significant","truncating"
"8719G>A","15170G>A",15,17.6458132820019,-0.0705504204007735,0.51,"Not Significant","truncating"
"8719G>A","8168C>T",28,25.6977863330125,0.0372623175346824,0.637,"Not Significant","truncating"
"8719G>A","10677G>T",64,18.8450433108758,0.53098283407232,0,"Significant","truncating"
"8719G>A","11148T>A",10,19.5303176130895,-0.29070930608607,0.021,"Significant","truncating"
"8719G>A","5035G>A",33,17.9884504331088,0.263520186055135,0,"Significant","truncating"
"8719G>A","5920G>A",18,25.1838306063523,-0.145849284395898,0.081,"Not Significant","truncating"
"8719G>A","14343C>T",17,20.7295476419634,-0.0861409036894331,0.354,"Not Significant","truncating"
"8719G>A","15882G>A",53,20.55822906641,0.411290168800155,0,"Significant","truncating"
"8719G>A","15327C>G",9,10.1077959576516,-0.0504139569540071,0.701,"Not Significant","truncating"
"8719G>A","9216C>T",19,25.1838306063523,-0.122368188546502,0.17,"Not Significant","truncating"
"8719G>A","8391G>A",19,19.5303176130895,-0.0119557051352982,0.903,"Not Significant","truncating"
"8719G>A","4989C>T",40,23.8132820019249,0.225240736321413,0,"Significant","truncating"
"8719G>A","8235A>G",28,15.0760346487007,0.268870904439004,0.001,"Significant","truncating"
"8719G>A","6211G>A",26,22.4427333974976,0.0638975975630723,0.38,"Not Significant","truncating"
"8719G>A","10761T>C",8,16.9605389797883,-0.326349662354455,0.014,"Significant","truncating"
"8719G>A","15723G>A",22,16.7892204042348,0.117392150377382,0.148,"Not Significant","truncating"
"8719G>A","13636C>T",37,20.9008662175168,0.248037438639626,0,"Significant","truncating"
"8719G>A","14354T>C",27,22.2714148219442,0.0836159571000924,0.256,"Not Significant","truncating"
"8719G>A","5260G>A",36,26.725697786333,0.12937344766069,0.033,"Significant","truncating"
"8719G>A","13409A>G",16,17.3031761308951,-0.03400584587823,0.794,"Not Significant","truncating"
"8719G>A","15075C>A",6,12.8488931665063,-0.330714467755915,0.04,"Significant","truncating"
"8719G>A","3824G>A",13,12.1636188642926,0.0288805488358152,0.872,"Not Significant","truncating"
"8719G>A","13156C>T",26,19.7016361886429,0.120471052864956,0.108,"Not Significant","truncating"
"8719G>A","8366A>G",18,18.8450433108758,-0.0199246348065274,0.885,"Not Significant","truncating"
"8719G>A","15561G>A",40,19.3589990375361,0.315177093091669,0,"Significant","truncating"
"8719G>A","15879A>G",16,16.9605389797883,-0.025319666693188,0.882,"Not Significant","truncating"
"8719G>A","4485C>T",27,19.0163618864293,0.152236330619938,0.047,"Significant","truncating"
"8719G>A","5348C>A",22,19.8729547641963,0.0441602368433599,0.603,"Not Significant","truncating"
"8719G>A","12817C>A",5,8.39461020211742,-0.225030530440699,0.266,"Not Significant","truncating"
"8719G>A","3718C>T",12,15.9326275264678,-0.123106157257134,0.331,"Not Significant","truncating"
"8719G>A","3308T>C",12,15.2473532242541,-0.104013215348234,0.38,"Not Significant","truncating"
"8719G>A","14157C>T",7,16.2752646775746,-0.366430020022772,0.005,"Significant","truncating"
"8719G>A","7339A>G",18,16.6179018286814,0.034696316085144,0.764,"Not Significant","truncating"
"8719G>A","12006G>A",22,15.5899903753609,0.149576833748584,0.081,"Not Significant","truncating"
"4126C>A","9537C>T",25,30.8565928777671,-0.0914079617885813,0.232,"Not Significant","truncating"
"4126C>A","6573G>A",63,34.4947064485082,0.261588096020102,0,"Significant","truncating"
"4126C>A","14838G>A",55,20.0769971126083,0.437663932959536,0,"Significant","truncating"
"4126C>A","7902G>A",56,36.381135707411,0.187311774725734,0,"Significant","truncating"
"4126C>A","6460G>A",52,22.6371511068335,0.361181573786792,0,"Significant","truncating"
"4126C>A","7705T>A",4,27.7574590952839,-0.841319717152959,0,"Significant","truncating"
"4126C>A","13396C>T",72,20.3464870067372,0.548843061015507,0,"Significant","truncating"
"4126C>A","3659G>A",55,20.4812319538017,0.42900661342708,0,"Significant","truncating"
"4126C>A","3307A>T",3,10.6448508180943,-0.550018324681443,0.013,"Significant","truncating"
"4126C>A","11669C>T",20,29.1049085659288,-0.162936243607331,0.057,"Not Significant","truncating"
"4126C>A","14283C>T",72,40.9624639076035,0.244946424700997,0,"Significant","truncating"
"4126C>A","12809G>A",18,32.7430221366699,-0.25984625661498,0.005,"Significant","truncating"
"4126C>A","11066C>T",53,22.771896053898,0.366876676864967,0,"Significant","truncating"
"4126C>A","4969G>A",70,21.6939364773821,0.508759675859965,0,"Significant","truncating"
"4126C>A","14592C>T",21,25.4667949951877,-0.0837549975600228,0.335,"Not Significant","truncating"
"4126C>A","6145G>A",22,24.2540904716073,-0.042362312401977,0.626,"Not Significant","truncating"
"4126C>A","4262A>G",11,10.5101058710298,0.0197855943465,1,"Not Significant","truncating"
"4126C>A","14044C>T",31,30.0481231953802,0.013544342665007,0.931,"Not Significant","truncating"
"4126C>A","9054C>A",55,15.4956689124158,0.550152361017558,0,"Significant","truncating"
"4126C>A","8412T>G",8,20.6159769008662,-0.411113931943394,0,"Significant","truncating"
"4126C>A","8094T>A",4,17.2473532242541,-0.634662466432627,0.001,"Significant","truncating"
"4126C>A","3842G>A",25,17.2473532242541,0.161217550902328,0.034,"Significant","truncating"
"4126C>A","10296C>T",58,18.9990375360924,0.48469639278496,0,"Significant","truncating"
"4126C>A","7122C>T",42,19.8075072184793,0.326419467527505,0,"Significant","truncating"
"4126C>A","14006G>A",55,19.2685274302214,0.455514163906657,0,"Significant","truncating"
"4126C>A","13031G>A",37,24.3888354186718,0.181010661076143,0.002,"Significant","truncating"
"4126C>A","9952G>A",11,13.4744947064485,-0.0881198029621106,0.545,"Not Significant","truncating"
"4126C>A","6901A>G",13,21.9634263715111,-0.227756740216818,0.037,"Significant","truncating"
"4126C>A","15234G>A",9,19.8075072184793,-0.342587313427279,0.009,"Significant","truncating"
"4126C>A","14401A>T",7,18.7295476419634,-0.427429248357014,0,"Significant","truncating"
"4126C>A","15170G>A",10,13.878729547642,-0.142349712825019,0.298,"Not Significant","truncating"
"4126C>A","8168C>T",22,20.2117420596728,0.0368189336452897,0.707,"Not Significant","truncating"
"4126C>A","10677G>T",57,14.8219441770934,0.584969682391038,0,"Significant","truncating"
"4126C>A","11148T>A",8,15.3609239653513,-0.283327352462988,0.044,"Significant","truncating"
"4126C>A","5035G>A",36,14.1482194417709,0.405600713574425,0,"Significant","truncating"
"4126C>A","5920G>A",10,19.8075072184793,-0.296829822867086,0.016,"Significant","truncating"
"4126C>A","14343C>T",10,16.3041385948027,-0.212297858435831,0.088,"Not Significant","truncating"
"4126C>A","15882G>A",46,16.1693936477382,0.454064097511147,0,"Significant","truncating"
"4126C>A","15327C>G",7,7.94995187680462,-0.0552664597482067,0.838,"Not Significant","truncating"
"4126C>A","9216C>T",20,19.8075072184793,0.00420017279472323,1,"Not Significant","truncating"
"4126C>A","8391G>A",19,15.3609239653513,0.0923362614947542,0.33,"Not Significant","truncating"
"4126C>A","4989C>T",35,18.7295476419634,0.271540755974042,0,"Significant","truncating"
"4126C>A","8235A>G",32,11.8575553416747,0.431154818046371,0,"Significant","truncating"
"4126C>A","6211G>A",20,17.6515880654475,0.0542462118868675,0.603,"Not Significant","truncating"
"4126C>A","10761T>C",11,13.339749759384,-0.083754997559693,0.502,"Not Significant","truncating"
"4126C>A","15723G>A",15,13.2050048123195,0.0553526952417321,0.649,"Not Significant","truncating"
"4126C>A","13636C>T",29,16.4388835418672,0.246525679102003,0,"Significant","truncating"
"4126C>A","14354T>C",18,17.5168431183831,0.0118166646753421,1,"Not Significant","truncating"
"4126C>A","5260G>A",28,21.0202117420597,0.124520944866182,0.091,"Not Significant","truncating"
"4126C>A","13409A>G",14,13.609239653513,0.0122941737744458,1,"Not Significant","truncating"
"4126C>A","15075C>A",7,10.1058710298364,-0.159475711496597,0.288,"Not Significant","truncating"
"4126C>A","3824G>A",12,9.56689124157844,0.0984104092065685,0.473,"Not Significant","truncating"
"4126C>A","13156C>T",25,15.4956689124158,0.2077296801963,0.008,"Significant","truncating"
"4126C>A","8366A>G",7,14.8219441770934,-0.325807133261755,0.022,"Significant","truncating"
"4126C>A","15561G>A",29,15.2261790182868,0.279807066293121,0.001,"Significant","truncating"
"4126C>A","15879A>G",7,13.339749759384,-0.280049642701405,0.05,"Not Significant","truncating"
"4126C>A","4485C>T",20,14.9566891241578,0.126194528755531,0.131,"Not Significant","truncating"
"4126C>A","5348C>A",16,15.6304138594803,0.0101495053078814,1,"Not Significant","truncating"
"4126C>A","12817C>A",4,6.60250240615977,-0.217648576817332,0.304,"Not Significant","truncating"
"4126C>A","3718C>T",14,12.5312800769971,0.0481325990028787,0.738,"Not Significant","truncating"
"4126C>A","3308T>C",5,11.9923002887392,-0.37993249042489,0.035,"Significant","truncating"
"4126C>A","14157C>T",3,12.8007699711261,-0.630114838679162,0.002,"Significant","truncating"
"4126C>A","7339A>G",9,13.0702598652551,-0.162041712946478,0.214,"Not Significant","truncating"
"4126C>A","12006G>A",12,12.2617901828681,-0.00937263439445216,1,"Not Significant","truncating"
"9537C>T","6573G>A",53,56.4234841193455,-0.0271840304937214,0.599,"Not Significant","truncating"
"9537C>T","14838G>A",29,32.8402309913378,-0.0540082052958535,0.444,"Not Significant","truncating"
"9537C>T","7902G>A",57,59.5091434071222,-0.0187088432691743,0.675,"Not Significant","truncating"
"9537C>T","6460G>A",28,37.0279114533205,-0.121371185165976,0.066,"Not Significant","truncating"
"9537C>T","7705T>A",59,45.4032723772859,0.11376485649006,0.011,"Significant","truncating"
"9537C>T","13396C>T",25,33.2810394610202,-0.12425687340341,0.077,"Not Significant","truncating"
"9537C>T","3659G>A",28,33.5014436958614,-0.0779054913850091,0.239,"Not Significant","truncating"
"9537C>T","3307A>T",11,17.4119345524543,-0.199454340913473,0.078,"Not Significant","truncating"
"9537C>T","11669C>T",61,47.6073147256978,0.107656149076925,0.014,"Significant","truncating"
"9537C>T","14283C>T",68,67.0028873917228,0.0064153943147626,0.936,"Not Significant","truncating"
"9537C>T","12809G>A",68,53.55822906641,0.103682704325041,0.011,"Significant","truncating"
"9537C>T","11066C>T",38,37.2483156881617,0.00867695722040306,0.926,"Not Significant","truncating"
"9537C>T","4969G>A",28,35.4850818094321,-0.102887779472014,0.147,"Not Significant","truncating"
"9537C>T","14592C>T",58,41.6564003849856,0.143746254606689,0.001,"Significant","truncating"
"9537C>T","6145G>A",90,39.6727622714148,0.355750069552696,0,"Significant","truncating"
"9537C>T","4262A>G",23,17.1915303176131,0.126413298543764,0.108,"Not Significant","truncating"
"9537C>T","14044C>T",64,49.1501443695861,0.114655176152811,0.012,"Significant","truncating"
"9537C>T","9054C>A",23,25.3464870067372,-0.0421899391185545,0.656,"Not Significant","truncating"
"9537C>T","8412T>G",54,33.7218479307026,0.204482394222176,0,"Significant","truncating"
"9537C>T","8094T>A",48,28.2117420596728,0.230811332944374,0,"Significant","truncating"
"9537C>T","3842G>A",33,28.2117420596728,0.0680840354470852,0.293,"Not Significant","truncating"
"9537C>T","10296C>T",30,31.0769971126083,-0.0153177927183779,0.823,"Not Significant","truncating"
"9537C>T","7122C>T",25,32.3994225216554,-0.112597260858452,0.123,"Not Significant","truncating"
"9537C>T","14006G>A",24,31.5178055822907,-0.118344730535735,0.114,"Not Significant","truncating"
"9537C>T","13031G>A",37,39.893166506256,-0.032696785584815,0.668,"Not Significant","truncating"
"9537C>T","9952G>A",27,22.0404234841193,0.0881438293759148,0.241,"Not Significant","truncating"
"9537C>T","6901A>G",29,35.9258902791145,-0.0930095412874237,0.164,"Not Significant","truncating"
"9537C>T","15234G>A",35,32.3994225216554,0.0335307748192893,0.608,"Not Significant","truncating"
"9537C>T","14401A>T",82,30.6361886429259,0.427579117346023,0,"Significant","truncating"
"9537C>T","15170G>A",22,22.7016361886429,-0.0136344786656156,0.899,"Not Significant","truncating"
"9537C>T","8168C>T",31,33.060635226179,-0.0279495000040319,0.664,"Not Significant","truncating"
"9537C>T","10677G>T",18,24.2444658325313,-0.129340114837008,0.14,"Not Significant","truncating"
"9537C>T","11148T>A",32,25.1260827718961,0.105025192200352,0.119,"Not Significant","truncating"
"9537C>T","5035G>A",25,23.1424446583253,0.0335307748192495,0.685,"Not Significant","truncating"
"9537C>T","5920G>A",43,32.3994225216554,0.122931186048369,0.027,"Significant","truncating"
"9537C>T","14343C>T",36,26.6689124157844,0.130297195667705,0.043,"Significant","truncating"
"9537C>T","15882G>A",22,26.4485081809432,-0.0799785000077971,0.357,"Not Significant","truncating"
"9537C>T","15327C>G",11,13.0038498556304,-0.0726792612660213,0.52,"Not Significant","truncating"
"9537C>T","9216C>T",34,32.3994225216554,0.0209416475113054,0.776,"Not Significant","truncating"
"9537C>T","8391G>A",25,25.1260827718961,-0.00218477744713685,1,"Not Significant","truncating"
"9537C>T","4989C>T",31,30.6361886429259,0.00512695879745036,1,"Not Significant","truncating"
"9537C>T","8235A>G",19,19.395572666025,-0.00894900598000365,1,"Not Significant","truncating"
"9537C>T","6211G>A",41,28.8729547641963,0.152292626280816,0.009,"Significant","truncating"
"9537C>T","10761T>C",30,21.8200192492782,0.138266125338859,0.03,"Significant","truncating"
"9537C>T","15723G>A",22,21.599615014437,0.00797667034696417,1,"Not Significant","truncating"
"9537C>T","13636C>T",27,26.8893166506256,0.00178399870152183,1,"Not Significant","truncating"
"9537C>T","14354T>C",42,28.6525505293551,0.166086003307871,0.004,"Significant","truncating"
"9537C>T","5260G>A",39,34.3830606352262,0.0547200738891775,0.323,"Not Significant","truncating"
"9537C>T","13409A>G",29,22.2608277189605,0.11485668933315,0.089,"Not Significant","truncating"
"9537C>T","15075C>A",19,16.5303176130895,0.0604724027780768,0.559,"Not Significant","truncating"
"9537C>T","3824G>A",23,15.6487006737247,0.16724955251492,0.028,"Significant","truncating"
"9537C>T","13156C>T",29,25.3464870067372,0.058480222762418,0.402,"Not Significant","truncating"
"9537C>T","8366A>G",64,24.2444658325313,0.421567354041839,0,"Significant","truncating"
"9537C>T","15561G>A",15,24.9056785370549,-0.220207119209298,0.019,"Significant","truncating"
"9537C>T","15879A>G",26,21.8200192492782,0.0761182185902375,0.301,"Not Significant","truncating"
"9537C>T","4485C>T",26,24.4648700673725,0.0264304344013452,0.711,"Not Significant","truncating"
"9537C>T","5348C>A",26,25.5668912415784,0.00729542396116061,1,"Not Significant","truncating"
"9537C>T","12817C>A",9,10.7998075072185,-0.0791735053710952,0.6,"Not Significant","truncating"
"9537C>T","3718C>T",21,20.497593840231,0.0105164113972229,0.893,"Not Significant","truncating"
"9537C>T","3308T>C",29,19.6159769008662,0.169788056470616,0.02,"Significant","truncating"
"9537C>T","14157C>T",36,20.9384023099134,0.235358960694861,0,"Significant","truncating"
"9537C>T","7339A>G",27,21.3792107795958,0.101372095109609,0.169,"Not Significant","truncating"
"9537C>T","12006G>A",25,20.0567853705486,0.0956786815678053,0.237,"Not Significant","truncating"
"6573G>A","14838G>A",61,36.7122232916266,0.22051914884335,0,"Significant","truncating"
"6573G>A","7902G>A",78,66.5255052935515,0.0691064207767248,0.065,"Not Significant","truncating"
"6573G>A","6460G>A",52,41.3936477382098,0.0990696441540502,0.025,"Significant","truncating"
"6573G>A","7705T>A",45,50.7564966313763,-0.0522791243483724,0.338,"Not Significant","truncating"
"6573G>A","13396C>T",61,37.2050048123195,0.21472846996247,0,"Significant","truncating"
"6573G>A","3659G>A",52,37.451395572666,0.14253533793503,0.006,"Significant","truncating"
"6573G>A","3307A>T",32,19.4648700673725,0.215898469273918,0,"Significant","truncating"
"6573G>A","11669C>T",50,53.2204042348412,-0.0271081645695317,0.589,"Not Significant","truncating"
"6573G>A","14283C>T",81,74.9027911453321,0.0339870175151802,0.335,"Not Significant","truncating"
"6573G>A","12809G>A",57,59.8729547641964,-0.0213558356804564,0.689,"Not Significant","truncating"
"6573G>A","11066C>T",64,41.6400384985563,0.186668851615177,0,"Significant","truncating"
"6573G>A","4969G>A",60,39.6689124157844,0.179700956596751,0,"Significant","truncating"
"6573G>A","14592C>T",42,46.567853705486,-0.0448369315299144,0.405,"Not Significant","truncating"
"6573G>A","6145G>A",49,44.3503368623677,0.0432991571704424,0.383,"Not Significant","truncating"
"6573G>A","4262A>G",24,19.218479307026,0.0964922212660032,0.23,"Not Significant","truncating"
"6573G>A","14044C>T",53,54.9451395572666,-0.0156534112020147,0.791,"Not Significant","truncating"
"6573G>A","9054C>A",44,28.334937439846,0.191130418377358,0,"Significant","truncating"
"6573G>A","8412T>G",38,37.6977863330125,0.00346774804453007,1,"Not Significant","truncating"
"6573G>A","8094T>A",31,31.5380173243503,-0.00747269356824395,0.908,"Not Significant","truncating"
"6573G>A","3842G>A",40,31.5380173243503,0.103225603925131,0.089,"Not Significant","truncating"
"6573G>A","10296C>T",49,34.7410972088547,0.149352549618098,0.005,"Significant","truncating"
"6573G>A","7122C>T",48,36.2194417709336,0.122299484872445,0.016,"Significant","truncating"
"6573G>A","14006G>A",39,35.2338787295476,0.0441041518066463,0.45,"Not Significant","truncating"
"6573G>A","13031G>A",51,44.5967276227141,0.0582671834739574,0.249,"Not Significant","truncating"
"6573G>A","9952G>A",27,24.6390760346487,0.039739346404161,0.641,"Not Significant","truncating"
"6573G>A","6901A>G",36,40.1616939364774,-0.0475095213912178,0.405,"Not Significant","truncating"
"6573G>A","15234G>A",24,36.2194417709336,-0.178730510790632,0.01,"Significant","truncating"
"6573G>A","14401A>T",26,34.2483156881617,-0.119665870037547,0.086,"Not Significant","truncating"
"6573G>A","15170G>A",40,25.3782483156882,0.197598348867493,0,"Significant","truncating"
"6573G>A","8168C>T",42,36.958614051973,0.0555336135874061,0.307,"Not Significant","truncating"
"6573G>A","10677G>T",47,27.1029836381136,0.239080755022142,0,"Significant","truncating"
"6573G>A","11148T>A",22,28.0885466794995,-0.106106588268511,0.16,"Not Significant","truncating"
"6573G>A","5035G>A",30,25.8710298363811,0.0643075378948212,0.338,"Not Significant","truncating"
"6573G>A","5920G>A",39,36.2194417709336,0.0321228545235655,0.632,"Not Significant","truncating"
"6573G>A","14343C>T",30,29.8132820019249,0.00271146664853117,1,"Not Significant","truncating"
"6573G>A","15882G>A",29,29.5668912415784,-0.00840766590331223,0.912,"Not Significant","truncating"
"6573G>A","15327C>G",23,14.5370548604427,0.199251406619677,0.012,"Significant","truncating"
"6573G>A","9216C>T",36,36.2194417709336,-0.00263925173555369,1,"Not Significant","truncating"
"6573G>A","8391G>A",24,28.0885466794995,-0.0683180273792753,0.374,"Not Significant","truncating"
"6573G>A","4989C>T",46,34.2483156881617,0.128118613672483,0.009,"Significant","truncating"
"6573G>A","8235A>G",34,21.6823869104909,0.195371827136689,0.001,"Significant","truncating"
"6573G>A","6211G>A",38,32.2771896053898,0.0708878832061711,0.224,"Not Significant","truncating"
"6573G>A","10761T>C",22,24.3926852743022,-0.0448369315298223,0.622,"Not Significant","truncating"
"6573G>A","15723G>A",36,24.1462945139557,0.173452007319528,0.001,"Significant","truncating"
"6573G>A","13636C>T",40,30.0596727622714,0.124075742898183,0.032,"Significant","truncating"
"6573G>A","14354T>C",42,32.0307988450433,0.11768152033607,0.038,"Significant","truncating"
"6573G>A","5260G>A",46,38.436958614052,0.0780088155722544,0.141,"Not Significant","truncating"
"6573G>A","13409A>G",25,24.8854667949952,0.00199421713471486,1,"Not Significant","truncating"
"6573G>A","15075C>A",24,18.4793070259865,0.113525560564693,0.122,"Not Significant","truncating"
"6573G>A","3824G>A",30,17.4937439846006,0.23423848824488,0.002,"Significant","truncating"
"6573G>A","13156C>T",35,28.334937439846,0.0917457862417,0.131,"Not Significant","truncating"
"6573G>A","8366A>G",20,27.1029836381136,-0.131987107248347,0.09,"Not Significant","truncating"
"6573G>A","15561G>A",33,27.842155919153,0.0738110786395517,0.261,"Not Significant","truncating"
"6573G>A","15879A>G",20,24.3926852743022,-0.0862296166878499,0.334,"Not Significant","truncating"
"6573G>A","4485C>T",34,27.3493743984601,0.0945315205006149,0.145,"Not Significant","truncating"
"6573G>A","5348C>A",31,28.5813282001925,0.0352792868525635,0.65,"Not Significant","truncating"
"6573G>A","12817C>A",24,12.0731472569779,0.298390743926633,0.002,"Significant","truncating"
"6573G>A","3718C>T",18,22.9143407122233,-0.104834861204784,0.261,"Not Significant","truncating"
"6573G>A","3308T>C",21,21.9287776708373,-0.0187951296655781,0.899,"Not Significant","truncating"
"6573G>A","14157C>T",28,23.4071222329163,0.077810008298395,0.265,"Not Significant","truncating"
"6573G>A","7339A>G",26,23.8999037536092,0.0365771959497541,0.59,"Not Significant","truncating"
"6573G>A","12006G>A",20,22.4215591915303,-0.04963581441155,0.632,"Not Significant","truncating"
"14838G>A","7902G>A",58,38.7199230028874,0.17549350854848,0,"Significant","truncating"
"14838G>A","6460G>A",57,24.0923965351299,0.373994853090491,0,"Significant","truncating"
"14838G>A","7705T>A",12,29.5418671799808,-0.391256695174476,0,"Significant","truncating"
"14838G>A","13396C>T",58,21.6544754571704,0.427880325413415,0,"Significant","truncating"
"14838G>A","3659G>A",51,21.7978825794033,0.369155867296926,0,"Significant","truncating"
"14838G>A","3307A>T",11,11.3291626564004,-0.0128051269871983,1,"Not Significant","truncating"
"14838G>A","11669C>T",31,30.9759384023099,0.000337221828244043,1,"Not Significant","truncating"
"14838G>A","14283C>T",61,43.5957651588065,0.145885530546632,0,"Significant","truncating"
"14838G>A","12809G>A",23,34.8479307025987,-0.180449158435174,0.013,"Significant","truncating"
"14838G>A","11066C>T",51,24.2358036573628,0.323112750628226,0,"Significant","truncating"
"14838G>A","4969G>A",64,23.0885466794995,0.442783377095739,0,"Significant","truncating"
"14838G>A","14592C>T",22,27.1039461020212,-0.0906098442057628,0.254,"Not Significant","truncating"
"14838G>A","6145G>A",23,25.8132820019249,-0.050115389940604,0.563,"Not Significant","truncating"
"14838G>A","4262A>G",22,11.1857555341675,0.293757357274721,0,"Significant","truncating"
"14838G>A","14044C>T",25,31.9797882579403,-0.106935575230841,0.153,"Not Significant","truncating"
"14838G>A","9054C>A",44,16.4918190567854,0.426184115275833,0,"Significant","truncating"
"14838G>A","8412T>G",13,21.9412897016362,-0.227318799364497,0.041,"Significant","truncating"
"14838G>A","8094T>A",7,18.3561116458133,-0.41868265048487,0.004,"Significant","truncating"
"14838G>A","3842G>A",30,18.3561116458133,0.213340564215779,0.004,"Significant","truncating"
"14838G>A","10296C>T",52,20.2204042348412,0.41021351012301,0,"Significant","truncating"
"14838G>A","7122C>T",42,21.0808469682387,0.299361234793602,0,"Significant","truncating"
"14838G>A","14006G>A",38,20.507218479307,0.267876838295677,0,"Significant","truncating"
"14838G>A","13031G>A",38,25.9566891241578,0.165534300891999,0.006,"Significant","truncating"
"14838G>A","9952G>A",16,14.3407122232916,0.047549261800514,0.639,"Not Significant","truncating"
"14838G>A","6901A>G",17,23.3753609239654,-0.138309403880084,0.129,"Not Significant","truncating"
"14838G>A","15234G>A",9,21.0808469682387,-0.369645546161183,0.001,"Significant","truncating"
"14838G>A","14401A>T",9,19.9335899903754,-0.34534301166722,0.007,"Significant","truncating"
"14838G>A","15170G>A",19,14.7709335899904,0.109345655391906,0.239,"Not Significant","truncating"
"14838G>A","8168C>T",25,21.5110683349374,0.065278028760978,0.456,"Not Significant","truncating"
"14838G>A","10677G>T",41,15.7747834456208,0.41482045070472,0,"Significant","truncating"
"14838G>A","11148T>A",6,16.3484119345525,-0.435324321803344,0.004,"Significant","truncating"
"14838G>A","5035G>A",34,15.0577478344562,0.353718897115613,0,"Significant","truncating"
"14838G>A","5920G>A",12,21.0808469682387,-0.244706809554089,0.024,"Significant","truncating"
"14838G>A","14343C>T",15,17.3522617901829,-0.063264832115473,0.589,"Not Significant","truncating"
"14838G>A","15882G>A",34,17.20885466795,0.295726950138287,0,"Significant","truncating"
"14838G>A","15327C>G",13,8.46102021174206,0.186520619807804,0.091,"Not Significant","truncating"
"14838G>A","9216C>T",20,21.0808469682387,-0.0228580599391803,0.772,"Not Significant","truncating"
"14838G>A","8391G>A",18,16.3484119345525,0.0417969329114931,0.676,"Not Significant","truncating"
"14838G>A","4989C>T",26,19.9335899903754,0.115387826861118,0.117,"Not Significant","truncating"
"14838G>A","8235A>G",26,12.6198267564966,0.313919954963782,0,"Significant","truncating"
"14838G>A","6211G>A",20,18.786333012512,0.0271879791529799,0.776,"Not Significant","truncating"
"14838G>A","10761T>C",14,14.1973051010587,-0.00607787977436538,1,"Not Significant","truncating"
"14838G>A","15723G>A",28,14.0538979788258,0.299361234793089,0,"Significant","truncating"
"14838G>A","13636C>T",35,17.4956689124158,0.301137492819189,0,"Significant","truncating"
"14838G>A","14354T>C",24,18.6429258902791,0.109697168549153,0.187,"Not Significant","truncating"
"14838G>A","5260G>A",31,22.3715110683349,0.141666374624174,0.039,"Significant","truncating"
"14838G>A","13409A>G",15,14.4841193455245,0.0151991644178389,0.883,"Not Significant","truncating"
"14838G>A","15075C>A",3,10.7555341674687,-0.554510729516696,0.007,"Significant","truncating"
"14838G>A","3824G>A",29,10.1819056785371,0.454568928322016,0,"Significant","truncating"
"14838G>A","13156C>T",17,16.4918190567854,0.0131803601694869,0.894,"Not Significant","truncating"
"14838G>A","8366A>G",9,15.7747834456208,-0.243720896571924,0.056,"Not Significant","truncating"
"14838G>A","15561G>A",33,16.2050048123195,0.308864775538007,0,"Significant","truncating"
"14838G>A","15879A>G",16,14.1973051010587,0.0519140672029336,0.664,"Not Significant","truncating"
"14838G>A","4485C>T",28,15.9181905678537,0.245264331699288,0.003,"Significant","truncating"
"14838G>A","5348C>A",17,16.6352261790183,0.00942021129620288,1,"Not Significant","truncating"
"14838G>A","12817C>A",9,7.0269489894129,0.10747570855436,0.528,"Not Significant","truncating"
"14838G>A","3718C>T",13,13.3368623676612,-0.0111103171021106,1,"Not Significant","truncating"
"14838G>A","3308T>C",12,12.7632338787295,-0.0267794814521682,0.884,"Not Significant","truncating"
"14838G>A","14157C>T",10,13.623676612127,-0.134294326142789,0.283,"Not Significant","truncating"
"14838G>A","7339A>G",11,13.9104908565929,-0.10194976996229,0.45,"Not Significant","truncating"
"14838G>A","12006G>A",16,13.0500481231954,0.088507869479121,0.428,"Not Significant","truncating"
"7902G>A","6460G>A",54,43.6573628488932,0.0923362614951053,0.065,"Not Significant","truncating"
"7902G>A","7705T>A",43,53.5322425409047,-0.095146981391178,0.054,"Not Significant","truncating"
"7902G>A","13396C>T",61,39.2396535129933,0.191604671115393,0,"Significant","truncating"
"7902G>A","3659G>A",59,39.4995187680462,0.174260207095198,0,"Significant","truncating"
"7902G>A","3307A>T",15,20.5293551491819,-0.13628404883579,0.151,"Not Significant","truncating"
"7902G>A","11669C>T",61,56.1308950914341,0.0361278672579646,0.409,"Not Significant","truncating"
"7902G>A","14283C>T",93,78.9990375360924,0.0708611483432887,0.034,"Significant","truncating"
"7902G>A","12809G>A",55,63.1472569778633,-0.0599918007057764,0.174,"Not Significant","truncating"
"7902G>A","11066C>T",61,43.9172281039461,0.142694913795007,0,"Significant","truncating"
"7902G>A","4969G>A",63,41.8383060635226,0.177766456819573,0,"Significant","truncating"
"7902G>A","14592C>T",43,49.1145332050048,-0.0577415651953418,0.28,"Not Significant","truncating"
"7902G>A","6145G>A",47,46.7757459095284,0.00207713623059703,1,"Not Significant","truncating"
"7902G>A","4262A>G",25,20.269489894129,0.0910971893793419,0.216,"Not Significant","truncating"
"7902G>A","14044C>T",52,57.9499518768046,-0.0470497360150856,0.359,"Not Significant","truncating"
"7902G>A","9054C>A",47,29.8845043310876,0.196651800979767,0,"Significant","truncating"
"7902G>A","8412T>G",36,39.7593840230991,-0.0431371466520074,0.489,"Not Significant","truncating"
"7902G>A","8094T>A",32,33.2627526467758,-0.0168082079297208,0.804,"Not Significant","truncating"
"7902G>A","3842G>A",37,33.2627526467758,0.0462435378171848,0.447,"Not Significant","truncating"
"7902G>A","10296C>T",44,36.6410009624639,0.0794853472287994,0.168,"Not Significant","truncating"
"7902G>A","7122C>T",61,38.2001924927815,0.203264283660356,0,"Significant","truncating"
"7902G>A","14006G>A",53,37.1607314725698,0.154191615533568,0.001,"Significant","truncating"
"7902G>A","13031G>A",51,47.0356111645813,0.0351433846268702,0.516,"Not Significant","truncating"
"7902G>A","9952G>A",28,25.9865255052935,0.0324098147402892,0.629,"Not Significant","truncating"
"7902G>A","6901A>G",40,42.3580365736285,-0.024875829677745,0.725,"Not Significant","truncating"
"7902G>A","15234G>A",29,38.2001924927815,-0.119667553450669,0.084,"Not Significant","truncating"
"7902G>A","14401A>T",30,36.121270452358,-0.0806417621359973,0.227,"Not Significant","truncating"
"7902G>A","15170G>A",25,26.7661212704524,-0.0296454326348299,0.699,"Not Significant","truncating"
"7902G>A","8168C>T",35,38.9797882579403,-0.0467714313070888,0.461,"Not Significant","truncating"
"7902G>A","10677G>T",45,28.5851780558229,0.197071612014755,0,"Significant","truncating"
"7902G>A","11148T>A",28,29.6246390760347,-0.0244950365959783,0.715,"Not Significant","truncating"
"7902G>A","5035G>A",37,27.2858517805582,0.132264208394829,0.025,"Significant","truncating"
"7902G>A","5920G>A",35,38.2001924927815,-0.0379975069996064,0.531,"Not Significant","truncating"
"7902G>A","14343C>T",30,31.4436958614052,-0.0204123321985311,0.83,"Not Significant","truncating"
"7902G>A","15882G>A",42,31.1838306063523,0.129319827748107,0.011,"Significant","truncating"
"7902G>A","15327C>G",13,15.3320500481232,-0.0716568759366091,0.53,"Not Significant","truncating"
"7902G>A","9216C>T",49,38.2001924927815,0.108130528678277,0.032,"Significant","truncating"
"7902G>A","8391G>A",37,29.6246390760347,0.0965486561284203,0.104,"Not Significant","truncating"
"7902G>A","4989C>T",49,36.121270452358,0.132433063172293,0.007,"Significant","truncating"
"7902G>A","8235A>G",32,22.8681424446583,0.145919089567386,0.024,"Significant","truncating"
"7902G>A","6211G>A",35,34.0423484119346,0.0120485320926665,0.92,"Not Significant","truncating"
"7902G>A","10761T>C",27,25.7266602502406,0.0209803529595479,0.794,"Not Significant","truncating"
"7902G>A","15723G>A",24,25.4667949951877,-0.0257630505825945,0.83,"Not Significant","truncating"
"7902G>A","13636C>T",45,31.7035611164581,0.152104466498381,0.002,"Significant","truncating"
"7902G>A","14354T>C",41,33.7824831568816,0.0840922878108625,0.147,"Not Significant","truncating"
"7902G>A","5260G>A",40,40.5389797882579,-0.00581282362829467,0.931,"Not Significant","truncating"
"7902G>A","13409A>G",34,26.2463907603465,0.112409326657425,0.091,"Not Significant","truncating"
"7902G>A","15075C>A",11,19.4898941289702,-0.248416794833565,0.031,"Significant","truncating"
"7902G>A","3824G>A",18,18.4504331087584,-0.0107340602175202,1,"Not Significant","truncating"
"7902G>A","13156C>T",36,29.8845043310876,0.0808564438116189,0.18,"Not Significant","truncating"
"7902G>A","8366A>G",26,28.5851780558229,-0.041167553789066,0.559,"Not Significant","truncating"
"7902G>A","15561G>A",46,29.3647738209817,0.19493117159581,0.001,"Significant","truncating"
"7902G>A","15879A>G",30,25.7266602502406,0.0667378435200622,0.325,"Not Significant","truncating"
"7902G>A","4485C>T",31,28.8450433108758,0.0312904984457007,0.612,"Not Significant","truncating"
"7902G>A","5348C>A",38,30.1443695861405,0.100577390787784,0.096,"Not Significant","truncating"
"7902G>A","12817C>A",14,12.7333974975938,0.0411837390476059,0.735,"Not Significant","truncating"
"7902G>A","3718C>T",20,24.167468719923,-0.0822011694913894,0.32,"Not Significant","truncating"
"7902G>A","3308T>C",17,23.1280076997113,-0.133689301867772,0.129,"Not Significant","truncating"
"7902G>A","14157C>T",31,24.6871992300289,0.0988898719432568,0.139,"Not Significant","truncating"
"7902G>A","7339A>G",21,25.2069297401347,-0.0793006561337904,0.34,"Not Significant","truncating"
"7902G>A","12006G>A",28,23.6477382098171,0.0733684224190303,0.302,"Not Significant","truncating"
"6460G>A","7705T>A",22,33.3089509143407,-0.180138273714962,0.026,"Significant","truncating"
"6460G>A","13396C>T",46,24.4157844080847,0.275087150218885,0,"Significant","truncating"
"6460G>A","3659G>A",48,24.5774783445621,0.290703915261267,0,"Significant","truncating"
"6460G>A","3307A>T",8,12.7738209817132,-0.203230838465155,0.143,"Not Significant","truncating"
"6460G>A","11669C>T",38,34.9258902791145,0.0366361112970933,0.539,"Not Significant","truncating"
"6460G>A","14283C>T",69,49.1549566891241,0.147281772959562,0,"Significant","truncating"
"6460G>A","12809G>A",35,39.2916265640038,-0.0502319634165864,0.41,"Not Significant","truncating"
"6460G>A","11066C>T",46,27.3262752646776,0.22617739289857,0.001,"Significant","truncating"
"6460G>A","4969G>A",57,26.0327237728585,0.34035524547105,0,"Significant","truncating"
"6460G>A","14592C>T",24,30.5601539942252,-0.104944296629935,0.142,"Not Significant","truncating"
"6460G>A","6145G>A",25,29.1049085659288,-0.0660262305997089,0.384,"Not Significant","truncating"
"6460G>A","4262A>G",24,12.6121270452358,0.279422904850806,0,"Significant","truncating"
"6460G>A","14044C>T",36,36.0577478344562,-0.000696096449556858,1,"Not Significant","truncating"
"6460G>A","9054C>A",39,18.5948026948989,0.32167303250298,0,"Significant","truncating"
"6460G>A","8412T>G",21,24.7391722810395,-0.0711658702520523,0.398,"Not Significant","truncating"
"6460G>A","8094T>A",12,20.6968238691049,-0.236722457767408,0.025,"Significant","truncating"
"6460G>A","3842G>A",17,20.6968238691049,-0.0854547824378235,0.35,"Not Significant","truncating"
"6460G>A","10296C>T",50,22.7988450433109,0.341057157510917,0,"Significant","truncating"
"6460G>A","7122C>T",37,23.7690086621752,0.19219065514948,0.001,"Significant","truncating"
"6460G>A","14006G>A",49,23.1222329162656,0.326166308393775,0,"Significant","truncating"
"6460G>A","13031G>A",37,29.2666025024062,0.101829415028815,0.084,"Not Significant","truncating"
"6460G>A","9952G>A",15,16.1693936477382,-0.0326024751127947,0.775,"Not Significant","truncating"
"6460G>A","6901A>G",22,26.3561116458133,-0.0784586577501107,0.357,"Not Significant","truncating"
"6460G>A","15234G>A",17,23.7690086621752,-0.14556214753786,0.114,"Not Significant","truncating"
"6460G>A","14401A>T",7,22.4754571703561,-0.506610494404252,0,"Significant","truncating"
"6460G>A","15170G>A",14,16.6544754571704,-0.075402923195125,0.5,"Not Significant","truncating"
"6460G>A","8168C>T",27,24.2540904716073,0.0465787709344385,0.544,"Not Significant","truncating"
"6460G>A","10677G>T",41,17.786333012512,0.362697437391443,0,"Significant","truncating"
"6460G>A","11148T>A",17,18.4331087584216,-0.0351496641266855,0.756,"Not Significant","truncating"
"6460G>A","5035G>A",32,16.9778633301251,0.275266945080082,0,"Significant","truncating"
"6460G>A","5920G>A",18,23.7690086621752,-0.12073856381297,0.186,"Not Significant","truncating"
"6460G>A","14343C>T",17,19.5649663137632,-0.0610301831065266,0.547,"Not Significant","truncating"
"6460G>A","15882G>A",39,19.4032723772858,0.303189626809064,0,"Significant","truncating"
"6460G>A","15327C>G",11,9.53994225216554,0.0618469393467912,0.729,"Not Significant","truncating"
"6460G>A","9216C>T",26,23.7690086621752,0.0389622790537996,0.648,"Not Significant","truncating"
"6460G>A","8391G>A",15,18.4331087584216,-0.0895073264489376,0.458,"Not Significant","truncating"
"6460G>A","4989C>T",32,22.4754571703561,0.15344144389655,0.013,"Significant","truncating"
"6460G>A","8235A>G",30,14.2290664100096,0.323944848399204,0,"Significant","truncating"
"6460G>A","6211G>A",27,21.1819056785371,0.105398734334096,0.154,"Not Significant","truncating"
"6460G>A","10761T>C",11,16.0076997112608,-0.162936243606775,0.163,"Not Significant","truncating"
"6460G>A","15723G>A",25,15.8460057747834,0.198020198809854,0.016,"Significant","truncating"
"6460G>A","13636C>T",30,19.7266602502406,0.182067689875475,0.005,"Significant","truncating"
"6460G>A","14354T>C",22,21.0202117420597,0.0197855943465919,0.907,"Not Significant","truncating"
"6460G>A","5260G>A",31,25.2242540904716,0.0895433613108049,0.194,"Not Significant","truncating"
"6460G>A","13409A>G",14,16.3310875842156,-0.0668870722726472,0.571,"Not Significant","truncating"
"6460G>A","15075C>A",8,12.1270452358037,-0.180665010566594,0.196,"Not Significant","truncating"
"6460G>A","3824G>A",29,11.4802694898941,0.40244591500891,0,"Significant","truncating"
"6460G>A","13156C>T",20,18.5948026948989,0.03163842114152,0.797,"Not Significant","truncating"
"6460G>A","8366A>G",9,17.786333012512,-0.295843909885202,0.02,"Significant","truncating"
"6460G>A","15561G>A",28,18.2714148219442,0.185385853689288,0.008,"Significant","truncating"
"6460G>A","15879A>G",17,16.0076997112608,0.0261199926118802,0.885,"Not Significant","truncating"
"6460G>A","4485C>T",25,17.9480269489894,0.143923295716012,0.053,"Not Significant","truncating"
"6460G>A","5348C>A",8,18.7564966313763,-0.370061736400547,0.006,"Significant","truncating"
"6460G>A","12817C>A",3,7.92300288739172,-0.421768559468542,0.082,"Not Significant","truncating"
"6460G>A","3718C>T",11,15.0375360923965,-0.135783997563336,0.231,"Not Significant","truncating"
"6460G>A","3308T>C",12,14.390760346487,-0.0789024947653722,0.536,"Not Significant","truncating"
"6460G>A","14157C>T",11,15.3609239653513,-0.145024654298187,0.234,"Not Significant","truncating"
"6460G>A","7339A>G",14,15.6843118383061,-0.0493374327563591,0.682,"Not Significant","truncating"
"6460G>A","12006G>A",18,14.7141482194418,0.0875373786129882,0.39,"Not Significant","truncating"
"7705T>A","13396C>T",6,29.9384023099134,-0.698077369715714,0,"Significant","truncating"
"7705T>A","3659G>A",12,30.1366698748797,-0.399914014706946,0,"Significant","truncating"
"7705T>A","3307A>T",7,15.6631376323388,-0.349780724084729,0.01,"Significant","truncating"
"7705T>A","11669C>T",47,42.8257940327238,0.0403924339727205,0.449,"Not Significant","truncating"
"7705T>A","14283C>T",55,60.2733397497594,-0.0397625669264168,0.388,"Not Significant","truncating"
"7705T>A","12809G>A",64,48.1790182868142,0.123322027573376,0.002,"Significant","truncating"
"7705T>A","11066C>T",19,33.507218479307,-0.246384776471831,0.001,"Significant","truncating"
"7705T>A","4969G>A",7,31.9210779595765,-0.658979508824725,0,"Significant","truncating"
"7705T>A","14592C>T",41,37.4725697786333,0.0390703797344157,0.48,"Not Significant","truncating"
"7705T>A","6145G>A",49,35.6881616939365,0.137671902112901,0.005,"Significant","truncating"
"7705T>A","4262A>G",13,15.4648700673725,-0.0754029231950871,0.562,"Not Significant","truncating"
"7705T>A","14044C>T",51,44.213666987488,0.062013640237669,0.228,"Not Significant","truncating"
"7705T>A","9054C>A",7,22.8007699711261,-0.512851473147031,0,"Significant","truncating"
"7705T>A","8412T>G",48,30.334937439846,0.199298133745486,0.001,"Significant","truncating"
"7705T>A","8094T>A",44,25.3782483156882,0.238991034025619,0,"Significant","truncating"
"7705T>A","3842G>A",24,25.3782483156882,-0.0242504007481401,0.807,"Not Significant","truncating"
"7705T>A","10296C>T",13,27.9557266602502,-0.332527433158732,0.001,"Significant","truncating"
"7705T>A","7122C>T",23,29.1453320500481,-0.102841171542161,0.19,"Not Significant","truncating"
"7705T>A","14006G>A",17,28.3522617901829,-0.222138788897741,0.016,"Significant","truncating"
"7705T>A","13031G>A",24,35.8864292589028,-0.174719005968955,0.019,"Significant","truncating"
"7705T>A","9952G>A",24,19.8267564966314,0.0829595688992492,0.302,"Not Significant","truncating"
"7705T>A","6901A>G",36,32.3176130895091,0.046863223551216,0.406,"Not Significant","truncating"
"7705T>A","15234G>A",36,29.1453320500481,0.0917334932068515,0.159,"Not Significant","truncating"
"7705T>A","14401A>T",39,27.5591915303176,0.150798133959966,0.012,"Significant","truncating"
"7705T>A","15170G>A",17,20.4215591915303,-0.0796399761384462,0.438,"Not Significant","truncating"
"7705T>A","8168C>T",31,29.7401347449471,0.0180187619665561,0.819,"Not Significant","truncating"
"7705T>A","10677G>T",2,21.8094321462945,-1.0376143622865,0,"Significant","truncating"
"7705T>A","11148T>A",25,22.6025024061598,0.0437834845234047,0.604,"Not Significant","truncating"
"7705T>A","5035G>A",18,20.8180943214629,-0.0631684667782814,0.528,"Not Significant","truncating"
"7705T>A","5920G>A",35,29.1453320500481,0.0794990367898743,0.243,"Not Significant","truncating"
"7705T>A","14343C>T",37,23.990375360924,0.188164680937932,0.001,"Significant","truncating"
"7705T>A","15882G>A",11,23.7921077959576,-0.335040233699253,0.003,"Significant","truncating"
"7705T>A","15327C>G",3,11.6977863330125,-0.590982429723694,0.002,"Significant","truncating"
"7705T>A","9216C>T",30,29.1453320500481,0.0125522471594679,0.892,"Not Significant","truncating"
"7705T>A","8391G>A",27,22.6025024061598,0.0772072400102258,0.308,"Not Significant","truncating"
"7705T>A","4989C>T",24,27.5591915303176,-0.0600552313542314,0.441,"Not Significant","truncating"
"7705T>A","8235A>G",10,17.4475457170356,-0.241734344960291,0.048,"Significant","truncating"
"7705T>A","6211G>A",27,25.9730510105871,0.0168407956911834,0.81,"Not Significant","truncating"
"7705T>A","10761T>C",26,19.6284889316651,0.12208648056075,0.101,"Not Significant","truncating"
"7705T>A","15723G>A",19,19.4302213666987,-0.0097241475515913,1,"Not Significant","truncating"
"7705T>A","13636C>T",24,24.1886429258903,-0.00340026177510405,1,"Not Significant","truncating"
"7705T>A","14354T>C",28,25.7747834456208,0.0359630062232725,0.657,"Not Significant","truncating"
"7705T>A","5260G>A",30,30.9297401347449,-0.0132550164467316,0.912,"Not Significant","truncating"
"7705T>A","13409A>G",23,20.0250240615977,0.0601547894226938,0.517,"Not Significant","truncating"
"7705T>A","15075C>A",26,14.8700673724735,0.242660411765892,0,"Significant","truncating"
"7705T>A","3824G>A",12,14.0769971126083,-0.0693287754828924,0.561,"Not Significant","truncating"
"7705T>A","13156C>T",33,22.8007699711261,0.160564426711711,0.013,"Significant","truncating"
"7705T>A","8366A>G",31,21.8094321462945,0.152717335863481,0.028,"Significant","truncating"
"7705T>A","15561G>A",17,22.4042348411935,-0.119881194916506,0.201,"Not Significant","truncating"
"7705T>A","15879A>G",20,19.6284889316651,0.0081431282544142,1,"Not Significant","truncating"
"7705T>A","4485C>T",22,22.0076997112608,-0.000151970776426482,1,"Not Significant","truncating"
"7705T>A","5348C>A",22,22.9990375360924,-0.0192869812166025,0.894,"Not Significant","truncating"
"7705T>A","12817C>A",4,9.71511068334937,-0.38538776150614,0.046,"Significant","truncating"
"7705T>A","3718C>T",22,18.4388835418672,0.0766880594559139,0.348,"Not Significant","truncating"
"7705T>A","3308T>C",24,17.6458132820019,0.133569562254066,0.094,"Not Significant","truncating"
"7705T>A","14157C>T",32,18.8354186717998,0.230174700218134,0,"Significant","truncating"
"7705T>A","7339A>G",15,19.2319538017324,-0.107932148021902,0.297,"Not Significant","truncating"
"7705T>A","12006G>A",24,18.0423484119346,0.123918176577939,0.127,"Not Significant","truncating"
"13396C>T","3659G>A",62,22.0904716073147,0.448186701816224,0,"Significant","truncating"
"13396C>T","3307A>T",6,11.4812319538017,-0.281837240639334,0.081,"Not Significant","truncating"
"13396C>T","11669C>T",28,31.3917228103946,-0.049657119544536,0.52,"Not Significant","truncating"
"13396C>T","14283C>T",59,44.1809432146294,0.125617028297152,0.004,"Significant","truncating"
"13396C>T","12809G>A",27,35.3156881616939,-0.116603909174938,0.095,"Not Significant","truncating"
"13396C>T","11066C>T",57,24.5611164581328,0.36562675132182,0,"Significant","truncating"
"13396C>T","4969G>A",80,23.3984600577478,0.533902711222789,0,"Significant","truncating"
"13396C>T","14592C>T",22,27.4677574590953,-0.096400523086637,0.255,"Not Significant","truncating"
"13396C>T","6145G>A",20,26.1597690086622,-0.116603909174806,0.148,"Not Significant","truncating"
"13396C>T","4262A>G",15,11.3358999037536,0.121635256628273,0.242,"Not Significant","truncating"
"13396C>T","14044C>T",29,32.4090471607315,-0.0482682648850391,0.519,"Not Significant","truncating"
"13396C>T","9054C>A",56,16.7131857555342,0.525128786914774,0,"Significant","truncating"
"13396C>T","8412T>G",14,22.2358036573628,-0.200924794874204,0.028,"Significant","truncating"
"13396C>T","8094T>A",12,18.6025024061598,-0.190390123334951,0.091,"Not Significant","truncating"
"13396C>T","3842G>A",26,18.6025024061598,0.145401978586293,0.062,"Not Significant","truncating"
"13396C>T","10296C>T",49,20.4918190567854,0.378615567635909,0,"Significant","truncating"
"13396C>T","7122C>T",45,21.3638113570741,0.323533779290108,0,"Significant","truncating"
"13396C>T","14006G>A",53,20.7824831568816,0.406578432398465,0,"Significant","truncating"
"13396C>T","13031G>A",30,26.3051010587103,0.0570812801142826,0.403,"Not Significant","truncating"
"13396C>T","9952G>A",11,14.5332050048123,-0.120968714576807,0.28,"Not Significant","truncating"
"13396C>T","6901A>G",18,23.6891241578441,-0.119276499036064,0.197,"Not Significant","truncating"
"13396C>T","15234G>A",11,21.3638113570741,-0.288286049324028,0.012,"Significant","truncating"
"13396C>T","14401A>T",5,20.2011549566891,-0.606406195647532,0,"Significant","truncating"
"13396C>T","15170G>A",7,14.9692011549567,-0.330100584423604,0.025,"Significant","truncating"
"13396C>T","8168C>T",27,21.7998075072185,0.0929111053669304,0.215,"Not Significant","truncating"
"13396C>T","10677G>T",50,15.9865255052936,0.495215919439954,0,"Significant","truncating"
"13396C>T","11148T>A",8,16.567853705486,-0.316176264077714,0.016,"Significant","truncating"
"13396C>T","5035G>A",36,15.2598652550529,0.372751801959718,0,"Significant","truncating"
"13396C>T","5920G>A",12,21.3638113570741,-0.250497488434957,0.024,"Significant","truncating"
"13396C>T","14343C>T",9,17.5851780558229,-0.290904260610761,0.02,"Significant","truncating"
"13396C>T","15882G>A",35,17.4398460057748,0.30252539856541,0,"Significant","truncating"
"13396C>T","15327C>G",6,8.57459095283927,-0.155062160992319,0.354,"Not Significant","truncating"
"13396C>T","9216C>T",14,21.3638113570741,-0.183550698804861,0.072,"Not Significant","truncating"
"13396C>T","8391G>A",18,16.567853705486,0.0360062540306329,0.792,"Not Significant","truncating"
"13396C>T","4989C>T",37,20.2011549566891,0.262825524075932,0.001,"Significant","truncating"
"13396C>T","8235A>G",26,12.7892204042348,0.308129276082932,0,"Significant","truncating"
"13396C>T","6211G>A",20,19.0384985563041,0.0213973002721152,0.883,"Not Significant","truncating"
"13396C>T","10761T>C",11,14.3878729547642,-0.116603909174387,0.386,"Not Significant","truncating"
"13396C>T","15723G>A",19,14.2425409047161,0.125166125523579,0.169,"Not Significant","truncating"
"13396C>T","13636C>T",31,17.730510105871,0.242640463422484,0,"Significant","truncating"
"13396C>T","14354T>C",16,18.893166506256,-0.0721847693864884,0.5,"Not Significant","truncating"
"13396C>T","5260G>A",26,22.6717998075072,0.0594873498801192,0.442,"Not Significant","truncating"
"13396C>T","13409A>G",14,14.6785370548604,-0.0205547378402531,0.888,"Not Significant","truncating"
"13396C>T","15075C>A",4,10.8999037536092,-0.435362671792857,0.024,"Significant","truncating"
"13396C>T","3824G>A",11,10.3185755534167,0.027772936702897,0.866,"Not Significant","truncating"
"13396C>T","13156C>T",19,16.7131857555342,0.0556943608629125,0.563,"Not Significant","truncating"
"13396C>T","8366A>G",8,15.9865255052936,-0.300664097899561,0.033,"Significant","truncating"
"13396C>T","15561G>A",31,16.4225216554379,0.275921850613617,0.001,"Significant","truncating"
"13396C>T","15879A>G",14,14.3878729547642,-0.0118685586552203,1,"Not Significant","truncating"
"13396C>T","4485C>T",22,16.1318575553417,0.134738302298839,0.111,"Not Significant","truncating"
"13396C>T","5348C>A",17,16.8585178055823,0.00362953241534203,1,"Not Significant","truncating"
"13396C>T","12817C>A",5,7.12127045235804,-0.1535874754259,0.43,"Not Significant","truncating"
"13396C>T","3718C>T",14,13.5158806544755,0.0152836873881997,1,"Not Significant","truncating"
"13396C>T","3308T>C",12,12.934552454283,-0.0325701603330185,0.875,"Not Significant","truncating"
"13396C>T","14157C>T",8,13.8065447545717,-0.236995018030613,0.095,"Not Significant","truncating"
"13396C>T","7339A>G",6,14.097208854668,-0.370981883614436,0.014,"Significant","truncating"
"13396C>T","12006G>A",16,13.2252165543792,0.0827171905982696,0.427,"Not Significant","truncating"
"3659G>A","3307A>T",7,11.5572666025024,-0.217757091661333,0.125,"Not Significant","truncating"
"3659G>A","11669C>T",25,31.599615014437,-0.101741782866126,0.156,"Not Significant","truncating"
"3659G>A","14283C>T",60,44.4735322425409,0.130049626387042,0.003,"Significant","truncating"
"3659G>A","12809G>A",22,35.5495668912416,-0.208411633162949,0.004,"Significant","truncating"
"3659G>A","11066C>T",50,24.7237728585178,0.305855259333862,0,"Significant","truncating"
"3659G>A","4969G>A",62,23.553416746872,0.420337773077666,0,"Significant","truncating"
"3659G>A","14592C>T",26,27.6496631376323,-0.0267164965899216,0.736,"Not Significant","truncating"
"3659G>A","6145G>A",28,26.3330125120308,0.0266574858512198,0.73,"Not Significant","truncating"
"3659G>A","4262A>G",9,11.4109720885467,-0.103080133637731,0.475,"Not Significant","truncating"
"3659G>A","14044C>T",29,32.623676612127,-0.0511349055366334,0.447,"Not Significant","truncating"
"3659G>A","9054C>A",47,16.8238691049086,0.446171977192853,0,"Significant","truncating"
"3659G>A","8412T>G",13,22.3830606352262,-0.235976118896957,0.031,"Significant","truncating"
"3659G>A","8094T>A",10,18.725697786333,-0.27243801003344,0.021,"Significant","truncating"
"3659G>A","3842G>A",21,18.725697786333,0.0497812846982045,0.601,"Not Significant","truncating"
"3659G>A","10296C>T",54,20.6275264677575,0.417946606778692,0,"Significant","truncating"
"3659G>A","7122C>T",40,21.5052935514918,0.269514616191257,0,"Significant","truncating"
"3659G>A","14006G>A",54,20.9201154956689,0.41182968196904,0,"Significant","truncating"
"3659G>A","13031G>A",42,26.4793070259865,0.200342675140515,0,"Significant","truncating"
"3659G>A","9952G>A",16,14.6294513955727,0.0388919422680754,0.789,"Not Significant","truncating"
"3659G>A","6901A>G",17,23.8460057747834,-0.146966723412546,0.116,"Not Significant","truncating"
"3659G>A","15234G>A",18,21.5052935514918,-0.077272870032072,0.366,"Not Significant","truncating"
"3659G>A","14401A>T",12,20.334937439846,-0.229061594592582,0.033,"Significant","truncating"
"3659G>A","15170G>A",11,15.0683349374398,-0.136672579933476,0.222,"Not Significant","truncating"
"3659G>A","8168C>T",31,21.944177093359,0.150042394390418,0.03,"Significant","truncating"
"3659G>A","10677G>T",45,16.0923965351299,0.44659178822779,0,"Significant","truncating"
"3659G>A","11148T>A",8,16.6775745909528,-0.319042904729299,0.014,"Significant","truncating"
"3659G>A","5035G>A",31,15.3609239653513,0.304944354375313,0.001,"Significant","truncating"
"3659G>A","5920G>A",14,21.5052935514918,-0.186417339456451,0.07,"Not Significant","truncating"
"3659G>A","14343C>T",15,17.7016361886429,-0.071922151647922,0.512,"Not Significant","truncating"
"3659G>A","15882G>A",40,17.5553416746872,0.357650704891354,0,"Significant","truncating"
"3659G>A","15327C>G",7,8.63137632338787,-0.0909820120143098,0.562,"Not Significant","truncating"
"3659G>A","9216C>T",16,21.5052935514918,-0.128425392479152,0.182,"Not Significant","truncating"
"3659G>A","8391G>A",17,16.6775745909528,0.00831602965415692,1,"Not Significant","truncating"
"3659G>A","4989C>T",30,20.334937439846,0.168878414077284,0.016,"Significant","truncating"
"3659G>A","8235A>G",23,12.8739172281039,0.252017123478344,0,"Significant","truncating"
"3659G>A","6211G>A",17,19.1645813282002,-0.052050414664797,0.622,"Not Significant","truncating"
"3659G>A","10761T>C",11,14.4831568816169,-0.11947054982597,0.347,"Not Significant","truncating"
"3659G>A","15723G>A",20,14.3368623676612,0.144575879583033,0.092,"Not Significant","truncating"
"3659G>A","13636C>T",31,17.8479307025986,0.239773822770897,0.002,"Significant","truncating"
"3659G>A","14354T>C",12,19.0182868142445,-0.199990146645472,0.073,"Not Significant","truncating"
"3659G>A","5260G>A",23,22.8219441770934,0.00337519727552138,1,"Not Significant","truncating"
"3659G>A","13409A>G",13,14.7757459095284,-0.0556060618629994,0.66,"Not Significant","truncating"
"3659G>A","15075C>A",10,10.9720885466795,-0.0402893037789103,0.865,"Not Significant","truncating"
"3659G>A","3824G>A",14,10.3869104908566,0.129641646570489,0.215,"Not Significant","truncating"
"3659G>A","13156C>T",17,16.8238691049086,0.00452304063704045,1,"Not Significant","truncating"
"3659G>A","8366A>G",10,16.0923965351299,-0.206620725544176,0.082,"Not Significant","truncating"
"3659G>A","15561G>A",36,16.5312800769971,0.337996016894852,0,"Significant","truncating"
"3659G>A","15879A>G",13,14.4831568816169,-0.0469198826779661,0.775,"Not Significant","truncating"
"3659G>A","4485C>T",18,16.2386910490857,0.0447214859287918,0.674,"Not Significant","truncating"
"3659G>A","5348C>A",19,16.9701636188643,0.049067571338042,0.576,"Not Significant","truncating"
"3659G>A","12817C>A",6,7.16843118383061,-0.0772728700312853,0.676,"Not Significant","truncating"
"3659G>A","3718C>T",13,13.6053897978826,-0.0197676366345449,0.875,"Not Significant","truncating"
"3659G>A","3308T>C",13,13.0202117420597,-0.000674694725666008,1,"Not Significant","truncating"
"3659G>A","14157C>T",9,13.897978825794,-0.188709136235417,0.165,"Not Significant","truncating"
"3659G>A","7339A>G",10,14.1905678537055,-0.151999774652558,0.211,"Not Significant","truncating"
"3659G>A","12006G>A",20,13.3128007699711,0.176760562954202,0.039,"Significant","truncating"
"3307A>T","11669C>T",14,16.4234841193455,-0.069337259205499,0.554,"Not Significant","truncating"
"3307A>T","14283C>T",20,23.1145332050048,-0.0628551316777439,0.474,"Not Significant","truncating"
"3307A>T","12809G>A",11,18.4764196342637,-0.225225132171753,0.048,"Significant","truncating"
"3307A>T","11066C>T",8,12.8498556304139,-0.205808261352945,0.142,"Not Significant","truncating"
"3307A>T","4969G>A",6,12.2415784408085,-0.30968616937778,0.045,"Significant","truncating"
"3307A>T","14592C>T",16,14.3705486044273,0.0466466347491088,0.645,"Not Significant","truncating"
"3307A>T","6145G>A",13,13.6862367661213,-0.0223406965295658,0.879,"Not Significant","truncating"
"3307A>T","4262A>G",4,5.93070259865255,-0.171046155092247,0.489,"Not Significant","truncating"
"3307A>T","14044C>T",13,16.9557266602502,-0.115373054473808,0.327,"Not Significant","truncating"
"3307A>T","9054C>A",3,8.74398460057748,-0.464588129357704,0.039,"Significant","truncating"
"3307A>T","8412T>G",6,11.6333012512031,-0.287551724163714,0.07,"Not Significant","truncating"
"3307A>T","8094T>A",8,9.73243503368624,-0.0851315263882224,0.611,"Not Significant","truncating"
"3307A>T","3842G>A",18,9.73243503368624,0.267050991720124,0.006,"Significant","truncating"
"3307A>T","10296C>T",4,10.720885466795,-0.428170665053875,0.021,"Significant","truncating"
"3307A>T","7122C>T",12,11.177093358999,0.0308523675659182,0.865,"Not Significant","truncating"
"3307A>T","14006G>A",9,10.8729547641963,-0.0821050717581697,0.624,"Not Significant","truncating"
"3307A>T","13031G>A",17,13.7622714148219,0.0917588027752244,0.351,"Not Significant","truncating"
"3307A>T","9952G>A",6,7.60346487006737,-0.102860293348094,0.563,"Not Significant","truncating"
"3307A>T","6901A>G",14,12.3936477382098,0.0529288875406142,0.624,"Not Significant","truncating"
"3307A>T","15234G>A",6,11.177093358999,-0.270177628094444,0.085,"Not Significant","truncating"
"3307A>T","14401A>T",10,10.5688161693936,-0.0240263439871254,0.893,"Not Significant","truncating"
"3307A>T","15170G>A",42,7.83156881616939,0.729400521954953,0,"Significant","truncating"
"3307A>T","8168C>T",14,11.4051973051011,0.089025232888587,0.416,"Not Significant","truncating"
"3307A>T","10677G>T",6,8.36381135707411,-0.1442529785058,0.441,"Not Significant","truncating"
"3307A>T","11148T>A",4,8.6679499518768,-0.335856403735927,0.094,"Not Significant","truncating"
"3307A>T","5035G>A",7,7.98363811357074,-0.0571028027881809,0.85,"Not Significant","truncating"
"3307A>T","5920G>A",10,11.177093358999,-0.0483288784809828,0.734,"Not Significant","truncating"
"3307A>T","14343C>T",5,9.20019249278152,-0.26482690970973,0.144,"Not Significant","truncating"
"3307A>T","15882G>A",7,9.12415784408085,-0.115094749765188,0.483,"Not Significant","truncating"
"3307A>T","15327C>G",32,4.48604427333975,0.853286422936174,0,"Significant","truncating"
"3307A>T","9216C>T",4,11.177093358999,-0.446268887146506,0.021,"Significant","truncating"
"3307A>T","8391G>A",8,8.6679499518768,-0.0348264080773747,0.863,"Not Significant","truncating"
"3307A>T","4989C>T",13,10.5688161693936,0.0899170083187091,0.468,"Not Significant","truncating"
"3307A>T","8235A>G",6,6.69104908565929,-0.0473429654990414,0.825,"Not Significant","truncating"
"3307A>T","6211G>A",16,9.96053897978826,0.205837143265251,0.027,"Significant","truncating"
"3307A>T","10761T>C",6,7.5274302213667,-0.0984954879457015,0.558,"Not Significant","truncating"
"3307A>T","15723G>A",18,7.45139557266602,0.383034885674132,0,"Significant","truncating"
"3307A>T","13636C>T",11,9.2762271414822,0.074021310749479,0.598,"Not Significant","truncating"
"3307A>T","14354T>C",16,9.88450433108758,0.209165086614145,0.033,"Significant","truncating"
"3307A>T","5260G>A",13,11.8614051973051,0.0398072102187904,0.736,"Not Significant","truncating"
"3307A>T","13409A>G",10,7.67949951876805,0.114667082482781,0.411,"Not Significant","truncating"
"3307A>T","15075C>A",3,5.70259865255053,-0.278951552398441,0.262,"Not Significant","truncating"
"3307A>T","3824G>A",2,5.39846005774783,-0.431239896774688,0.153,"Not Significant","truncating"
"3307A>T","13156C>T",4,8.74398460057748,-0.339649392753023,0.093,"Not Significant","truncating"
"3307A>T","8366A>G",6,8.36381135707411,-0.1442529785058,0.471,"Not Significant","truncating"
"3307A>T","15561G>A",7,8.59191530317613,-0.0889919472012773,0.605,"Not Significant","truncating"
"3307A>T","15879A>G",8,7.5274302213667,0.0264432486607889,1,"Not Significant","truncating"
"3307A>T","4485C>T",9,8.43984600577478,0.0279079869190832,0.862,"Not Significant","truncating"
"3307A>T","5348C>A",12,8.82001924927815,0.133711713086137,0.252,"Not Significant","truncating"
"3307A>T","12817C>A",32,3.72569778633301,0.933942354547829,0,"Significant","truncating"
"3307A>T","3718C>T",5,7.07122232916266,-0.150524487948636,0.426,"Not Significant","truncating"
"3307A>T","3308T>C",6,6.76708373435996,-0.0522502999937127,0.838,"Not Significant","truncating"
"3307A>T","14157C>T",3,7.223291626564,-0.381613894293985,0.102,"Not Significant","truncating"
"3307A>T","7339A>G",6,7.37536092396535,-0.0896320276145155,0.703,"Not Significant","truncating"
"3307A>T","12006G>A",7,6.91915303176131,0.00504510395982671,1,"Not Significant","truncating"
"11669C>T","14283C>T",74,63.1992300288739,0.0685199325283687,0.066,"Not Significant","truncating"
"11669C>T","12809G>A",65,50.5178055822907,0.109468879450598,0.015,"Significant","truncating"
"11669C>T","11066C>T",34,35.1337824831569,-0.0142459911651306,0.827,"Not Significant","truncating"
"11669C>T","4969G>A",27,33.4706448508181,-0.0933003154663049,0.195,"Not Significant","truncating"
"11669C>T","14592C>T",41,39.2916265640038,0.0184838489526918,0.763,"Not Significant","truncating"
"11669C>T","6145G>A",46,37.4205967276227,0.0896471229842981,0.071,"Not Significant","truncating"
"11669C>T","4262A>G",12,16.2155919153032,-0.130751560235668,0.26,"Not Significant","truncating"
"11669C>T","14044C>T",55,46.3599615014437,0.0742196228521826,0.084,"Not Significant","truncating"
"11669C>T","9054C>A",23,23.9076034648701,-0.0168082079297005,0.909,"Not Significant","truncating"
"11669C>T","8412T>G",29,31.8075072184793,-0.0401316365122639,0.578,"Not Significant","truncating"
"11669C>T","8094T>A",26,26.6102021174206,-0.0100748252707656,0.913,"Not Significant","truncating"
"11669C>T","3842G>A",24,26.6102021174206,-0.0448369315298383,0.573,"Not Significant","truncating"
"11669C>T","10296C>T",30,29.3128007699711,0.0100639384704952,0.919,"Not Significant","truncating"
"11669C>T","7122C>T",30,30.5601539942252,-0.00803428362224061,0.908,"Not Significant","truncating"
"11669C>T","14006G>A",31,29.7285851780558,0.0181874527753976,0.846,"Not Significant","truncating"
"11669C>T","13031G>A",27,37.6284889316651,-0.144153014303496,0.045,"Significant","truncating"
"11669C>T","9952G>A",19,20.7892204042348,-0.0390846026407277,0.694,"Not Significant","truncating"
"11669C>T","6901A>G",36,33.8864292589028,0.0262766927695007,0.655,"Not Significant","truncating"
"11669C>T","15234G>A",35,30.5601539942252,0.0589125060081658,0.41,"Not Significant","truncating"
"11669C>T","14401A>T",36,28.8970163618864,0.0954494969191422,0.114,"Not Significant","truncating"
"11669C>T","15170G>A",18,21.4128970163619,-0.0754029231952351,0.438,"Not Significant","truncating"
"11669C>T","8168C>T",40,31.1838306063523,0.108130528678221,0.06,"Not Significant","truncating"
"11669C>T","10677G>T",22,22.8681424446583,-0.0168082079296973,0.906,"Not Significant","truncating"
"11669C>T","11148T>A",24,23.6997112608277,0.00546818678135705,1,"Not Significant","truncating"
"11669C>T","5035G>A",18,21.8286814244466,-0.0837549975599623,0.389,"Not Significant","truncating"
"11669C>T","5920G>A",41,30.5601539942252,0.127628318377444,0.028,"Significant","truncating"
"11669C>T","14343C>T",28,25.1549566891242,0.0465344574318402,0.55,"Not Significant","truncating"
"11669C>T","15882G>A",24,24.9470644850818,-0.0168082079297035,0.915,"Not Significant","truncating"
"11669C>T","15327C>G",14,12.2656400384986,0.0574378204419018,0.618,"Not Significant","truncating"
"11669C>T","9216C>T",32,30.5601539942252,0.0199944399779125,0.825,"Not Significant","truncating"
"11669C>T","8391G>A",32,23.6997112608277,0.130406923389205,0.05,"Not Significant","truncating"
"11669C>T","4989C>T",27,28.8970163618864,-0.0294892396887556,0.724,"Not Significant","truncating"
"11669C>T","8235A>G",15,18.2945139557267,-0.0862296166877194,0.416,"Not Significant","truncating"
"11669C>T","6211G>A",29,27.2338787295476,0.0272884986493411,0.734,"Not Significant","truncating"
"11669C>T","10761T>C",27,20.5813282001925,0.117890365967182,0.117,"Not Significant","truncating"
"11669C>T","15723G>A",19,20.3734359961501,-0.0303106783332653,0.799,"Not Significant","truncating"
"11669C>T","13636C>T",21,25.3628488931665,-0.0819787395342267,0.35,"Not Significant","truncating"
"11669C>T","14354T>C",36,27.0259865255053,0.124520944866296,0.047,"Significant","truncating"
"11669C>T","5260G>A",27,32.4311838306064,-0.0795990377889584,0.298,"Not Significant","truncating"
"11669C>T","13409A>G",29,20.9971126082772,0.140238420521989,0.042,"Significant","truncating"
"11669C>T","15075C>A",20,15.5919153031761,0.108130528677914,0.235,"Not Significant","truncating"
"11669C>T","3824G>A",16,14.7603464870067,0.0350234303428681,0.754,"Not Significant","truncating"
"11669C>T","13156C>T",22,23.9076034648701,-0.0361133631250014,0.706,"Not Significant","truncating"
"11669C>T","8366A>G",29,22.8681424446583,0.103167109146576,0.134,"Not Significant","truncating"
"11669C>T","15561G>A",22,23.4918190567854,-0.0284939662548416,0.801,"Not Significant","truncating"
"11669C>T","15879A>G",25,20.5813282001925,0.0844666104803613,0.299,"Not Significant","truncating"
"11669C>T","4485C>T",24,23.0760346487007,0.0170500593311227,0.895,"Not Significant","truncating"
"11669C>T","5348C>A",25,24.1154956689124,0.015643815851302,0.902,"Not Significant","truncating"
"11669C>T","12817C>A",9,10.1867179980751,-0.0537917741823802,0.72,"Not Significant","truncating"
"11669C>T","3718C>T",17,19.3339749759384,-0.0558722307691063,0.59,"Not Significant","truncating"
"11669C>T","3308T>C",23,18.502406159769,0.0944996257784676,0.276,"Not Significant","truncating"
"11669C>T","14157C>T",26,19.7497593840231,0.119411539087688,0.108,"Not Significant","truncating"
"11669C>T","7339A>G",34,20.1655437921078,0.226868979181381,0,"Significant","truncating"
"11669C>T","12006G>A",23,18.9181905678537,0.0848482401023385,0.291,"Not Significant","truncating"
"14283C>T","12809G>A",65,71.0991337824832,-0.0389509530069756,0.358,"Not Significant","truncating"
"14283C>T","11066C>T",65,49.4475457170356,0.118768615977396,0.009,"Significant","truncating"
"14283C>T","4969G>A",68,47.106833493744,0.159425000622527,0,"Significant","truncating"
"14283C>T","14592C>T",71,55.2993262752647,0.108538508494081,0.004,"Significant","truncating"
"14283C>T","6145G>A",50,52.6660250240616,-0.0225605368188196,0.635,"Not Significant","truncating"
"14283C>T","4262A>G",26,22.8219441770934,0.0566207092285286,0.459,"Not Significant","truncating"
"14283C>T","14044C>T",69,65.2473532242541,0.0242861916374821,0.556,"Not Significant","truncating"
"14283C>T","9054C>A",49,33.6477382098171,0.163240203622921,0.003,"Significant","truncating"
"14283C>T","8412T>G",49,44.7661212704524,0.0392466131592548,0.425,"Not Significant","truncating"
"14283C>T","8094T>A",40,37.451395572666,0.0285919856284438,0.609,"Not Significant","truncating"
"14283C>T","3842G>A",42,37.451395572666,0.0497812846983301,0.351,"Not Significant","truncating"
"14283C>T","10296C>T",67,41.2550529355149,0.210597653993466,0,"Significant","truncating"
"14283C>T","7122C>T",60,43.0105871029836,0.144575879583605,0.001,"Significant","truncating"
"14283C>T","14006G>A",55,41.8402309913378,0.118768615977357,0.006,"Significant","truncating"
"14283C>T","13031G>A",71,52.958614051973,0.127321737798106,0.003,"Significant","truncating"
"14283C>T","9952G>A",34,29.2589027911453,0.0652208809904719,0.3,"Not Significant","truncating"
"14283C>T","6901A>G",52,47.6920115495669,0.0375577031791896,0.439,"Not Significant","truncating"
"14283C>T","15234G>A",44,43.0105871029836,0.0098773056864123,0.918,"Not Significant","truncating"
"14283C>T","14401A>T",38,40.669874879692,-0.0294892396887863,0.631,"Not Significant","truncating"
"14283C>T","15170G>A",34,30.1366698748797,0.052383656285343,0.434,"Not Significant","truncating"
"14283C>T","8168C>T",46,43.888354186718,0.0204085365742712,0.707,"Not Significant","truncating"
"14283C>T","10677G>T",48,32.1847930702599,0.173590516165341,0,"Significant","truncating"
"14283C>T","11148T>A",37,33.3551491819057,0.0450388366788179,0.445,"Not Significant","truncating"
"14283C>T","5035G>A",48,30.7218479307026,0.193793902253564,0,"Significant","truncating"
"14283C>T","5920G>A",48,43.0105871029836,0.0476658665757298,0.356,"Not Significant","truncating"
"14283C>T","14343C>T",44,35.4032723772859,0.0944092701179213,0.077,"Not Significant","truncating"
"14283C>T","15882G>A",48,35.1106833493744,0.135801955276054,0.002,"Significant","truncating"
"14283C>T","15327C>G",17,17.2627526467757,-0.0066611263154077,1,"Not Significant","truncating"
"14283C>T","9216C>T",44,43.0105871029836,0.0098773056864123,0.907,"Not Significant","truncating"
"14283C>T","8391G>A",39,33.3551491819057,0.0679017196382619,0.245,"Not Significant","truncating"
"14283C>T","4989C>T",53,40.669874879692,0.115003033294869,0.018,"Significant","truncating"
"14283C>T","8235A>G",35,25.7478344562079,0.133327336148085,0.036,"Significant","truncating"
"14283C>T","6211G>A",41,38.3291626564004,0.0292545250123211,0.617,"Not Significant","truncating"
"14283C>T","10761T>C",33,28.9663137632339,0.0566207092285781,0.359,"Not Significant","truncating"
"14283C>T","15723G>A",35,28.6737247353224,0.0865839326059308,0.162,"Not Significant","truncating"
"14283C>T","13636C>T",48,35.6958614051973,0.128623370648951,0.01,"Significant","truncating"
"14283C>T","14354T>C",57,38.0365736284889,0.175673467313698,0,"Significant","truncating"
"14283C>T","5260G>A",47,45.6438883541867,0.0127152235296521,0.853,"Not Significant","truncating"
"14283C>T","13409A>G",33,29.5514918190568,0.0479345300435151,0.485,"Not Significant","truncating"
"14283C>T","15075C>A",26,21.944177093359,0.0736540485272329,0.293,"Not Significant","truncating"
"14283C>T","3824G>A",24,20.7738209817132,0.0626948569406734,0.441,"Not Significant","truncating"
"14283C>T","13156C>T",42,33.6477382098171,0.0962934139924558,0.059,"Not Significant","truncating"
"14283C>T","8366A>G",36,32.1847930702599,0.0486517795573429,0.436,"Not Significant","truncating"
"14283C>T","15561G>A",46,33.0625601539942,0.143421352146209,0.008,"Significant","truncating"
"14283C>T","15879A>G",41,28.9663137632339,0.150890626070169,0.007,"Significant","truncating"
"14283C>T","4485C>T",31,32.4773820981713,-0.0202193210038974,0.829,"Not Significant","truncating"
"14283C>T","5348C>A",31,33.9403272377286,-0.0393543314441008,0.562,"Not Significant","truncating"
"14283C>T","12817C>A",13,14.3368623676612,-0.0425107637729417,0.74,"Not Significant","truncating"
"14283C>T","3718C>T",23,27.2107795957652,-0.0730131485876264,0.34,"Not Significant","truncating"
"14283C>T","3308T>C",28,26.0404234841193,0.0315099886456134,0.73,"Not Significant","truncating"
"14283C>T","14157C>T",28,27.7959576515881,0.00317639000178376,1,"Not Significant","truncating"
"14283C>T","7339A>G",26,28.381135707411,-0.0380564223468631,0.616,"Not Significant","truncating"
"14283C>T","12006G>A",28,26.6256015399423,0.0218586029694692,0.809,"Not Significant","truncating"
"12809G>A","11066C>T",29,39.5255052935515,-0.134479432755453,0.04,"Significant","truncating"
"12809G>A","4969G>A",29,37.6544754571703,-0.113418604173684,0.086,"Not Significant","truncating"
"12809G>A","14592C>T",52,44.2030798845043,0.070550813420273,0.159,"Not Significant","truncating"
"12809G>A","6145G>A",57,42.0981713185756,0.131611624527781,0.005,"Significant","truncating"
"12809G>A","4262A>G",19,18.2425409047161,0.0176682722211189,0.896,"Not Significant","truncating"
"12809G>A","14044C>T",123,52.1549566891242,0.372609522349623,0,"Significant","truncating"
"12809G>A","9054C>A",20,26.8960538979788,-0.128658570730209,0.116,"Not Significant","truncating"
"12809G>A","8412T>G",42,35.7834456207892,0.0695671335389873,0.209,"Not Significant","truncating"
"12809G>A","8094T>A",40,29.9364773820982,0.125859295638594,0.029,"Significant","truncating"
"12809G>A","3842G>A",30,29.9364773820982,0.000920559030656179,1,"Not Significant","truncating"
"12809G>A","10296C>T",28,32.9769008662175,-0.0710518073540615,0.313,"Not Significant","truncating"
"12809G>A","7122C>T",27,34.3801732435034,-0.104944296629978,0.156,"Not Significant","truncating"
"12809G>A","14006G>A",22,33.4446583253128,-0.181904082683315,0.013,"Significant","truncating"
"12809G>A","13031G>A",34,42.3320500481232,-0.0951903838678127,0.114,"Not Significant","truncating"
"12809G>A","9952G>A",32,23.3878729547642,0.136159252278272,0.043,"Significant","truncating"
"12809G>A","6901A>G",48,38.1222329162656,0.10006290693026,0.037,"Significant","truncating"
"12809G>A","15234G>A",51,34.3801732435034,0.171262115308214,0.001,"Significant","truncating"
"12809G>A","14401A>T",47,32.5091434071222,0.160092331640076,0.003,"Significant","truncating"
"12809G>A","15170G>A",15,24.0895091434071,-0.205736691689533,0.027,"Significant","truncating"
"12809G>A","8168C>T",41,35.0818094321463,0.0677018716227408,0.262,"Not Significant","truncating"
"12809G>A","10677G>T",19,25.7266602502406,-0.131629810245933,0.128,"Not Significant","truncating"
"12809G>A","11148T>A",43,26.6621751684312,0.20757287820136,0,"Significant","truncating"
"12809G>A","5035G>A",24,24.5572666025024,-0.00996878339942577,0.928,"Not Significant","truncating"
"12809G>A","5920G>A",57,34.3801732435034,0.219566794882679,0,"Significant","truncating"
"12809G>A","14343C>T",40,28.2993262752647,0.150283894969929,0.009,"Significant","truncating"
"12809G>A","15882G>A",20,28.065447545717,-0.147141976424154,0.055,"Not Significant","truncating"
"12809G>A","15327C>G",9,13.7988450433109,-0.185600228242276,0.156,"Not Significant","truncating"
"12809G>A","9216C>T",41,34.3801732435034,0.0764757959302207,0.193,"Not Significant","truncating"
"12809G>A","8391G>A",34,26.6621751684312,0.105583339664296,0.104,"Not Significant","truncating"
"12809G>A","4989C>T",37,32.5091434071222,0.0561961977716029,0.382,"Not Significant","truncating"
"12809G>A","8235A>G",12,20.5813282001925,-0.234292152142169,0.029,"Significant","truncating"
"12809G>A","6211G>A",38,30.6381135707411,0.0935215749196365,0.11,"Not Significant","truncating"
"12809G>A","10761T>C",27,23.1539942252166,0.0667378435200355,0.395,"Not Significant","truncating"
"12809G>A","15723G>A",20,22.9201154956689,-0.0591868060693718,0.533,"Not Significant","truncating"
"12809G>A","13636C>T",26,28.5332050048123,-0.0403772087449168,0.589,"Not Significant","truncating"
"12809G>A","14354T>C",46,30.4042348411935,0.179823753333118,0,"Significant","truncating"
"12809G>A","5260G>A",38,36.4850818094321,0.0176682722211664,0.766,"Not Significant","truncating"
"12809G>A","13409A>G",24,23.6217516843118,0.00689914188779968,1,"Not Significant","truncating"
"12809G>A","15075C>A",23,17.5409047160731,0.11767584658417,0.149,"Not Significant","truncating"
"12809G>A","3824G>A",16,16.6053897978826,-0.0161290921041863,0.883,"Not Significant","truncating"
"12809G>A","13156C>T",20,26.8960538979788,-0.128658570730209,0.117,"Not Significant","truncating"
"12809G>A","8366A>G",42,25.7266602502406,0.212865879197887,0,"Significant","truncating"
"12809G>A","15561G>A",17,26.4282964388835,-0.191620248145369,0.026,"Significant","truncating"
"12809G>A","15879A>G",20,23.1539942252166,-0.0635959249744077,0.458,"Not Significant","truncating"
"12809G>A","4485C>T",24,25.9605389797883,-0.0341024631160496,0.706,"Not Significant","truncating"
"12809G>A","5348C>A",32,27.1299326275265,0.0717012630516091,0.29,"Not Significant","truncating"
"12809G>A","12817C>A",5,11.4600577478345,-0.360216801728733,0.046,"Significant","truncating"
"12809G>A","3718C>T",28,21.7507218479307,0.109684356746704,0.134,"Not Significant","truncating"
"12809G>A","3308T>C",29,20.8152069297401,0.14401726521232,0.034,"Significant","truncating"
"12809G>A","14157C>T",32,22.218479307026,0.158435646989326,0.019,"Significant","truncating"
"12809G>A","7339A>G",40,22.6862367661213,0.246297531019754,0,"Significant","truncating"
"12809G>A","12006G>A",22,21.2829643888354,0.0143905624599114,0.891,"Not Significant","truncating"
"11066C>T","4969G>A",69,26.1876804619827,0.420752057647881,0,"Significant","truncating"
"11066C>T","14592C>T",25,30.7420596727623,-0.0897929525573782,0.229,"Not Significant","truncating"
"11066C>T","6145G>A",26,29.2781520692974,-0.0515703141887972,0.497,"Not Significant","truncating"
"11066C>T","4262A>G",19,12.6871992300289,0.175387841204715,0.052,"Not Significant","truncating"
"11066C>T","14044C>T",39,36.2723772858518,0.0314885869217587,0.618,"Not Significant","truncating"
"11066C>T","9054C>A",53,18.7054860442733,0.452306872189179,0,"Significant","truncating"
"11066C>T","8412T>G",22,24.8864292589028,-0.0535399070516597,0.553,"Not Significant","truncating"
"11066C>T","8094T>A",11,20.8200192492782,-0.277088441544277,0.023,"Significant","truncating"
"11066C>T","3842G>A",21,20.8200192492782,0.00373816802953691,1,"Not Significant","truncating"
"11066C>T","10296C>T",36,22.934552454283,0.195812231054724,0.002,"Significant","truncating"
"11066C>T","7122C>T",54,23.9104908565929,0.353805268017284,0,"Significant","truncating"
"11066C>T","14006G>A",42,23.2598652550529,0.25664209587551,0,"Significant","truncating"
"11066C>T","13031G>A",40,29.4408084696824,0.133110259401892,0.02,"Significant","truncating"
"11066C>T","9952G>A",15,16.2656400384986,-0.0351798980005894,0.773,"Not Significant","truncating"
"11066C>T","6901A>G",29,26.5129932627526,0.0389392364383617,0.671,"Not Significant","truncating"
"11066C>T","15234G>A",16,23.9104908565929,-0.174468509147849,0.076,"Not Significant","truncating"
"11066C>T","14401A>T",17,22.609239653513,-0.123837035931684,0.195,"Not Significant","truncating"
"11066C>T","15170G>A",15,16.7536092396535,-0.048017122705684,0.694,"Not Significant","truncating"
"11066C>T","8168C>T",27,24.3984600577478,0.0440013480466385,0.57,"Not Significant","truncating"
"11066C>T","10677G>T",43,17.8922040423484,0.380804613363448,0,"Significant","truncating"
"11066C>T","11148T>A",17,18.5428296438884,-0.0377270870144822,0.694,"Not Significant","truncating"
"11066C>T","5035G>A",29,17.0789220404235,0.229937541771477,0.001,"Significant","truncating"
"11066C>T","5920G>A",20,23.9104908565929,-0.0775584961403359,0.411,"Not Significant","truncating"
"11066C>T","14343C>T",15,19.6814244465833,-0.117965268316576,0.264,"Not Significant","truncating"
"11066C>T","15882G>A",32,19.5187680461983,0.214697575214917,0.002,"Significant","truncating"
"11066C>T","15327C>G",10,9.59672762271415,0.0178768313011772,1,"Not Significant","truncating"
"11066C>T","9216C>T",26,23.9104908565929,0.0363848561659998,0.642,"Not Significant","truncating"
"11066C>T","8391G>A",21,18.5428296438884,0.0540432863406765,0.607,"Not Significant","truncating"
"11066C>T","4989C>T",29,22.609239653513,0.108112040587942,0.15,"Not Significant","truncating"
"11066C>T","8235A>G",27,14.3137632338787,0.275609934950897,0,"Significant","truncating"
"11066C>T","6211G>A",31,21.3079884504331,0.162819241121375,0.018,"Significant","truncating"
"11066C>T","10761T>C",12,16.1029836381136,-0.127725105605499,0.265,"Not Significant","truncating"
"11066C>T","15723G>A",21,15.9403272377286,0.119722061984272,0.139,"Not Significant","truncating"
"11066C>T","13636C>T",30,19.8440808469682,0.179490266987677,0.013,"Significant","truncating"
"11066C>T","14354T>C",23,21.1453320500481,0.0365133266540944,0.7,"Not Significant","truncating"
"11066C>T","5260G>A",24,25.3743984600577,-0.0241845136992536,0.826,"Not Significant","truncating"
"11066C>T","13409A>G",21,16.4282964388835,0.106626763894205,0.211,"Not Significant","truncating"
"11066C>T","15075C>A",7,12.1992300288739,-0.241234380431295,0.119,"Not Significant","truncating"
"11066C>T","3824G>A",13,11.548604427334,0.0514138465308455,0.776,"Not Significant","truncating"
"11066C>T","13156C>T",17,18.7054860442733,-0.041520076031601,0.674,"Not Significant","truncating"
"11066C>T","8366A>G",12,17.8922040423484,-0.173482596165904,0.127,"Not Significant","truncating"
"11066C>T","15561G>A",31,18.3801732435034,0.227012093293395,0,"Significant","truncating"
"11066C>T","15879A>G",15,16.1029836381136,-0.0308150925981663,0.762,"Not Significant","truncating"
"11066C>T","4485C>T",27,18.0548604427334,0.174769628315037,0.022,"Significant","truncating"
"11066C>T","5348C>A",26,18.8681424446583,0.139244201686772,0.047,"Significant","truncating"
"11066C>T","12817C>A",4,7.97016361886429,-0.299407245751639,0.152,"Not Significant","truncating"
"11066C>T","3718C>T",14,15.1270452358037,-0.0336260699319621,0.776,"Not Significant","truncating"
"11066C>T","3308T>C",16,14.4764196342637,0.0434588189542301,0.656,"Not Significant","truncating"
"11066C>T","14157C>T",8,15.4523580365736,-0.285904775350782,0.037,"Significant","truncating"
"11066C>T","7339A>G",12,15.7776708373436,-0.11886164527425,0.317,"Not Significant","truncating"
"11066C>T","12006G>A",20,14.8017324350337,0.130717446285629,0.113,"Not Significant","truncating"
"4969G>A","14592C>T",23,29.2868142444658,-0.104944296629918,0.196,"Not Significant","truncating"
"4969G>A","6145G>A",20,27.8922040423484,-0.144452837913383,0.084,"Not Significant","truncating"
"4969G>A","4262A>G",12,12.0866217516843,-0.00312368511750193,1,"Not Significant","truncating"
"4969G>A","14044C>T",38,34.5553416746872,0.0412684050938632,0.562,"Not Significant","truncating"
"4969G>A","9054C>A",57,17.8200192492782,0.504966686842532,0,"Significant","truncating"
"4969G>A","8412T>G",13,23.7083734359961,-0.260958406983925,0.013,"Significant","truncating"
"4969G>A","8094T>A",9,19.8344562078922,-0.34317778868058,0.008,"Significant","truncating"
"4969G>A","3842G>A",24,19.8344562078922,0.0827909435886854,0.309,"Not Significant","truncating"
"4969G>A","10296C>T",50,21.8488931665063,0.359540563204848,0,"Significant","truncating"
"4969G>A","7122C>T",48,22.7786333012512,0.323713574151737,0,"Significant","truncating"
"4969G>A","14006G>A",52,22.1588065447546,0.37045697769394,0,"Significant","truncating"
"4969G>A","13031G>A",40,28.0471607314726,0.154171087983643,0.009,"Significant","truncating"
"4969G>A","9952G>A",17,15.4956689124158,0.0402385929033537,0.665,"Not Significant","truncating"
"4969G>A","6901A>G",24,25.2579403272377,-0.0221866911669339,0.826,"Not Significant","truncating"
"4969G>A","15234G>A",9,22.7786333012512,-0.403285153780605,0,"Significant","truncating"
"4969G>A","14401A>T",6,21.5389797882579,-0.555073878339902,0,"Significant","truncating"
"4969G>A","15170G>A",14,15.9605389797883,-0.0569195175012254,0.684,"Not Significant","truncating"
"4969G>A","8168C>T",30,23.2435033686237,0.110819667188888,0.121,"Not Significant","truncating"
"4969G>A","10677G>T",61,17.0452358036574,0.553726821376034,0,"Significant","truncating"
"4969G>A","11148T>A",12,17.665062560154,-0.167933933762359,0.132,"Not Significant","truncating"
"4969G>A","5035G>A",32,16.2704523580366,0.293750350773984,0,"Significant","truncating"
"4969G>A","5920G>A",14,22.7786333012512,-0.211399627543415,0.034,"Significant","truncating"
"4969G>A","14343C>T",12,18.7497593840231,-0.193814452742195,0.067,"Not Significant","truncating"
"4969G>A","15882G>A",46,18.5948026948989,0.393366257157886,0,"Significant","truncating"
"4969G>A","15327C>G",8,9.14244465832531,-0.0579723531241945,0.7,"Not Significant","truncating"
"4969G>A","9216C>T",22,22.7786333012512,-0.0151049824005747,0.897,"Not Significant","truncating"
"4969G>A","8391G>A",22,17.665062560154,0.0953075010105769,0.292,"Not Significant","truncating"
"4969G>A","4989C>T",31,21.5389797882579,0.15813656510489,0.027,"Significant","truncating"
"4969G>A","8235A>G",25,13.6361886429259,0.263247008045749,0.001,"Significant","truncating"
"4969G>A","6211G>A",26,20.2993262752647,0.107491723839912,0.169,"Not Significant","truncating"
"4969G>A","10761T>C",12,15.3407122232916,-0.106664277023809,0.42,"Not Significant","truncating"
"4969G>A","15723G>A",22,15.1857555341675,0.160986276654153,0.045,"Significant","truncating"
"4969G>A","13636C>T",36,18.9047160731473,0.279732341616776,0,"Significant","truncating"
"4969G>A","14354T>C",22,20.1443695861405,0.0382690000405153,0.688,"Not Significant","truncating"
"4969G>A","5260G>A",30,24.1732435033686,0.0937863278901796,0.178,"Not Significant","truncating"
"4969G>A","13409A>G",17,15.6506256015399,0.0359172191207388,0.777,"Not Significant","truncating"
"4969G>A","15075C>A",4,11.6217516843118,-0.463211600531289,0.015,"Significant","truncating"
"4969G>A","3824G>A",14,11.0019249278152,0.104659358483645,0.38,"Not Significant","truncating"
"4969G>A","13156C>T",22,17.8200192492782,0.0915145119934593,0.275,"Not Significant","truncating"
"4969G>A","8366A>G",7,17.0452358036574,-0.386504973614984,0.005,"Significant","truncating"
"4969G>A","15561G>A",38,17.5101058710298,0.336494824657381,0,"Significant","truncating"
"4969G>A","15879A>G",13,15.3407122232916,-0.0719021707648757,0.571,"Not Significant","truncating"
"4969G>A","4485C>T",24,17.2001924927815,0.144677934449561,0.058,"Not Significant","truncating"
"4969G>A","5348C>A",22,17.9749759384023,0.0877543631201735,0.25,"Not Significant","truncating"
"4969G>A","12817C>A",4,7.59287776708373,-0.278346417170086,0.148,"Not Significant","truncating"
"4969G>A","3718C>T",15,14.4109720885467,0.0173979820269555,0.878,"Not Significant","truncating"
"4969G>A","3308T>C",8,13.79114533205,-0.236510348125362,0.088,"Not Significant","truncating"
"4969G>A","14157C>T",12,14.720885466795,-0.0887526877152262,0.453,"Not Significant","truncating"
"4969G>A","7339A>G",8,15.0307988450433,-0.273892075746434,0.038,"Significant","truncating"
"4969G>A","12006G>A",19,14.1010587102984,0.129501880156269,0.169,"Not Significant","truncating"
"14592C>T","6145G>A",46,32.7430221366699,0.147639069961819,0.005,"Significant","truncating"
"14592C>T","4262A>G",11,14.1886429258903,-0.110548174147435,0.362,"Not Significant","truncating"
"14592C>T","14044C>T",43,40.5649663137632,0.0253173359152986,0.689,"Not Significant","truncating"
"14592C>T","9054C>A",16,20.9191530317613,-0.116424114313115,0.259,"Not Significant","truncating"
"14592C>T","8412T>G",42,27.8315688161694,0.178711602963709,0.002,"Significant","truncating"
"14592C>T","8094T>A",26,23.283926852743,0.0479171217066881,0.535,"Not Significant","truncating"
"14592C>T","3842G>A",24,23.283926852743,0.0131550154476153,0.898,"Not Significant","truncating"
"14592C>T","10296C>T",32,25.6487006737247,0.0960846090481234,0.162,"Not Significant","truncating"
"14592C>T","7122C>T",26,26.7401347449471,-0.0121902433933787,0.909,"Not Significant","truncating"
"14592C>T","14006G>A",21,26.0125120307988,-0.0929629993468108,0.26,"Not Significant","truncating"
"14592C>T","13031G>A",33,32.9249278152069,0.000989108392633239,1,"Not Significant","truncating"
"14592C>T","9952G>A",23,18.1905678537055,0.101881579401027,0.212,"Not Significant","truncating"
"14592C>T","6901A>G",28,29.6506256015399,-0.024875829677719,0.735,"Not Significant","truncating"
"14592C>T","15234G>A",27,26.7401347449471,0.00420017279472877,1,"Not Significant","truncating"
"14592C>T","14401A>T",36,25.2848893166506,0.153441443896614,0.011,"Significant","truncating"
"14592C>T","15170G>A",21,18.7362848893167,0.0495358134124305,0.602,"Not Significant","truncating"
"14592C>T","8168C>T",30,27.2858517805582,0.0411837390477705,0.534,"Not Significant","truncating"
"14592C>T","10677G>T",15,20.009624639076,-0.125147682717886,0.187,"Not Significant","truncating"
"14592C>T","11148T>A",22,20.7372473532243,0.0256715728695467,0.803,"Not Significant","truncating"
"14592C>T","5035G>A",19,19.1000962463908,-0.00228195473316391,1,"Not Significant","truncating"
"14592C>T","5920G>A",30,26.7401347449471,0.0499576633552431,0.501,"Not Significant","truncating"
"14592C>T","14343C>T",29,22.0105871029836,0.119766370965964,0.107,"Not Significant","truncating"
"14592C>T","15882G>A",15,21.8286814244466,-0.162936243607105,0.091,"Not Significant","truncating"
"14592C>T","15327C>G",8,10.7324350336862,-0.127608281264885,0.388,"Not Significant","truncating"
"14592C>T","9216C>T",30,26.7401347449471,0.0499576633552431,0.533,"Not Significant","truncating"
"14592C>T","8391G>A",28,20.7372473532243,0.130406923389137,0.056,"Not Significant","truncating"
"14592C>T","4989C>T",26,25.2848893166506,0.0121122911006089,0.892,"Not Significant","truncating"
"14592C>T","8235A>G",16,16.0076997112608,-0.000208946110309245,1,"Not Significant","truncating"
"14592C>T","6211G>A",26,23.8296438883542,0.0378557956988348,0.619,"Not Significant","truncating"
"14592C>T","10761T>C",9,18.0086621751684,-0.301238941771878,0.014,"Significant","truncating"
"14592C>T","15723G>A",18,17.8267564966314,0.00420017279472094,1,"Not Significant","truncating"
"14592C>T","13636C>T",24,22.1924927815207,0.0340051544206437,0.675,"Not Significant","truncating"
"14592C>T","14354T>C",28,23.6477382098171,0.0733684224190302,0.332,"Not Significant","truncating"
"14592C>T","5260G>A",29,28.3772858517806,0.00942714292839488,0.897,"Not Significant","truncating"
"14592C>T","13409A>G",19,18.3724735322425,0.0145859705540415,0.894,"Not Significant","truncating"
"14592C>T","15075C>A",16,13.6429258902791,0.069212462647689,0.535,"Not Significant","truncating"
"14592C>T","3824G>A",18,12.9153031761309,0.144167899767214,0.11,"Not Significant","truncating"
"14592C>T","13156C>T",17,20.9191530317613,-0.0900951755909259,0.376,"Not Significant","truncating"
"14592C>T","8366A>G",17,20.009624639076,-0.0707900203956336,0.441,"Not Significant","truncating"
"14592C>T","15561G>A",26,20.5553416746872,0.102048647870889,0.199,"Not Significant","truncating"
"14592C>T","15879A>G",26,18.0086621751684,0.15949189675646,0.03,"Significant","truncating"
"14592C>T","4485C>T",20,20.1915303176131,-0.0041392397387224,1,"Not Significant","truncating"
"14592C>T","5348C>A",15,21.1010587102984,-0.148212986786467,0.123,"Not Significant","truncating"
"14592C>T","12817C>A",6,8.91337824831569,-0.171891086258571,0.351,"Not Significant","truncating"
"14592C>T","3718C>T",24,16.9172281039461,0.151882036540847,0.055,"Not Significant","truncating"
"14592C>T","3308T>C",13,16.1896053897979,-0.0952929109534845,0.404,"Not Significant","truncating"
"14592C>T","14157C>T",28,17.2810394610202,0.209588169436343,0.001,"Significant","truncating"
"14592C>T","7339A>G",15,17.6448508180943,-0.0705267318261963,0.478,"Not Significant","truncating"
"14592C>T","12006G>A",21,16.553416746872,0.103331645796203,0.271,"Not Significant","truncating"
"6145G>A","4262A>G",13,13.5129932627526,-0.0168082079296455,0.876,"Not Significant","truncating"
"6145G>A","14044C>T",42,38.6333012512031,0.036287469803521,0.557,"Not Significant","truncating"
"6145G>A","9054C>A",11,19.9230028873917,-0.257962112739747,0.036,"Significant","truncating"
"6145G>A","8412T>G",38,26.5062560153994,0.156435208252587,0.007,"Significant","truncating"
"6145G>A","8094T>A",36,22.1751684311838,0.210435573572538,0.001,"Significant","truncating"
"6145G>A","3842G>A",33,22.1751684311838,0.172647012683248,0.011,"Significant","truncating"
"6145G>A","10296C>T",23,24.4273339749759,-0.0261482341838054,0.816,"Not Significant","truncating"
"6145G>A","7122C>T",26,25.4667949951877,0.00899905567647821,0.902,"Not Significant","truncating"
"6145G>A","14006G>A",21,24.7738209817132,-0.0717737002769562,0.387,"Not Significant","truncating"
"6145G>A","13031G>A",34,31.3570741097209,0.0351433846268344,0.586,"Not Significant","truncating"
"6145G>A","9952G>A",22,17.3243503368624,0.103765723275545,0.199,"Not Significant","truncating"
"6145G>A","6901A>G",24,28.2386910490857,-0.0706333202382088,0.329,"Not Significant","truncating"
"6145G>A","15234G>A",23,25.4667949951877,-0.044246456276529,0.644,"Not Significant","truncating"
"6145G>A","14401A>T",75,24.0808469682387,0.493389505590252,0,"Significant","truncating"
"6145G>A","15170G>A",14,17.8440808469682,-0.105366146572395,0.328,"Not Significant","truncating"
"6145G>A","8168C>T",19,25.9865255052935,-0.135994615648366,0.144,"Not Significant","truncating"
"6145G>A","10677G>T",18,19.0567853705486,-0.0247771376009139,0.813,"Not Significant","truncating"
"6145G>A","11148T>A",22,19.7497593840231,0.0468608719393801,0.58,"Not Significant","truncating"
"6145G>A","5035G>A",20,18.1905678537055,0.0411837390476984,0.69,"Not Significant","truncating"
"6145G>A","5920G>A",29,25.4667949951877,0.0564237056044435,0.43,"Not Significant","truncating"
"6145G>A","14343C>T",32,20.9624639076035,0.183707650456613,0.002,"Significant","truncating"
"6145G>A","15882G>A",13,20.7892204042348,-0.203894851285665,0.038,"Significant","truncating"
"6145G>A","15327C>G",10,10.2213666987488,-0.00950896918817882,1,"Not Significant","truncating"
"6145G>A","9216C>T",27,25.4667949951877,0.0253894718645857,0.733,"Not Significant","truncating"
"6145G>A","8391G>A",15,19.7497593840231,-0.119470549826224,0.205,"Not Significant","truncating"
"6145G>A","4989C>T",29,24.0808469682387,0.0807262400984264,0.263,"Not Significant","truncating"
"6145G>A","8235A>G",16,15.2454282964389,0.0209803529594932,0.888,"Not Significant","truncating"
"6145G>A","6211G>A",30,22.6948989412897,0.121193001517304,0.077,"Not Significant","truncating"
"6145G>A","10761T>C",22,17.1511068334937,0.10813052867797,0.196,"Not Significant","truncating"
"6145G>A","15723G>A",15,16.9778633301251,-0.053791774182605,0.674,"Not Significant","truncating"
"6145G>A","13636C>T",20,21.1357074109721,-0.023986792556779,0.79,"Not Significant","truncating"
"6145G>A","14354T>C",29,22.5216554379211,0.10979768804556,0.147,"Not Significant","truncating"
"6145G>A","5260G>A",25,27.0259865255053,-0.0338415472284225,0.645,"Not Significant","truncating"
"6145G>A","13409A>G",24,17.497593840231,0.137232910382162,0.09,"Not Significant","truncating"
"6145G>A","15075C>A",17,12.9932627526468,0.116730700439657,0.206,"Not Significant","truncating"
"6145G>A","3824G>A",20,12.3002887391723,0.211114689397418,0.015,"Significant","truncating"
"6145G>A","13156C>T",27,19.9230028873917,0.132008966258676,0.068,"Not Significant","truncating"
"6145G>A","8366A>G",54,19.0567853705486,0.45234411711714,0,"Significant","truncating"
"6145G>A","15561G>A",14,19.5765158806545,-0.145607365350427,0.161,"Not Significant","truncating"
"6145G>A","15879A>G",21,17.1511068334937,0.0879271425897766,0.295,"Not Significant","truncating"
"6145G>A","4485C>T",18,19.2300288739172,-0.0287074312293257,0.783,"Not Significant","truncating"
"6145G>A","5348C>A",13,20.0962463907603,-0.189171594465031,0.078,"Not Significant","truncating"
"6145G>A","12817C>A",7,8.48893166506256,-0.0837549975592973,0.719,"Not Significant","truncating"
"6145G>A","3718C>T",20,16.111645813282,0.0938900895633934,0.307,"Not Significant","truncating"
"6145G>A","3308T>C",18,15.4186717998075,0.0672255409118606,0.462,"Not Significant","truncating"
"6145G>A","14157C>T",31,16.4581328200192,0.274981130998058,0,"Significant","truncating"
"6145G>A","7339A>G",22,16.8046198267565,0.116993989009222,0.176,"Not Significant","truncating"
"6145G>A","12006G>A",20,15.7651588065448,0.103331645796176,0.259,"Not Significant","truncating"
"4262A>G","14044C>T",13,16.7410972088547,-0.10984056587388,0.303,"Not Significant","truncating"
"4262A>G","9054C>A",6,8.63330125120308,-0.158025645101063,0.348,"Not Significant","truncating"
"4262A>G","8412T>G",15,11.4860442733397,0.115920773103894,0.254,"Not Significant","truncating"
"4262A>G","8094T>A",10,9.609239653513,0.0173109752186519,1,"Not Significant","truncating"
"4262A>G","3842G>A",7,9.609239653513,-0.13759098476523,0.397,"Not Significant","truncating"
"4262A>G","10296C>T",12,10.5851780558229,0.0544830782584581,0.738,"Not Significant","truncating"
"4262A>G","7122C>T",15,11.0356111645813,0.133294869173162,0.245,"Not Significant","truncating"
"4262A>G","14006G>A",14,10.735322425409,0.11531294307893,0.28,"Not Significant","truncating"
"4262A>G","13031G>A",13,13.5880654475457,-0.0192142776955062,0.89,"Not Significant","truncating"
"4262A>G","9952G>A",11,7.50721847930703,0.165913630023085,0.233,"Not Significant","truncating"
"4262A>G","6901A>G",10,12.2367661212705,-0.087666659536467,0.512,"Not Significant","truncating"
"4262A>G","15234G>A",9,11.0356111645813,-0.0885538804412642,0.494,"Not Significant","truncating"
"4262A>G","14401A>T",10,10.4350336862368,-0.018493855387217,1,"Not Significant","truncating"
"4262A>G","15170G>A",8,7.73243503368624,0.0147737071532805,1,"Not Significant","truncating"
"4262A>G","8168C>T",10,11.2608277189605,-0.051570314188498,0.764,"Not Significant","truncating"
"4262A>G","10677G>T",9,8.25794032723773,0.0373707691473632,0.844,"Not Significant","truncating"
"4262A>G","11148T>A",9,8.55822906641001,0.0218586029693002,1,"Not Significant","truncating"
"4262A>G","5035G>A",11,7.88257940327238,0.144724330953422,0.225,"Not Significant","truncating"
"4262A>G","5920G>A",13,11.0356111645813,0.0711469624247629,0.617,"Not Significant","truncating"
"4262A>G","14343C>T",16,9.0837343599615,0.245855557204105,0.01,"Significant","truncating"
"4262A>G","15882G>A",9,9.00866217516843,-0.000417791741598356,1,"Not Significant","truncating"
"4262A>G","15327C>G",2,4.42925890279115,-0.345301071099556,0.309,"Not Significant","truncating"
"4262A>G","9216C>T",13,11.0356111645813,0.0711469624247629,0.598,"Not Significant","truncating"
"4262A>G","8391G>A",5,8.55822906641001,-0.233413902130146,0.185,"Not Significant","truncating"
"4262A>G","4989C>T",14,10.4350336862368,0.12763418028978,0.212,"Not Significant","truncating"
"4262A>G","8235A>G",5,6.60635226179018,-0.120991722945341,0.57,"Not Significant","truncating"
"4262A>G","6211G>A",11,9.83445620789221,0.0486423343686897,0.732,"Not Significant","truncating"
"4262A>G","10761T>C",4,7.43214629451396,-0.269054258397877,0.22,"Not Significant","truncating"
"4262A>G","15723G>A",17,7.35707410972089,0.363743790549128,0,"Significant","truncating"
"4262A>G","13636C>T",9,9.15880654475457,-0.00759637636864268,1,"Not Significant","truncating"
"4262A>G","14354T>C",7,9.75938402309913,-0.144324367424129,0.37,"Not Significant","truncating"
"4262A>G","5260G>A",19,11.711260827719,0.210149947463642,0.013,"Significant","truncating"
"4262A>G","13409A>G",7,7.5822906641001,-0.0347023889012123,0.849,"Not Significant","truncating"
"4262A>G","15075C>A",3,5.63041385948027,-0.273419063798578,0.281,"Not Significant","truncating"
"4262A>G","3824G>A",17,5.33012512030799,0.503711517520302,0,"Significant","truncating"
"4262A>G","13156C>T",10,8.63330125120308,0.0638231045123979,0.732,"Not Significant","truncating"
"4262A>G","8366A>G",8,8.25794032723773,-0.0137817532994148,1,"Not Significant","truncating"
"4262A>G","15561G>A",7,8.48315688161694,-0.0834594586013811,0.72,"Not Significant","truncating"
"4262A>G","15879A>G",9,7.43214629451396,0.083128259707454,0.541,"Not Significant","truncating"
"4262A>G","4485C>T",13,8.3330125120308,0.193141318385005,0.077,"Not Significant","truncating"
"4262A>G","5348C>A",8,8.70837343599615,-0.0368470573678362,0.839,"Not Significant","truncating"
"4262A>G","12817C>A",4,3.67853705486044,0.0363848561651969,1,"Not Significant","truncating"
"4262A>G","3718C>T",10,6.98171318575553,0.156037996310884,0.201,"Not Significant","truncating"
"4262A>G","3308T>C",8,6.68142444658325,0.0782209252126564,0.68,"Not Significant","truncating"
"4262A>G","14157C>T",7,7.13185755534167,-0.00810462040777925,1,"Not Significant","truncating"
"4262A>G","7339A>G",16,7.28200192492782,0.341869193253127,0.001,"Significant","truncating"
"4262A>G","12006G>A",4,6.83156881616939,-0.232460456121934,0.299,"Not Significant","truncating"
"14044C>T","9054C>A",24,24.6823869104909,-0.0121759141329389,0.899,"Not Significant","truncating"
"14044C>T","8412T>G",39,32.8383060635226,0.0746838607177083,0.197,"Not Significant","truncating"
"14044C>T","8094T>A",35,27.4725697786333,0.105168759211084,0.097,"Not Significant","truncating"
"14044C>T","3842G>A",27,27.4725697786333,-0.00753552097983663,1,"Not Significant","truncating"
"14044C>T","10296C>T",32,30.2627526467757,0.024241550173465,0.751,"Not Significant","truncating"
"14044C>T","7122C>T",30,31.5505293551492,-0.0218853955194257,0.768,"Not Significant","truncating"
"14044C>T","14006G>A",39,30.6920115495669,0.104039254070153,0.086,"Not Significant","truncating"
"14044C>T","13031G>A",30,38.8479307025987,-0.112246635640176,0.075,"Not Significant","truncating"
"14044C>T","9952G>A",24,21.4629451395573,0.048521926220409,0.537,"Not Significant","truncating"
"14044C>T","6901A>G",40,34.9846005774783,0.0581830714328656,0.308,"Not Significant","truncating"
"14044C>T","15234G>A",47,31.5505293551492,0.173091207696106,0,"Significant","truncating"
"14044C>T","14401A>T",36,29.8334937439846,0.0815983850219596,0.187,"Not Significant","truncating"
"14044C>T","15170G>A",16,22.106833493744,-0.140406557539481,0.128,"Not Significant","truncating"
"14044C>T","8168C>T",36,32.1944177093359,0.0485219262204803,0.426,"Not Significant","truncating"
"14044C>T","10677G>T",21,23.609239653513,-0.0508627059150605,0.529,"Not Significant","truncating"
"14044C>T","11148T>A",36,24.4677574590953,0.167708333939263,0.005,"Significant","truncating"
"14044C>T","5035G>A",29,22.5360923965351,0.109519383337605,0.146,"Not Significant","truncating"
"14044C>T","5920G>A",54,31.5505293551492,0.233387109583237,0,"Significant","truncating"
"14044C>T","14343C>T",36,25.9701636188643,0.141827814959388,0.021,"Significant","truncating"
"14044C>T","15882G>A",22,25.7555341674687,-0.068447880716114,0.418,"Not Significant","truncating"
"14044C>T","15327C>G",12,12.6631376323388,-0.0233600810853131,0.852,"Not Significant","truncating"
"14044C>T","9216C>T",33,31.5505293551492,0.0195072896386678,0.852,"Not Significant","truncating"
"14044C>T","8391G>A",33,24.4677574590953,0.129919773049973,0.027,"Significant","truncating"
"14044C>T","4989C>T",35,29.8334937439846,0.0693639286049825,0.25,"Not Significant","truncating"
"14044C>T","8235A>G",19,18.8873917228104,0.00258161331166351,1,"Not Significant","truncating"
"14044C>T","6211G>A",41,28.11645813282,0.163823245572503,0.004,"Significant","truncating"
"14044C>T","10761T>C",25,21.2483156881617,0.0706154985831978,0.375,"Not Significant","truncating"
"14044C>T","15723G>A",23,21.0336862367661,0.0388124448339382,0.677,"Not Significant","truncating"
"14044C>T","13636C>T",22,26.1847930702599,-0.0756264653432098,0.343,"Not Significant","truncating"
"14044C>T","14354T>C",36,27.9018286814245,0.110669832969117,0.072,"Not Significant","truncating"
"14044C>T","5260G>A",34,33.4821944177093,0.00666500319679052,0.919,"Not Significant","truncating"
"14044C>T","13409A>G",23,21.6775745909528,0.0257171467438518,0.813,"Not Significant","truncating"
"14044C>T","15075C>A",25,16.0972088546679,0.191189429788394,0.012,"Significant","truncating"
"14044C>T","3824G>A",17,15.2386910490857,0.0475012571679201,0.677,"Not Significant","truncating"
"14044C>T","13156C>T",24,24.6823869104909,-0.0121759141329389,0.889,"Not Significant","truncating"
"14044C>T","8366A>G",26,23.609239653513,0.0418913473214406,0.627,"Not Significant","truncating"
"14044C>T","15561G>A",29,24.2531280076997,0.07763023892426,0.277,"Not Significant","truncating"
"14044C>T","15879A>G",26,21.2483156881617,0.0876488378819113,0.229,"Not Significant","truncating"
"14044C>T","4485C>T",29,23.8238691049086,0.08538570362099,0.214,"Not Significant","truncating"
"14044C>T","5348C>A",27,24.8970163618864,0.0352164594409497,0.638,"Not Significant","truncating"
"14044C>T","12817C>A",8,10.5168431183831,-0.118795408526254,0.358,"Not Significant","truncating"
"14044C>T","3718C>T",27,19.9605389797883,0.131191500113502,0.05,"Not Significant","truncating"
"14044C>T","3308T>C",22,19.102021174206,0.0613433586860107,0.514,"Not Significant","truncating"
"14044C>T","14157C>T",30,20.3897978825794,0.167708333939149,0.014,"Significant","truncating"
"14044C>T","7339A>G",32,20.8190567853705,0.186688928561949,0.003,"Significant","truncating"
"14044C>T","12006G>A",16,19.5312800769971,-0.0866107251556613,0.338,"Not Significant","truncating"
"9054C>A","8412T>G",11,16.934552454283,-0.187381038454424,0.109,"Not Significant","truncating"
"9054C>A","8094T>A",6,14.167468719923,-0.373141012056486,0.016,"Significant","truncating"
"9054C>A","3842G>A",15,14.167468719923,0.0247989966112085,0.861,"Not Significant","truncating"
"9054C>A","10296C>T",41,15.6063522617902,0.419482451266198,0,"Significant","truncating"
"9054C>A","7122C>T",36,16.2704523580366,0.344902873221214,0,"Significant","truncating"
"9054C>A","14006G>A",46,15.827718960539,0.463339501418278,0,"Significant","truncating"
"9054C>A","13031G>A",34,20.0336862367661,0.229718049375746,0.002,"Significant","truncating"
"9054C>A","9952G>A",9,11.0683349374398,-0.0898397833562076,0.499,"Not Significant","truncating"
"9054C>A","6901A>G",15,18.041385948027,-0.0801786381442227,0.411,"Not Significant","truncating"
"9054C>A","15234G>A",15,16.2704523580366,-0.035308368488703,0.773,"Not Significant","truncating"
"9054C>A","14401A>T",7,15.3849855630414,-0.341999053032891,0.016,"Significant","truncating"
"9054C>A","15170G>A",11,11.400384985563,-0.0155268323432428,1,"Not Significant","truncating"
"9054C>A","8168C>T",28,16.6025024061598,0.226984479489039,0.001,"Significant","truncating"
"9054C>A","10677G>T",51,12.1751684311838,0.622095198140562,0,"Significant","truncating"
"9054C>A","11148T>A",9,12.6179018286814,-0.146744634692198,0.269,"Not Significant","truncating"
"9054C>A","5035G>A",29,11.6217516843118,0.397126406030344,0,"Significant","truncating"
"9054C>A","5920G>A",9,16.2704523580366,-0.257157118103129,0.052,"Not Significant","truncating"
"9054C>A","14343C>T",12,13.3926852743022,-0.0476864170648832,0.743,"Not Significant","truncating"
"9054C>A","15882G>A",34,13.2820019249278,0.408215378196204,0,"Significant","truncating"
"9054C>A","15327C>G",4,6.53031761308951,-0.212874313106409,0.303,"Not Significant","truncating"
"9054C>A","9216C>T",11,16.2704523580366,-0.170006942385106,0.163,"Not Significant","truncating"
"9054C>A","8391G>A",15,12.6179018286814,0.0751041149222278,0.529,"Not Significant","truncating"
"9054C>A","4989C>T",24,15.3849855630414,0.193114148660063,0.024,"Significant","truncating"
"9054C>A","8235A>G",22,9.74013474494706,0.353857715873119,0,"Significant","truncating"
"9054C>A","6211G>A",16,14.4995187680462,0.0427663942034453,0.648,"Not Significant","truncating"
"9054C>A","10761T>C",4,10.9576515880654,-0.437657496059128,0.024,"Significant","truncating"
"9054C>A","15723G>A",16,10.846968238691,0.168811614165706,0.091,"Not Significant","truncating"
"9054C>A","13636C>T",22,13.5033686236766,0.211980557349782,0.015,"Significant","truncating"
"9054C>A","14354T>C",16,14.3888354186718,0.0460943375523497,0.66,"Not Significant","truncating"
"9054C>A","5260G>A",18,17.2666025024062,0.0180656139523078,0.882,"Not Significant","truncating"
"9054C>A","13409A>G",9,11.1790182868142,-0.0941611571388114,0.516,"Not Significant","truncating"
"9054C>A","15075C>A",6,8.30125120307988,-0.140992305802484,0.472,"Not Significant","truncating"
"9054C>A","3824G>A",13,7.85851780558229,0.218602710789142,0.037,"Significant","truncating"
"9054C>A","13156C>T",10,12.7285851780558,-0.104780133149115,0.433,"Not Significant","truncating"
"9054C>A","8366A>G",4,12.1751684311838,-0.483414986619407,0.009,"Significant","truncating"
"9054C>A","15561G>A",30,12.507218479307,0.379960518437784,0,"Significant","truncating"
"9054C>A","15879A>G",9,10.9576515880654,-0.0854749779537972,0.601,"Not Significant","truncating"
"9054C>A","4485C>T",21,12.2858517805582,0.232814023149361,0.008,"Significant","truncating"
"9054C>A","5348C>A",17,12.8392685274302,0.121908639354093,0.227,"Not Significant","truncating"
"9054C>A","12817C>A",3,5.42348411934552,-0.257157118098817,0.339,"Not Significant","truncating"
"9054C>A","3718C>T",11,10.2935514918191,0.0288274438075847,0.878,"Not Significant","truncating"
"9054C>A","3308T>C",6,9.85081809432146,-0.215321049054874,0.212,"Not Significant","truncating"
"9054C>A","14157C>T",5,10.5149181905679,-0.322835893744708,0.051,"Not Significant","truncating"
"9054C>A","7339A>G",9,10.7362848893167,-0.0766115176225739,0.63,"Not Significant","truncating"
"9054C>A","12006G>A",19,10.0721847930703,0.275629915833275,0.005,"Significant","truncating"
"8412T>G","8094T>A",26,18.8488931665063,0.139687495061895,0.049,"Significant","truncating"
"8412T>G","3842G>A",14,18.8488931665063,-0.129157817229254,0.202,"Not Significant","truncating"
"8412T>G","10296C>T",15,20.7632338787295,-0.141203736859316,0.156,"Not Significant","truncating"
"8412T>G","7122C>T",21,21.6467757459095,-0.0131739232746164,0.895,"Not Significant","truncating"
"8412T>G","14006G>A",15,21.0577478344562,-0.147320661668969,0.115,"Not Significant","truncating"
"8412T>G","13031G>A",29,26.6535129932628,0.0366435397692184,0.653,"Not Significant","truncating"
"8412T>G","9952G>A",16,14.725697786333,0.0360440993952686,0.77,"Not Significant","truncating"
"8412T>G","6901A>G",29,24.0028873917228,0.0821345102342652,0.29,"Not Significant","truncating"
"8412T>G","15234G>A",29,21.6467757459095,0.12700477988985,0.083,"Not Significant","truncating"
"8412T>G","14401A>T",30,20.4687199230029,0.166030571204472,0.017,"Significant","truncating"
"8412T>G","15170G>A",12,15.167468719923,-0.101731861917213,0.381,"Not Significant","truncating"
"8412T>G","8168C>T",28,22.0885466794995,0.102990889025702,0.163,"Not Significant","truncating"
"8412T>G","10677G>T",9,16.1982675649663,-0.255226058977177,0.045,"Significant","truncating"
"8412T>G","11148T>A",23,16.7872954764196,0.13674710142,0.097,"Not Significant","truncating"
"8412T>G","5035G>A",15,15.4619826756497,-0.0131739232745916,1,"Not Significant","truncating"
"8412T>G","5920G>A",29,21.6467757459095,0.12700477988985,0.068,"Not Significant","truncating"
"8412T>G","14343C>T",27,17.8180943214629,0.180502510581287,0.018,"Significant","truncating"
"8412T>G","15882G>A",14,17.6708373435996,-0.101129093629164,0.342,"Not Significant","truncating"
"8412T>G","15327C>G",4,8.68816169393648,-0.336867903568745,0.074,"Not Significant","truncating"
"8412T>G","9216C>T",27,21.6467757459095,0.095970546149992,0.185,"Not Significant","truncating"
"8412T>G","8391G>A",20,16.7872954764196,0.0760492610666717,0.401,"Not Significant","truncating"
"8412T>G","4989C>T",22,20.4687199230029,0.0313319973075421,0.693,"Not Significant","truncating"
"8412T>G","8235A>G",6,12.958614051973,-0.334407305023059,0.04,"Significant","truncating"
"8412T>G","6211G>A",22,19.2906641000962,0.0570755019057433,0.523,"Not Significant","truncating"
"8412T>G","10761T>C",18,14.5784408084697,0.0915614272447685,0.365,"Not Significant","truncating"
"8412T>G","15723G>A",17,14.4311838306064,0.0711469624249029,0.452,"Not Significant","truncating"
"8412T>G","13636C>T",18,17.9653512993263,0.000836791168131865,1,"Not Significant","truncating"
"8412T>G","14354T>C",23,19.1434071222329,0.0797086004499543,0.343,"Not Significant","truncating"
"8412T>G","5260G>A",29,22.9720885466795,0.10119751628368,0.145,"Not Significant","truncating"
"8412T>G","13409A>G",22,14.8729547641963,0.170025423778196,0.036,"Significant","truncating"
"8412T>G","15075C>A",21,11.0442733397498,0.279082148079934,0.001,"Significant","truncating"
"8412T>G","3824G>A",13,10.4552454282964,0.094609120326527,0.403,"Not Significant","truncating"
"8412T>G","13156C>T",20,16.934552454283,0.0722562720495551,0.422,"Not Significant","truncating"
"8412T>G","8366A>G",24,16.1982675649663,0.170742673292088,0.041,"Significant","truncating"
"8412T>G","15561G>A",16,16.6400384985563,-0.0170343440878119,0.883,"Not Significant","truncating"
"8412T>G","15879A>G",17,14.5784408084697,0.0667378435198783,0.534,"Not Significant","truncating"
"8412T>G","4485C>T",17,16.3455245428296,0.0170500593310929,0.886,"Not Significant","truncating"
"8412T>G","5348C>A",16,17.0818094321463,-0.0284138898312432,0.803,"Not Significant","truncating"
"8412T>G","12817C>A",4,7.21559191530318,-0.256211971956134,0.205,"Not Significant","truncating"
"8412T>G","3718C>T",20,13.6948989412897,0.164471163848625,0.07,"Not Significant","truncating"
"8412T>G","3308T>C",21,13.1058710298364,0.204753404827339,0.024,"Significant","truncating"
"8412T>G","14157C>T",20,13.9894128970164,0.155230507113779,0.077,"Not Significant","truncating"
"8412T>G","7339A>G",12,14.283926852743,-0.0756663714784627,0.541,"Not Significant","truncating"
"8412T>G","12006G>A",17,13.400384985563,0.103331645796073,0.26,"Not Significant","truncating"
"8094T>A","3842G>A",13,15.7690086621752,-0.0838610394311359,0.482,"Not Significant","truncating"
"8094T>A","10296C>T",8,17.3705486044273,-0.336723547751199,0.008,"Significant","truncating"
"8094T>A","7122C>T",14,18.1097208854668,-0.111783721159925,0.265,"Not Significant","truncating"
"8094T>A","14006G>A",8,17.6169393647738,-0.342840472560846,0.01,"Significant","truncating"
"8094T>A","13031G>A",24,22.2983638113571,0.0319382447515925,0.706,"Not Significant","truncating"
"8094T>A","9952G>A",11,12.3195380173243,-0.049201736932043,0.769,"Not Significant","truncating"
"8094T>A","6901A>G",25,20.0808469682387,0.0951579821769632,0.249,"Not Significant","truncating"
"8094T>A","15234G>A",26,18.1097208854668,0.157061591131223,0.044,"Significant","truncating"
"8094T>A","14401A>T",32,17.1241578440808,0.271540755973941,0,"Significant","truncating"
"8094T>A","15170G>A",11,12.6891241578441,-0.0620389616371126,0.619,"Not Significant","truncating"
"8094T>A","8168C>T",24,18.4793070259865,0.113525560564693,0.138,"Not Significant","truncating"
"8094T>A","10677G>T",2,13.5514918190568,-0.830957111566425,0.001,"Significant","truncating"
"8094T>A","11148T>A",25,14.0442733397498,0.250440735243519,0.001,"Significant","truncating"
"8094T>A","5035G>A",10,12.9355149181906,-0.111783721159643,0.446,"Not Significant","truncating"
"8094T>A","5920G>A",26,18.1097208854668,0.157061591131223,0.047,"Significant","truncating"
"8094T>A","14343C>T",21,14.9066410009625,0.148839502325933,0.085,"Not Significant","truncating"
"8094T>A","15882G>A",11,14.7834456207892,-0.12838298297908,0.29,"Not Significant","truncating"
"8094T>A","15327C>G",4,7.26852743022137,-0.25938644239999,0.253,"Not Significant","truncating"
"8094T>A","9216C>T",22,18.1097208854668,0.0845109239829151,0.332,"Not Significant","truncating"
"8094T>A","8391G>A",21,14.0442733397498,0.174720021305731,0.064,"Not Significant","truncating"
"8094T>A","4989C>T",19,17.1241578440808,0.0451443786077925,0.68,"Not Significant","truncating"
"8094T>A","8235A>G",5,10.8411934552454,-0.336107089900161,0.064,"Not Significant","truncating"
"8094T>A","6211G>A",15,16.1385948026949,-0.0317744586905697,0.784,"Not Significant","truncating"
"8094T>A","10761T>C",13,12.1963426371511,0.0277137356183757,0.858,"Not Significant","truncating"
"8094T>A","15723G>A",15,12.0731472569779,0.0942707612717935,0.433,"Not Significant","truncating"
"8094T>A","13636C>T",14,15.0298363811357,-0.0308262170869886,0.758,"Not Significant","truncating"
"8094T>A","14354T>C",17,16.0153994225217,0.0259111469805891,0.875,"Not Significant","truncating"
"8094T>A","5260G>A",16,19.218479307026,-0.0795990377887733,0.44,"Not Significant","truncating"
"8094T>A","13409A>G",22,12.4427333974976,0.247506884947356,0.003,"Significant","truncating"
"8094T>A","15075C>A",12,9.23965351299326,0.113525560564153,0.347,"Not Significant","truncating"
"8094T>A","3824G>A",9,8.74687199230029,0.0123897386294189,1,"Not Significant","truncating"
"8094T>A","13156C>T",14,14.167468719923,-0.00516422676602792,1,"Not Significant","truncating"
"8094T>A","8366A>G",26,13.5514918190568,0.282986240720368,0.002,"Significant","truncating"
"8094T>A","15561G>A",8,13.9210779595765,-0.240582878579858,0.093,"Not Significant","truncating"
"8094T>A","15879A>G",20,12.1963426371511,0.214800378974351,0.021,"Significant","truncating"
"8094T>A","4485C>T",14,13.67468719923,0.0102106348008158,1,"Not Significant","truncating"
"8094T>A","5348C>A",15,14.2906641000962,0.0210388477379281,0.869,"Not Significant","truncating"
"8094T>A","12817C>A",2,6.03657362848893,-0.479760506440703,0.086,"Not Significant","truncating"
"8094T>A","3718C>T",16,11.4571703561116,0.145042612010222,0.149,"Not Significant","truncating"
"8094T>A","3308T>C",14,10.9643888354187,0.106143606941775,0.306,"Not Significant","truncating"
"8094T>A","14157C>T",23,11.7035611164581,0.293409808636232,0,"Significant","truncating"
"8094T>A","7339A>G",16,11.9499518768046,0.126753826298069,0.189,"Not Significant","truncating"
"8094T>A","12006G>A",8,11.2107795957652,-0.146545827418286,0.314,"Not Significant","truncating"
"3842G>A","10296C>T",23,17.3705486044273,0.12191430127091,0.137,"Not Significant","truncating"
"3842G>A","7122C>T",20,18.1097208854668,0.0431182388248875,0.693,"Not Significant","truncating"
"3842G>A","14006G>A",21,17.6169393647738,0.0762888351777694,0.423,"Not Significant","truncating"
"3842G>A","13031G>A",22,22.2983638113571,-0.00585031613764279,1,"Not Significant","truncating"
"3842G>A","9952G>A",5,12.3195380173243,-0.391624417749511,0.013,"Significant","truncating"
"3842G>A","6901A>G",17,20.0808469682387,-0.072333105115983,0.436,"Not Significant","truncating"
"3842G>A","15234G>A",15,18.1097208854668,-0.0818204977826886,0.445,"Not Significant","truncating"
"3842G>A","14401A>T",28,17.1241578440808,0.213548808996448,0.003,"Significant","truncating"
"3842G>A","15170G>A",18,12.6891241578441,0.151840858306433,0.114,"Not Significant","truncating"
"3842G>A","8168C>T",17,18.4793070259865,-0.0362367597678938,0.791,"Not Significant","truncating"
"3842G>A","10677G>T",17,13.5514918190568,0.0984618141287078,0.334,"Not Significant","truncating"
"3842G>A","11148T>A",10,14.0442733397498,-0.147499273425913,0.229,"Not Significant","truncating"
"3842G>A","5035G>A",16,12.9355149181906,0.0923362614946527,0.338,"Not Significant","truncating"
"3842G>A","5920G>A",16,18.1097208854668,-0.0537917741826261,0.609,"Not Significant","truncating"
"3842G>A","14343C>T",15,14.9066410009625,0.00271146664852207,1,"Not Significant","truncating"
"3842G>A","15882G>A",14,14.7834456207892,-0.0236476324599134,0.902,"Not Significant","truncating"
"3842G>A","15327C>G",11,7.26852743022137,0.179946251423363,0.146,"Not Significant","truncating"
"3842G>A","9216C>T",17,18.1097208854668,-0.0274628354604366,0.786,"Not Significant","truncating"
"3842G>A","8391G>A",12,14.0442733397498,-0.0683180273790119,0.534,"Not Significant","truncating"
"3842G>A","4989C>T",13,17.1241578440808,-0.119665870037145,0.286,"Not Significant","truncating"
"3842G>A","8235A>G",10,10.8411934552454,-0.0350770942405226,0.851,"Not Significant","truncating"
"3842G>A","6211G>A",19,16.1385948026949,0.0708878832059684,0.48,"Not Significant","truncating"
"3842G>A","10761T>C",14,12.1963426371511,0.0598984189895384,0.615,"Not Significant","truncating"
"3842G>A","15723G>A",12,12.0731472569779,-0.00263925173553908,1,"Not Significant","truncating"
"3842G>A","13636C>T",17,15.0298363811357,0.0534946686124999,0.648,"Not Significant","truncating"
"3842G>A","14354T>C",22,16.0153994225217,0.137884906423941,0.089,"Not Significant","truncating"
"3842G>A","5260G>A",12,19.218479307026,-0.204537774396168,0.065,"Not Significant","truncating"
"3842G>A","13409A>G",16,12.4427333974976,0.109204186781815,0.255,"Not Significant","truncating"
"3842G>A","15075C>A",7,9.23965351299326,-0.12055764546663,0.449,"Not Significant","truncating"
"3842G>A","3824G>A",11,8.74687199230029,0.0995399143474417,0.482,"Not Significant","truncating"
"3842G>A","13156C>T",7,14.167468719923,-0.306194222426907,0.039,"Significant","truncating"
"3842G>A","8366A>G",11,13.5514918190568,-0.0905944220899476,0.454,"Not Significant","truncating"
"3842G>A","15561G>A",19,13.9210779595765,0.135080735377884,0.132,"Not Significant","truncating"
"3842G>A","15879A>G",9,12.1963426371511,-0.131987107247651,0.333,"Not Significant","truncating"
"3842G>A","4485C>T",13,13.67468719923,-0.0219740485703468,0.891,"Not Significant","truncating"
"3842G>A","5348C>A",10,14.2906641000962,-0.155052411316306,0.242,"Not Significant","truncating"
"3842G>A","12817C>A",13,6.03657362848893,0.333152850183778,0.003,"Significant","truncating"
"3842G>A","3718C>T",19,11.4571703561116,0.219676230306698,0.01,"Significant","truncating"
"3842G>A","3308T>C",17,10.9643888354187,0.190464492641264,0.043,"Significant","truncating"
"3842G>A","14157C>T",12,11.7035611164581,0.0108632186679944,1,"Not Significant","truncating"
"3842G>A","7339A>G",13,11.9499518768046,0.0365771959496073,0.717,"Not Significant","truncating"
"3842G>A","12006G>A",11,11.2107795957652,-0.00824312925348529,1,"Not Significant","truncating"
"10296C>T","7122C>T",38,19.948989412897,0.279862696769397,0,"Significant","truncating"
"10296C>T","14006G>A",39,19.4061597690087,0.303125004462111,0,"Significant","truncating"
"10296C>T","13031G>A",33,24.563041385948,0.128231799910048,0.045,"Significant","truncating"
"10296C>T","9952G>A",17,13.5707410972089,0.0978453562794259,0.379,"Not Significant","truncating"
"10296C>T","6901A>G",16,22.1203079884504,-0.140671186845485,0.144,"Not Significant","truncating"
"10296C>T","15234G>A",14,19.948989412897,-0.153792864167215,0.155,"Not Significant","truncating"
"10296C>T","14401A>T",7,18.8633301251203,-0.430520325334139,0,"Significant","truncating"
"10296C>T","15170G>A",10,13.9778633301251,-0.145440789802139,0.283,"Not Significant","truncating"
"10296C>T","8168C>T",27,20.3561116458133,0.122668940004579,0.099,"Not Significant","truncating"
"10296C>T","10677G>T",38,14.9278152069297,0.405787346358616,0,"Significant","truncating"
"10296C>T","11148T>A",10,15.4706448508181,-0.189508416433139,0.134,"Not Significant","truncating"
"10296C>T","5035G>A",31,14.2492781520693,0.337568829664485,0,"Significant","truncating"
"10296C>T","5920G>A",17,19.948989412897,-0.069471978467727,0.533,"Not Significant","truncating"
"10296C>T","14343C>T",17,16.4205967276227,0.0150599859635312,0.895,"Not Significant","truncating"
"10296C>T","15882G>A",26,16.2848893166506,0.203188536823994,0.006,"Significant","truncating"
"10296C>T","15327C>G",4,8.00673724735323,-0.301395585406951,0.122,"Not Significant","truncating"
"10296C>T","9216C>T",23,19.948989412897,0.0618069361709255,0.44,"Not Significant","truncating"
"10296C>T","8391G>A",18,15.4706448508181,0.0657640886682365,0.471,"Not Significant","truncating"
"10296C>T","4989C>T",30,18.8633301251203,0.20150288936651,0.002,"Significant","truncating"
"10296C>T","8235A>G",26,11.9422521655438,0.337887110720481,0,"Significant","truncating"
"10296C>T","6211G>A",21,17.7776708373436,0.0723444339795776,0.436,"Not Significant","truncating"
"10296C>T","10761T>C",9,13.4350336862368,-0.173996250254835,0.231,"Not Significant","truncating"
"10296C>T","15723G>A",18,13.2993262752647,0.131442864311756,0.171,"Not Significant","truncating"
"10296C>T","13636C>T",26,16.5563041385948,0.196009952196915,0.01,"Significant","truncating"
"10296C>T","14354T>C",14,17.6419634263715,-0.100418881726161,0.348,"Not Significant","truncating"
"10296C>T","5260G>A",31,21.1703561116458,0.165633530380958,0.015,"Significant","truncating"
"10296C>T","13409A>G",18,13.7064485081809,0.118347566221705,0.244,"Not Significant","truncating"
"10296C>T","15075C>A",6,10.1780558229066,-0.229513578103288,0.176,"Not Significant","truncating"
"10296C>T","3824G>A",16,9.63522617901829,0.220258068836854,0.037,"Significant","truncating"
"10296C>T","13156C>T",17,15.6063522617902,0.0371475159262315,0.795,"Not Significant","truncating"
"10296C>T","8366A>G",14,14.9278152069297,-0.0278682145779967,0.872,"Not Significant","truncating"
"10296C>T","15561G>A",27,15.334937439846,0.245681755576141,0.001,"Significant","truncating"
"10296C>T","15879A>G",14,13.4350336862368,0.0178892759823552,0.869,"Not Significant","truncating"
"10296C>T","4485C>T",15,15.0635226179018,-0.00183528482916648,1,"Not Significant","truncating"
"10296C>T","5348C>A",13,15.7420596727623,-0.0831182020177023,0.525,"Not Significant","truncating"
"10296C>T","12817C>A",3,6.64966313763234,-0.345678390399108,0.131,"Not Significant","truncating"
"10296C>T","3718C>T",18,12.6207892204042,0.15418599145014,0.101,"Not Significant","truncating"
"10296C>T","3308T>C",11,12.0779595765159,-0.0406008865845379,0.749,"Not Significant","truncating"
"10296C>T","14157C>T",8,12.8922040423484,-0.207237183393047,0.142,"Not Significant","truncating"
"10296C>T","7339A>G",15,13.1636188642926,0.0567159596908299,0.63,"Not Significant","truncating"
"10296C>T","12006G>A",16,12.3493743984601,0.112475025235826,0.257,"Not Significant","truncating"
"7122C>T","14006G>A",35,20.2319538017324,0.238030219693309,0.001,"Significant","truncating"
"7122C>T","13031G>A",37,25.6082771896054,0.15982136200629,0.008,"Significant","truncating"
"7122C>T","9952G>A",14,14.1482194417709,-0.00457375151272818,1,"Not Significant","truncating"
"7122C>T","6901A>G",24,23.0615976900866,0.0173218501165759,0.899,"Not Significant","truncating"
"7122C>T","15234G>A",14,20.7978825794033,-0.171891086259923,0.089,"Not Significant","truncating"
"7122C>T","14401A>T",19,19.6660250240616,-0.0149629864921875,0.89,"Not Significant","truncating"
"7122C>T","15170G>A",14,14.5726660250241,-0.017410976217811,0.893,"Not Significant","truncating"
"7122C>T","8168C>T",22,21.2223291626564,0.015629634575454,0.891,"Not Significant","truncating"
"7122C>T","10677G>T",28,15.563041385948,0.255063558991756,0,"Significant","truncating"
"7122C>T","11148T>A",16,16.1289701636189,-0.00348665587152486,1,"Not Significant","truncating"
"7122C>T","5035G>A",34,14.8556304138595,0.359587830779672,0,"Significant","truncating"
"7122C>T","5920G>A",16,20.7978825794033,-0.113899139282624,0.254,"Not Significant","truncating"
"7122C>T","14343C>T",19,17.1193455245428,0.045266443445129,0.67,"Not Significant","truncating"
"7122C>T","15882G>A",31,16.9778633301251,0.261478660594492,0.001,"Significant","truncating"
"7122C>T","15327C>G",7,8.34744947064485,-0.0764557588178846,0.716,"Not Significant","truncating"
"7122C>T","9216C>T",16,20.7978825794033,-0.113899139282624,0.273,"Not Significant","truncating"
"7122C>T","8391G>A",20,16.1289701636189,0.0934233571359887,0.307,"Not Significant","truncating"
"7122C>T","4989C>T",25,19.6660250240616,0.104223421226473,0.203,"Not Significant","truncating"
"7122C>T","8235A>G",17,12.4504331087584,0.135264462036173,0.156,"Not Significant","truncating"
"7122C>T","6211G>A",26,18.5341674687199,0.147000265123382,0.056,"Not Significant","truncating"
"7122C>T","10761T>C",11,14.0067372473532,-0.104944296629476,0.372,"Not Significant","truncating"
"7122C>T","15723G>A",21,13.8652550529355,0.180291431849361,0.041,"Significant","truncating"
"7122C>T","13636C>T",26,17.2608277189605,0.177911730104225,0.024,"Significant","truncating"
"7122C>T","14354T>C",23,18.3926852743022,0.0970826965192844,0.21,"Not Significant","truncating"
"7122C>T","5260G>A",23,22.0712223291627,0.0179014504720531,0.888,"Not Significant","truncating"
"7122C>T","13409A>G",16,14.2897016361886,0.0490968216819586,0.641,"Not Significant","truncating"
"7122C>T","15075C>A",10,10.6111645813282,-0.0257630505824486,0.876,"Not Significant","truncating"
"7122C>T","3824G>A",16,10.0452358036574,0.202159846744242,0.051,"Not Significant","truncating"
"7122C>T","13156C>T",17,16.2704523580366,0.019049293833549,0.888,"Not Significant","truncating"
"7122C>T","8366A>G",16,15.563041385948,0.0120255103066248,1,"Not Significant","truncating"
"7122C>T","15561G>A",22,15.9874879692012,0.138642450147045,0.111,"Not Significant","truncating"
"7122C>T","15879A>G",15,14.0067372473532,0.0297542772669273,0.884,"Not Significant","truncating"
"7122C>T","4485C>T",17,15.7045235803657,0.034424155400407,0.774,"Not Significant","truncating"
"7122C>T","5348C>A",18,16.4119345524543,0.0401127286851554,0.667,"Not Significant","truncating"
"7122C>T","12817C>A",8,6.93262752646776,0.0621921197715954,0.676,"Not Significant","truncating"
"7122C>T","3718C>T",16,13.157844080847,0.0849352469104046,0.422,"Not Significant","truncating"
"7122C>T","3308T>C",11,12.5919153031761,-0.0586991086771873,0.631,"Not Significant","truncating"
"7122C>T","14157C>T",11,13.4408084696824,-0.0870327073209044,0.53,"Not Significant","truncating"
"7122C>T","7339A>G",11,13.7237728585178,-0.096080836298235,0.444,"Not Significant","truncating"
"7122C>T","12006G>A",14,12.8748796920116,0.0363848561658746,0.761,"Not Significant","truncating"
"14006G>A","13031G>A",35,24.9114533205005,0.147668979572704,0.019,"Significant","truncating"
"14006G>A","9952G>A",14,13.7632338787295,0.00740754577030028,1,"Not Significant","truncating"
"14006G>A","6901A>G",14,22.4340712223292,-0.204780058632438,0.032,"Significant","truncating"
"14006G>A","15234G>A",11,20.2319538017324,-0.264645139496034,0.017,"Significant","truncating"
"14006G>A","14401A>T",15,19.1308950914341,-0.105644031105673,0.321,"Not Significant","truncating"
"14006G>A","15170G>A",11,14.1761308950914,-0.110165029453947,0.386,"Not Significant","truncating"
"14006G>A","8168C>T",24,20.6448508180943,0.0653994927477463,0.454,"Not Significant","truncating"
"14006G>A","10677G>T",46,15.1395572666025,0.48264465661354,0,"Significant","truncating"
"14006G>A","11148T>A",9,15.6900866217517,-0.241382831802975,0.061,"Not Significant","truncating"
"14006G>A","5035G>A",25,14.451395572666,0.238030219692947,0.002,"Significant","truncating"
"14006G>A","5920G>A",12,20.2319538017324,-0.226856578606963,0.043,"Significant","truncating"
"14006G>A","14343C>T",12,16.6535129932628,-0.142324614175698,0.203,"Not Significant","truncating"
"14006G>A","15882G>A",36,16.5158806544755,0.338400764810355,0,"Significant","truncating"
"14006G>A","15327C>G",8,8.12030798845043,-0.00648251455800446,1,"Not Significant","truncating"
"14006G>A","9216C>T",16,20.2319538017324,-0.101917841999568,0.295,"Not Significant","truncating"
"14006G>A","8391G>A",15,15.6900866217517,-0.0195340821885484,0.888,"Not Significant","truncating"
"14006G>A","4989C>T",39,19.1308950914341,0.309329316863363,0,"Significant","truncating"
"14006G>A","8235A>G",22,12.111645813282,0.259219518762542,0.001,"Significant","truncating"
"14006G>A","6211G>A",16,18.0298363811357,-0.0518718029074184,0.6,"Not Significant","truncating"
"14006G>A","10761T>C",12,13.6256015399423,-0.0551744384573777,0.671,"Not Significant","truncating"
"14006G>A","15723G>A",19,13.487969201155,0.148807035351516,0.085,"Not Significant","truncating"
"14006G>A","13636C>T",27,16.79114533205,0.206283443575377,0.008,"Significant","truncating"
"14006G>A","14354T>C",19,17.8922040423484,0.0260897587379662,0.786,"Not Significant","truncating"
"14006G>A","5260G>A",28,21.4706448508181,0.115312943079402,0.087,"Not Significant","truncating"
"14006G>A","13409A>G",19,13.9008662175168,0.135711737261463,0.128,"Not Significant","truncating"
"14006G>A","15075C>A",5,10.3224254090472,-0.314811748959087,0.082,"Not Significant","truncating"
"14006G>A","3824G>A",9,9.77189605389798,-0.0357363291872537,0.841,"Not Significant","truncating"
"14006G>A","13156C>T",19,15.827718960539,0.0793352706908747,0.385,"Not Significant","truncating"
"14006G>A","8366A>G",10,15.1395572666025,-0.180113175064635,0.154,"Not Significant","truncating"
"14006G>A","15561G>A",25,15.5524542829644,0.206141075279678,0.003,"Significant","truncating"
"14006G>A","15879A>G",9,13.6256015399423,-0.180113175064471,0.172,"Not Significant","truncating"
"14006G>A","4485C>T",28,15.2771896053898,0.263114562646386,0,"Significant","truncating"
"14006G>A","5348C>A",15,15.9653512993263,-0.0270872200789465,0.895,"Not Significant","truncating"
"14006G>A","12817C>A",6,6.74398460057748,-0.050765319551956,0.808,"Not Significant","truncating"
"14006G>A","3718C>T",10,12.7998075072185,-0.10720343846087,0.444,"Not Significant","truncating"
"14006G>A","3308T>C",10,12.2492781520693,-0.0881104965519997,0.518,"Not Significant","truncating"
"14006G>A","14157C>T",7,13.0750721847931,-0.271346055179593,0.058,"Not Significant","truncating"
"14006G>A","7339A>G",10,13.3503368623677,-0.125492224173039,0.343,"Not Significant","truncating"
"14006G>A","12006G>A",18,12.5245428296439,0.157510622873273,0.12,"Not Significant","truncating"
"13031G>A","9952G>A",14,17.4205967276227,-0.0949349916331599,0.391,"Not Significant","truncating"
"13031G>A","6901A>G",27,28.395572666025,-0.0218868675568986,0.84,"Not Significant","truncating"
"13031G>A","15234G>A",30,25.6082771896054,0.0687408926592309,0.331,"Not Significant","truncating"
"13031G>A","14401A>T",21,24.2146294513956,-0.0618585328319085,0.493,"Not Significant","truncating"
"13031G>A","15170G>A",22,17.9432146294514,0.0885224288045806,0.286,"Not Significant","truncating"
"13031G>A","8168C>T",28,26.1308950914341,0.0300037449744199,0.723,"Not Significant","truncating"
"13031G>A","10677G>T",27,19.162656400385,0.148908051688097,0.041,"Significant","truncating"
"13031G>A","11148T>A",20,19.8594802694899,0.00306211701548616,1,"Not Significant","truncating"
"13031G>A","5035G>A",24,18.2916265640039,0.117958915329096,0.131,"Not Significant","truncating"
"13031G>A","5920G>A",25,25.6082771896054,-0.0104403533881043,0.904,"Not Significant","truncating"
"13031G>A","14343C>T",20,21.0789220404235,-0.0228184019643649,0.813,"Not Significant","truncating"
"13031G>A","15882G>A",24,20.9047160731473,0.0599669683517062,0.443,"Not Significant","truncating"
"13031G>A","15327C>G",12,10.2781520692974,0.0672662070928673,0.599,"Not Significant","truncating"
"13031G>A","9216C>T",29,25.6082771896054,0.0540176358385745,0.49,"Not Significant","truncating"
"13031G>A","8391G>A",25,19.8594802694899,0.0999721300231083,0.187,"Not Significant","truncating"
"13031G>A","4989C>T",21,24.2146294513956,-0.0618585328319085,0.478,"Not Significant","truncating"
"13031G>A","8235A>G",21,15.330125120308,0.136673595270979,0.104,"Not Significant","truncating"
"13031G>A","6211G>A",18,22.8209817131858,-0.103061817863956,0.271,"Not Significant","truncating"
"13031G>A","10761T>C",18,17.2463907603465,0.0185742831936437,0.89,"Not Significant","truncating"
"13031G>A","15723G>A",24,17.0721847930703,0.14792213870637,0.077,"Not Significant","truncating"
"13031G>A","13636C>T",34,21.2531280076997,0.204056059054734,0,"Significant","truncating"
"13031G>A","14354T>C",28,22.6467757459095,0.0921516517230086,0.226,"Not Significant","truncating"
"13031G>A","5260G>A",29,27.1761308950914,0.0282103722323868,0.738,"Not Significant","truncating"
"13031G>A","13409A>G",17,17.5948026948989,-0.0149354797162894,0.887,"Not Significant","truncating"
"13031G>A","15075C>A",17,13.065447545717,0.114324630673797,0.267,"Not Significant","truncating"
"13031G>A","3824G>A",16,12.3686236766121,0.111798606624045,0.238,"Not Significant","truncating"
"13031G>A","13156C>T",21,20.0336862367661,0.0204584270682007,0.894,"Not Significant","truncating"
"13031G>A","8366A>G",19,19.162656400385,-0.00370211151738376,1,"Not Significant","truncating"
"13031G>A","15561G>A",27,19.6852743022137,0.137222293362963,0.078,"Not Significant","truncating"
"13031G>A","15879A>G",19,17.2463907603465,0.0420553790430396,0.713,"Not Significant","truncating"
"13031G>A","4485C>T",26,19.3368623676612,0.128587341871578,0.079,"Not Significant","truncating"
"13031G>A","5348C>A",30,20.2078922040423,0.171600238180035,0.01,"Significant","truncating"
"13031G>A","12817C>A",13,8.53609239653513,0.182684244964569,0.113,"Not Significant","truncating"
"13031G>A","3718C>T",19,16.2011549566891,0.0692076250864919,0.493,"Not Significant","truncating"
"13031G>A","3308T>C",14,15.5043310875842,-0.0443249982783809,0.65,"Not Significant","truncating"
"13031G>A","14157C>T",18,16.5495668912416,0.0364858725022397,0.747,"Not Significant","truncating"
"13031G>A","7339A>G",16,16.897978825794,-0.023714778922183,0.881,"Not Significant","truncating"
"13031G>A","12006G>A",24,15.8527430221367,0.180106822077575,0.021,"Significant","truncating"
"9952G>A","6901A>G",12,15.6881616939365,-0.116390810798305,0.32,"Not Significant","truncating"
"9952G>A","15234G>A",10,14.1482194417709,-0.150701787189725,0.237,"Not Significant","truncating"
"9952G>A","14401A>T",17,13.3782483156882,0.104049668680665,0.286,"Not Significant","truncating"
"9952G>A","15170G>A",8,9.91337824831569,-0.0931316901550034,0.586,"Not Significant","truncating"
"9952G>A","8168C>T",10,14.436958614052,-0.159475711497169,0.239,"Not Significant","truncating"
"9952G>A","10677G>T",11,10.5871029836381,0.0166155475570235,1,"Not Significant","truncating"
"9952G>A","11148T>A",9,10.9720885466795,-0.0860467943391029,0.587,"Not Significant","truncating"
"9952G>A","5035G>A",12,10.1058710298364,0.0746074945341858,0.604,"Not Significant","truncating"
"9952G>A","5920G>A",16,14.1482194417709,0.0534181954645707,0.639,"Not Significant","truncating"
"9952G>A","14343C>T",10,11.6458132820019,-0.0661698227586589,0.621,"Not Significant","truncating"
"9952G>A","15882G>A",13,11.5495668912416,0.0513776538159698,0.735,"Not Significant","truncating"
"9952G>A","15327C>G",7,5.67853705486044,0.0908615759278463,0.646,"Not Significant","truncating"
"9952G>A","9216C>T",22,14.1482194417709,0.191720893630112,0.032,"Significant","truncating"
"9952G>A","8391G>A",11,10.9720885466795,0.00110338137891992,1,"Not Significant","truncating"
"9952G>A","4989C>T",16,13.3782483156882,0.0777207299584752,0.443,"Not Significant","truncating"
"9952G>A","8235A>G",7,8.46968238691049,-0.0827690845776578,0.699,"Not Significant","truncating"
"9952G>A","6211G>A",13,12.6082771896054,0.0132876042081461,1,"Not Significant","truncating"
"9952G>A","10761T>C",12,9.5283926852743,0.100161599006314,0.466,"Not Significant","truncating"
"9952G>A","15723G>A",11,9.43214629451396,0.0667821570222513,0.592,"Not Significant","truncating"
"9952G>A","13636C>T",12,11.7420596727623,0.00943696292997458,1,"Not Significant","truncating"
"9952G>A","14354T>C",14,12.512030798845,0.0488002309282098,0.739,"Not Significant","truncating"
"9952G>A","5260G>A",18,15.0144369586141,0.0787634543055421,0.456,"Not Significant","truncating"
"9952G>A","13409A>G",8,9.720885466795,-0.0846158392325605,0.598,"Not Significant","truncating"
"9952G>A","15075C>A",8,7.21847930702599,0.0446442711568332,0.856,"Not Significant","truncating"
"9952G>A","3824G>A",11,6.8334937439846,0.20674988399392,0.093,"Not Significant","truncating"
"9952G>A","13156C>T",11,11.0683349374398,-0.00268960763818482,1,"Not Significant","truncating"
"9952G>A","8366A>G",15,10.5871029836381,0.151314121453427,0.168,"Not Significant","truncating"
"9952G>A","15561G>A",8,10.8758421559192,-0.133372908932863,0.396,"Not Significant","truncating"
"9952G>A","15879A>G",14,9.5283926852743,0.16710838863641,0.147,"Not Significant","truncating"
"9952G>A","4485C>T",11,10.6833493743985,0.0126852539286281,1,"Not Significant","truncating"
"9952G>A","5348C>A",14,11.1645813282002,0.0982855940077092,0.402,"Not Significant","truncating"
"9952G>A","12817C>A",6,4.71607314725698,0.104570717910337,0.628,"Not Significant","truncating"
"9952G>A","3718C>T",11,8.95091434071222,0.0895252841605635,0.475,"Not Significant","truncating"
"9952G>A","3308T>C",11,8.56592877767084,0.108618226069368,0.472,"Not Significant","truncating"
"9952G>A","14157C>T",10,9.14340712223292,0.0388919422679228,0.848,"Not Significant","truncating"
"9952G>A","7339A>G",16,9.33589990375361,0.23396379594492,0.014,"Significant","truncating"
"9952G>A","12006G>A",9,8.75842155919153,0.0118166646752757,1,"Not Significant","truncating"
"6901A>G","15234G>A",33,23.0615976900866,0.155624548282364,0.022,"Significant","truncating"
"6901A>G","14401A>T",15,21.8065447545717,-0.162495598044291,0.085,"Not Significant","truncating"
"6901A>G","15170G>A",15,16.1588065447546,-0.0323180224960637,0.769,"Not Significant","truncating"
"6901A>G","8168C>T",31,23.5322425409047,0.119698377931366,0.097,"Not Significant","truncating"
"6901A>G","10677G>T",11,17.2569778633301,-0.195572056845349,0.097,"Not Significant","truncating"
"6901A>G","11148T>A",66,17.8845043310876,0.567067027356845,0,"Significant","truncating"
"6901A>G","5035G>A",14,16.4725697786333,-0.0706333202380148,0.589,"Not Significant","truncating"
"6901A>G","5920G>A",30,23.0615976900866,0.11423186312427,0.13,"Not Significant","truncating"
"6901A>G","14343C>T",25,18.9826756496631,0.119582581508256,0.084,"Not Significant","truncating"
"6901A>G","15882G>A",23,18.8257940327238,0.0869745331227689,0.284,"Not Significant","truncating"
"6901A>G","15327C>G",11,9.25601539942252,0.0749686166685565,0.567,"Not Significant","truncating"
"6901A>G","9216C>T",22,23.0615976900866,-0.0204667107726594,0.826,"Not Significant","truncating"
"6901A>G","8391G>A",18,17.8845043310876,0.00279559692003742,1,"Not Significant","truncating"
"6901A>G","4989C>T",21,21.8065447545717,-0.0163675623668798,0.903,"Not Significant","truncating"
"6901A>G","8235A>G",6,13.8055822906641,-0.361903478609213,0.009,"Significant","truncating"
"6901A>G","6211G>A",19,20.5514918190568,-0.0340897515495432,0.698,"Not Significant","truncating"
"6901A>G","10761T>C",14,15.5312800769971,-0.0450792157657865,0.669,"Not Significant","truncating"
"6901A>G","15723G>A",15,15.3743984600577,-0.0107068734835235,1,"Not Significant","truncating"
"6901A>G","13636C>T",18,19.1395572666025,-0.026659382418079,0.792,"Not Significant","truncating"
"6901A>G","14354T>C",14,20.3946102021174,-0.163387373474407,0.115,"Not Significant","truncating"
"6901A>G","5260G>A",19,24.4735322425409,-0.109943054247902,0.226,"Not Significant","truncating"
"6901A>G","13409A>G",19,15.8450433108758,0.0788601703229508,0.366,"Not Significant","truncating"
"6901A>G","15075C>A",16,11.7661212704524,0.133486662416468,0.187,"Not Significant","truncating"
"6901A>G","3824G>A",6,11.1385948026949,-0.268679155178873,0.092,"Not Significant","truncating"
"6901A>G","13156C>T",18,18.041385948027,-0.000997392097080494,1,"Not Significant","truncating"
"6901A>G","8366A>G",15,17.2569778633301,-0.0608734829489456,0.576,"Not Significant","truncating"
"6901A>G","15561G>A",18,17.7276227141482,0.00662200477306884,1,"Not Significant","truncating"
"6901A>G","15879A>G",15,15.5312800769971,-0.01511599238855,0.88,"Not Significant","truncating"
"6901A>G","4485C>T",11,17.4138594802695,-0.199502350473759,0.116,"Not Significant","truncating"
"6901A>G","5348C>A",14,18.1982675649663,-0.113902010394745,0.277,"Not Significant","truncating"
"6901A>G","12817C>A",10,7.68719923002887,0.114231863123399,0.397,"Not Significant","truncating"
"6901A>G","3718C>T",17,14.5899903753609,0.0663939159771363,0.554,"Not Significant","truncating"
"6901A>G","3308T>C",15,13.9624639076035,0.0311291955637729,0.777,"Not Significant","truncating"
"6901A>G","14157C>T",20,14.9037536092397,0.127734333527611,0.148,"Not Significant","truncating"
"6901A>G","7339A>G",12,15.2175168431184,-0.103162545064635,0.383,"Not Significant","truncating"
"6901A>G","12006G>A",22,14.2762271414822,0.187809231653264,0.029,"Significant","truncating"
"15234G>A","14401A>T",21,19.6660250240616,0.0285027072886852,0.819,"Not Significant","truncating"
"15234G>A","15170G>A",13,14.5726660250241,-0.0495956595889737,0.677,"Not Significant","truncating"
"15234G>A","8168C>T",27,21.2223291626564,0.104570717911869,0.161,"Not Significant","truncating"
"15234G>A","10677G>T",8,15.563041385948,-0.289004485354642,0.032,"Significant","truncating"
"15234G>A","11148T>A",23,16.1289701636189,0.154121197489317,0.057,"Not Significant","truncating"
"15234G>A","5035G>A",9,14.8556304138595,-0.21764857681971,0.105,"Not Significant","truncating"
"15234G>A","5920G>A",63,20.7978825794033,0.481321427513008,0,"Significant","truncating"
"15234G>A","14343C>T",17,17.1193455245428,-0.00303823612915713,1,"Not Significant","truncating"
"15234G>A","15882G>A",15,16.9778633301251,-0.053791774182605,0.665,"Not Significant","truncating"
"15234G>A","15327C>G",4,8.34744947064485,-0.319493807499526,0.118,"Not Significant","truncating"
"15234G>A","9216C>T",29,20.7978825794033,0.144378875959191,0.04,"Significant","truncating"
"15234G>A","8391G>A",22,16.1289701636189,0.134816042294016,0.117,"Not Significant","truncating"
"15234G>A","4989C>T",18,19.6660250240616,-0.0384440823415834,0.69,"Not Significant","truncating"
"15234G>A","8235A>G",8,12.4504331087584,-0.192094472347283,0.196,"Not Significant","truncating"
"15234G>A","6211G>A",17,18.5341674687199,-0.0375241614682776,0.681,"Not Significant","truncating"
"15234G>A","10761T>C",17,14.0067372473532,0.0841119395891793,0.439,"Not Significant","truncating"
"15234G>A","15723G>A",13,13.8652550529355,-0.0279845105764483,0.891,"Not Significant","truncating"
"15234G>A","13636C>T",15,17.2608277189605,-0.0609703588096864,0.583,"Not Significant","truncating"
"15234G>A","14354T>C",21,18.3926852743022,0.0575741552357905,0.474,"Not Significant","truncating"
"15234G>A","5260G>A",23,22.0712223291627,0.0179014504720531,0.901,"Not Significant","truncating"
"15234G>A","13409A>G",12,14.2897016361886,-0.0758419149254365,0.553,"Not Significant","truncating"
"15234G>A","15075C>A",14,10.6111645813282,0.120364985094549,0.326,"Not Significant","truncating"
"15234G>A","3824G>A",8,10.0452358036574,-0.0988701489170251,0.476,"Not Significant","truncating"
"15234G>A","13156C>T",19,16.2704523580366,0.0673539734078351,0.467,"Not Significant","truncating"
"15234G>A","8366A>G",20,15.563041385948,0.108935523314138,0.231,"Not Significant","truncating"
"15234G>A","15561G>A",10,15.9874879692012,-0.203780230672792,0.12,"Not Significant","truncating"
"15234G>A","15879A>G",14,14.0067372473532,-0.0002089461103091,1,"Not Significant","truncating"
"15234G>A","4485C>T",13,15.7045235803657,-0.0820814136702441,0.468,"Not Significant","truncating"
"15234G>A","5348C>A",10,16.4119345524543,-0.21515977641622,0.071,"Not Significant","truncating"
"15234G>A","12817C>A",5,6.93262752646776,-0.141927862881072,0.56,"Not Significant","truncating"
"15234G>A","3718C>T",17,13.157844080847,0.111264185632594,0.29,"Not Significant","truncating"
"15234G>A","3308T>C",16,12.5919153031761,0.104028188819279,0.338,"Not Significant","truncating"
"15234G>A","14157C>T",16,13.4408084696824,0.0756945901755614,0.471,"Not Significant","truncating"
"15234G>A","7339A>G",22,13.7237728585178,0.204949159363772,0.015,"Significant","truncating"
"15234G>A","12006G>A",15,12.8748796920116,0.066348079543111,0.517,"Not Significant","truncating"
"14401A>T","15170G>A",4,13.7795957651588,-0.537176486066422,0.005,"Significant","truncating"
"14401A>T","8168C>T",19,20.0673724735322,-0.0237369107996484,0.816,"Not Significant","truncating"
"14401A>T","10677G>T",5,14.716073147257,-0.468821933513389,0.002,"Significant","truncating"
"14401A>T","11148T>A",17,15.2512030798845,0.0471448173445906,0.656,"Not Significant","truncating"
"14401A>T","5035G>A",12,14.0471607314726,-0.0684073057187035,0.543,"Not Significant","truncating"
"14401A>T","5920G>A",31,19.6660250240616,0.197645106388371,0.002,"Significant","truncating"
"14401A>T","14343C>T",15,16.1876804619827,-0.0330933639574741,0.784,"Not Significant","truncating"
"14401A>T","15882G>A",8,16.0538979788258,-0.302490511749875,0.017,"Significant","truncating"
"14401A>T","15327C>G",4,7.89316650625602,-0.295191273005744,0.185,"Not Significant","truncating"
"14401A>T","9216C>T",23,19.6660250240616,0.0680112485721789,0.448,"Not Significant","truncating"
"14401A>T","8391G>A",14,15.2512030798845,-0.0371760683548978,0.752,"Not Significant","truncating"
"14401A>T","4989C>T",22,18.5957651588065,0.0730086278708321,0.406,"Not Significant","truncating"
"14401A>T","8235A>G",10,11.7728585178056,-0.0708819248464323,0.614,"Not Significant","truncating"
"14401A>T","6211G>A",20,17.5255052935515,0.0573594473109926,0.572,"Not Significant","truncating"
"14401A>T","10761T>C",15,13.2444658325313,0.0540568117608299,0.636,"Not Significant","truncating"
"14401A>T","15723G>A",9,13.1106833493744,-0.163382818948575,0.221,"Not Significant","truncating"
"14401A>T","13636C>T",14,16.3214629451396,-0.0666310476929866,0.571,"Not Significant","truncating"
"14401A>T","14354T>C",26,17.3917228103946,0.174630742966237,0.032,"Significant","truncating"
"14401A>T","5260G>A",14,20.8700673724735,-0.17339581537212,0.088,"Not Significant","truncating"
"14401A>T","13409A>G",15,13.512030798845,0.0453706325758022,0.757,"Not Significant","truncating"
"14401A>T","15075C>A",13,10.0336862367661,0.112482836217231,0.389,"Not Significant","truncating"
"14401A>T","3824G>A",10,9.4985563041386,0.0223423985837777,0.864,"Not Significant","truncating"
"14401A>T","13156C>T",17,15.3849855630414,0.0433518283274763,0.664,"Not Significant","truncating"
"14401A>T","8366A>G",59,14.716073147257,0.603060073784786,0,"Significant","truncating"
"14401A>T","15561G>A",6,15.1174205967276,-0.401326445792328,0.008,"Significant","truncating"
"14401A>T","15879A>G",14,13.2444658325313,0.0240935883835934,0.877,"Not Significant","truncating"
"14401A>T","4485C>T",14,14.8498556304139,-0.0255941958051595,0.892,"Not Significant","truncating"
"14401A>T","5348C>A",16,15.5187680461983,0.0132627407320044,1,"Not Significant","truncating"
"14401A>T","12817C>A",5,6.5553416746872,-0.117625328387352,0.531,"Not Significant","truncating"
"14401A>T","3718C>T",15,12.44177093359,0.0812090578042331,0.429,"Not Significant","truncating"
"14401A>T","3308T>C",18,11.9066410009625,0.179483245760241,0.042,"Significant","truncating"
"14401A>T","14157C>T",22,12.7093358999038,0.238299822834998,0.008,"Significant","truncating"
"14401A>T","7339A>G",20,12.9769008662175,0.187859008699643,0.031,"Significant","truncating"
"14401A>T","12006G>A",12,12.1742059672762,-0.00625939897033467,1,"Not Significant","truncating"
"15170G>A","8168C>T",17,14.8700673724735,0.058135985174232,0.563,"Not Significant","truncating"
"15170G>A","10677G>T",10,10.9047160731473,-0.0376143623058595,0.867,"Not Significant","truncating"
"15170G>A","11148T>A",6,11.3012512030799,-0.274975278097428,0.104,"Not Significant","truncating"
"15170G>A","5035G>A",6,10.4090471607315,-0.239259725831223,0.17,"Not Significant","truncating"
"15170G>A","5920G>A",14,14.5726660250241,-0.017410976217811,0.888,"Not Significant","truncating"
"15170G>A","14343C>T",11,11.995187680462,-0.0376143623058923,0.859,"Not Significant","truncating"
"15170G>A","15882G>A",11,11.8960538979788,-0.0340102380370971,0.868,"Not Significant","truncating"
"15170G>A","15327C>G",28,5.84889316650626,0.680084342546206,0,"Significant","truncating"
"15170G>A","9216C>T",11,14.5726660250241,-0.122146326736978,0.342,"Not Significant","truncating"
"15170G>A","8391G>A",10,11.3012512030799,-0.0531265284839673,0.722,"Not Significant","truncating"
"15170G>A","4989C>T",11,13.7795957651588,-0.0978437922430685,0.472,"Not Significant","truncating"
"15170G>A","8235A>G",11,8.7237728585178,0.100688335859032,0.432,"Not Significant","truncating"
"15170G>A","6211G>A",19,12.9865255052936,0.165260628148011,0.071,"Not Significant","truncating"
"15170G>A","10761T>C",3,9.81424446583253,-0.514735617015831,0.021,"Significant","truncating"
"15170G>A","15723G>A",22,9.71511068334937,0.35497492797922,0,"Significant","truncating"
"15170G>A","13636C>T",18,12.0943214629451,0.172690997279385,0.058,"Not Significant","truncating"
"15170G>A","14354T>C",23,12.8873917228104,0.25156280656128,0.001,"Significant","truncating"
"15170G>A","5260G>A",18,15.4648700673725,0.0659262296004541,0.45,"Not Significant","truncating"
"15170G>A","13409A>G",16,10.0125120307988,0.203576931723664,0.053,"Not Significant","truncating"
"15170G>A","15075C>A",10,7.43503368623677,0.128717059458807,0.322,"Not Significant","truncating"
"15170G>A","3824G>A",8,7.03849855630414,0.0556099611241319,0.849,"Not Significant","truncating"
"15170G>A","13156C>T",9,11.400384985563,-0.102677008061266,0.518,"Not Significant","truncating"
"15170G>A","8366A>G",9,10.9047160731473,-0.0833718528660521,0.58,"Not Significant","truncating"
"15170G>A","15561G>A",14,11.2021174205967,0.0968279150460487,0.414,"Not Significant","truncating"
"15170G>A","15879A>G",10,9.81424446583253,0.00814312825437303,1,"Not Significant","truncating"
"15170G>A","4485C>T",12,11.0038498556304,0.037636590112645,0.862,"Not Significant","truncating"
"15170G>A","5348C>A",10,11.4995187680462,-0.060679666374347,0.748,"Not Significant","truncating"
"15170G>A","12817C>A",23,4.85755534167469,0.675310078834032,0,"Significant","truncating"
"15170G>A","3718C>T",4,9.21944177093359,-0.362644634367821,0.054,"Not Significant","truncating"
"15170G>A","3308T>C",9,8.82290664100096,0.00863082564632033,1,"Not Significant","truncating"
"15170G>A","14157C>T",6,9.4177093358999,-0.195794032050572,0.282,"Not Significant","truncating"
"15170G>A","7339A>G",11,9.61597690086622,0.0583992737434171,0.709,"Not Significant","truncating"
"15170G>A","12006G>A",13,9.02117420596728,0.158680282836275,0.19,"Not Significant","truncating"
"8168C>T","10677G>T",19,15.8806544754572,0.077885204295651,0.385,"Not Significant","truncating"
"8168C>T","11148T>A",16,16.4581328200192,-0.0122605801789761,1,"Not Significant","truncating"
"8168C>T","5035G>A",19,15.1588065447546,0.0980885903838078,0.301,"Not Significant","truncating"
"8168C>T","5920G>A",24,21.2223291626564,0.0534181954646893,0.518,"Not Significant","truncating"
"8168C>T","14343C>T",17,17.4687199230029,-0.0118121604366114,1,"Not Significant","truncating"
"8168C>T","15882G>A",23,17.3243503368624,0.123070878470846,0.132,"Not Significant","truncating"
"8168C>T","15327C>G",8,8.51780558229066,-0.0272377361483744,0.847,"Not Significant","truncating"
"8168C>T","9216C>T",29,21.2223291626564,0.135604951651727,0.073,"Not Significant","truncating"
"8168C>T","8391G>A",45,16.4581328200192,0.436831950938694,0,"Significant","truncating"
"8168C>T","4989C>T",20,20.0673724735322,-0.00146051608861039,1,"Not Significant","truncating"
"8168C>T","8235A>G",16,12.7045235803657,0.100161599006548,0.327,"Not Significant","truncating"
"8168C>T","6211G>A",24,18.9124157844081,0.103464234556851,0.175,"Not Significant","truncating"
"8168C>T","10761T>C",15,14.2925890279115,0.0209803529594841,0.883,"Not Significant","truncating"
"8168C>T","15723G>A",24,14.1482194417709,0.229509454519347,0.003,"Significant","truncating"
"8168C>T","13636C>T",23,17.6130895091434,0.115892293843763,0.166,"Not Significant","truncating"
"8168C>T","14354T>C",14,18.7680461982676,-0.127291028126315,0.219,"Not Significant","truncating"
"8168C>T","5260G>A",33,22.5216554379211,0.16591363002431,0.018,"Significant","truncating"
"8168C>T","13409A>G",18,14.5813282001925,0.0914754198215939,0.376,"Not Significant","truncating"
"8168C>T","15075C>A",13,10.827718960539,0.0794063774159627,0.51,"Not Significant","truncating"
"8168C>T","3824G>A",13,10.2502406159769,0.103209292088361,0.391,"Not Significant","truncating"
"8168C>T","13156C>T",17,16.6025024061598,0.0102753695260973,1,"Not Significant","truncating"
"8168C>T","8366A>G",16,15.8806544754572,0.00325158599917551,1,"Not Significant","truncating"
"8168C>T","15561G>A",19,16.3137632338787,0.066199445970529,0.49,"Not Significant","truncating"
"8168C>T","15879A>G",12,14.2925890279115,-0.0759296600478484,0.534,"Not Significant","truncating"
"8168C>T","4485C>T",17,16.0250240615977,0.0256502310929574,0.914,"Not Significant","truncating"
"8168C>T","5348C>A",13,16.7468719923003,-0.109990348417838,0.306,"Not Significant","truncating"
"8168C>T","12817C>A",9,7.07410972088547,0.104570717910994,0.537,"Not Significant","truncating"
"8168C>T","3718C>T",13,13.4263715110683,-0.0140153077454961,1,"Not Significant","truncating"
"8168C>T","3308T>C",12,12.8488931665063,-0.0296844720955527,0.887,"Not Significant","truncating"
"8168C>T","14157C>T",19,13.7151106833494,0.141554284164597,0.138,"Not Significant","truncating"
"8168C>T","7339A>G",12,14.0038498556304,-0.067066199716606,0.532,"Not Significant","truncating"
"8168C>T","12006G>A",19,13.1376323387873,0.160236497132212,0.083,"Not Significant","truncating"
"10677G>T","11148T>A",6,12.0692974013475,-0.303530738550237,0.053,"Not Significant","truncating"
"10677G>T","5035G>A",33,11.11645813282,0.472547503204311,0,"Significant","truncating"
"10677G>T","5920G>A",7,15.563041385948,-0.346996432331553,0.01,"Significant","truncating"
"10677G>T","14343C>T",7,12.8103946102021,-0.262464467900427,0.084,"Not Significant","truncating"
"10677G>T","15882G>A",36,12.7045235803657,0.452344117116403,0,"Significant","truncating"
"10677G>T","15327C>G",4,6.24639076034649,-0.193569157911325,0.399,"Not Significant","truncating"
"10677G>T","9216C>T",13,15.563041385948,-0.0781511200418368,0.497,"Not Significant","truncating"
"10677G>T","8391G>A",12,12.0692974013475,-0.00250074288987464,1,"Not Significant","truncating"
"10677G>T","4989C>T",25,14.716073147257,0.230148070815681,0.005,"Significant","truncating"
"10677G>T","8235A>G",17,9.31665062560154,0.261189111624951,0.015,"Significant","truncating"
"10677G>T","6211G>A",14,13.8691049085659,0.00407960242139684,1,"Not Significant","truncating"
"10677G>T","10761T>C",9,10.4812319538017,-0.0661698227585908,0.729,"Not Significant","truncating"
"10677G>T","15723G>A",14,10.3753609239654,0.130124822383612,0.233,"Not Significant","truncating"
"10677G>T","13636C>T",20,12.9162656400385,0.189893027386994,0.024,"Significant","truncating"
"10677G>T","14354T>C",18,13.7632338787295,0.116552015194679,0.225,"Not Significant","truncating"
"10677G>T","5260G>A",16,16.5158806544755,-0.0137817532994996,0.887,"Not Significant","truncating"
"10677G>T","13409A>G",13,10.6929740134745,0.0848448409224258,0.495,"Not Significant","truncating"
"10677G>T","15075C>A",4,7.94032723772859,-0.297778409659397,0.158,"Not Significant","truncating"
"10677G>T","3824G>A",6,7.51684311838306,-0.0978842359350187,0.551,"Not Significant","truncating"
"10677G>T","13156C>T",16,12.1751684311838,0.118645004700413,0.265,"Not Significant","truncating"
"10677G>T","8366A>G",5,11.6458132820019,-0.367199818418297,0.024,"Significant","truncating"
"10677G>T","15561G>A",26,11.9634263715111,0.337117766884391,0,"Significant","truncating"
"10677G>T","15879A>G",9,10.4812319538017,-0.0661698227585908,0.73,"Not Significant","truncating"
"10677G>T","4485C>T",23,11.7516843118383,0.29162771962808,0,"Significant","truncating"
"10677G>T","5348C>A",19,12.2810394610202,0.189518474123612,0.047,"Significant","truncating"
"10677G>T","12817C>A",2,5.18768046198268,-0.413943221952237,0.159,"Not Significant","truncating"
"10677G>T","3718C>T",10,9.84600577478345,0.00673991384494927,1,"Not Significant","truncating"
"10677G>T","3308T>C",6,9.42252165543792,-0.196015893859688,0.263,"Not Significant","truncating"
"10677G>T","14157C>T",5,10.0577478344562,-0.303530738549509,0.073,"Not Significant","truncating"
"10677G>T","7339A>G",8,10.269489894129,-0.108458884874149,0.487,"Not Significant","truncating"
"10677G>T","12006G>A",15,9.63426371511068,0.192272729131928,0.079,"Not Significant","truncating"
"11148T>A","5035G>A",9,11.5206929740135,-0.107236093408853,0.43,"Not Significant","truncating"
"11148T>A","5920G>A",20,16.1289701636189,0.0934233571359887,0.331,"Not Significant","truncating"
"11148T>A","14343C>T",26,13.2762271414822,0.291898673873472,0.002,"Significant","truncating"
"11148T>A","15882G>A",15,13.1665062560154,0.056620709228358,0.632,"Not Significant","truncating"
"11148T>A","15327C>G",2,6.4735322425409,-0.510111319742452,0.083,"Not Significant","truncating"
"11148T>A","9216C>T",17,16.1289701636189,0.0228422828506646,0.904,"Not Significant","truncating"
"11148T>A","8391G>A",16,12.5081809432146,0.106925827539399,0.322,"Not Significant","truncating"
"11148T>A","4989C>T",17,15.2512030798845,0.0471448173445906,0.67,"Not Significant","truncating"
"11148T>A","8235A>G",5,9.65543792107796,-0.285801971589257,0.099,"Not Significant","truncating"
"11148T>A","6211G>A",14,14.3734359961501,-0.0114325637567408,1,"Not Significant","truncating"
"11148T>A","10761T>C",12,10.8623676612127,0.0432567476704007,0.729,"Not Significant","truncating"
"11148T>A","15723G>A",10,10.7526467757459,-0.0315153794714861,0.863,"Not Significant","truncating"
"11148T>A","13636C>T",12,13.385948026949,-0.0474678884060439,0.773,"Not Significant","truncating"
"11148T>A","14354T>C",8,14.2637151106834,-0.251142669091804,0.06,"Not Significant","truncating"
"11148T>A","5260G>A",12,17.11645813282,-0.15423265608505,0.168,"Not Significant","truncating"
"11148T>A","13409A>G",16,11.0818094321463,0.159509305092782,0.133,"Not Significant","truncating"
"11148T>A","15075C>A",16,8.22906641000962,0.288769415482366,0.001,"Significant","truncating"
"11148T>A","3824G>A",7,7.79018286814244,-0.0464496124834844,0.853,"Not Significant","truncating"
"11148T>A","13156C>T",14,12.6179018286814,0.0451408915449913,0.756,"Not Significant","truncating"
"11148T>A","8366A>G",17,12.0692974013475,0.14876693243971,0.135,"Not Significant","truncating"
"11148T>A","15561G>A",9,12.3984600577478,-0.139125237822067,0.336,"Not Significant","truncating"
"11148T>A","15879A>G",10,10.8623676612127,-0.0359244983765003,0.867,"Not Significant","truncating"
"11148T>A","4485C>T",7,12.1790182868142,-0.240514242549058,0.099,"Not Significant","truncating"
"11148T>A","5348C>A",12,12.7276227141482,-0.0255660469583819,0.883,"Not Significant","truncating"
"11148T>A","12817C>A",2,5.37632338787296,-0.429455388130191,0.141,"Not Significant","truncating"
"11148T>A","3718C>T",12,10.2040423484119,0.0704089937137575,0.591,"Not Significant","truncating"
"11148T>A","3308T>C",13,9.76515880654476,0.124264041881522,0.281,"Not Significant","truncating"
"11148T>A","14157C>T",13,10.4234841193455,0.0959304432378681,0.362,"Not Significant","truncating"
"11148T>A","7339A>G",15,10.6429258902791,0.149030221008956,0.166,"Not Significant","truncating"
"11148T>A","12006G>A",11,9.98460057747834,0.0420619890574348,0.744,"Not Significant","truncating"
"5035G>A","5920G>A",15,14.8556304138595,0.00420017279471635,1,"Not Significant","truncating"
"5035G>A","14343C>T",9,12.228103946102,-0.133116612388612,0.324,"Not Significant","truncating"
"5035G>A","15882G>A",25,12.1270452358037,0.314185011109808,0,"Significant","truncating"
"5035G>A","15327C>G",3,5.96246390760346,-0.29830450842805,0.237,"Not Significant","truncating"
"5035G>A","9216C>T",12,14.8556304138595,-0.0927098402126163,0.467,"Not Significant","truncating"
"5035G>A","8391G>A",11,11.5206929740135,-0.0200859176908299,0.87,"Not Significant","truncating"
"5035G>A","4989C>T",24,14.0471607314726,0.232622689943468,0.004,"Significant","truncating"
"5035G>A","8235A>G",19,8.89316650625602,0.329697177287302,0,"Significant","truncating"
"5035G>A","6211G>A",14,13.2386910490857,0.0242829885095347,0.867,"Not Significant","truncating"
"5035G>A","10761T>C",13,10.004812319538,0.113734406195526,0.403,"Not Significant","truncating"
"5035G>A","15723G>A",18,9.90375360923965,0.259472677896078,0.006,"Significant","truncating"
"5035G>A","13636C>T",19,12.3291626564004,0.187820018764083,0.032,"Significant","truncating"
"5035G>A","14354T>C",15,13.1376323387873,0.0575741552356733,0.642,"Not Significant","truncating"
"5035G>A","5260G>A",9,15.7651588065448,-0.243455840425827,0.064,"Not Significant","truncating"
"5035G>A","13409A>G",13,10.2069297401347,0.105048227010519,0.358,"Not Significant","truncating"
"5035G>A","15075C>A",1,7.57940327237729,-0.879635014866761,0.01,"Significant","truncating"
"5035G>A","3824G>A",11,7.17516843118383,0.185560584924284,0.141,"Not Significant","truncating"
"5035G>A","13156C>T",10,11.6217516843118,-0.0652715918657663,0.642,"Not Significant","truncating"
"5035G>A","8366A>G",12,11.11645813282,0.0332148093763515,0.86,"Not Significant","truncating"
"5035G>A","15561G>A",22,11.4196342637151,0.284770485824197,0,"Significant","truncating"
"5035G>A","15879A>G",14,10.004812319538,0.145919089566689,0.228,"Not Significant","truncating"
"5035G>A","4485C>T",14,11.2175168431184,0.0962313053780505,0.428,"Not Significant","truncating"
"5035G>A","5348C>A",12,11.7228103946102,0.0101495053078602,1,"Not Significant","truncating"
"5035G>A","12817C>A",4,4.95187680461983,-0.0927098402112248,0.817,"Not Significant","truncating"
"5035G>A","3718C>T",16,9.39846005774783,0.231063282587322,0.023,"Significant","truncating"
"5035G>A","3308T>C",13,8.99422521655438,0.159979594147675,0.141,"Not Significant","truncating"
"5035G>A","14157C>T",12,9.60057747834456,0.0968838892451119,0.483,"Not Significant","truncating"
"5035G>A","7339A>G",7,9.80269489894129,-0.146247445762975,0.384,"Not Significant","truncating"
"5035G>A","12006G>A",12,9.19634263715111,0.115566102212667,0.383,"Not Significant","truncating"
"5920G>A","14343C>T",18,17.1193455245428,0.0217853475957331,0.883,"Not Significant","truncating"
"5920G>A","15882G>A",8,16.9778633301251,-0.326793046243809,0.018,"Significant","truncating"
"5920G>A","15327C>G",3,8.34744947064485,-0.444432544104207,0.047,"Significant","truncating"
"5920G>A","9216C>T",25,20.7978825794033,0.0799208867325118,0.299,"Not Significant","truncating"
"5920G>A","8391G>A",21,16.1289701636189,0.114612656205823,0.207,"Not Significant","truncating"
"5920G>A","4989C>T",24,19.6660250240616,0.0864946542661135,0.317,"Not Significant","truncating"
"5920G>A","8235A>G",11,12.4504331087584,-0.0537917741824824,0.732,"Not Significant","truncating"
"5920G>A","6211G>A",25,18.5341674687199,0.129966925824669,0.117,"Not Significant","truncating"
"5920G>A","10761T>C",17,14.0067372473532,0.0841119395891793,0.463,"Not Significant","truncating"
"5920G>A","15723G>A",16,13.8652550529355,0.0621921197720133,0.548,"Not Significant","truncating"
"5920G>A","13636C>T",17,17.2608277189605,-0.00661269648743437,1,"Not Significant","truncating"
"5920G>A","14354T>C",25,18.3926852743022,0.133294869173578,0.072,"Not Significant","truncating"
"5920G>A","5260G>A",25,22.0712223291627,0.0541136231263468,0.552,"Not Significant","truncating"
"5920G>A","13409A>G",15,14.2897016361886,0.021068098081896,0.88,"Not Significant","truncating"
"5920G>A","15075C>A",14,10.6111645813282,0.120364985094549,0.309,"Not Significant","truncating"
"5920G>A","3824G>A",9,10.0452358036574,-0.047717626470247,0.733,"Not Significant","truncating"
"5920G>A","13156C>T",19,16.2704523580366,0.0673539734078351,0.499,"Not Significant","truncating"
"5920G>A","8366A>G",25,15.563041385948,0.20584553632176,0.007,"Significant","truncating"
"5920G>A","15561G>A",8,15.9874879692012,-0.300690243679763,0.022,"Significant","truncating"
"5920G>A","15879A>G",18,14.0067372473532,0.10893552331407,0.289,"Not Significant","truncating"
"5920G>A","4485C>T",15,15.7045235803657,-0.019933506921845,0.882,"Not Significant","truncating"
"5920G>A","5348C>A",15,16.4119345524543,-0.0390685173619868,0.795,"Not Significant","truncating"
"5920G>A","12817C>A",3,6.93262752646776,-0.363776612491638,0.15,"Not Significant","truncating"
"5920G>A","3718C>T",21,13.157844080847,0.203034558987753,0.024,"Significant","truncating"
"5920G>A","3308T>C",14,12.5919153031761,0.0460362418419796,0.736,"Not Significant","truncating"
"5920G>A","14157C>T",24,13.4408084696824,0.251785849230338,0.002,"Significant","truncating"
"5920G>A","7339A>G",20,13.7237728585178,0.163556474205744,0.053,"Not Significant","truncating"
"5920G>A","12006G>A",11,12.8748796920116,-0.0683504943532924,0.627,"Not Significant","truncating"
"14343C>T","15882G>A",5,13.9749759384023,-0.4463810644653,0.008,"Significant","truncating"
"14343C>T","15327C>G",6,6.87102983638114,-0.0588705840168556,0.853,"Not Significant","truncating"
"14343C>T","9216C>T",16,17.1193455245428,-0.0293671748513466,0.797,"Not Significant","truncating"
"14343C>T","8391G>A",15,13.2762271414822,0.0530165849595601,0.671,"Not Significant","truncating"
"14343C>T","4989C>T",22,16.1876804619827,0.13323805780813,0.113,"Not Significant","truncating"
"14343C>T","8235A>G",7,10.2483156881617,-0.165554454893218,0.294,"Not Significant","truncating"
"14343C>T","6211G>A",16,15.2560153994225,0.0206788642407554,0.882,"Not Significant","truncating"
"14343C>T","10761T>C",13,11.5293551491819,0.052138334949588,0.728,"Not Significant","truncating"
"14343C>T","15723G>A",12,11.4128970163619,0.0217853475956711,0.867,"Not Significant","truncating"
"14343C>T","13636C>T",15,14.2078922040423,0.0235616056214989,0.882,"Not Significant","truncating"
"14343C>T","14354T>C",21,15.1395572666025,0.142106119667009,0.093,"Not Significant","truncating"
"14343C>T","5260G>A",23,18.167468719923,0.102433414903356,0.222,"Not Significant","truncating"
"14343C>T","13409A>G",11,11.7622714148219,-0.0290985113834344,0.867,"Not Significant","truncating"
"14343C>T","15075C>A",16,8.73435996150144,0.262888896502694,0.007,"Significant","truncating"
"14343C>T","3824G>A",7,8.26852743022137,-0.0723301314631393,0.694,"Not Significant","truncating"
"14343C>T","13156C>T",9,13.3926852743022,-0.172625153671977,0.197,"Not Significant","truncating"
"14343C>T","8366A>G",18,12.8103946102021,0.147709997184831,0.117,"Not Significant","truncating"
"14343C>T","15561G>A",10,13.1597690086622,-0.11924826624165,0.367,"Not Significant","truncating"
"14343C>T","15879A>G",14,11.5293551491819,0.0843230183207506,0.483,"Not Significant","truncating"
"14343C>T","4485C>T",14,12.9268527430221,0.0346352341320504,0.747,"Not Significant","truncating"
"14343C>T","5348C>A",11,13.5091434071222,-0.0892351268272328,0.436,"Not Significant","truncating"
"14343C>T","12817C>A",2,5.70644850818094,-0.455335907109701,0.112,"Not Significant","truncating"
"14343C>T","3718C>T",15,10.8306063522618,0.141438487741359,0.184,"Not Significant","truncating"
"14343C>T","3308T>C",12,10.3647738209817,0.0636214166428683,0.599,"Not Significant","truncating"
"14343C>T","14157C>T",19,11.0635226179018,0.234860172903069,0.012,"Significant","truncating"
"14343C>T","7339A>G",8,11.2964388835419,-0.14985157003199,0.313,"Not Significant","truncating"
"14343C>T","12006G>A",10,10.5976900866218,-0.0252112150801213,0.868,"Not Significant","truncating"
"15882G>A","15327C>G",4,6.81424446583253,-0.231357718800145,0.297,"Not Significant","truncating"
"15882G>A","9216C>T",18,16.9778633301251,0.0253894718645373,0.779,"Not Significant","truncating"
"15882G>A","8391G>A",18,13.1665062560154,0.1358019552755,0.156,"Not Significant","truncating"
"15882G>A","4989C>T",23,16.0538979788258,0.156147337272233,0.061,"Not Significant","truncating"
"15882G>A","8235A>G",22,10.1636188642926,0.335374310179291,0.002,"Significant","truncating"
"15882G>A","6211G>A",15,15.1299326275265,-0.00374573509050561,1,"Not Significant","truncating"
"15882G>A","10761T>C",14,11.4340712223292,0.0879271425895446,0.417,"Not Significant","truncating"
"15882G>A","15723G>A",10,11.3185755534167,-0.0537917741824363,0.722,"Not Significant","truncating"
"15882G>A","13636C>T",20,14.0904716073147,0.152104466497875,0.086,"Not Significant","truncating"
"15882G>A","14354T>C",18,15.0144369586141,0.0787634543055421,0.488,"Not Significant","truncating"
"15882G>A","5260G>A",23,18.0173243503369,0.106037539172162,0.204,"Not Significant","truncating"
"15882G>A","13409A>G",14,11.665062560154,0.0792409634045271,0.521,"Not Significant","truncating"
"15882G>A","15075C>A",8,8.66217516843118,-0.0345369748897889,0.859,"Not Significant","truncating"
"15882G>A","3824G>A",12,8.20019249278152,0.165357198836425,0.19,"Not Significant","truncating"
"15882G>A","13156C>T",16,13.2820019249278,0.0808564438113102,0.445,"Not Significant","truncating"
"15882G>A","8366A>G",7,12.7045235803657,-0.25886034363163,0.065,"Not Significant","truncating"
"15882G>A","15561G>A",23,13.051010587103,0.246083694042286,0.005,"Significant","truncating"
"15882G>A","15879A>G",15,11.4340712223292,0.117890365966781,0.226,"Not Significant","truncating"
"15882G>A","4485C>T",21,12.8200192492782,0.214330617455495,0.008,"Significant","truncating"
"15882G>A","5348C>A",15,13.3974975938402,0.0490675713379691,0.635,"Not Significant","truncating"
"15882G>A","12817C>A",6,5.65928777670837,0.0253894718642469,1,"Not Significant","truncating"
"15882G>A","3718C>T",9,10.7410972088547,-0.0768061376042755,0.616,"Not Significant","truncating"
"15882G>A","3308T>C",11,10.279114533205,0.0294369800225879,0.854,"Not Significant","truncating"
"15882G>A","14157C>T",7,10.9720885466795,-0.195191263762792,0.249,"Not Significant","truncating"
"15882G>A","7339A>G",4,11.2030798845043,-0.447277441421749,0.016,"Significant","truncating"
"15882G>A","12006G>A",14,10.5101058710298,0.124520944865667,0.308,"Not Significant","truncating"
"15327C>G","9216C>T",1,8.34744947064485,-0.921553798794916,0.007,"Significant","truncating"
"15327C>G","8391G>A",4,6.4735322425409,-0.209081324089328,0.4,"Not Significant","truncating"
"15327C>G","4989C>T",5,7.89316650625602,-0.198281259999859,0.319,"Not Significant","truncating"
"15327C>G","8235A>G",8,4.99711260827719,0.204370850753546,0.163,"Not Significant","truncating"
"15327C>G","6211G>A",11,7.43888354186718,0.169884925415604,0.15,"Not Significant","truncating"
"15327C>G","10761T>C",5,5.62175168431184,-0.0509016543455372,0.835,"Not Significant","truncating"
"15327C>G","15723G>A",16,5.56496631376323,0.458657442873373,0,"Significant","truncating"
"15327C>G","13636C>T",11,6.92781520692974,0.200796390396189,0.099,"Not Significant","truncating"
"15327C>G","14354T>C",11,7.38209817131858,0.173212868764486,0.149,"Not Significant","truncating"
"15327C>G","5260G>A",14,8.85851780558229,0.198766973237009,0.063,"Not Significant","truncating"
"15327C>G","13409A>G",8,5.73532242540905,0.144532149122191,0.351,"Not Significant","truncating"
"15327C>G","15075C>A",0,4.25890279114533,-10.6292977274869,0.023,"Significant","truncating"
"15327C>G","3824G>A",2,4.03176130895091,-0.304464817129118,0.298,"Not Significant","truncating"
"15327C>G","13156C>T",2,6.53031761308951,-0.513904308759533,0.045,"Significant","truncating"
"15327C>G","8366A>G",4,6.24639076034649,-0.193569157911325,0.409,"Not Significant","truncating"
"15327C>G","15561G>A",8,6.4167468719923,0.0957750794222176,0.513,"Not Significant","truncating"
"15327C>G","15879A>G",6,5.62175168431184,0.0282795917006399,1,"Not Significant","truncating"
"15327C>G","4485C>T",12,6.30317613089509,0.27962180317273,0.028,"Significant","truncating"
"15327C>G","5348C>A",7,6.58710298363811,0.0264035867019827,1,"Not Significant","truncating"
"15327C>G","12817C>A",22,2.78248315688162,0.897990136695092,0,"Significant","truncating"
"15327C>G","3718C>T",0,5.28103946102021,-10.7227194126471,0.022,"Significant","truncating"
"15327C>G","3308T>C",2,5.0538979788258,-0.402596475052777,0.169,"Not Significant","truncating"
"15327C>G","14157C>T",4,5.39461020211742,-0.129900078043045,0.655,"Not Significant","truncating"
"15327C>G","7339A>G",5,5.50818094321463,-0.0420381940143915,0.848,"Not Significant","truncating"
"15327C>G","12006G>A",3,5.167468719923,-0.236156601680326,0.36,"Not Significant","truncating"
"9216C>T","8391G>A",23,16.1289701636189,0.154121197489317,0.057,"Not Significant","truncating"
"9216C>T","4989C>T",17,19.6660250240616,-0.0632676660664736,0.517,"Not Significant","truncating"
"9216C>T","8235A>G",13,12.4504331087584,0.0187588929655219,0.862,"Not Significant","truncating"
"9216C>T","6211G>A",29,18.5341674687199,0.194424915051347,0.015,"Significant","truncating"
"9216C>T","10761T>C",18,14.0067372473532,0.10893552331407,0.302,"Not Significant","truncating"
"9216C>T","15723G>A",10,13.8652550529355,-0.141927862882283,0.286,"Not Significant","truncating"
"9216C>T","13636C>T",17,17.2608277189605,-0.00661269648743437,1,"Not Significant","truncating"
"9216C>T","14354T>C",23,18.3926852743022,0.0970826965192844,0.229,"Not Significant","truncating"
"9216C>T","5260G>A",18,22.0712223291627,-0.0885538804417092,0.311,"Not Significant","truncating"
"9216C>T","13409A>G",17,14.2897016361886,0.075425760404148,0.434,"Not Significant","truncating"
"9216C>T","15075C>A",19,10.6111645813282,0.252990550368323,0.008,"Significant","truncating"
"9216C>T","3824G>A",12,10.0452358036574,0.0772211101368466,0.588,"Not Significant","truncating"
"9216C>T","13156C>T",18,16.2704523580366,0.0438728775584392,0.671,"Not Significant","truncating"
"9216C>T","8366A>G",22,15.563041385948,0.150328208472166,0.086,"Not Significant","truncating"
"9216C>T","15561G>A",12,15.9874879692012,-0.124598984625891,0.336,"Not Significant","truncating"
"9216C>T","15879A>G",15,14.0067372473532,0.0297542772669273,0.875,"Not Significant","truncating"
"9216C>T","4485C>T",16,15.7045235803657,0.00809521667821753,1,"Not Significant","truncating"
"9216C>T","5348C>A",15,16.4119345524543,-0.0390685173619868,0.783,"Not Significant","truncating"
"9216C>T","12817C>A",3,6.93262752646776,-0.363776612491638,0.142,"Not Significant","truncating"
"9216C>T","3718C>T",21,13.157844080847,0.203034558987753,0.019,"Significant","truncating"
"9216C>T","3308T>C",6,12.5919153031761,-0.321940543448479,0.044,"Significant","truncating"
"9216C>T","14157C>T",17,13.4408084696824,0.102023528897751,0.283,"Not Significant","truncating"
"9216C>T","7339A>G",18,13.7237728585178,0.117798983645311,0.207,"Not Significant","truncating"
"9216C>T","12006G>A",13,12.8748796920116,0.00420017279471196,1,"Not Significant","truncating"
"8391G>A","4989C>T",15,15.2512030798845,-0.00721284497766137,1,"Not Significant","truncating"
"8391G>A","8235A>G",12,9.65543792107796,0.0944092701172822,0.469,"Not Significant","truncating"
"8391G>A","6211G>A",14,14.3734359961501,-0.0114325637567408,1,"Not Significant","truncating"
"8391G>A","10761T>C",15,10.8623676612127,0.140166760677733,0.182,"Not Significant","truncating"
"8391G>A","15723G>A",18,10.7526467757459,0.22375712562989,0.024,"Significant","truncating"
"8391G>A","13636C>T",28,13.385948026949,0.320508896886482,0,"Significant","truncating"
"8391G>A","14354T>C",10,14.2637151106834,-0.154232656084834,0.236,"Not Significant","truncating"
"8391G>A","5260G>A",24,17.11645813282,0.146797339577121,0.081,"Not Significant","truncating"
"8391G>A","13409A>G",24,11.0818094321463,0.335600564147559,0,"Significant","truncating"
"8391G>A","15075C>A",9,8.22906641000962,0.0388919422678776,0.867,"Not Significant","truncating"
"8391G>A","3824G>A",11,7.79018286814244,0.149845032658228,0.212,"Not Significant","truncating"
"8391G>A","13156C>T",15,12.6179018286814,0.0751041149222278,0.522,"Not Significant","truncating"
"8391G>A","8366A>G",13,12.0692974013475,0.0322613633690589,0.877,"Not Significant","truncating"
"8391G>A","15561G>A",18,12.3984600577478,0.161904757839501,0.064,"Not Significant","truncating"
"8391G>A","15879A>G",13,10.8623676612127,0.0780188539293342,0.503,"Not Significant","truncating"
"8391G>A","4485C>T",13,12.1790182868142,0.028331069740659,0.869,"Not Significant","truncating"
"8391G>A","5348C>A",11,12.7276227141482,-0.0633546078474526,0.638,"Not Significant","truncating"
"8391G>A","12817C>A",7,5.37632338787296,0.114612656204574,0.475,"Not Significant","truncating"
"8391G>A","3718C>T",13,10.2040423484119,0.105171099972691,0.379,"Not Significant","truncating"
"8391G>A","3308T>C",11,9.76515880654476,0.0517133747335178,0.71,"Not Significant","truncating"
"8391G>A","14157C>T",16,10.4234841193455,0.18610707358633,0.047,"Significant","truncating"
"8391G>A","7339A>G",7,10.6429258902791,-0.18196299802916,0.246,"Not Significant","truncating"
"8391G>A","12006G>A",13,9.98460057747834,0.114612656205439,0.293,"Not Significant","truncating"
"4989C>T","8235A>G",16,11.7728585178056,0.133238057807864,0.185,"Not Significant","truncating"
"4989C>T","6211G>A",21,17.5255052935515,0.0785487463808273,0.387,"Not Significant","truncating"
"4989C>T","10761T>C",12,13.2444658325313,-0.0428532012465028,0.764,"Not Significant","truncating"
"4989C>T","15723G>A",17,13.1106833493744,0.112823592988104,0.264,"Not Significant","truncating"
"4989C>T","13636C>T",22,16.3214629451396,0.129663597449854,0.111,"Not Significant","truncating"
"4989C>T","14354T>C",22,17.3917228103946,0.102080075817929,0.218,"Not Significant","truncating"
"4989C>T","5260G>A",29,20.8700673724735,0.142874146846993,0.038,"Significant","truncating"
"4989C>T","13409A>G",11,13.512030798845,-0.0893279413206012,0.452,"Not Significant","truncating"
"4989C>T","15075C>A",10,10.0336862367661,-0.00146051608860313,1,"Not Significant","truncating"
"4989C>T","3824G>A",10,9.4985563041386,0.0223423985837777,0.842,"Not Significant","truncating"
"4989C>T","13156C>T",18,15.3849855630414,0.0681754120523666,0.468,"Not Significant","truncating"
"4989C>T","8366A>G",12,14.716073147257,-0.0886106918068499,0.48,"Not Significant","truncating"
"4989C>T","15561G>A",21,15.1174205967276,0.142741598552777,0.118,"Not Significant","truncating"
"4989C>T","15879A>G",17,13.2444658325313,0.108414474083082,0.279,"Not Significant","truncating"
"4989C>T","4485C>T",18,14.8498556304139,0.0835502736192191,0.364,"Not Significant","truncating"
"4989C>T","5348C>A",19,15.5187680461983,0.08789635902848,0.367,"Not Significant","truncating"
"4989C>T","12817C>A",6,6.5553416746872,-0.0384440823411745,0.848,"Not Significant","truncating"
"4989C>T","3718C>T",12,12.44177093359,-0.0157009552030995,1,"Not Significant","truncating"
"4989C>T","3308T>C",20,11.9066410009625,0.225240736320675,0.006,"Significant","truncating"
"4989C>T","14157C>T",15,12.7093358999038,0.071968401069394,0.558,"Not Significant","truncating"
"4989C>T","7339A>G",17,12.9769008662175,0.117277934414319,0.235,"Not Significant","truncating"
"4989C>T","12006G>A",18,12.1742059672762,0.16983186008414,0.076,"Not Significant","truncating"
"8235A>G","6211G>A",13,11.0952839268527,0.0688049320575077,0.625,"Not Significant","truncating"
"8235A>G","10761T>C",9,8.38498556304138,0.0307401902484299,0.855,"Not Significant","truncating"
"8235A>G","15723G>A",11,8.30028873917228,0.122299484871455,0.338,"Not Significant","truncating"
"8235A>G","13636C>T",14,10.3330125120308,0.131901080409398,0.238,"Not Significant","truncating"
"8235A>G","14354T>C",11,11.0105871029836,-0.000417791741599176,1,"Not Significant","truncating"
"8235A>G","5260G>A",18,13.2127045235804,0.134280782154979,0.169,"Not Significant","truncating"
"8235A>G","13409A>G",9,8.5543792107796,0.0220540110634397,1,"Not Significant","truncating"
"8235A>G","15075C>A",5,6.35226179018287,-0.103958383646823,0.673,"Not Significant","truncating"
"8235A>G","3824G>A",9,6.01347449470645,0.175117036124862,0.245,"Not Significant","truncating"
"8235A>G","13156C>T",8,9.74013474494706,-0.0854749779536894,0.605,"Not Significant","truncating"
"8235A>G","8366A>G",10,9.31665062560154,0.0307401902484653,0.871,"Not Significant","truncating"
"8235A>G","15561G>A",7,9.57074109720885,-0.135847528060488,0.386,"Not Significant","truncating"
"8235A>G","15879A>G",7,8.38498556304138,-0.0784042791752595,0.703,"Not Significant","truncating"
"8235A>G","4485C>T",17,9.40134744947065,0.25725881799656,0.007,"Significant","truncating"
"8235A>G","5348C>A",10,9.82483156881617,0.00767488618001291,1,"Not Significant","truncating"
"8235A>G","12817C>A",3,4.15014436958614,-0.14094194989783,0.631,"Not Significant","truncating"
"8235A>G","3718C>T",6,7.87680461982676,-0.118198822761558,0.556,"Not Significant","truncating"
"8235A>G","3308T>C",5,7.53801732435034,-0.178287126898961,0.332,"Not Significant","truncating"
"8235A>G","14157C>T",8,8.04619826756497,-0.00250074288986422,1,"Not Significant","truncating"
"8235A>G","7339A>G",6,8.21559191530318,-0.13648760847364,0.425,"Not Significant","truncating"
"8235A>G","12006G>A",7,7.70741097208855,-0.0418104768992585,0.851,"Not Significant","truncating"
"6211G>A","10761T>C",16,12.4821944177093,0.107829039959023,0.257,"Not Significant","truncating"
"6211G>A","15723G>A",13,12.3561116458133,0.022061528515581,0.862,"Not Significant","truncating"
"6211G>A","13636C>T",19,15.3820981713186,0.0917380221789562,0.298,"Not Significant","truncating"
"6211G>A","14354T>C",25,16.390760346487,0.183340908265701,0.007,"Significant","truncating"
"6211G>A","5260G>A",28,19.6689124157844,0.153377684888514,0.037,"Significant","truncating"
"6211G>A","13409A>G",15,12.7343599615014,0.0711141371739367,0.497,"Not Significant","truncating"
"6211G>A","15075C>A",10,9.45620789220404,0.0242829885094633,0.847,"Not Significant","truncating"
"6211G>A","3824G>A",9,8.95187680461983,0.00232841262163671,1,"Not Significant","truncating"
"6211G>A","13156C>T",17,14.4995187680462,0.0690953329256347,0.493,"Not Significant","truncating"
"6211G>A","8366A>G",12,13.8691049085659,-0.0628671872086993,0.649,"Not Significant","truncating"
"6211G>A","15561G>A",24,14.2473532242541,0.226477050128361,0.01,"Significant","truncating"
"6211G>A","15879A>G",15,12.4821944177093,0.0798003163589605,0.411,"Not Significant","truncating"
"6211G>A","4485C>T",19,13.995187680462,0.132774874066767,0.148,"Not Significant","truncating"
"6211G>A","5348C>A",18,14.6256015399423,0.090158767777244,0.373,"Not Significant","truncating"
"6211G>A","12817C>A",14,6.17805582290664,0.35527620754721,0.001,"Significant","truncating"
"6211G>A","3718C>T",9,11.725697786333,-0.114896187212075,0.435,"Not Significant","truncating"
"6211G>A","3308T>C",12,11.2213666987488,0.029135491303874,0.868,"Not Significant","truncating"
"6211G>A","14157C>T",13,11.9778633301251,0.0355639989191171,0.765,"Not Significant","truncating"
"6211G>A","7339A>G",11,12.2300288739172,-0.0460347972062096,0.754,"Not Significant","truncating"
"6211G>A","12006G>A",12,11.4735322425409,0.0194841056277783,0.864,"Not Significant","truncating"
"10761T>C","15723G>A",7,9.33782483156882,-0.125147682717057,0.483,"Not Significant","truncating"
"10761T>C","13636C>T",18,11.6246390760346,0.189893027386862,0.053,"Not Significant","truncating"
"10761T>C","14354T>C",16,12.3869104908566,0.111156983307924,0.26,"Not Significant","truncating"
"10761T>C","5260G>A",12,14.8642925890279,-0.0929629993465119,0.479,"Not Significant","truncating"
"10761T>C","13409A>G",16,9.62367661212705,0.220778961831111,0.033,"Significant","truncating"
"10761T>C","15075C>A",10,7.14629451395573,0.145919089566193,0.302,"Not Significant","truncating"
"10761T>C","3824G>A",9,6.76515880654475,0.123964513678283,0.41,"Not Significant","truncating"
"10761T>C","13156C>T",18,10.9576515880654,0.215555017707771,0.017,"Significant","truncating"
"10761T>C","8366A>G",16,10.4812319538017,0.183707650455898,0.063,"Not Significant","truncating"
"10761T>C","15561G>A",12,10.76708373436,0.0470831555234182,0.725,"Not Significant","truncating"
"10761T>C","15879A>G",9,9.43310875842156,-0.020412332198376,1,"Not Significant","truncating"
"10761T>C","4485C>T",12,10.5765158806545,0.0548386202201079,0.742,"Not Significant","truncating"
"10761T>C","5348C>A",11,11.0529355149182,-0.00208495110904701,1,"Not Significant","truncating"
"10761T>C","12817C>A",4,4.66891241578441,-0.0671557357393682,0.811,"Not Significant","truncating"
"10761T>C","3718C>T",17,8.8614051973051,0.28294632578162,0.005,"Significant","truncating"
"10761T>C","3308T>C",7,8.48026948989413,-0.0833116136699456,0.706,"Not Significant","truncating"
"10761T>C","14157C>T",14,9.05197305101059,0.189384783347322,0.089,"Not Significant","truncating"
"10761T>C","7339A>G",9,9.24254090471607,-0.0115488718671659,1,"Not Significant","truncating"
"10761T>C","12006G>A",11,8.67083734359961,0.103331645795698,0.417,"Not Significant","truncating"
"15723G>A","13636C>T",13,11.507218479307,0.0529729934963377,0.754,"Not Significant","truncating"
"15723G>A","14354T>C",10,12.2617901828681,-0.0885538804413531,0.508,"Not Significant","truncating"
"15723G>A","5260G>A",19,14.7141482194418,0.111018474462384,0.245,"Not Significant","truncating"
"15723G>A","13409A>G",19,9.5264677574591,0.299821699032596,0.003,"Significant","truncating"
"15723G>A","15075C>A",5,7.07410972088547,-0.150701787188452,0.419,"Not Significant","truncating"
"15723G>A","3824G>A",12,6.69682386910491,0.253312369190366,0.036,"Significant","truncating"
"15723G>A","13156C>T",10,10.846968238691,-0.03530836848859,0.857,"Not Significant","truncating"
"15723G>A","8366A>G",5,10.3753609239654,-0.317033208953024,0.081,"Not Significant","truncating"
"15723G>A","15561G>A",19,10.6583253128008,0.251064629332303,0.006,"Significant","truncating"
"15723G>A","15879A>G",9,9.33782483156882,-0.0160032132933679,1,"Not Significant","truncating"
"15723G>A","4485C>T",20,10.4696823869105,0.28109648874003,0.002,"Significant","truncating"
"15723G>A","5348C>A",11,10.9412897016362,0.00232416779596794,1,"Not Significant","truncating"
"15723G>A","12817C>A",10,4.62175168431184,0.335193391831115,0.012,"Significant","truncating"
"15723G>A","3718C>T",7,8.77189605389798,-0.0979954366737425,0.589,"Not Significant","truncating"
"15723G>A","3308T>C",14,8.39461020211742,0.222127500895936,0.043,"Significant","truncating"
"15723G>A","14157C>T",10,8.96053897978826,0.0476658665753309,0.705,"Not Significant","truncating"
"15723G>A","7339A>G",10,9.14918190567854,0.0386177375980338,0.878,"Not Significant","truncating"
"15723G>A","12006G>A",13,8.5832531280077,0.180291431848707,0.129,"Not Significant","truncating"
"13636C>T","14354T>C",20,15.264677574591,0.1173423602389,0.188,"Not Significant","truncating"
"13636C>T","5260G>A",28,18.3176130895091,0.184289149869367,0.013,"Significant","truncating"
"13636C>T","13409A>G",23,11.8594802694899,0.287662179115606,0,"Significant","truncating"
"13636C>T","15075C>A",6,8.8065447545717,-0.16665429612332,0.356,"Not Significant","truncating"
"13636C>T","3824G>A",9,8.33686236766121,0.033239877602295,0.834,"Not Significant","truncating"
"13636C>T","13156C>T",15,13.5033686236766,0.0456491355841779,0.754,"Not Significant","truncating"
"13636C>T","8366A>G",11,12.9162656400385,-0.069744283116985,0.658,"Not Significant","truncating"
"13636C>T","15561G>A",23,13.2685274302214,0.238905109415217,0.004,"Significant","truncating"
"13636C>T","15879A>G",14,11.6246390760346,0.0807485579624834,0.494,"Not Significant","truncating"
"13636C>T","4485C>T",17,13.0336862367661,0.115381659473268,0.272,"Not Significant","truncating"
"13636C>T","5348C>A",8,13.6207892204042,-0.231112285350305,0.095,"Not Significant","truncating"
"13636C>T","12817C>A",10,5.75360923965351,0.24005963685071,0.063,"Not Significant","truncating"
"13636C>T","3718C>T",9,10.9201154956689,-0.0839847222313326,0.599,"Not Significant","truncating"
"13636C>T","3308T>C",14,10.4504331087584,0.126993745914701,0.213,"Not Significant","truncating"
"13636C>T","14157C>T",12,11.1549566891242,0.0317133576409321,0.858,"Not Significant","truncating"
"13636C>T","7339A>G",11,11.3897978825794,-0.0151233322254556,1,"Not Significant","truncating"
"13636C>T","12006G>A",17,10.6852743022137,0.2016632459381,0.042,"Significant","truncating"
"14354T>C","5260G>A",19,19.5187680461983,-0.0116988021512313,0.886,"Not Significant","truncating"
"14354T>C","13409A>G",16,12.6371511068335,0.1024708041229,0.34,"Not Significant","truncating"
"14354T>C","15075C>A",16,9.38402309913378,0.231730914512652,0.014,"Significant","truncating"
"14354T>C","3824G>A",9,8.88354186717998,0.00565635597052689,1,"Not Significant","truncating"
"14354T>C","13156C>T",17,14.3888354186718,0.0724232762745392,0.468,"Not Significant","truncating"
"14354T>C","8366A>G",20,13.7632338787295,0.162309505755113,0.059,"Not Significant","truncating"
"14354T>C","15561G>A",11,14.1385948026949,-0.109013563073978,0.37,"Not Significant","truncating"
"14354T>C","15879A>G",12,12.3869104908566,-0.0137817532994714,1,"Not Significant","truncating"
"14354T>C","4485C>T",18,13.888354186718,0.112621721566275,0.227,"Not Significant","truncating"
"14354T>C","5348C>A",20,14.5139557266603,0.139244201686582,0.134,"Not Significant","truncating"
"14354T>C","12817C>A",13,6.13089509143407,0.326419467524921,0.008,"Significant","truncating"
"14354T>C","3718C>T",13,11.6361886429259,0.0481325990028507,0.73,"Not Significant","truncating"
"14354T>C","3308T>C",16,11.1357074109721,0.157402171260167,0.114,"Not Significant","truncating"
"14354T>C","14157C>T",15,11.8864292589028,0.101039849016416,0.322,"Not Significant","truncating"
"14354T>C","7339A>G",11,12.1366698748797,-0.0427068538573095,0.755,"Not Significant","truncating"
"14354T>C","12006G>A",13,11.385948026949,0.0575741552356102,0.597,"Not Significant","truncating"
"5260G>A","13409A>G",14,15.1645813282002,-0.0347023889014505,0.76,"Not Significant","truncating"
"5260G>A","15075C>A",16,11.2608277189605,0.152549668465798,0.127,"Not Significant","truncating"
"5260G>A","3824G>A",13,10.660250240616,0.0861759527897441,0.496,"Not Significant","truncating"
"5260G>A","13156C>T",24,17.2666025024062,0.143004350560005,0.067,"Not Significant","truncating"
"5260G>A","8366A>G",15,16.5158806544755,-0.0418104768995622,0.667,"Not Significant","truncating"
"5260G>A","15561G>A",19,16.9663137632339,0.0491661066718511,0.583,"Not Significant","truncating"
"5260G>A","15879A>G",16,14.8642925890279,0.0319757372608832,0.741,"Not Significant","truncating"
"5260G>A","4485C>T",19,16.6660250240616,0.0569215713685672,0.556,"Not Significant","truncating"
"5260G>A","5348C>A",20,17.4167468719923,0.0600629556394565,0.492,"Not Significant","truncating"
"5260G>A","12817C>A",11,7.35707410972089,0.174687554330472,0.149,"Not Significant","truncating"
"5260G>A","3718C>T",7,13.9634263715111,-0.299893959333869,0.041,"Significant","truncating"
"5260G>A","3308T>C",18,13.3628488931665,0.129373447660272,0.16,"Not Significant","truncating"
"5260G>A","14157C>T",12,14.2637151106833,-0.0750514100379328,0.537,"Not Significant","truncating"
"5260G>A","7339A>G",18,14.5640038498556,0.0919917200392078,0.355,"Not Significant","truncating"
"5260G>A","12006G>A",14,13.6631376323388,0.0105775925597837,1,"Not Significant","truncating"
"13409A>G","15075C>A",6,7.29066410009625,-0.0846158392322402,0.708,"Not Significant","truncating"
"13409A>G","3824G>A",12,6.90182868142445,0.240217071100411,0.033,"Significant","truncating"
"13409A>G","13156C>T",13,11.1790182868142,0.0655396857272157,0.604,"Not Significant","truncating"
"13409A>G","8366A>G",14,10.6929740134745,0.117029524293588,0.294,"Not Significant","truncating"
"13409A>G","15561G>A",12,10.9846005774783,0.0383969763384054,0.739,"Not Significant","truncating"
"13409A>G","15879A>G",11,9.62367661212705,0.0580516643346453,0.735,"Not Significant","truncating"
"13409A>G","4485C>T",14,10.7901828681424,0.113099230665193,0.289,"Not Significant","truncating"
"13409A>G","5348C>A",10,11.2762271414822,-0.0521638154518921,0.743,"Not Significant","truncating"
"13409A>G","12817C>A",6,4.76323387872955,0.100249344127785,0.621,"Not Significant","truncating"
"13409A>G","3718C>T",13,9.04042348411935,0.157754577525973,0.194,"Not Significant","truncating"
"13409A>G","3308T>C",13,8.65158806544755,0.17684751943478,0.117,"Not Significant","truncating"
"13409A>G","14157C>T",12,9.23484119345525,0.113751814532228,0.359,"Not Significant","truncating"
"13409A>G","7339A>G",8,9.42925890279115,-0.0713875734989436,0.749,"Not Significant","truncating"
"13409A>G","12006G>A",18,8.84600577478344,0.308525286554251,0.004,"Significant","truncating"
"15075C>A","3824G>A",7,5.12512030798845,0.135393975458389,0.471,"Not Significant","truncating"
"15075C>A","13156C>T",15,8.30125120307988,0.256947702865211,0.015,"Significant","truncating"
"15075C>A","8366A>G",9,7.94032723772859,0.0544041084459333,0.721,"Not Significant","truncating"
"15075C>A","15561G>A",8,8.15688161693937,-0.00843417232589443,1,"Not Significant","truncating"
"15075C>A","15879A>G",12,7.14629451395573,0.225100335613094,0.055,"Not Significant","truncating"
"15075C>A","4485C>T",8,8.01251203079884,-0.000678707629227912,1,"Not Significant","truncating"
"15075C>A","5348C>A",6,8.37343599615014,-0.144752454675746,0.443,"Not Significant","truncating"
"15075C>A","12817C>A",3,3.53705486044273,-0.0715205411411758,0.804,"Not Significant","truncating"
"15075C>A","3718C>T",14,6.71318575553417,0.319199371286413,0.006,"Significant","truncating"
"15075C>A","3308T>C",9,6.42444658325313,0.146406786957955,0.264,"Not Significant","truncating"
"15075C>A","14157C>T",5,6.85755534167469,-0.137199316784999,0.533,"Not Significant","truncating"
"15075C>A","7339A>G",4,7.00192492781521,-0.24315745876815,0.236,"Not Significant","truncating"
"15075C>A","12006G>A",13,6.56881616939365,0.29645624414795,0.011,"Significant","truncating"
"3824G>A","13156C>T",5,7.85851780558229,-0.196370637176331,0.314,"Not Significant","truncating"
"3824G>A","8366A>G",6,7.51684311838306,-0.0978842359350187,0.57,"Not Significant","truncating"
"3824G>A","15561G>A",10,7.7218479307026,0.112278755353401,0.445,"Not Significant","truncating"
"3824G>A","15879A>G",9,6.76515880654475,0.123964513678283,0.394,"Not Significant","truncating"
"3824G>A","4485C>T",11,7.58517805582291,0.161426905207892,0.253,"Not Significant","truncating"
"3824G>A","5348C>A",7,7.92685274302214,-0.054002750373834,0.846,"Not Significant","truncating"
"3824G>A","12817C>A",3,3.34841193455245,-0.0477176264692427,1,"Not Significant","truncating"
"3824G>A","3718C>T",7,6.35514918190568,0.0419722902977943,0.812,"Not Significant","truncating"
"3824G>A","3308T>C",7,6.0818094321463,0.0610652322065095,0.818,"Not Significant","truncating"
"3824G>A","14157C>T",9,6.49181905678537,0.141876102986715,0.304,"Not Significant","truncating"
"3824G>A","7339A>G",9,6.62848893166506,0.132827974009456,0.372,"Not Significant","truncating"
"3824G>A","12006G>A",7,6.21847930702599,0.0514138465304857,0.833,"Not Significant","truncating"
"13156C>T","8366A>G",11,12.1751684311838,-0.0440822927960532,0.729,"Not Significant","truncating"
"13156C>T","15561G>A",17,12.507218479307,0.133288185097502,0.201,"Not Significant","truncating"
"13156C>T","15879A>G",11,10.9576515880654,0.00167519776422565,1,"Not Significant","truncating"
"13156C>T","4485C>T",12,12.2858517805582,-0.0102240255353826,1,"Not Significant","truncating"
"13156C>T","5348C>A",16,12.8392685274302,0.0955797006319038,0.31,"Not Significant","truncating"
"13156C>T","12817C>A",2,5.42348411934552,-0.43324837714726,0.146,"Not Significant","truncating"
"13156C>T","3718C>T",17,10.2935514918191,0.21788368002624,0.019,"Significant","truncating"
"13156C>T","3308T>C",5,9.85081809432146,-0.294502295101051,0.116,"Not Significant","truncating"
"13156C>T","14157C>T",13,10.5149181905679,0.0921374542207652,0.494,"Not Significant","truncating"
"13156C>T","7339A>G",8,10.7362848893167,-0.127764040069352,0.431,"Not Significant","truncating"
"13156C>T","12006G>A",14,10.0721847930703,0.143004350559501,0.226,"Not Significant","truncating"
"8366A>G","15561G>A",8,11.9634263715111,-0.174765594090725,0.262,"Not Significant","truncating"
"8366A>G","15879A>G",14,10.4812319538017,0.125715703478599,0.216,"Not Significant","truncating"
"8366A>G","4485C>T",11,11.7516843118383,-0.0287074312292275,0.871,"Not Significant","truncating"
"8366A>G","5348C>A",12,12.2810394610202,-0.0100538807802585,1,"Not Significant","truncating"
"8366A>G","12817C>A",4,5.18768046198268,-0.112913226299113,0.661,"Not Significant","truncating"
"8366A>G","3718C>T",13,9.84600577478345,0.120683266150784,0.298,"Not Significant","truncating"
"8366A>G","3308T>C",12,9.42252165543792,0.105014101800674,0.36,"Not Significant","truncating"
"8366A>G","14157C>T",14,10.0577478344562,0.143627292787127,0.199,"Not Significant","truncating"
"8366A>G","7339A>G",13,10.269489894129,0.102394480438656,0.392,"Not Significant","truncating"
"8366A>G","12006G>A",11,9.63426371511068,0.0575741552355242,0.705,"Not Significant","truncating"
"15561G>A","15879A>G",16,10.76708373436,0.172021892130813,0.073,"Not Significant","truncating"
"15561G>A","4485C>T",21,12.0721847930703,0.24043342001949,0.003,"Significant","truncating"
"15561G>A","5348C>A",15,12.6159769008662,0.0751703739019734,0.529,"Not Significant","truncating"
"15561G>A","12817C>A",6,5.32916265640039,0.0514922744279765,0.805,"Not Significant","truncating"
"15561G>A","3718C>T",12,10.1145332050048,0.0742354015667727,0.611,"Not Significant","truncating"
"15561G>A","3308T>C",6,9.67949951876805,-0.20770165218476,0.223,"Not Significant","truncating"
"15561G>A","14157C>T",11,10.3320500481232,0.0272061839428797,0.867,"Not Significant","truncating"
"15561G>A","7339A>G",5,10.5495668912416,-0.324264625851899,0.065,"Not Significant","truncating"
"15561G>A","12006G>A",11,9.89701636188643,0.0458883969104492,0.742,"Not Significant","truncating"
"15879A>G","4485C>T",20,10.5765158806545,0.276687369835017,0.005,"Significant","truncating"
"15879A>G","5348C>A",14,11.0529355149182,0.10265039941012,0.397,"Not Significant","truncating"
"15879A>G","12817C>A",7,4.66891241578441,0.175882312942273,0.313,"Not Significant","truncating"
"15879A>G","3718C>T",15,8.8614051973051,0.228588663459368,0.027,"Significant","truncating"
"15879A>G","3308T>C",10,8.48026948989413,0.0715903463139364,0.546,"Not Significant","truncating"
"15879A>G","14157C>T",10,9.05197305101059,0.0432567476703249,0.848,"Not Significant","truncating"
"15879A>G","7339A>G",11,9.24254090471607,0.075601303850857,0.599,"Not Significant","truncating"
"15879A>G","12006G>A",10,8.67083734359961,0.0619389606378683,0.731,"Not Significant","truncating"
"4485C>T","5348C>A",10,12.3926852743022,-0.09316542045556,0.53,"Not Significant","truncating"
"4485C>T","12817C>A",7,5.23484119345525,0.126194528754171,0.5,"Not Significant","truncating"
"4485C>T","3718C>T",12,9.93551491819057,0.0819908662634577,0.474,"Not Significant","truncating"
"4485C>T","3308T>C",9,9.50818094321463,-0.02385492843481,0.88,"Not Significant","truncating"
"4485C>T","14157C>T",15,10.1491819056785,0.16966022253597,0.102,"Not Significant","truncating"
"4485C>T","7339A>G",10,10.3628488931665,-0.0154791654955728,1,"Not Significant","truncating"
"4485C>T","12006G>A",11,9.7218479307026,0.0536438616071324,0.708,"Not Significant","truncating"
"5348C>A","12817C>A",6,5.47064485081809,0.0401127286846885,0.819,"Not Significant","truncating"
"5348C>A","3718C>T",9,10.3830606352262,-0.0620828807837085,0.743,"Not Significant","truncating"
"5348C>A","3308T>C",9,9.93647738209817,-0.0429899388748742,0.839,"Not Significant","truncating"
"5348C>A","14157C>T",12,10.6063522617902,0.0536151990885605,0.727,"Not Significant","truncating"
"5348C>A","7339A>G",12,10.8296438883542,0.0445670701112478,0.747,"Not Significant","truncating"
"5348C>A","12006G>A",15,10.1597690086622,0.169207425063467,0.106,"Not Significant","truncating"
"12817C>A","3718C>T",6,4.38594802694899,0.136087769355709,0.451,"Not Significant","truncating"
"12817C>A","3308T>C",3,4.19730510105871,-0.145849284392457,0.618,"Not Significant","truncating"
"12817C>A","14157C>T",3,4.48026948989413,-0.174182883035739,0.586,"Not Significant","truncating"
"12817C>A","7339A>G",5,4.57459095283927,0.03861773759763,1,"Not Significant","truncating"
"12817C>A","12006G>A",3,4.29162656400385,-0.15550067006841,0.632,"Not Significant","truncating"
"3718C>T","3308T>C",12,7.96631376323388,0.177923838404122,0.122,"Not Significant","truncating"
"3718C>T","14157C>T",16,8.50336862367661,0.274528976367926,0.007,"Significant","truncating"
"3718C>T","7339A>G",10,8.68238691049086,0.0613608647363383,0.719,"Not Significant","truncating"
"3718C>T","12006G>A",9,8.14533205004812,0.0433337161209672,0.856,"Not Significant","truncating"
"3308T>C","14157C>T",11,8.1376323387873,0.130894620780253,0.319,"Not Significant","truncating"
"3308T>C","7339A>G",8,8.30895091434071,-0.0164562063618348,1,"Not Significant","truncating"
"3308T>C","12006G>A",5,7.79499518768046,-0.192845847069696,0.331,"Not Significant","truncating"
"14157C>T","7339A>G",7,8.86910490856593,-0.102781751982351,0.595,"Not Significant","truncating"
"14157C>T","12006G>A",9,8.32050048123195,0.0340930593861669,0.826,"Not Significant","truncating"
"7339A>G","12006G>A",7,8.49566891241578,-0.0840995390148119,0.699,"Not Significant","truncating"
