,.y.,group1,group2,n1,n2,statistic,df,p,p.adj,p.adj.signif
1,mean,CTRL,KI36,527,2468,-4.57692810708915,1183.44127039202,5.22e-06,1.566e-05,****
2,mean,CTRL,KIA2,527,4634,-3.94115073730178,708.007220662803,8.91e-05,0.0001782,***
3,mean,KI36,KIA2,2468,4634,1.71567961927529,3958.64567017759,0.086,0.086,ns
