,.y.,group1,group2,n1,n2,statistic,df,p,p.adj,p.adj.signif
1,mean,CTRL,KI36,455,2483,-3.80144174907125,871.036486522233,0.000154,0.000462,***
2,mean,CTRL,KIA2,455,4651,-3.08411919317502,569.380631261326,0.002,0.004,**
3,mean,KI36,KIA2,2483,4651,1.71217042610654,3989.28479631336,0.087,0.087,ns
