,occurrence,.y.,group1,group2,n1,n2,statistic,df,p,p.adj,p.adj.signif
1,POLG-sahred,mean,KI36,KIA2,716,716,3.46486992575124,862.212840830851,0.000557,0.002785,**
2,Parental,mean,CTRL,KI36,450,172,-6.46721960612994,178.679462113996,9.25e-10,5.55e-09,****
3,Parental,mean,CTRL,KIA2,450,397,-9.94720170857755,458.433397488777,3.07e-21,2.149e-20,****
4,Parental,mean,KI36,KIA2,172,397,0.922910418761352,271.968824568626,0.357,1,ns
5,Private,mean,CTRL,KI36,77,1580,-0.769478529914017,82.2680354176728,0.444,1,ns
6,Private,mean,CTRL,KIA2,77,3521,-0.757097012152069,76.8968815232734,0.451,1,ns
7,Private,mean,KI36,KIA2,1580,3521,0.118777364117666,2052.13933796902,0.905,1,ns
