,condition,.y.,group1,group2,n1,n2,statistic,df,p,p.adj,p.adj.signif
1,CTRL,mean,Parental,Private,450,77,0.550903491385849,107.004586287563,0.583,0.583,ns
2,KI36,mean,Parental,POLG-sahred,172,716,5.58641303259574,180.900522236973,8.4e-08,3.36e-07,****
3,KI36,mean,Parental,Private,172,1580,6.46066965276954,172.626180629768,1.02e-09,5.1e-09,****
4,KI36,mean,POLG-sahred,Private,716,1580,4.43365339172069,959.589715191428,1.03e-05,3.09e-05,****
5,KIA2,mean,Parental,POLG-sahred,397,716,9.7974005675435,404.368929451956,1.78e-20,1.068e-19,****
6,KIA2,mean,Parental,Private,397,3521,10.2177298917743,397.934993413988,6.41e-22,4.487e-21,****
7,KIA2,mean,POLG-sahred,Private,716,3521,3.34620756008293,1072.67074008873,0.000848,0.001696,**
