,occurrence,.y.,group1,group2,n1,n2,statistic,df,p,p.adj,p.adj.signif
1,POLG-sahred,mean,KI36,KIA2,746,746,3.45079385925881,891.064599223961,0.000585,0.002925,**
2,Parental,mean,CTRL,KI36,388,161,-6.41585213205643,168.545302820096,1.36e-09,8.16e-09,****
3,Parental,mean,CTRL,KIA2,388,336,-9.68501654106553,387.31854210746,5.23e-20,3.661e-19,****
4,Parental,mean,KI36,KIA2,161,336,0.554403717003942,272.078790874571,0.58,1,ns
5,Private,mean,CTRL,KI36,67,1576,-0.531347533405239,70.1097759750474,0.597,1,ns
6,Private,mean,CTRL,KIA2,67,3569,-0.550087190049592,66.5975225140426,0.584,1,ns
7,Private,mean,KI36,KIA2,1576,3569,-0.063372425559269,2053.15453783555,0.949,1,ns
