,condition,.y.,group1,group2,n1,n2,statistic,df,p,p.adj,p.adj.signif
1,CTRL,mean,Parental,Private,388,67,0.48125315209988,93.0713239569637,0.631,0.631,ns
2,KI36,mean,Parental,POLG-shared,161,746,5.70557023403132,167.640423467799,5.14e-08,2.056e-07,****
3,KI36,mean,Parental,Private,161,1576,6.48127199791871,161.363794451101,1.05e-09,5.25e-09,****
4,KI36,mean,POLG-shared,Private,746,1576,4.32370443117884,1021.35305028384,1.68e-05,5.04e-05,****
5,KIA2,mean,Parental,POLG-shared,336,746,9.72867574198344,339.631708924117,6.81e-20,4.086e-19,****
6,KIA2,mean,Parental,Private,336,3569,10.0301474792449,336.236964842333,6.94e-21,4.858e-20,****
7,KIA2,mean,POLG-shared,Private,746,3569,2.96441755498914,1178.99233639564,0.003,0.006,**
